solid csg.js
facet normal 0 0 1
outer loop
vertex 156.29 -155.34 2.2
vertex 160.60 -154.37 2.2
vertex 164.73 -152.77 2.2
endloop
endfacet
facet normal 0 0 1
outer loop
vertex 156.29 -155.34 2.2
vertex 164.73 -152.77 2.2
vertex 168.58 -150.58 2.2
endloop
endfacet
facet normal 0 0 1
outer loop
vertex 156.29 -155.34 2.2
vertex 168.58 -150.58 2.2
vertex 155.79 -133.91 2.2
endloop
endfacet
facet normal 0 0 1
outer loop
vertex 156.29 -155.34 2.2
vertex 155.79 -133.91 2.2
vertex 147.95 -133.91 2.2
endloop
endfacet
facet normal 0 0 1
outer loop
vertex 156.29 -155.34 2.2
vertex 147.95 -133.91 2.2
vertex 135.16 -150.58 2.2
endloop
endfacet
facet normal 0 0 1
outer loop
vertex 156.29 -155.34 2.2
vertex 135.16 -150.58 2.2
vertex 139.01 -152.77 2.2
endloop
endfacet
facet normal 0 0 1
outer loop
vertex 156.29 -155.34 2.2
vertex 139.01 -152.77 2.2
vertex 143.14 -154.37 2.2
endloop
endfacet
facet normal 0 0 1
outer loop
vertex 156.29 -155.34 2.2
vertex 143.14 -154.37 2.2
vertex 147.46 -155.34 2.2
endloop
endfacet
facet normal 0 0 1
outer loop
vertex 156.29 -155.34 2.2
vertex 147.46 -155.34 2.2
vertex 151.87 -155.67 2.2
endloop
endfacet
facet normal 0 0 1
outer loop
vertex 155.79 -133.91 2.2
vertex 170.87 -122.34 2.2
vertex 170.81 -121.00 2.2
endloop
endfacet
facet normal 0 0 1
outer loop
vertex 155.79 -133.91 2.2
vertex 170.81 -121.00 2.2
vertex 151.87 -121.00 2.2
endloop
endfacet
facet normal 0 0 1
outer loop
vertex 155.79 -133.91 2.2
vertex 151.87 -121.00 2.2
vertex 132.93 -121.00 2.2
endloop
endfacet
facet normal 0 0 1
outer loop
vertex 155.79 -133.91 2.2
vertex 132.93 -121.00 2.2
vertex 132.88 -122.34 2.2
endloop
endfacet
facet normal 0 0 1
outer loop
vertex 155.79 -133.91 2.2
vertex 132.88 -122.34 2.2
vertex 147.95 -133.91 2.2
endloop
endfacet
facet normal 0 0 1
outer loop
vertex 151.87 -121.00 2.2
vertex 151.60 -120.98 2.2
vertex 132.93 -120.98 2.2
endloop
endfacet
facet normal 0 0 1
outer loop
vertex 151.87 -121.00 2.2
vertex 132.93 -120.98 2.2
vertex 132.93 -121.00 2.2
endloop
endfacet
facet normal 0 0 1
outer loop
vertex 170.81 -121.00 2.2
vertex 170.81 -120.98 2.2
vertex 152.14 -120.98 2.2
endloop
endfacet
facet normal 0 0 1
outer loop
vertex 170.81 -121.00 2.2
vertex 152.14 -120.98 2.2
vertex 151.87 -121.00 2.2
endloop
endfacet
facet normal 0 0 1
outer loop
vertex 151.60 -120.98 2.2
vertex 151.33 -120.91 2.2
vertex 132.93 -120.91 2.2
endloop
endfacet
facet normal 0 0 1
outer loop
vertex 151.60 -120.98 2.2
vertex 132.93 -120.91 2.2
vertex 132.93 -120.98 2.2
endloop
endfacet
facet normal 0 0 1
outer loop
vertex 170.81 -120.98 2.2
vertex 170.81 -120.91 2.2
vertex 152.41 -120.91 2.2
endloop
endfacet
facet normal 0 0 1
outer loop
vertex 170.81 -120.98 2.2
vertex 152.41 -120.91 2.2
vertex 152.14 -120.98 2.2
endloop
endfacet
facet normal 0 0 1
outer loop
vertex 151.33 -120.91 2.2
vertex 151.08 -120.81 2.2
vertex 132.94 -120.81 2.2
endloop
endfacet
facet normal 0 0 1
outer loop
vertex 151.33 -120.91 2.2
vertex 132.94 -120.81 2.2
vertex 132.93 -120.91 2.2
endloop
endfacet
facet normal 0 0 1
outer loop
vertex 170.81 -120.91 2.2
vertex 170.81 -120.81 2.2
vertex 152.66 -120.81 2.2
endloop
endfacet
facet normal 0 0 1
outer loop
vertex 170.81 -120.91 2.2
vertex 152.66 -120.81 2.2
vertex 152.41 -120.91 2.2
endloop
endfacet
facet normal 0 0 1
outer loop
vertex 151.08 -120.81 2.2
vertex 150.84 -120.67 2.2
vertex 132.94 -120.67 2.2
endloop
endfacet
facet normal 0 0 1
outer loop
vertex 151.08 -120.81 2.2
vertex 132.94 -120.67 2.2
vertex 132.94 -120.81 2.2
endloop
endfacet
facet normal 0 0 1
outer loop
vertex 170.81 -120.81 2.2
vertex 170.80 -120.67 2.2
vertex 152.90 -120.67 2.2
endloop
endfacet
facet normal 0 0 1
outer loop
vertex 170.81 -120.81 2.2
vertex 152.90 -120.67 2.2
vertex 152.66 -120.81 2.2
endloop
endfacet
facet normal 0 0 1
outer loop
vertex 170.80 -120.67 2.2
vertex 170.79 -120.49 2.2
vertex 153.11 -120.49 2.2
endloop
endfacet
facet normal 0 0 1
outer loop
vertex 170.80 -120.67 2.2
vertex 153.11 -120.49 2.2
vertex 152.90 -120.67 2.2
endloop
endfacet
facet normal 0 0 1
outer loop
vertex 150.84 -120.67 2.2
vertex 150.63 -120.49 2.2
vertex 132.95 -120.49 2.2
endloop
endfacet
facet normal 0 0 1
outer loop
vertex 150.84 -120.67 2.2
vertex 132.95 -120.49 2.2
vertex 132.94 -120.67 2.2
endloop
endfacet
facet normal 0 0 1
outer loop
vertex 150.63 -120.49 2.2
vertex 147.10 -116.95 2.2
vertex 133.09 -116.95 2.2
endloop
endfacet
facet normal 0 0 1
outer loop
vertex 150.63 -120.49 2.2
vertex 133.09 -116.95 2.2
vertex 132.95 -120.49 2.2
endloop
endfacet
facet normal 0 0 1
outer loop
vertex 170.79 -120.49 2.2
vertex 170.65 -116.95 2.2
vertex 156.64 -116.95 2.2
endloop
endfacet
facet normal 0 0 1
outer loop
vertex 170.79 -120.49 2.2
vertex 156.64 -116.95 2.2
vertex 153.11 -120.49 2.2
endloop
endfacet
facet normal 0 0 1
outer loop
vertex 170.65 -116.95 2.2
vertex 170.65 -116.74 2.2
vertex 156.82 -116.74 2.2
endloop
endfacet
facet normal 0 0 1
outer loop
vertex 170.65 -116.95 2.2
vertex 156.82 -116.74 2.2
vertex 156.64 -116.95 2.2
endloop
endfacet
facet normal 0 0 1
outer loop
vertex 147.10 -116.95 2.2
vertex 146.92 -116.74 2.2
vertex 133.09 -116.74 2.2
endloop
endfacet
facet normal 0 0 1
outer loop
vertex 147.10 -116.95 2.2
vertex 133.09 -116.74 2.2
vertex 133.09 -116.95 2.2
endloop
endfacet
facet normal 0 0 1
outer loop
vertex 170.65 -116.74 2.2
vertex 170.64 -116.51 2.2
vertex 156.97 -116.51 2.2
endloop
endfacet
facet normal 0 0 1
outer loop
vertex 170.65 -116.74 2.2
vertex 156.97 -116.51 2.2
vertex 156.82 -116.74 2.2
endloop
endfacet
facet normal 0 0 1
outer loop
vertex 146.92 -116.74 2.2
vertex 146.78 -116.51 2.2
vertex 133.10 -116.51 2.2
endloop
endfacet
facet normal 0 0 1
outer loop
vertex 146.92 -116.74 2.2
vertex 133.10 -116.51 2.2
vertex 133.09 -116.74 2.2
endloop
endfacet
facet normal 0 0 1
outer loop
vertex 146.78 -116.51 2.2
vertex 146.67 -116.26 2.2
vertex 133.11 -116.26 2.2
endloop
endfacet
facet normal 0 0 1
outer loop
vertex 146.78 -116.51 2.2
vertex 133.11 -116.26 2.2
vertex 133.10 -116.51 2.2
endloop
endfacet
facet normal 0 0 1
outer loop
vertex 170.64 -116.51 2.2
vertex 170.63 -116.26 2.2
vertex 157.07 -116.26 2.2
endloop
endfacet
facet normal 0 0 1
outer loop
vertex 170.64 -116.51 2.2
vertex 157.07 -116.26 2.2
vertex 156.97 -116.51 2.2
endloop
endfacet
facet normal 0 0 1
outer loop
vertex 170.63 -116.26 2.2
vertex 170.62 -116.19 2.2
vertex 170.54 -115.99 2.2
endloop
endfacet
facet normal 0 0 1
outer loop
vertex 170.63 -116.26 2.2
vertex 170.54 -115.99 2.2
vertex 157.13 -115.99 2.2
endloop
endfacet
facet normal 0 0 1
outer loop
vertex 170.63 -116.26 2.2
vertex 157.13 -115.99 2.2
vertex 157.07 -116.26 2.2
endloop
endfacet
facet normal 0 0 1
outer loop
vertex 146.67 -116.26 2.2
vertex 146.61 -115.99 2.2
vertex 133.20 -115.99 2.2
endloop
endfacet
facet normal 0 0 1
outer loop
vertex 146.67 -116.26 2.2
vertex 133.20 -115.99 2.2
vertex 133.12 -116.19 2.2
endloop
endfacet
facet normal 0 0 1
outer loop
vertex 146.67 -116.26 2.2
vertex 133.12 -116.19 2.2
vertex 133.11 -116.26 2.2
endloop
endfacet
facet normal 0 0 1
outer loop
vertex 170.54 -115.99 2.2
vertex 170.43 -115.72 2.2
vertex 157.16 -115.72 2.2
endloop
endfacet
facet normal 0 0 1
outer loop
vertex 170.54 -115.99 2.2
vertex 157.16 -115.72 2.2
vertex 157.13 -115.99 2.2
endloop
endfacet
facet normal 0 0 1
outer loop
vertex 146.61 -115.99 2.2
vertex 146.58 -115.72 2.2
vertex 133.31 -115.72 2.2
endloop
endfacet
facet normal 0 0 1
outer loop
vertex 146.61 -115.99 2.2
vertex 133.31 -115.72 2.2
vertex 133.20 -115.99 2.2
endloop
endfacet
facet normal 0 0 1
outer loop
vertex 170.43 -115.72 2.2
vertex 170.32 -115.44 2.2
vertex 157.13 -115.44 2.2
endloop
endfacet
facet normal 0 0 1
outer loop
vertex 170.43 -115.72 2.2
vertex 157.13 -115.44 2.2
vertex 157.16 -115.72 2.2
endloop
endfacet
facet normal 0 0 1
outer loop
vertex 146.58 -115.72 2.2
vertex 146.61 -115.44 2.2
vertex 133.42 -115.44 2.2
endloop
endfacet
facet normal 0 0 1
outer loop
vertex 146.58 -115.72 2.2
vertex 133.42 -115.44 2.2
vertex 133.31 -115.72 2.2
endloop
endfacet
facet normal 0 0 1
outer loop
vertex 170.32 -115.44 2.2
vertex 170.21 -115.17 2.2
vertex 157.07 -115.17 2.2
endloop
endfacet
facet normal 0 0 1
outer loop
vertex 170.32 -115.44 2.2
vertex 157.07 -115.17 2.2
vertex 157.13 -115.44 2.2
endloop
endfacet
facet normal 0 0 1
outer loop
vertex 146.61 -115.44 2.2
vertex 146.67 -115.17 2.2
vertex 133.53 -115.17 2.2
endloop
endfacet
facet normal 0 0 1
outer loop
vertex 146.61 -115.44 2.2
vertex 133.53 -115.17 2.2
vertex 133.42 -115.44 2.2
endloop
endfacet
facet normal 0 0 1
outer loop
vertex 170.21 -115.17 2.2
vertex 170.10 -114.92 2.2
vertex 156.97 -114.92 2.2
endloop
endfacet
facet normal 0 0 1
outer loop
vertex 170.21 -115.17 2.2
vertex 156.97 -114.92 2.2
vertex 157.07 -115.17 2.2
endloop
endfacet
facet normal 0 0 1
outer loop
vertex 146.67 -115.17 2.2
vertex 146.78 -114.92 2.2
vertex 133.64 -114.92 2.2
endloop
endfacet
facet normal 0 0 1
outer loop
vertex 146.67 -115.17 2.2
vertex 133.64 -114.92 2.2
vertex 133.53 -115.17 2.2
endloop
endfacet
facet normal 0 0 1
outer loop
vertex 170.10 -114.92 2.2
vertex 170.00 -114.69 2.2
vertex 156.82 -114.69 2.2
endloop
endfacet
facet normal 0 0 1
outer loop
vertex 170.10 -114.92 2.2
vertex 156.82 -114.69 2.2
vertex 156.97 -114.92 2.2
endloop
endfacet
facet normal 0 0 1
outer loop
vertex 146.78 -114.92 2.2
vertex 146.92 -114.69 2.2
vertex 133.74 -114.69 2.2
endloop
endfacet
facet normal 0 0 1
outer loop
vertex 146.78 -114.92 2.2
vertex 133.74 -114.69 2.2
vertex 133.64 -114.92 2.2
endloop
endfacet
facet normal 0 0 1
outer loop
vertex 146.92 -114.69 2.2
vertex 147.10 -114.48 2.2
vertex 133.82 -114.48 2.2
endloop
endfacet
facet normal 0 0 1
outer loop
vertex 146.92 -114.69 2.2
vertex 133.82 -114.48 2.2
vertex 133.74 -114.69 2.2
endloop
endfacet
facet normal 0 0 1
outer loop
vertex 170.00 -114.69 2.2
vertex 169.92 -114.48 2.2
vertex 156.64 -114.48 2.2
endloop
endfacet
facet normal 0 0 1
outer loop
vertex 170.00 -114.69 2.2
vertex 156.64 -114.48 2.2
vertex 156.82 -114.69 2.2
endloop
endfacet
facet normal 0 0 1
outer loop
vertex 147.10 -114.48 2.2
vertex 150.63 -110.94 2.2
vertex 135.29 -110.94 2.2
endloop
endfacet
facet normal 0 0 1
outer loop
vertex 147.10 -114.48 2.2
vertex 135.29 -110.94 2.2
vertex 133.82 -114.48 2.2
endloop
endfacet
facet normal 0 0 1
outer loop
vertex 169.92 -114.48 2.2
vertex 168.45 -110.94 2.2
vertex 153.11 -110.94 2.2
endloop
endfacet
facet normal 0 0 1
outer loop
vertex 169.92 -114.48 2.2
vertex 153.11 -110.94 2.2
vertex 156.64 -114.48 2.2
endloop
endfacet
facet normal 0 0 1
outer loop
vertex 150.63 -110.94 2.2
vertex 150.84 -110.76 2.2
vertex 135.36 -110.76 2.2
endloop
endfacet
facet normal 0 0 1
outer loop
vertex 150.63 -110.94 2.2
vertex 135.36 -110.76 2.2
vertex 135.29 -110.94 2.2
endloop
endfacet
facet normal 0 0 1
outer loop
vertex 168.45 -110.94 2.2
vertex 168.38 -110.76 2.2
vertex 152.90 -110.76 2.2
endloop
endfacet
facet normal 0 0 1
outer loop
vertex 168.45 -110.94 2.2
vertex 152.90 -110.76 2.2
vertex 153.11 -110.94 2.2
endloop
endfacet
facet normal 0 0 1
outer loop
vertex 150.84 -110.76 2.2
vertex 151.08 -110.62 2.2
vertex 135.42 -110.62 2.2
endloop
endfacet
facet normal 0 0 1
outer loop
vertex 150.84 -110.76 2.2
vertex 135.42 -110.62 2.2
vertex 135.36 -110.76 2.2
endloop
endfacet
facet normal 0 0 1
outer loop
vertex 168.38 -110.76 2.2
vertex 168.32 -110.62 2.2
vertex 152.66 -110.62 2.2
endloop
endfacet
facet normal 0 0 1
outer loop
vertex 168.38 -110.76 2.2
vertex 152.66 -110.62 2.2
vertex 152.90 -110.76 2.2
endloop
endfacet
facet normal 0 0 1
outer loop
vertex 151.08 -110.62 2.2
vertex 151.33 -110.52 2.2
vertex 135.46 -110.52 2.2
endloop
endfacet
facet normal 0 0 1
outer loop
vertex 151.08 -110.62 2.2
vertex 135.46 -110.52 2.2
vertex 135.42 -110.62 2.2
endloop
endfacet
facet normal 0 0 1
outer loop
vertex 168.32 -110.62 2.2
vertex 168.28 -110.52 2.2
vertex 152.41 -110.52 2.2
endloop
endfacet
facet normal 0 0 1
outer loop
vertex 168.32 -110.62 2.2
vertex 152.41 -110.52 2.2
vertex 152.66 -110.62 2.2
endloop
endfacet
facet normal 0 0 1
outer loop
vertex 151.33 -110.52 2.2
vertex 151.60 -110.45 2.2
vertex 135.49 -110.45 2.2
endloop
endfacet
facet normal 0 0 1
outer loop
vertex 151.33 -110.52 2.2
vertex 135.49 -110.45 2.2
vertex 135.46 -110.52 2.2
endloop
endfacet
facet normal 0 0 1
outer loop
vertex 168.28 -110.52 2.2
vertex 168.25 -110.45 2.2
vertex 152.14 -110.45 2.2
endloop
endfacet
facet normal 0 0 1
outer loop
vertex 168.28 -110.52 2.2
vertex 152.14 -110.45 2.2
vertex 152.41 -110.52 2.2
endloop
endfacet
facet normal 0 0 1
outer loop
vertex 151.60 -110.45 2.2
vertex 151.87 -110.43 2.2
vertex 135.50 -110.43 2.2
endloop
endfacet
facet normal 0 0 1
outer loop
vertex 151.60 -110.45 2.2
vertex 135.50 -110.43 2.2
vertex 135.49 -110.45 2.2
endloop
endfacet
facet normal 0 0 1
outer loop
vertex 168.25 -110.45 2.2
vertex 168.24 -110.43 2.2
vertex 151.87 -110.43 2.2
endloop
endfacet
facet normal 0 0 1
outer loop
vertex 168.25 -110.45 2.2
vertex 151.87 -110.43 2.2
vertex 152.14 -110.45 2.2
endloop
endfacet
facet normal 0 0 1
outer loop
vertex 151.87 -110.43 2.2
vertex 168.24 -110.43 2.2
vertex 156.08 -81.08 2.2
endloop
endfacet
facet normal 0 0 1
outer loop
vertex 151.87 -110.43 2.2
vertex 156.08 -81.08 2.2
vertex 147.66 -81.08 2.2
endloop
endfacet
facet normal 0 0 1
outer loop
vertex 151.87 -110.43 2.2
vertex 147.66 -81.08 2.2
vertex 135.50 -110.43 2.2
endloop
endfacet
facet normal 0 0 1
outer loop
vertex 156.08 -81.08 2.2
vertex 161.31 -78.92 2.2
vertex 151.87 -78.92 2.2
endloop
endfacet
facet normal 0 0 1
outer loop
vertex 156.08 -81.08 2.2
vertex 151.87 -78.92 2.2
vertex 142.44 -78.92 2.2
endloop
endfacet
facet normal 0 0 1
outer loop
vertex 156.08 -81.08 2.2
vertex 142.44 -78.92 2.2
vertex 147.66 -81.08 2.2
endloop
endfacet
facet normal 0 0 1
outer loop
vertex 151.87 -78.92 2.2
vertex 151.64 -78.89 2.2
vertex 142.38 -78.89 2.2
endloop
endfacet
facet normal 0 0 1
outer loop
vertex 151.87 -78.92 2.2
vertex 142.38 -78.89 2.2
vertex 142.44 -78.92 2.2
endloop
endfacet
facet normal 0 0 1
outer loop
vertex 161.31 -78.92 2.2
vertex 161.36 -78.89 2.2
vertex 152.10 -78.89 2.2
endloop
endfacet
facet normal 0 0 1
outer loop
vertex 161.31 -78.92 2.2
vertex 152.10 -78.89 2.2
vertex 151.87 -78.92 2.2
endloop
endfacet
facet normal 0 0 1
outer loop
vertex 151.64 -78.89 2.2
vertex 151.41 -78.82 2.2
vertex 142.21 -78.82 2.2
endloop
endfacet
facet normal 0 0 1
outer loop
vertex 151.64 -78.89 2.2
vertex 142.21 -78.82 2.2
vertex 142.38 -78.89 2.2
endloop
endfacet
facet normal 0 0 1
outer loop
vertex 161.36 -78.89 2.2
vertex 161.53 -78.82 2.2
vertex 152.33 -78.82 2.2
endloop
endfacet
facet normal 0 0 1
outer loop
vertex 161.36 -78.89 2.2
vertex 152.33 -78.82 2.2
vertex 152.10 -78.89 2.2
endloop
endfacet
facet normal 0 0 1
outer loop
vertex 151.41 -78.82 2.2
vertex 151.20 -78.71 2.2
vertex 141.95 -78.71 2.2
endloop
endfacet
facet normal 0 0 1
outer loop
vertex 151.41 -78.82 2.2
vertex 141.95 -78.71 2.2
vertex 142.21 -78.82 2.2
endloop
endfacet
facet normal 0 0 1
outer loop
vertex 161.53 -78.82 2.2
vertex 161.79 -78.71 2.2
vertex 152.54 -78.71 2.2
endloop
endfacet
facet normal 0 0 1
outer loop
vertex 161.53 -78.82 2.2
vertex 152.54 -78.71 2.2
vertex 152.33 -78.82 2.2
endloop
endfacet
facet normal 0 0 1
outer loop
vertex 151.20 -78.71 2.2
vertex 151.02 -78.56 2.2
vertex 141.59 -78.56 2.2
endloop
endfacet
facet normal 0 0 1
outer loop
vertex 151.20 -78.71 2.2
vertex 141.59 -78.56 2.2
vertex 141.95 -78.71 2.2
endloop
endfacet
facet normal 0 0 1
outer loop
vertex 161.79 -78.71 2.2
vertex 162.15 -78.56 2.2
vertex 152.72 -78.56 2.2
endloop
endfacet
facet normal 0 0 1
outer loop
vertex 161.79 -78.71 2.2
vertex 152.72 -78.56 2.2
vertex 152.54 -78.71 2.2
endloop
endfacet
facet normal 0 0 1
outer loop
vertex 151.02 -78.56 2.2
vertex 150.87 -78.38 2.2
vertex 141.15 -78.38 2.2
endloop
endfacet
facet normal 0 0 1
outer loop
vertex 151.02 -78.56 2.2
vertex 141.15 -78.38 2.2
vertex 141.59 -78.56 2.2
endloop
endfacet
facet normal 0 0 1
outer loop
vertex 162.15 -78.56 2.2
vertex 162.59 -78.38 2.2
vertex 152.87 -78.38 2.2
endloop
endfacet
facet normal 0 0 1
outer loop
vertex 162.15 -78.56 2.2
vertex 152.87 -78.38 2.2
vertex 152.72 -78.56 2.2
endloop
endfacet
facet normal 0 0 1
outer loop
vertex 150.87 -78.38 2.2
vertex 150.76 -78.17 2.2
vertex 140.65 -78.17 2.2
endloop
endfacet
facet normal 0 0 1
outer loop
vertex 150.87 -78.38 2.2
vertex 140.65 -78.17 2.2
vertex 141.15 -78.38 2.2
endloop
endfacet
facet normal 0 0 1
outer loop
vertex 162.59 -78.38 2.2
vertex 163.09 -78.17 2.2
vertex 152.98 -78.17 2.2
endloop
endfacet
facet normal 0 0 1
outer loop
vertex 162.59 -78.38 2.2
vertex 152.98 -78.17 2.2
vertex 152.87 -78.38 2.2
endloop
endfacet
facet normal 0 0 1
outer loop
vertex 150.76 -78.17 2.2
vertex 150.69 -77.95 2.2
vertex 140.10 -77.95 2.2
endloop
endfacet
facet normal 0 0 1
outer loop
vertex 150.76 -78.17 2.2
vertex 140.10 -77.95 2.2
vertex 140.65 -78.17 2.2
endloop
endfacet
facet normal 0 0 1
outer loop
vertex 163.09 -78.17 2.2
vertex 163.64 -77.95 2.2
vertex 153.05 -77.95 2.2
endloop
endfacet
facet normal 0 0 1
outer loop
vertex 163.09 -78.17 2.2
vertex 153.05 -77.95 2.2
vertex 152.98 -78.17 2.2
endloop
endfacet
facet normal 0 0 1
outer loop
vertex 150.69 -77.95 2.2
vertex 150.67 -77.72 2.2
vertex 139.54 -77.72 2.2
endloop
endfacet
facet normal 0 0 1
outer loop
vertex 150.69 -77.95 2.2
vertex 139.54 -77.72 2.2
vertex 140.10 -77.95 2.2
endloop
endfacet
facet normal 0 0 1
outer loop
vertex 163.64 -77.95 2.2
vertex 164.20 -77.72 2.2
vertex 153.07 -77.72 2.2
endloop
endfacet
facet normal 0 0 1
outer loop
vertex 163.64 -77.95 2.2
vertex 153.07 -77.72 2.2
vertex 153.05 -77.95 2.2
endloop
endfacet
facet normal 0 0 1
outer loop
vertex 150.67 -77.72 2.2
vertex 150.69 -77.48 2.2
vertex 138.97 -77.48 2.2
endloop
endfacet
facet normal 0 0 1
outer loop
vertex 150.67 -77.72 2.2
vertex 138.97 -77.48 2.2
vertex 139.54 -77.72 2.2
endloop
endfacet
facet normal 0 0 1
outer loop
vertex 164.20 -77.72 2.2
vertex 164.77 -77.48 2.2
vertex 153.05 -77.48 2.2
endloop
endfacet
facet normal 0 0 1
outer loop
vertex 164.20 -77.72 2.2
vertex 153.05 -77.48 2.2
vertex 153.07 -77.72 2.2
endloop
endfacet
facet normal 0 0 1
outer loop
vertex 150.69 -77.48 2.2
vertex 150.76 -77.26 2.2
vertex 138.43 -77.26 2.2
endloop
endfacet
facet normal 0 0 1
outer loop
vertex 150.69 -77.48 2.2
vertex 138.43 -77.26 2.2
vertex 138.97 -77.48 2.2
endloop
endfacet
facet normal 0 0 1
outer loop
vertex 164.77 -77.48 2.2
vertex 165.31 -77.26 2.2
vertex 152.98 -77.26 2.2
endloop
endfacet
facet normal 0 0 1
outer loop
vertex 164.77 -77.48 2.2
vertex 152.98 -77.26 2.2
vertex 153.05 -77.48 2.2
endloop
endfacet
facet normal 0 0 1
outer loop
vertex 150.76 -77.26 2.2
vertex 150.87 -77.05 2.2
vertex 137.93 -77.05 2.2
endloop
endfacet
facet normal 0 0 1
outer loop
vertex 150.76 -77.26 2.2
vertex 137.93 -77.05 2.2
vertex 138.43 -77.26 2.2
endloop
endfacet
facet normal 0 0 1
outer loop
vertex 165.31 -77.26 2.2
vertex 165.81 -77.05 2.2
vertex 152.87 -77.05 2.2
endloop
endfacet
facet normal 0 0 1
outer loop
vertex 165.31 -77.26 2.2
vertex 152.87 -77.05 2.2
vertex 152.98 -77.26 2.2
endloop
endfacet
facet normal 0 0 1
outer loop
vertex 150.87 -77.05 2.2
vertex 151.02 -76.87 2.2
vertex 137.49 -76.87 2.2
endloop
endfacet
facet normal 0 0 1
outer loop
vertex 150.87 -77.05 2.2
vertex 137.49 -76.87 2.2
vertex 137.93 -77.05 2.2
endloop
endfacet
facet normal 0 0 1
outer loop
vertex 165.81 -77.05 2.2
vertex 166.25 -76.87 2.2
vertex 152.72 -76.87 2.2
endloop
endfacet
facet normal 0 0 1
outer loop
vertex 165.81 -77.05 2.2
vertex 152.72 -76.87 2.2
vertex 152.87 -77.05 2.2
endloop
endfacet
facet normal 0 0 1
outer loop
vertex 151.02 -76.87 2.2
vertex 151.20 -76.72 2.2
vertex 137.13 -76.72 2.2
endloop
endfacet
facet normal 0 0 1
outer loop
vertex 151.02 -76.87 2.2
vertex 137.13 -76.72 2.2
vertex 137.49 -76.87 2.2
endloop
endfacet
facet normal 0 0 1
outer loop
vertex 166.25 -76.87 2.2
vertex 166.61 -76.72 2.2
vertex 152.54 -76.72 2.2
endloop
endfacet
facet normal 0 0 1
outer loop
vertex 166.25 -76.87 2.2
vertex 152.54 -76.72 2.2
vertex 152.72 -76.87 2.2
endloop
endfacet
facet normal 0 0 1
outer loop
vertex 151.20 -76.72 2.2
vertex 151.41 -76.61 2.2
vertex 136.86 -76.61 2.2
endloop
endfacet
facet normal 0 0 1
outer loop
vertex 151.20 -76.72 2.2
vertex 136.86 -76.61 2.2
vertex 137.13 -76.72 2.2
endloop
endfacet
facet normal 0 0 1
outer loop
vertex 166.61 -76.72 2.2
vertex 166.88 -76.61 2.2
vertex 152.33 -76.61 2.2
endloop
endfacet
facet normal 0 0 1
outer loop
vertex 166.61 -76.72 2.2
vertex 152.33 -76.61 2.2
vertex 152.54 -76.72 2.2
endloop
endfacet
facet normal 0 0 1
outer loop
vertex 151.41 -76.61 2.2
vertex 151.64 -76.54 2.2
vertex 136.70 -76.54 2.2
endloop
endfacet
facet normal 0 0 1
outer loop
vertex 151.41 -76.61 2.2
vertex 136.70 -76.54 2.2
vertex 136.86 -76.61 2.2
endloop
endfacet
facet normal 0 0 1
outer loop
vertex 166.88 -76.61 2.2
vertex 167.04 -76.54 2.2
vertex 152.10 -76.54 2.2
endloop
endfacet
facet normal 0 0 1
outer loop
vertex 166.88 -76.61 2.2
vertex 152.10 -76.54 2.2
vertex 152.33 -76.61 2.2
endloop
endfacet
facet normal 0 0 1
outer loop
vertex 151.64 -76.54 2.2
vertex 151.87 -76.52 2.2
vertex 136.64 -76.52 2.2
endloop
endfacet
facet normal 0 0 1
outer loop
vertex 151.64 -76.54 2.2
vertex 136.64 -76.52 2.2
vertex 136.70 -76.54 2.2
endloop
endfacet
facet normal 0 0 1
outer loop
vertex 167.04 -76.54 2.2
vertex 167.10 -76.52 2.2
vertex 151.87 -76.52 2.2
endloop
endfacet
facet normal 0 0 1
outer loop
vertex 167.04 -76.54 2.2
vertex 151.87 -76.52 2.2
vertex 152.10 -76.54 2.2
endloop
endfacet
facet normal 0 0 1
outer loop
vertex 151.87 -76.52 2.2
vertex 167.10 -76.52 2.2
vertex 173.64 -73.81 2.2
endloop
endfacet
facet normal 0 0 1
outer loop
vertex 151.87 -76.52 2.2
vertex 173.64 -73.81 2.2
vertex 168.79 -62.10 2.2
endloop
endfacet
facet normal 0 0 1
outer loop
vertex 151.87 -76.52 2.2
vertex 168.79 -62.10 2.2
vertex 134.95 -62.10 2.2
endloop
endfacet
facet normal 0 0 1
outer loop
vertex 151.87 -76.52 2.2
vertex 134.95 -62.10 2.2
vertex 130.10 -73.81 2.2
endloop
endfacet
facet normal 0 0 1
outer loop
vertex 151.87 -76.52 2.2
vertex 130.10 -73.81 2.2
vertex 136.64 -76.52 2.2
endloop
endfacet
facet normal 0 0 1
outer loop
vertex 168.79 -62.10 2.2
vertex 176.71 -59.02 2.2
vertex 176.78 -58.98 2.2
endloop
endfacet
facet normal 0 0 1
outer loop
vertex 168.79 -62.10 2.2
vertex 176.78 -58.98 2.2
vertex 126.96 -58.98 2.2
endloop
endfacet
facet normal 0 0 1
outer loop
vertex 168.79 -62.10 2.2
vertex 126.96 -58.98 2.2
vertex 127.03 -59.02 2.2
endloop
endfacet
facet normal 0 0 1
outer loop
vertex 168.79 -62.10 2.2
vertex 127.03 -59.02 2.2
vertex 134.95 -62.10 2.2
endloop
endfacet
facet normal 0 0 1
outer loop
vertex 176.78 -58.98 2.2
vertex 176.93 -58.89 2.2
vertex 126.81 -58.89 2.2
endloop
endfacet
facet normal 0 0 1
outer loop
vertex 176.78 -58.98 2.2
vertex 126.81 -58.89 2.2
vertex 126.96 -58.98 2.2
endloop
endfacet
facet normal 0 0 1
outer loop
vertex 126.81 -58.89 2.2
vertex 176.93 -58.89 2.2
vertex 178.32 -58.32 2.2
endloop
endfacet
facet normal 0 0 1
outer loop
vertex 126.81 -58.89 2.2
vertex 178.32 -58.32 2.2
vertex 125.42 -58.32 2.2
endloop
endfacet
facet normal 0 0 1
outer loop
vertex 126.81 -58.89 2.2
vertex 125.42 -58.32 2.2
vertex 126.81 -58.89 2.2
endloop
endfacet
facet normal 0 0 1
outer loop
vertex 125.42 -58.32 2.2
vertex 178.32 -58.32 2.2
vertex 178.48 -58.27 2.2
endloop
endfacet
facet normal 0 0 1
outer loop
vertex 125.42 -58.32 2.2
vertex 178.48 -58.27 2.2
vertex 125.26 -58.27 2.2
endloop
endfacet
facet normal 0 0 1
outer loop
vertex 125.42 -58.32 2.2
vertex 125.26 -58.27 2.2
vertex 125.42 -58.32 2.2
endloop
endfacet
facet normal 0 0 1
outer loop
vertex 178.48 -58.27 2.2
vertex 125.26 -58.27 2.2
vertex 125.26 -58.27 2.2
endloop
endfacet
facet normal 0 0 1
outer loop
vertex 125.08 -58.25 2.2
vertex 125.03 -58.25 2.2
vertex 125.03 -58.25 2.2
endloop
endfacet
facet normal 0 0 1
outer loop
vertex 178.48 -58.27 2.2
vertex 178.66 -58.25 2.2
vertex 125.08 -58.25 2.2
endloop
endfacet
facet normal 0 0 1
outer loop
vertex 178.48 -58.27 2.2
vertex 125.08 -58.25 2.2
vertex 125.26 -58.27 2.2
endloop
endfacet
facet normal 0 0 1
outer loop
vertex 125.08 -58.25 2.2
vertex 178.66 -58.25 2.2
vertex 178.66 -58.25 2.2
endloop
endfacet
facet normal 0 0 1
outer loop
vertex 125.08 -58.25 2.2
vertex 178.66 -58.25 2.2
vertex 125.03 -58.25 2.2
endloop
endfacet
facet normal 0 0 1
outer loop
vertex 178.71 -58.25 2.2
vertex 178.66 -58.25 2.2
vertex 178.71 -58.25 2.2
endloop
endfacet
facet normal 0 0 1
outer loop
vertex 178.66 -58.25 2.2
vertex 178.71 -58.25 2.2
vertex 185.21 -55.72 2.2
endloop
endfacet
facet normal 0 0 1
outer loop
vertex 178.66 -58.25 2.2
vertex 185.21 -55.72 2.2
vertex 171.87 -55.72 2.2
endloop
endfacet
facet normal 0 0 1
outer loop
vertex 178.66 -58.25 2.2
vertex 171.87 -55.72 2.2
vertex 161.87 -55.72 2.2
endloop
endfacet
facet normal 0 0 1
outer loop
vertex 178.66 -58.25 2.2
vertex 161.87 -55.72 2.2
vertex 118.53 -55.72 2.2
endloop
endfacet
facet normal 0 0 1
outer loop
vertex 178.66 -58.25 2.2
vertex 118.53 -55.72 2.2
vertex 125.03 -58.25 2.2
endloop
endfacet
facet normal 0 0 1
outer loop
vertex 185.21 -55.72 2.2
vertex 185.30 -55.68 2.2
vertex 172.33 -55.68 2.2
endloop
endfacet
facet normal 0 0 1
outer loop
vertex 185.21 -55.72 2.2
vertex 172.33 -55.68 2.2
vertex 171.87 -55.72 2.2
endloop
endfacet
facet normal 0 0 1
outer loop
vertex 161.87 -55.72 2.2
vertex 161.35 -55.67 2.2
vertex 118.42 -55.67 2.2
endloop
endfacet
facet normal 0 0 1
outer loop
vertex 161.87 -55.72 2.2
vertex 118.42 -55.67 2.2
vertex 118.53 -55.72 2.2
endloop
endfacet
facet normal 0 0 1
outer loop
vertex 185.30 -55.68 2.2
vertex 185.57 -55.58 2.2
vertex 172.78 -55.58 2.2
endloop
endfacet
facet normal 0 0 1
outer loop
vertex 185.30 -55.68 2.2
vertex 172.78 -55.58 2.2
vertex 172.33 -55.68 2.2
endloop
endfacet
facet normal 0 0 1
outer loop
vertex 161.35 -55.67 2.2
vertex 160.84 -55.54 2.2
vertex 118.07 -55.54 2.2
endloop
endfacet
facet normal 0 0 1
outer loop
vertex 161.35 -55.67 2.2
vertex 118.07 -55.54 2.2
vertex 118.42 -55.67 2.2
endloop
endfacet
facet normal 0 0 1
outer loop
vertex 185.57 -55.58 2.2
vertex 186.02 -55.41 2.2
vertex 173.21 -55.41 2.2
endloop
endfacet
facet normal 0 0 1
outer loop
vertex 185.57 -55.58 2.2
vertex 173.21 -55.41 2.2
vertex 172.78 -55.58 2.2
endloop
endfacet
facet normal 0 0 1
outer loop
vertex 160.84 -55.54 2.2
vertex 160.37 -55.32 2.2
vertex 117.50 -55.32 2.2
endloop
endfacet
facet normal 0 0 1
outer loop
vertex 160.84 -55.54 2.2
vertex 117.50 -55.32 2.2
vertex 118.07 -55.54 2.2
endloop
endfacet
facet normal 0 0 1
outer loop
vertex 186.02 -55.41 2.2
vertex 186.62 -55.17 2.2
vertex 173.60 -55.17 2.2
endloop
endfacet
facet normal 0 0 1
outer loop
vertex 186.02 -55.41 2.2
vertex 173.60 -55.17 2.2
vertex 173.21 -55.41 2.2
endloop
endfacet
facet normal 0 0 1
outer loop
vertex 160.37 -55.32 2.2
vertex 159.94 -55.02 2.2
vertex 116.73 -55.02 2.2
endloop
endfacet
facet normal 0 0 1
outer loop
vertex 160.37 -55.32 2.2
vertex 116.73 -55.02 2.2
vertex 117.50 -55.32 2.2
endloop
endfacet
facet normal 0 0 1
outer loop
vertex 186.62 -55.17 2.2
vertex 187.38 -54.87 2.2
vertex 173.96 -54.87 2.2
endloop
endfacet
facet normal 0 0 1
outer loop
vertex 186.62 -55.17 2.2
vertex 173.96 -54.87 2.2
vertex 173.60 -55.17 2.2
endloop
endfacet
facet normal 0 0 1
outer loop
vertex 159.94 -55.02 2.2
vertex 159.57 -54.65 2.2
vertex 115.78 -54.65 2.2
endloop
endfacet
facet normal 0 0 1
outer loop
vertex 159.94 -55.02 2.2
vertex 115.78 -54.65 2.2
vertex 116.73 -55.02 2.2
endloop
endfacet
facet normal 0 0 1
outer loop
vertex 187.38 -54.87 2.2
vertex 188.27 -54.53 2.2
vertex 174.26 -54.53 2.2
endloop
endfacet
facet normal 0 0 1
outer loop
vertex 187.38 -54.87 2.2
vertex 174.26 -54.53 2.2
vertex 173.96 -54.87 2.2
endloop
endfacet
facet normal 0 0 1
outer loop
vertex 159.57 -54.65 2.2
vertex 159.27 -54.22 2.2
vertex 115.41 -54.22 2.2
endloop
endfacet
facet normal 0 0 1
outer loop
vertex 159.57 -54.65 2.2
vertex 115.41 -54.22 2.2
vertex 115.32 -54.47 2.2
endloop
endfacet
facet normal 0 0 1
outer loop
vertex 159.57 -54.65 2.2
vertex 115.32 -54.47 2.2
vertex 115.78 -54.65 2.2
endloop
endfacet
facet normal 0 0 1
outer loop
vertex 188.27 -54.53 2.2
vertex 188.42 -54.47 2.2
vertex 188.31 -54.14 2.2
endloop
endfacet
facet normal 0 0 1
outer loop
vertex 188.27 -54.53 2.2
vertex 188.31 -54.14 2.2
vertex 174.51 -54.14 2.2
endloop
endfacet
facet normal 0 0 1
outer loop
vertex 188.27 -54.53 2.2
vertex 174.51 -54.14 2.2
vertex 174.26 -54.53 2.2
endloop
endfacet
facet normal 0 0 1
outer loop
vertex 159.27 -54.22 2.2
vertex 159.05 -53.75 2.2
vertex 115.58 -53.75 2.2
endloop
endfacet
facet normal 0 0 1
outer loop
vertex 159.27 -54.22 2.2
vertex 115.58 -53.75 2.2
vertex 115.41 -54.22 2.2
endloop
endfacet
facet normal 0 0 1
outer loop
vertex 188.31 -54.14 2.2
vertex 188.15 -53.72 2.2
vertex 179.87 -53.72 2.2
endloop
endfacet
facet normal 0 0 1
outer loop
vertex 188.31 -54.14 2.2
vertex 179.87 -53.72 2.2
vertex 174.70 -53.72 2.2
endloop
endfacet
facet normal 0 0 1
outer loop
vertex 188.31 -54.14 2.2
vertex 174.70 -53.72 2.2
vertex 174.51 -54.14 2.2
endloop
endfacet
facet normal 0 0 1
outer loop
vertex 188.15 -53.72 2.2
vertex 188.15 -53.70 2.2
vertex 180.04 -53.70 2.2
endloop
endfacet
facet normal 0 0 1
outer loop
vertex 188.15 -53.72 2.2
vertex 180.04 -53.70 2.2
vertex 179.87 -53.72 2.2
endloop
endfacet
facet normal 0 0 1
outer loop
vertex 188.15 -53.70 2.2
vertex 188.13 -53.66 2.2
vertex 180.21 -53.66 2.2
endloop
endfacet
facet normal 0 0 1
outer loop
vertex 188.15 -53.70 2.2
vertex 180.21 -53.66 2.2
vertex 180.04 -53.70 2.2
endloop
endfacet
facet normal 0 0 1
outer loop
vertex 188.13 -53.66 2.2
vertex 188.10 -53.59 2.2
vertex 180.37 -53.59 2.2
endloop
endfacet
facet normal 0 0 1
outer loop
vertex 188.13 -53.66 2.2
vertex 180.37 -53.59 2.2
vertex 180.21 -53.66 2.2
endloop
endfacet
facet normal 0 0 1
outer loop
vertex 188.10 -53.59 2.2
vertex 188.07 -53.49 2.2
vertex 180.51 -53.49 2.2
endloop
endfacet
facet normal 0 0 1
outer loop
vertex 188.10 -53.59 2.2
vertex 180.51 -53.49 2.2
vertex 180.37 -53.59 2.2
endloop
endfacet
facet normal 0 0 1
outer loop
vertex 188.07 -53.49 2.2
vertex 188.02 -53.36 2.2
vertex 180.64 -53.36 2.2
endloop
endfacet
facet normal 0 0 1
outer loop
vertex 188.07 -53.49 2.2
vertex 180.64 -53.36 2.2
vertex 180.51 -53.49 2.2
endloop
endfacet
facet normal 0 0 1
outer loop
vertex 159.05 -53.75 2.2
vertex 158.92 -53.24 2.2
vertex 115.76 -53.24 2.2
endloop
endfacet
facet normal 0 0 1
outer loop
vertex 159.05 -53.75 2.2
vertex 115.76 -53.24 2.2
vertex 115.58 -53.75 2.2
endloop
endfacet
facet normal 0 0 1
outer loop
vertex 188.02 -53.36 2.2
vertex 187.97 -53.22 2.2
vertex 180.74 -53.22 2.2
endloop
endfacet
facet normal 0 0 1
outer loop
vertex 188.02 -53.36 2.2
vertex 180.74 -53.22 2.2
vertex 180.64 -53.36 2.2
endloop
endfacet
facet normal 0 0 1
outer loop
vertex 187.97 -53.22 2.2
vertex 187.91 -53.06 2.2
vertex 180.81 -53.06 2.2
endloop
endfacet
facet normal 0 0 1
outer loop
vertex 187.97 -53.22 2.2
vertex 180.81 -53.06 2.2
vertex 180.74 -53.22 2.2
endloop
endfacet
facet normal 0 0 1
outer loop
vertex 187.91 -53.06 2.2
vertex 187.85 -52.89 2.2
vertex 180.86 -52.89 2.2
endloop
endfacet
facet normal 0 0 1
outer loop
vertex 187.91 -53.06 2.2
vertex 180.86 -52.89 2.2
vertex 180.81 -53.06 2.2
endloop
endfacet
facet normal 0 0 1
outer loop
vertex 158.92 -53.24 2.2
vertex 158.87 -52.72 2.2
vertex 152.87 -52.72 2.2
endloop
endfacet
facet normal 0 0 1
outer loop
vertex 158.92 -53.24 2.2
vertex 152.87 -52.72 2.2
vertex 115.95 -52.72 2.2
endloop
endfacet
facet normal 0 0 1
outer loop
vertex 158.92 -53.24 2.2
vertex 115.95 -52.72 2.2
vertex 115.76 -53.24 2.2
endloop
endfacet
facet normal 0 0 1
outer loop
vertex 187.85 -52.89 2.2
vertex 187.79 -52.72 2.2
vertex 180.87 -52.72 2.2
endloop
endfacet
facet normal 0 0 1
outer loop
vertex 187.85 -52.89 2.2
vertex 180.87 -52.72 2.2
vertex 180.86 -52.89 2.2
endloop
endfacet
facet normal 0 0 1
outer loop
vertex 152.87 -52.72 2.2
vertex 152.52 -52.69 2.2
vertex 115.96 -52.69 2.2
endloop
endfacet
facet normal 0 0 1
outer loop
vertex 152.87 -52.72 2.2
vertex 115.96 -52.69 2.2
vertex 115.95 -52.72 2.2
endloop
endfacet
facet normal 0 0 -1
outer loop
vertex 152.52 -52.69 2.2
vertex 152.37 -52.65 2.2
vertex 152.19 -52.60 2.2
endloop
endfacet
facet normal 0 0 -1
outer loop
vertex 152.52 -52.69 2.2
vertex 152.19 -52.60 2.2
vertex 116.00 -52.60 2.2
endloop
endfacet
facet normal 0 0 -1
outer loop
vertex 152.52 -52.69 2.2
vertex 116.00 -52.60 2.2
vertex 115.96 -52.69 2.2
endloop
endfacet
facet normal 0 0 1
outer loop
vertex 152.19 -52.60 2.2
vertex 151.87 -52.45 2.2
vertex 116.05 -52.45 2.2
endloop
endfacet
facet normal 0 0 1
outer loop
vertex 152.19 -52.60 2.2
vertex 116.05 -52.45 2.2
vertex 116.00 -52.60 2.2
endloop
endfacet
facet normal 0 0 1
outer loop
vertex 151.87 -52.45 2.2
vertex 151.58 -52.25 2.2
vertex 116.12 -52.25 2.2
endloop
endfacet
facet normal 0 0 1
outer loop
vertex 151.87 -52.45 2.2
vertex 116.12 -52.25 2.2
vertex 116.05 -52.45 2.2
endloop
endfacet
facet normal 0 0 1
outer loop
vertex 151.58 -52.25 2.2
vertex 151.34 -52.01 2.2
vertex 116.21 -52.01 2.2
endloop
endfacet
facet normal 0 0 1
outer loop
vertex 151.58 -52.25 2.2
vertex 116.21 -52.01 2.2
vertex 116.12 -52.25 2.2
endloop
endfacet
facet normal 0 0 1
outer loop
vertex 151.34 -52.01 2.2
vertex 151.14 -51.72 2.2
vertex 116.32 -51.72 2.2
endloop
endfacet
facet normal 0 0 1
outer loop
vertex 151.34 -52.01 2.2
vertex 116.32 -51.72 2.2
vertex 116.21 -52.01 2.2
endloop
endfacet
facet normal 0 0 1
outer loop
vertex 151.14 -51.72 2.2
vertex 150.99 -51.40 2.2
vertex 116.43 -51.40 2.2
endloop
endfacet
facet normal 0 0 1
outer loop
vertex 151.14 -51.72 2.2
vertex 116.43 -51.40 2.2
vertex 116.32 -51.72 2.2
endloop
endfacet
facet normal 0 0 1
outer loop
vertex 150.99 -51.40 2.2
vertex 150.90 -51.07 2.2
vertex 116.55 -51.07 2.2
endloop
endfacet
facet normal 0 0 1
outer loop
vertex 150.99 -51.40 2.2
vertex 116.55 -51.07 2.2
vertex 116.43 -51.40 2.2
endloop
endfacet
facet normal 0 0 1
outer loop
vertex 150.90 -51.07 2.2
vertex 150.87 -50.72 2.2
vertex 116.68 -50.72 2.2
endloop
endfacet
facet normal 0 0 1
outer loop
vertex 150.90 -51.07 2.2
vertex 116.68 -50.72 2.2
vertex 116.55 -51.07 2.2
endloop
endfacet
facet normal 0 0 1
outer loop
vertex 150.87 -50.72 2.2
vertex 150.87 -48.72 2.2
vertex 117.41 -48.72 2.2
endloop
endfacet
facet normal 0 0 1
outer loop
vertex 150.87 -50.72 2.2
vertex 117.41 -48.72 2.2
vertex 116.68 -50.72 2.2
endloop
endfacet
facet normal 0 0 1
outer loop
vertex 150.87 -48.72 2.2
vertex 150.90 -48.37 2.2
vertex 117.53 -48.37 2.2
endloop
endfacet
facet normal 0 0 1
outer loop
vertex 150.87 -48.72 2.2
vertex 117.53 -48.37 2.2
vertex 117.41 -48.72 2.2
endloop
endfacet
facet normal 0 0 1
outer loop
vertex 150.90 -48.37 2.2
vertex 150.99 -48.04 2.2
vertex 117.66 -48.04 2.2
endloop
endfacet
facet normal 0 0 1
outer loop
vertex 150.90 -48.37 2.2
vertex 117.66 -48.04 2.2
vertex 117.53 -48.37 2.2
endloop
endfacet
facet normal 0 0 1
outer loop
vertex 150.99 -48.04 2.2
vertex 151.14 -47.72 2.2
vertex 117.77 -47.72 2.2
endloop
endfacet
facet normal 0 0 1
outer loop
vertex 150.99 -48.04 2.2
vertex 117.77 -47.72 2.2
vertex 117.66 -48.04 2.2
endloop
endfacet
facet normal 0 0 1
outer loop
vertex 151.14 -47.72 2.2
vertex 151.34 -47.43 2.2
vertex 117.88 -47.43 2.2
endloop
endfacet
facet normal 0 0 1
outer loop
vertex 151.14 -47.72 2.2
vertex 117.88 -47.43 2.2
vertex 117.77 -47.72 2.2
endloop
endfacet
facet normal 0 0 1
outer loop
vertex 151.34 -47.43 2.2
vertex 151.58 -47.19 2.2
vertex 117.97 -47.19 2.2
endloop
endfacet
facet normal 0 0 1
outer loop
vertex 151.34 -47.43 2.2
vertex 117.97 -47.19 2.2
vertex 117.88 -47.43 2.2
endloop
endfacet
facet normal 0 0 1
outer loop
vertex 151.58 -47.19 2.2
vertex 151.87 -46.99 2.2
vertex 118.04 -46.99 2.2
endloop
endfacet
facet normal 0 0 1
outer loop
vertex 151.58 -47.19 2.2
vertex 118.04 -46.99 2.2
vertex 117.97 -47.19 2.2
endloop
endfacet
facet normal 0 0 1
outer loop
vertex 151.87 -46.99 2.2
vertex 152.19 -46.84 2.2
vertex 118.09 -46.84 2.2
endloop
endfacet
facet normal 0 0 1
outer loop
vertex 151.87 -46.99 2.2
vertex 118.09 -46.84 2.2
vertex 118.04 -46.99 2.2
endloop
endfacet
facet normal -0.03 0.12 0.99
outer loop
vertex 152.19 -46.84 2.2
vertex 152.37 -46.79 2.20
vertex 152.52 -46.75 2.2
endloop
endfacet
facet normal -0.03 0.12 0.99
outer loop
vertex 152.19 -46.84 2.2
vertex 152.52 -46.75 2.2
vertex 118.13 -46.75 2.2
endloop
endfacet
facet normal -0.03 0.12 0.99
outer loop
vertex 152.19 -46.84 2.2
vertex 118.13 -46.75 2.2
vertex 118.09 -46.84 2.2
endloop
endfacet
facet normal 0 0 1
outer loop
vertex 152.52 -46.75 2.2
vertex 152.87 -46.72 2.2
vertex 118.14 -46.72 2.2
endloop
endfacet
facet normal 0 0 1
outer loop
vertex 152.52 -46.75 2.2
vertex 118.14 -46.72 2.2
vertex 118.13 -46.75 2.2
endloop
endfacet
facet normal 0 0 1
outer loop
vertex 187.79 -52.72 2.2
vertex 185.60 -46.72 2.2
vertex 180.87 -46.72 2.2
endloop
endfacet
facet normal 0 0 1
outer loop
vertex 187.79 -52.72 2.2
vertex 180.87 -46.72 2.2
vertex 180.87 -52.72 2.2
endloop
endfacet
facet normal 0 0 1
outer loop
vertex 185.60 -46.72 2.2
vertex 185.54 -46.55 2.2
vertex 180.86 -46.55 2.2
endloop
endfacet
facet normal 0 0 1
outer loop
vertex 185.60 -46.72 2.2
vertex 180.86 -46.55 2.2
vertex 180.87 -46.72 2.2
endloop
endfacet
facet normal 0 0 1
outer loop
vertex 185.54 -46.55 2.2
vertex 185.48 -46.38 2.2
vertex 180.81 -46.38 2.2
endloop
endfacet
facet normal 0 0 1
outer loop
vertex 185.54 -46.55 2.2
vertex 180.81 -46.38 2.2
vertex 180.86 -46.55 2.2
endloop
endfacet
facet normal 0 0 1
outer loop
vertex 185.48 -46.38 2.2
vertex 185.42 -46.22 2.2
vertex 180.74 -46.22 2.2
endloop
endfacet
facet normal 0 0 1
outer loop
vertex 185.48 -46.38 2.2
vertex 180.74 -46.22 2.2
vertex 180.81 -46.38 2.2
endloop
endfacet
facet normal 0 0 1
outer loop
vertex 152.87 -46.72 2.2
vertex 158.87 -46.72 2.2
vertex 158.92 -46.20 2.2
endloop
endfacet
facet normal 0 0 1
outer loop
vertex 152.87 -46.72 2.2
vertex 158.92 -46.20 2.2
vertex 118.33 -46.20 2.2
endloop
endfacet
facet normal 0 0 1
outer loop
vertex 152.87 -46.72 2.2
vertex 118.33 -46.20 2.2
vertex 118.14 -46.72 2.2
endloop
endfacet
facet normal 0 0 1
outer loop
vertex 185.42 -46.22 2.2
vertex 185.37 -46.08 2.2
vertex 180.64 -46.08 2.2
endloop
endfacet
facet normal 0 0 1
outer loop
vertex 185.42 -46.22 2.2
vertex 180.64 -46.08 2.2
vertex 180.74 -46.22 2.2
endloop
endfacet
facet normal 0 0 1
outer loop
vertex 185.37 -46.08 2.2
vertex 185.33 -45.95 2.2
vertex 180.51 -45.95 2.2
endloop
endfacet
facet normal 0 0 1
outer loop
vertex 185.37 -46.08 2.2
vertex 180.51 -45.95 2.2
vertex 180.64 -46.08 2.2
endloop
endfacet
facet normal 0 0 1
outer loop
vertex 185.33 -45.95 2.2
vertex 185.29 -45.85 2.2
vertex 180.37 -45.85 2.2
endloop
endfacet
facet normal 0 0 1
outer loop
vertex 185.33 -45.95 2.2
vertex 180.37 -45.85 2.2
vertex 180.51 -45.95 2.2
endloop
endfacet
facet normal 0 0 1
outer loop
vertex 185.29 -45.85 2.2
vertex 185.26 -45.78 2.2
vertex 180.21 -45.78 2.2
endloop
endfacet
facet normal 0 0 1
outer loop
vertex 185.29 -45.85 2.2
vertex 180.21 -45.78 2.2
vertex 180.37 -45.85 2.2
endloop
endfacet
facet normal 0 0 1
outer loop
vertex 185.26 -45.78 2.2
vertex 185.25 -45.73 2.2
vertex 180.04 -45.73 2.2
endloop
endfacet
facet normal 0 0 1
outer loop
vertex 185.26 -45.78 2.2
vertex 180.04 -45.73 2.2
vertex 180.21 -45.78 2.2
endloop
endfacet
facet normal 0 0 1
outer loop
vertex 185.25 -45.73 2.2
vertex 185.24 -45.72 2.2
vertex 179.87 -45.72 2.2
endloop
endfacet
facet normal 0 0 1
outer loop
vertex 185.25 -45.73 2.2
vertex 179.87 -45.72 2.2
vertex 180.04 -45.73 2.2
endloop
endfacet
facet normal 0 0 1
outer loop
vertex 158.92 -46.20 2.2
vertex 159.05 -45.69 2.2
vertex 118.51 -45.69 2.2
endloop
endfacet
facet normal 0 0 1
outer loop
vertex 158.92 -46.20 2.2
vertex 118.51 -45.69 2.2
vertex 118.33 -46.20 2.2
endloop
endfacet
facet normal 0 0 1
outer loop
vertex 179.87 -45.72 2.2
vertex 185.24 -45.72 2.2
vertex 185.09 -45.30 2.2
endloop
endfacet
facet normal 0 0 1
outer loop
vertex 179.87 -45.72 2.2
vertex 185.09 -45.30 2.2
vertex 174.51 -45.30 2.2
endloop
endfacet
facet normal 0 0 1
outer loop
vertex 179.87 -45.72 2.2
vertex 174.51 -45.30 2.2
vertex 174.70 -45.72 2.2
endloop
endfacet
facet normal 0 0 1
outer loop
vertex 159.05 -45.69 2.2
vertex 159.27 -45.22 2.2
vertex 118.68 -45.22 2.2
endloop
endfacet
facet normal 0 0 1
outer loop
vertex 159.05 -45.69 2.2
vertex 118.68 -45.22 2.2
vertex 118.51 -45.69 2.2
endloop
endfacet
facet normal 0 0 1
outer loop
vertex 185.09 -45.30 2.2
vertex 184.95 -44.91 2.2
vertex 174.26 -44.91 2.2
endloop
endfacet
facet normal 0 0 1
outer loop
vertex 185.09 -45.30 2.2
vertex 174.26 -44.91 2.2
vertex 174.51 -45.30 2.2
endloop
endfacet
facet normal 0 0 1
outer loop
vertex 159.27 -45.22 2.2
vertex 159.57 -44.79 2.2
vertex 118.84 -44.79 2.2
endloop
endfacet
facet normal 0 0 1
outer loop
vertex 159.27 -45.22 2.2
vertex 118.84 -44.79 2.2
vertex 118.68 -45.22 2.2
endloop
endfacet
facet normal 0 0 1
outer loop
vertex 184.95 -44.91 2.2
vertex 184.82 -44.56 2.2
vertex 173.96 -44.56 2.2
endloop
endfacet
facet normal 0 0 1
outer loop
vertex 184.95 -44.91 2.2
vertex 173.96 -44.56 2.2
vertex 174.26 -44.91 2.2
endloop
endfacet
facet normal 0 0 1
outer loop
vertex 159.57 -44.79 2.2
vertex 159.94 -44.42 2.2
vertex 118.97 -44.42 2.2
endloop
endfacet
facet normal 0 0 1
outer loop
vertex 159.57 -44.79 2.2
vertex 118.97 -44.42 2.2
vertex 118.84 -44.79 2.2
endloop
endfacet
facet normal 0 0 1
outer loop
vertex 184.82 -44.56 2.2
vertex 184.71 -44.27 2.2
vertex 173.60 -44.27 2.2
endloop
endfacet
facet normal 0 0 1
outer loop
vertex 184.82 -44.56 2.2
vertex 173.60 -44.27 2.2
vertex 173.96 -44.56 2.2
endloop
endfacet
facet normal 0 0 1
outer loop
vertex 159.94 -44.42 2.2
vertex 160.37 -44.12 2.2
vertex 119.08 -44.12 2.2
endloop
endfacet
facet normal 0 0 1
outer loop
vertex 159.94 -44.42 2.2
vertex 119.08 -44.12 2.2
vertex 118.97 -44.42 2.2
endloop
endfacet
facet normal 0 0 1
outer loop
vertex 184.71 -44.27 2.2
vertex 184.63 -44.03 2.2
vertex 173.21 -44.03 2.2
endloop
endfacet
facet normal 0 0 1
outer loop
vertex 184.71 -44.27 2.2
vertex 173.21 -44.03 2.2
vertex 173.60 -44.27 2.2
endloop
endfacet
facet normal 0 0 1
outer loop
vertex 160.37 -44.12 2.2
vertex 160.84 -43.90 2.2
vertex 119.16 -43.90 2.2
endloop
endfacet
facet normal 0 0 1
outer loop
vertex 160.37 -44.12 2.2
vertex 119.16 -43.90 2.2
vertex 119.08 -44.12 2.2
endloop
endfacet
facet normal 0 0 1
outer loop
vertex 184.63 -44.03 2.2
vertex 184.56 -43.86 2.2
vertex 172.78 -43.86 2.2
endloop
endfacet
facet normal 0 0 1
outer loop
vertex 184.63 -44.03 2.2
vertex 172.78 -43.86 2.2
vertex 173.21 -44.03 2.2
endloop
endfacet
facet normal 0 0 1
outer loop
vertex 160.84 -43.90 2.2
vertex 161.35 -43.77 2.2
vertex 119.21 -43.77 2.2
endloop
endfacet
facet normal 0 0 1
outer loop
vertex 160.84 -43.90 2.2
vertex 119.21 -43.77 2.2
vertex 119.16 -43.90 2.2
endloop
endfacet
facet normal 0 0 1
outer loop
vertex 184.56 -43.86 2.2
vertex 184.53 -43.76 2.2
vertex 172.33 -43.76 2.2
endloop
endfacet
facet normal 0 0 1
outer loop
vertex 184.56 -43.86 2.2
vertex 172.33 -43.76 2.2
vertex 172.78 -43.86 2.2
endloop
endfacet
facet normal 0 0 1
outer loop
vertex 161.35 -43.77 2.2
vertex 161.87 -43.72 2.2
vertex 119.23 -43.72 2.2
endloop
endfacet
facet normal 0 0 1
outer loop
vertex 161.35 -43.77 2.2
vertex 119.23 -43.72 2.2
vertex 119.21 -43.77 2.2
endloop
endfacet
facet normal 0 0 1
outer loop
vertex 184.53 -43.76 2.2
vertex 184.51 -43.72 2.2
vertex 171.87 -43.72 2.2
endloop
endfacet
facet normal 0 0 1
outer loop
vertex 184.53 -43.76 2.2
vertex 171.87 -43.72 2.2
vertex 172.33 -43.76 2.2
endloop
endfacet
facet normal 0 0 1
outer loop
vertex 161.87 -43.72 2.2
vertex 171.87 -43.72 2.2
vertex 184.51 -43.72 2.2
endloop
endfacet
facet normal 0 0 1
outer loop
vertex 161.87 -43.72 2.2
vertex 184.51 -43.72 2.2
vertex 183.93 -42.12 2.2
endloop
endfacet
facet normal 0 0 1
outer loop
vertex 161.87 -43.72 2.2
vertex 183.93 -42.12 2.2
vertex 151.87 -42.12 2.2
endloop
endfacet
facet normal 0 0 1
outer loop
vertex 161.87 -43.72 2.2
vertex 151.87 -42.12 2.2
vertex 119.81 -42.12 2.2
endloop
endfacet
facet normal 0 0 1
outer loop
vertex 161.87 -43.72 2.2
vertex 119.81 -42.12 2.2
vertex 119.23 -43.72 2.2
endloop
endfacet
facet normal 0 0 1
outer loop
vertex 151.87 -42.12 2.2
vertex 151.67 -42.10 2.2
vertex 119.82 -42.10 2.2
endloop
endfacet
facet normal 0 0 1
outer loop
vertex 151.87 -42.12 2.2
vertex 119.82 -42.10 2.2
vertex 119.81 -42.12 2.2
endloop
endfacet
facet normal 0 0 1
outer loop
vertex 183.93 -42.12 2.2
vertex 183.92 -42.10 2.2
vertex 152.08 -42.10 2.2
endloop
endfacet
facet normal 0 0 1
outer loop
vertex 183.93 -42.12 2.2
vertex 152.08 -42.10 2.2
vertex 151.87 -42.12 2.2
endloop
endfacet
facet normal 0 0 1
outer loop
vertex 151.67 -42.10 2.2
vertex 151.47 -42.04 2.2
vertex 119.84 -42.04 2.2
endloop
endfacet
facet normal 0 0 1
outer loop
vertex 151.67 -42.10 2.2
vertex 119.84 -42.04 2.2
vertex 119.82 -42.10 2.2
endloop
endfacet
facet normal 0 0 1
outer loop
vertex 183.92 -42.10 2.2
vertex 183.90 -42.04 2.2
vertex 152.27 -42.04 2.2
endloop
endfacet
facet normal 0 0 1
outer loop
vertex 183.92 -42.10 2.2
vertex 152.27 -42.04 2.2
vertex 152.08 -42.10 2.2
endloop
endfacet
facet normal 0 0 1
outer loop
vertex 151.47 -42.04 2.2
vertex 151.29 -41.94 2.2
vertex 119.87 -41.94 2.2
endloop
endfacet
facet normal 0 0 1
outer loop
vertex 151.47 -42.04 2.2
vertex 119.87 -41.94 2.2
vertex 119.84 -42.04 2.2
endloop
endfacet
facet normal 0 0 1
outer loop
vertex 183.90 -42.04 2.2
vertex 183.87 -41.94 2.2
vertex 152.45 -41.94 2.2
endloop
endfacet
facet normal 0 0 1
outer loop
vertex 183.90 -42.04 2.2
vertex 152.45 -41.94 2.2
vertex 152.27 -42.04 2.2
endloop
endfacet
facet normal 0 0 1
outer loop
vertex 151.29 -41.94 2.2
vertex 151.13 -41.81 2.2
vertex 119.92 -41.81 2.2
endloop
endfacet
facet normal 0 0 1
outer loop
vertex 151.29 -41.94 2.2
vertex 119.92 -41.81 2.2
vertex 119.87 -41.94 2.2
endloop
endfacet
facet normal 0 0 1
outer loop
vertex 183.87 -41.94 2.2
vertex 183.82 -41.81 2.2
vertex 152.61 -41.81 2.2
endloop
endfacet
facet normal 0 0 1
outer loop
vertex 183.87 -41.94 2.2
vertex 152.61 -41.81 2.2
vertex 152.45 -41.94 2.2
endloop
endfacet
facet normal 0 0 1
outer loop
vertex 151.13 -41.81 2.2
vertex 151.00 -41.65 2.2
vertex 119.98 -41.65 2.2
endloop
endfacet
facet normal 0 0 1
outer loop
vertex 151.13 -41.81 2.2
vertex 119.98 -41.65 2.2
vertex 119.92 -41.81 2.2
endloop
endfacet
facet normal 0 0 1
outer loop
vertex 183.82 -41.81 2.2
vertex 183.76 -41.65 2.2
vertex 152.74 -41.65 2.2
endloop
endfacet
facet normal 0 0 1
outer loop
vertex 183.82 -41.81 2.2
vertex 152.74 -41.65 2.2
vertex 152.61 -41.81 2.2
endloop
endfacet
facet normal 0 0 1
outer loop
vertex 151.00 -41.65 2.2
vertex 150.90 -41.47 2.2
vertex 120.05 -41.47 2.2
endloop
endfacet
facet normal 0 0 1
outer loop
vertex 151.00 -41.65 2.2
vertex 120.05 -41.47 2.2
vertex 119.98 -41.65 2.2
endloop
endfacet
facet normal 0 0 1
outer loop
vertex 183.76 -41.65 2.2
vertex 183.69 -41.47 2.2
vertex 152.84 -41.47 2.2
endloop
endfacet
facet normal 0 0 1
outer loop
vertex 183.76 -41.65 2.2
vertex 152.84 -41.47 2.2
vertex 152.74 -41.65 2.2
endloop
endfacet
facet normal 0 0 1
outer loop
vertex 150.90 -41.47 2.2
vertex 150.84 -41.27 2.2
vertex 120.12 -41.27 2.2
endloop
endfacet
facet normal 0 0 1
outer loop
vertex 150.90 -41.47 2.2
vertex 120.12 -41.27 2.2
vertex 120.05 -41.47 2.2
endloop
endfacet
facet normal 0 0 1
outer loop
vertex 183.69 -41.47 2.2
vertex 183.62 -41.27 2.2
vertex 152.90 -41.27 2.2
endloop
endfacet
facet normal 0 0 1
outer loop
vertex 183.69 -41.47 2.2
vertex 152.90 -41.27 2.2
vertex 152.84 -41.47 2.2
endloop
endfacet
facet normal 0 0 1
outer loop
vertex 150.84 -41.27 2.2
vertex 150.82 -41.07 2.2
vertex 120.19 -41.07 2.2
endloop
endfacet
facet normal 0 0 1
outer loop
vertex 150.84 -41.27 2.2
vertex 120.19 -41.07 2.2
vertex 120.12 -41.27 2.2
endloop
endfacet
facet normal 0 0 1
outer loop
vertex 183.62 -41.27 2.2
vertex 183.55 -41.07 2.2
vertex 152.92 -41.07 2.2
endloop
endfacet
facet normal 0 0 1
outer loop
vertex 183.62 -41.27 2.2
vertex 152.92 -41.07 2.2
vertex 152.90 -41.27 2.2
endloop
endfacet
facet normal 0 0 1
outer loop
vertex 150.82 -41.07 2.2
vertex 150.84 -40.86 2.2
vertex 120.27 -40.86 2.2
endloop
endfacet
facet normal 0 0 1
outer loop
vertex 150.82 -41.07 2.2
vertex 120.27 -40.86 2.2
vertex 120.19 -41.07 2.2
endloop
endfacet
facet normal 0 0 1
outer loop
vertex 183.55 -41.07 2.2
vertex 183.47 -40.86 2.2
vertex 152.90 -40.86 2.2
endloop
endfacet
facet normal 0 0 1
outer loop
vertex 183.55 -41.07 2.2
vertex 152.90 -40.86 2.2
vertex 152.92 -41.07 2.2
endloop
endfacet
facet normal 0 0 1
outer loop
vertex 150.84 -40.86 2.2
vertex 150.90 -40.67 2.2
vertex 120.34 -40.67 2.2
endloop
endfacet
facet normal 0 0 1
outer loop
vertex 150.84 -40.86 2.2
vertex 120.34 -40.67 2.2
vertex 120.27 -40.86 2.2
endloop
endfacet
facet normal 0 0 1
outer loop
vertex 183.47 -40.86 2.2
vertex 183.40 -40.67 2.2
vertex 152.84 -40.67 2.2
endloop
endfacet
facet normal 0 0 1
outer loop
vertex 183.47 -40.86 2.2
vertex 152.84 -40.67 2.2
vertex 152.90 -40.86 2.2
endloop
endfacet
facet normal 0 0 1
outer loop
vertex 150.90 -40.67 2.2
vertex 151.00 -40.49 2.2
vertex 120.41 -40.49 2.2
endloop
endfacet
facet normal 0 0 1
outer loop
vertex 150.90 -40.67 2.2
vertex 120.41 -40.49 2.2
vertex 120.34 -40.67 2.2
endloop
endfacet
facet normal 0 0 1
outer loop
vertex 183.40 -40.67 2.2
vertex 183.34 -40.49 2.2
vertex 152.74 -40.49 2.2
endloop
endfacet
facet normal 0 0 1
outer loop
vertex 183.40 -40.67 2.2
vertex 152.74 -40.49 2.2
vertex 152.84 -40.67 2.2
endloop
endfacet
facet normal 0 0 1
outer loop
vertex 151.00 -40.49 2.2
vertex 151.13 -40.33 2.2
vertex 120.46 -40.33 2.2
endloop
endfacet
facet normal 0 0 1
outer loop
vertex 151.00 -40.49 2.2
vertex 120.46 -40.33 2.2
vertex 120.41 -40.49 2.2
endloop
endfacet
facet normal 0 0 1
outer loop
vertex 183.34 -40.49 2.2
vertex 183.28 -40.33 2.2
vertex 152.61 -40.33 2.2
endloop
endfacet
facet normal 0 0 1
outer loop
vertex 183.34 -40.49 2.2
vertex 152.61 -40.33 2.2
vertex 152.74 -40.49 2.2
endloop
endfacet
facet normal 0 0 1
outer loop
vertex 151.13 -40.33 2.2
vertex 151.29 -40.20 2.2
vertex 120.51 -40.20 2.2
endloop
endfacet
facet normal 0 0 1
outer loop
vertex 151.13 -40.33 2.2
vertex 120.51 -40.20 2.2
vertex 120.46 -40.33 2.2
endloop
endfacet
facet normal 0 0 1
outer loop
vertex 183.28 -40.33 2.2
vertex 183.23 -40.20 2.2
vertex 152.45 -40.20 2.2
endloop
endfacet
facet normal 0 0 1
outer loop
vertex 183.28 -40.33 2.2
vertex 152.45 -40.20 2.2
vertex 152.61 -40.33 2.2
endloop
endfacet
facet normal 0 0 1
outer loop
vertex 151.29 -40.20 2.2
vertex 151.47 -40.10 2.2
vertex 120.55 -40.10 2.2
endloop
endfacet
facet normal 0 0 1
outer loop
vertex 151.29 -40.20 2.2
vertex 120.55 -40.10 2.2
vertex 120.51 -40.20 2.2
endloop
endfacet
facet normal 0 0 1
outer loop
vertex 183.23 -40.20 2.2
vertex 183.19 -40.10 2.2
vertex 152.27 -40.10 2.2
endloop
endfacet
facet normal 0 0 1
outer loop
vertex 183.23 -40.20 2.2
vertex 152.27 -40.10 2.2
vertex 152.45 -40.20 2.2
endloop
endfacet
facet normal 0 0 1
outer loop
vertex 151.47 -40.10 2.2
vertex 151.67 -40.04 2.2
vertex 120.57 -40.04 2.2
endloop
endfacet
facet normal 0 0 1
outer loop
vertex 151.47 -40.10 2.2
vertex 120.57 -40.04 2.2
vertex 120.55 -40.10 2.2
endloop
endfacet
facet normal 0 0 1
outer loop
vertex 183.19 -40.10 2.2
vertex 183.17 -40.04 2.2
vertex 152.08 -40.04 2.2
endloop
endfacet
facet normal 0 0 1
outer loop
vertex 183.19 -40.10 2.2
vertex 152.08 -40.04 2.2
vertex 152.27 -40.10 2.2
endloop
endfacet
facet normal 0 0 1
outer loop
vertex 151.67 -40.04 2.2
vertex 151.87 -40.02 2.2
vertex 120.57 -40.02 2.2
endloop
endfacet
facet normal 0 0 1
outer loop
vertex 151.67 -40.04 2.2
vertex 120.57 -40.02 2.2
vertex 120.57 -40.04 2.2
endloop
endfacet
facet normal 0 0 1
outer loop
vertex 183.17 -40.04 2.2
vertex 183.17 -40.02 2.2
vertex 151.87 -40.02 2.2
endloop
endfacet
facet normal 0 0 1
outer loop
vertex 183.17 -40.04 2.2
vertex 151.87 -40.02 2.2
vertex 152.08 -40.04 2.2
endloop
endfacet
facet normal 0 0 1
outer loop
vertex 151.87 -40.02 2.2
vertex 183.17 -40.02 2.2
vertex 182.38 -37.87 2.2
endloop
endfacet
facet normal 0 0 1
outer loop
vertex 151.87 -40.02 2.2
vertex 182.38 -37.87 2.2
vertex 121.36 -37.87 2.2
endloop
endfacet
facet normal 0 0 1
outer loop
vertex 151.87 -40.02 2.2
vertex 121.36 -37.87 2.2
vertex 120.57 -40.02 2.2
endloop
endfacet
facet normal 0 1 0
outer loop
vertex 182.38 -37.87 2.2
vertex 182.38 -37.87 1.76
vertex 121.36 -37.87 1.76
endloop
endfacet
facet normal 0 1 0
outer loop
vertex 182.38 -37.87 2.2
vertex 121.36 -37.87 1.76
vertex 121.36 -37.87 2.2
endloop
endfacet
facet normal 0 1 0
outer loop
vertex 121.36 -37.87 1.76
vertex 182.38 -37.87 1.76
vertex 182.60 -37.87 1.76
endloop
endfacet
facet normal 0 1 0
outer loop
vertex 121.36 -37.87 1.76
vertex 182.60 -37.87 1.76
vertex 182.60 -37.87 1.7
endloop
endfacet
facet normal 0 1 0
outer loop
vertex 121.36 -37.87 1.76
vertex 182.60 -37.87 1.7
vertex 150.62 -37.87 1.7
endloop
endfacet
facet normal 0 1 0
outer loop
vertex 121.36 -37.87 1.76
vertex 150.62 -37.87 1.7
vertex 141.12 -37.87 1.7
endloop
endfacet
facet normal 0 1 0
outer loop
vertex 121.36 -37.87 1.76
vertex 141.12 -37.87 1.7
vertex 121.14 -37.87 1.7
endloop
endfacet
facet normal 0 1 0
outer loop
vertex 121.36 -37.87 1.76
vertex 121.14 -37.87 1.7
vertex 121.14 -37.87 1.76
endloop
endfacet
facet normal 0 1 0
outer loop
vertex 141.12 -37.87 1.7
vertex 141.12 -37.87 1.32
vertex 121.14 -37.87 1.32
endloop
endfacet
facet normal 0 1 0
outer loop
vertex 141.12 -37.87 1.7
vertex 121.14 -37.87 1.32
vertex 121.14 -37.87 1.7
endloop
endfacet
facet normal 0 1 0
outer loop
vertex 182.60 -37.87 1.7
vertex 182.60 -37.87 1.32
vertex 150.62 -37.87 1.32
endloop
endfacet
facet normal 0 1 0
outer loop
vertex 182.60 -37.87 1.7
vertex 150.62 -37.87 1.32
vertex 150.62 -37.87 1.7
endloop
endfacet
facet normal 0 1 0
outer loop
vertex 121.14 -37.87 1.32
vertex 141.12 -37.87 1.32
vertex 141.12 -37.87 0.88
endloop
endfacet
facet normal 0 1 0
outer loop
vertex 121.14 -37.87 1.32
vertex 141.12 -37.87 0.88
vertex 120.93 -37.87 0.88
endloop
endfacet
facet normal 0 1 0
outer loop
vertex 121.14 -37.87 1.32
vertex 120.93 -37.87 0.88
vertex 120.93 -37.87 1.32
endloop
endfacet
facet normal 0 1 0
outer loop
vertex 182.60 -37.87 1.32
vertex 182.81 -37.87 1.32
vertex 182.81 -37.87 0.88
endloop
endfacet
facet normal 0 1 0
outer loop
vertex 182.60 -37.87 1.32
vertex 182.81 -37.87 0.88
vertex 150.62 -37.87 0.88
endloop
endfacet
facet normal 0 1 0
outer loop
vertex 182.60 -37.87 1.32
vertex 150.62 -37.87 0.88
vertex 150.62 -37.87 1.32
endloop
endfacet
facet normal 0 1 0
outer loop
vertex 120.93 -37.87 0.88
vertex 141.12 -37.87 0.88
vertex 141.12 -37.87 0.44
endloop
endfacet
facet normal 0 1 0
outer loop
vertex 120.93 -37.87 0.88
vertex 141.12 -37.87 0.44
vertex 120.72 -37.87 0.44
endloop
endfacet
facet normal 0 1 0
outer loop
vertex 120.93 -37.87 0.88
vertex 120.72 -37.87 0.44
vertex 120.72 -37.87 0.88
endloop
endfacet
facet normal 0 1 0
outer loop
vertex 182.81 -37.87 0.88
vertex 183.02 -37.87 0.88
vertex 183.02 -37.87 0.44
endloop
endfacet
facet normal 0 1 0
outer loop
vertex 182.81 -37.87 0.88
vertex 183.02 -37.87 0.44
vertex 150.62 -37.87 0.44
endloop
endfacet
facet normal 0 1 0
outer loop
vertex 182.81 -37.87 0.88
vertex 150.62 -37.87 0.44
vertex 150.62 -37.87 0.88
endloop
endfacet
facet normal 0 1 0
outer loop
vertex 120.72 -37.87 0.44
vertex 141.12 -37.87 0.44
vertex 141.12 -37.87 0
endloop
endfacet
facet normal 0 1 0
outer loop
vertex 120.72 -37.87 0.44
vertex 141.12 -37.87 0
vertex 120.50 -37.87 0
endloop
endfacet
facet normal 0 1 0
outer loop
vertex 120.72 -37.87 0.44
vertex 120.50 -37.87 0
vertex 120.50 -37.87 0.44
endloop
endfacet
facet normal 0 1 0
outer loop
vertex 183.02 -37.87 0.44
vertex 183.24 -37.87 0.44
vertex 183.24 -37.87 0
endloop
endfacet
facet normal 0 1 0
outer loop
vertex 183.02 -37.87 0.44
vertex 183.24 -37.87 0
vertex 150.62 -37.87 0
endloop
endfacet
facet normal 0 1 0
outer loop
vertex 183.02 -37.87 0.44
vertex 150.62 -37.87 0
vertex 150.62 -37.87 0.44
endloop
endfacet
facet normal 0 0 1
outer loop
vertex 115.32 -54.47 2.2
vertex 115.41 -54.22 2.2
vertex 115.58 -53.75 2.2
endloop
endfacet
facet normal 0 0 1
outer loop
vertex 115.32 -54.47 2.2
vertex 115.58 -53.75 2.2
vertex 115.76 -53.24 2.2
endloop
endfacet
facet normal 0 0 1
outer loop
vertex 115.32 -54.47 2.2
vertex 115.76 -53.24 2.2
vertex 115.95 -52.72 2.2
endloop
endfacet
facet normal 0 0 1
outer loop
vertex 115.32 -54.47 2.2
vertex 115.95 -52.72 2.2
vertex 115.96 -52.69 2.2
endloop
endfacet
facet normal 0 0 1
outer loop
vertex 115.32 -54.47 2.2
vertex 115.96 -52.69 2.2
vertex 116.00 -52.60 2.2
endloop
endfacet
facet normal 0 0 1
outer loop
vertex 115.32 -54.47 2.2
vertex 116.00 -52.60 2.2
vertex 116.05 -52.45 2.2
endloop
endfacet
facet normal 0 0 1
outer loop
vertex 115.32 -54.47 2.2
vertex 116.05 -52.45 2.2
vertex 116.12 -52.25 2.2
endloop
endfacet
facet normal 0 0 1
outer loop
vertex 115.32 -54.47 2.2
vertex 116.12 -52.25 2.2
vertex 116.21 -52.01 2.2
endloop
endfacet
facet normal 0 0 1
outer loop
vertex 115.32 -54.47 2.2
vertex 116.21 -52.01 2.2
vertex 116.32 -51.72 2.2
endloop
endfacet
facet normal 0 0 1
outer loop
vertex 115.32 -54.47 2.2
vertex 116.32 -51.72 2.2
vertex 116.43 -51.40 2.2
endloop
endfacet
facet normal 0 0 1
outer loop
vertex 115.32 -54.47 2.2
vertex 116.43 -51.40 2.2
vertex 116.55 -51.07 2.2
endloop
endfacet
facet normal 0 0 1
outer loop
vertex 115.32 -54.47 2.2
vertex 116.55 -51.07 2.2
vertex 116.68 -50.72 2.2
endloop
endfacet
facet normal 0 0 1
outer loop
vertex 115.32 -54.47 2.2
vertex 116.68 -50.72 2.2
vertex 117.41 -48.72 2.2
endloop
endfacet
facet normal 0 0 1
outer loop
vertex 115.32 -54.47 2.2
vertex 117.41 -48.72 2.2
vertex 117.53 -48.37 2.2
endloop
endfacet
facet normal 0 0 1
outer loop
vertex 115.32 -54.47 2.2
vertex 117.53 -48.37 2.2
vertex 117.66 -48.04 2.2
endloop
endfacet
facet normal 0 0 1
outer loop
vertex 115.32 -54.47 2.2
vertex 117.66 -48.04 2.2
vertex 117.77 -47.72 2.2
endloop
endfacet
facet normal 0 0 1
outer loop
vertex 115.32 -54.47 2.2
vertex 117.77 -47.72 2.2
vertex 117.88 -47.43 2.2
endloop
endfacet
facet normal 0 0 1
outer loop
vertex 115.32 -54.47 2.2
vertex 117.88 -47.43 2.2
vertex 117.97 -47.19 2.2
endloop
endfacet
facet normal 0 0 1
outer loop
vertex 115.32 -54.47 2.2
vertex 117.97 -47.19 2.2
vertex 118.04 -46.99 2.2
endloop
endfacet
facet normal 0 0 1
outer loop
vertex 115.32 -54.47 2.2
vertex 118.04 -46.99 2.2
vertex 118.09 -46.84 2.2
endloop
endfacet
facet normal 0 0 1
outer loop
vertex 115.32 -54.47 2.2
vertex 118.09 -46.84 2.2
vertex 118.13 -46.75 2.2
endloop
endfacet
facet normal 0 0 1
outer loop
vertex 115.32 -54.47 2.2
vertex 118.13 -46.75 2.2
vertex 118.14 -46.72 2.2
endloop
endfacet
facet normal 0 0 1
outer loop
vertex 115.32 -54.47 2.2
vertex 118.14 -46.72 2.2
vertex 118.33 -46.20 2.2
endloop
endfacet
facet normal 0 0 1
outer loop
vertex 115.32 -54.47 2.2
vertex 118.33 -46.20 2.2
vertex 118.51 -45.69 2.2
endloop
endfacet
facet normal 0 0 1
outer loop
vertex 115.32 -54.47 2.2
vertex 118.51 -45.69 2.2
vertex 118.68 -45.22 2.2
endloop
endfacet
facet normal 0 0 1
outer loop
vertex 115.32 -54.47 2.2
vertex 118.68 -45.22 2.2
vertex 118.84 -44.79 2.2
endloop
endfacet
facet normal 0 0 1
outer loop
vertex 115.32 -54.47 2.2
vertex 118.84 -44.79 2.2
vertex 118.97 -44.42 2.2
endloop
endfacet
facet normal 0 0 1
outer loop
vertex 115.32 -54.47 2.2
vertex 118.97 -44.42 2.2
vertex 119.08 -44.12 2.2
endloop
endfacet
facet normal 0 0 1
outer loop
vertex 115.32 -54.47 2.2
vertex 119.08 -44.12 2.2
vertex 119.16 -43.90 2.2
endloop
endfacet
facet normal 0 0 1
outer loop
vertex 115.32 -54.47 2.2
vertex 119.16 -43.90 2.2
vertex 119.21 -43.77 2.2
endloop
endfacet
facet normal 0 0 1
outer loop
vertex 115.32 -54.47 2.2
vertex 119.21 -43.77 2.2
vertex 119.23 -43.72 2.2
endloop
endfacet
facet normal 0 0 1
outer loop
vertex 115.32 -54.47 2.2
vertex 119.23 -43.72 2.2
vertex 119.81 -42.12 2.2
endloop
endfacet
facet normal 0 0 1
outer loop
vertex 115.32 -54.47 2.2
vertex 119.81 -42.12 2.2
vertex 119.82 -42.10 2.2
endloop
endfacet
facet normal 0 0 1
outer loop
vertex 115.32 -54.47 2.2
vertex 119.82 -42.10 2.2
vertex 119.84 -42.04 2.2
endloop
endfacet
facet normal 0 0 1
outer loop
vertex 115.32 -54.47 2.2
vertex 119.84 -42.04 2.2
vertex 119.87 -41.94 2.2
endloop
endfacet
facet normal 0 0 1
outer loop
vertex 115.32 -54.47 2.2
vertex 119.87 -41.94 2.2
vertex 119.92 -41.81 2.2
endloop
endfacet
facet normal 0 0 1
outer loop
vertex 115.32 -54.47 2.2
vertex 119.92 -41.81 2.2
vertex 119.98 -41.65 2.2
endloop
endfacet
facet normal 0 0 1
outer loop
vertex 115.32 -54.47 2.2
vertex 119.98 -41.65 2.2
vertex 120.05 -41.47 2.2
endloop
endfacet
facet normal 0 0 1
outer loop
vertex 115.32 -54.47 2.2
vertex 120.05 -41.47 2.2
vertex 120.12 -41.27 2.2
endloop
endfacet
facet normal 0 0 1
outer loop
vertex 115.32 -54.47 2.2
vertex 120.12 -41.27 2.2
vertex 120.19 -41.07 2.2
endloop
endfacet
facet normal 0 0 1
outer loop
vertex 115.32 -54.47 2.2
vertex 120.19 -41.07 2.2
vertex 120.27 -40.86 2.2
endloop
endfacet
facet normal 0 0 1
outer loop
vertex 115.32 -54.47 2.2
vertex 120.27 -40.86 2.2
vertex 120.34 -40.67 2.2
endloop
endfacet
facet normal 0 0 1
outer loop
vertex 115.32 -54.47 2.2
vertex 120.34 -40.67 2.2
vertex 120.41 -40.49 2.2
endloop
endfacet
facet normal 0 0 1
outer loop
vertex 115.32 -54.47 2.2
vertex 120.41 -40.49 2.2
vertex 120.46 -40.33 2.2
endloop
endfacet
facet normal 0 0 1
outer loop
vertex 115.32 -54.47 2.2
vertex 120.46 -40.33 2.2
vertex 120.51 -40.20 2.2
endloop
endfacet
facet normal 0 0 1
outer loop
vertex 115.32 -54.47 2.2
vertex 120.51 -40.20 2.2
vertex 120.55 -40.10 2.2
endloop
endfacet
facet normal 0 0 1
outer loop
vertex 115.32 -54.47 2.2
vertex 120.55 -40.10 2.2
vertex 120.57 -40.04 2.2
endloop
endfacet
facet normal 0 0 1
outer loop
vertex 115.32 -54.47 2.2
vertex 120.57 -40.04 2.2
vertex 120.57 -40.02 2.2
endloop
endfacet
facet normal 0 0 1
outer loop
vertex 115.32 -54.47 2.2
vertex 120.57 -40.02 2.2
vertex 121.36 -37.87 2.2
endloop
endfacet
facet normal 0 0 1
outer loop
vertex 115.32 -54.47 2.2
vertex 121.36 -37.87 2.2
vertex 121.36 -37.87 1.76
endloop
endfacet
facet normal 0 0 1
outer loop
vertex 115.32 -54.47 2.2
vertex 121.36 -37.87 1.76
vertex 115.32 -54.47 1.76
endloop
endfacet
facet normal -0.92 0.38 5.482058159539635e-14
outer loop
vertex 130.10 -73.81 2.2
vertex 134.95 -62.10 2.2
vertex 134.95 -62.10 1.76
endloop
endfacet
facet normal -0.92 0.38 5.482058159539635e-14
outer loop
vertex 130.10 -73.81 2.2
vertex 134.95 -62.10 1.76
vertex 134.90 -62.22 1.76
endloop
endfacet
facet normal -0.92 0.38 5.482058159539635e-14
outer loop
vertex 130.10 -73.81 2.2
vertex 134.90 -62.22 1.76
vertex 130.10 -73.81 1.76
endloop
endfacet
facet normal 0 0 -1
outer loop
vertex 147.66 -81.08 2.2
vertex 142.44 -78.92 2.2
vertex 142.38 -78.89 2.2
endloop
endfacet
facet normal 0 0 -1
outer loop
vertex 147.66 -81.08 2.2
vertex 142.38 -78.89 2.2
vertex 142.21 -78.82 2.2
endloop
endfacet
facet normal 0 0 -1
outer loop
vertex 147.66 -81.08 2.2
vertex 142.21 -78.82 2.2
vertex 141.95 -78.71 2.2
endloop
endfacet
facet normal 0 0 -1
outer loop
vertex 147.66 -81.08 2.2
vertex 141.95 -78.71 2.2
vertex 141.59 -78.56 2.2
endloop
endfacet
facet normal 0 0 -1
outer loop
vertex 147.66 -81.08 2.2
vertex 141.59 -78.56 2.2
vertex 141.15 -78.38 2.2
endloop
endfacet
facet normal 0 0 -1
outer loop
vertex 147.66 -81.08 2.2
vertex 141.15 -78.38 2.2
vertex 140.65 -78.17 2.2
endloop
endfacet
facet normal 0 0 -1
outer loop
vertex 147.66 -81.08 2.2
vertex 140.65 -78.17 2.2
vertex 140.10 -77.95 2.2
endloop
endfacet
facet normal 0 0 -1
outer loop
vertex 147.66 -81.08 2.2
vertex 140.10 -77.95 2.2
vertex 139.54 -77.72 2.2
endloop
endfacet
facet normal 0 0 -1
outer loop
vertex 147.66 -81.08 2.2
vertex 139.54 -77.72 2.2
vertex 138.97 -77.48 2.2
endloop
endfacet
facet normal 0 0 -1
outer loop
vertex 147.66 -81.08 2.2
vertex 138.97 -77.48 2.2
vertex 138.43 -77.26 2.2
endloop
endfacet
facet normal 0 0 -1
outer loop
vertex 147.66 -81.08 2.2
vertex 138.43 -77.26 2.2
vertex 137.93 -77.05 2.2
endloop
endfacet
facet normal 0 0 -1
outer loop
vertex 147.66 -81.08 2.2
vertex 137.93 -77.05 2.2
vertex 137.49 -76.87 2.2
endloop
endfacet
facet normal 0 0 -1
outer loop
vertex 147.66 -81.08 2.2
vertex 137.49 -76.87 2.2
vertex 137.13 -76.72 2.2
endloop
endfacet
facet normal 0 0 -1
outer loop
vertex 147.66 -81.08 2.2
vertex 137.13 -76.72 2.2
vertex 136.86 -76.61 2.2
endloop
endfacet
facet normal 0 0 -1
outer loop
vertex 147.66 -81.08 2.2
vertex 136.86 -76.61 2.2
vertex 136.70 -76.54 2.2
endloop
endfacet
facet normal 0 0 -1
outer loop
vertex 147.66 -81.08 2.2
vertex 136.70 -76.54 2.2
vertex 136.64 -76.52 2.2
endloop
endfacet
facet normal 0 0 -1
outer loop
vertex 147.66 -81.08 2.2
vertex 136.64 -76.52 2.2
vertex 130.10 -73.81 2.2
endloop
endfacet
facet normal 0 0 -1
outer loop
vertex 147.66 -81.08 2.2
vertex 130.10 -73.81 2.2
vertex 130.10 -73.81 1.76
endloop
endfacet
facet normal 0 0 -1
outer loop
vertex 147.66 -81.08 2.2
vertex 130.10 -73.81 1.76
vertex 138.40 -77.24 1.76
endloop
endfacet
facet normal 0 0 -1
outer loop
vertex 147.66 -81.08 2.2
vertex 138.40 -77.24 1.76
vertex 138.52 -77.29 1.76
endloop
endfacet
facet normal 0 0 -1
outer loop
vertex 147.66 -81.08 2.2
vertex 138.52 -77.29 1.76
vertex 139.91 -77.87 1.76
endloop
endfacet
facet normal 0 0 -1
outer loop
vertex 147.66 -81.08 2.2
vertex 139.91 -77.87 1.76
vertex 140.10 -77.95 1.76
endloop
endfacet
facet normal 0 0 -1
outer loop
vertex 147.66 -81.08 2.2
vertex 140.10 -77.95 1.76
vertex 147.66 -81.08 1.76
endloop
endfacet
facet normal 0 0 -1
outer loop
vertex 133.12 -116.19 2.2
vertex 133.20 -115.99 2.2
vertex 133.31 -115.72 2.2
endloop
endfacet
facet normal 0 0 -1
outer loop
vertex 133.12 -116.19 2.2
vertex 133.31 -115.72 2.2
vertex 133.42 -115.44 2.2
endloop
endfacet
facet normal 0 0 -1
outer loop
vertex 133.12 -116.19 2.2
vertex 133.42 -115.44 2.2
vertex 133.53 -115.17 2.2
endloop
endfacet
facet normal 0 0 -1
outer loop
vertex 133.12 -116.19 2.2
vertex 133.53 -115.17 2.2
vertex 133.64 -114.92 2.2
endloop
endfacet
facet normal 0 0 -1
outer loop
vertex 133.12 -116.19 2.2
vertex 133.64 -114.92 2.2
vertex 133.74 -114.69 2.2
endloop
endfacet
facet normal 0 0 -1
outer loop
vertex 133.12 -116.19 2.2
vertex 133.74 -114.69 2.2
vertex 133.82 -114.48 2.2
endloop
endfacet
facet normal 0 0 -1
outer loop
vertex 133.12 -116.19 2.2
vertex 133.82 -114.48 2.2
vertex 135.29 -110.94 2.2
endloop
endfacet
facet normal 0 0 -1
outer loop
vertex 133.12 -116.19 2.2
vertex 135.29 -110.94 2.2
vertex 135.36 -110.76 2.2
endloop
endfacet
facet normal 0 0 -1
outer loop
vertex 133.12 -116.19 2.2
vertex 135.36 -110.76 2.2
vertex 135.42 -110.62 2.2
endloop
endfacet
facet normal 0 0 -1
outer loop
vertex 133.12 -116.19 2.2
vertex 135.42 -110.62 2.2
vertex 135.46 -110.52 2.2
endloop
endfacet
facet normal 0 0 -1
outer loop
vertex 133.12 -116.19 2.2
vertex 135.46 -110.52 2.2
vertex 135.49 -110.45 2.2
endloop
endfacet
facet normal 0 0 -1
outer loop
vertex 133.12 -116.19 2.2
vertex 135.49 -110.45 2.2
vertex 135.50 -110.43 2.2
endloop
endfacet
facet normal 0 0 -1
outer loop
vertex 133.12 -116.19 2.2
vertex 135.50 -110.43 2.2
vertex 147.66 -81.08 2.2
endloop
endfacet
facet normal 0 0 -1
outer loop
vertex 133.12 -116.19 2.2
vertex 147.66 -81.08 2.2
vertex 147.66 -81.08 1.76
endloop
endfacet
facet normal 0 0 -1
outer loop
vertex 133.12 -116.19 2.2
vertex 147.66 -81.08 1.76
vertex 147.61 -81.19 1.76
endloop
endfacet
facet normal 0 0 -1
outer loop
vertex 133.12 -116.19 2.2
vertex 147.61 -81.19 1.76
vertex 133.12 -116.19 1.76
endloop
endfacet
facet normal 0 0 1
outer loop
vertex 132.88 -122.34 2.2
vertex 132.93 -121.00 2.2
vertex 132.93 -120.98 2.2
endloop
endfacet
facet normal 0 0 1
outer loop
vertex 132.88 -122.34 2.2
vertex 132.93 -120.98 2.2
vertex 132.93 -120.91 2.2
endloop
endfacet
facet normal 0 0 1
outer loop
vertex 132.88 -122.34 2.2
vertex 132.93 -120.91 2.2
vertex 132.94 -120.81 2.2
endloop
endfacet
facet normal 0 0 1
outer loop
vertex 132.88 -122.34 2.2
vertex 132.94 -120.81 2.2
vertex 132.94 -120.67 2.2
endloop
endfacet
facet normal 0 0 1
outer loop
vertex 132.88 -122.34 2.2
vertex 132.94 -120.67 2.2
vertex 132.95 -120.49 2.2
endloop
endfacet
facet normal 0 0 1
outer loop
vertex 132.88 -122.34 2.2
vertex 132.95 -120.49 2.2
vertex 133.09 -116.95 2.2
endloop
endfacet
facet normal 0 0 1
outer loop
vertex 132.88 -122.34 2.2
vertex 133.09 -116.95 2.2
vertex 133.09 -116.74 2.2
endloop
endfacet
facet normal 0 0 1
outer loop
vertex 132.88 -122.34 2.2
vertex 133.09 -116.74 2.2
vertex 133.10 -116.51 2.2
endloop
endfacet
facet normal 0 0 1
outer loop
vertex 132.88 -122.34 2.2
vertex 133.10 -116.51 2.2
vertex 133.11 -116.26 2.2
endloop
endfacet
facet normal 0 0 1
outer loop
vertex 132.88 -122.34 2.2
vertex 133.11 -116.26 2.2
vertex 133.12 -116.19 2.2
endloop
endfacet
facet normal 0 0 1
outer loop
vertex 132.88 -122.34 2.2
vertex 133.12 -116.19 2.2
vertex 133.12 -116.19 1.76
endloop
endfacet
facet normal 0 0 1
outer loop
vertex 132.88 -122.34 2.2
vertex 133.12 -116.19 1.76
vertex 132.88 -122.34 1.76
endloop
endfacet
facet normal -0.61 -0.79 -1.6794646484964414e-12
outer loop
vertex 147.95 -133.91 2.2
vertex 132.88 -122.34 2.2
vertex 132.88 -122.34 1.76
endloop
endfacet
facet normal -0.61 -0.79 -1.6794646484964414e-12
outer loop
vertex 147.95 -133.91 2.2
vertex 132.88 -122.34 1.76
vertex 139.78 -127.64 1.76
endloop
endfacet
facet normal -0.61 -0.79 -1.6794646484964414e-12
outer loop
vertex 147.95 -133.91 2.2
vertex 139.78 -127.64 1.76
vertex 139.86 -127.71 1.76
endloop
endfacet
facet normal -0.61 -0.79 -1.6794646484964414e-12
outer loop
vertex 147.95 -133.91 2.2
vertex 139.86 -127.71 1.76
vertex 139.97 -127.79 1.76
endloop
endfacet
facet normal -0.61 -0.79 -1.6794646484964414e-12
outer loop
vertex 147.95 -133.91 2.2
vertex 139.97 -127.79 1.76
vertex 141.16 -128.70 1.76
endloop
endfacet
facet normal -0.61 -0.79 -1.6794646484964414e-12
outer loop
vertex 147.95 -133.91 2.2
vertex 141.16 -128.70 1.76
vertex 141.30 -128.81 1.76
endloop
endfacet
facet normal -0.61 -0.79 -1.6794646484964414e-12
outer loop
vertex 147.95 -133.91 2.2
vertex 141.30 -128.81 1.76
vertex 141.46 -128.93 1.76
endloop
endfacet
facet normal -0.61 -0.79 -1.6794646484964414e-12
outer loop
vertex 147.95 -133.91 2.2
vertex 141.46 -128.93 1.76
vertex 147.95 -133.91 1.76
endloop
endfacet
facet normal -0.79 0.61 -1.2605473564340853e-13
outer loop
vertex 135.16 -150.58 2.2
vertex 147.95 -133.91 2.2
vertex 147.95 -133.91 1.76
endloop
endfacet
facet normal -0.79 0.61 -1.2605473564340853e-13
outer loop
vertex 135.16 -150.58 2.2
vertex 147.95 -133.91 1.76
vertex 147.92 -133.95 1.76
endloop
endfacet
facet normal -0.79 0.61 -1.2605473564340853e-13
outer loop
vertex 135.16 -150.58 2.2
vertex 147.92 -133.95 1.76
vertex 135.17 -150.57 1.76
endloop
endfacet
facet normal -0.79 0.61 -1.2605473564340853e-13
outer loop
vertex 135.16 -150.58 2.2
vertex 135.17 -150.57 1.76
vertex 135.16 -150.58 1.76
endloop
endfacet
facet normal -0.49 -0.87 -0.00
outer loop
vertex 139.01 -152.77 2.2
vertex 135.16 -150.58 2.2
vertex 135.16 -150.58 1.76
endloop
endfacet
facet normal -0.49 -0.87 -0.00
outer loop
vertex 139.01 -152.77 2.2
vertex 135.16 -150.58 1.76
vertex 137.28 -151.79 1.76
endloop
endfacet
facet normal -0.49 -0.87 -0.00
outer loop
vertex 139.01 -152.77 2.2
vertex 137.28 -151.79 1.76
vertex 138.94 -152.73 1.76
endloop
endfacet
facet normal -0.49 -0.87 -0.00
outer loop
vertex 139.01 -152.77 2.2
vertex 138.94 -152.73 1.76
vertex 139.01 -152.77 1.76
endloop
endfacet
facet normal -0.36 -0.93 3.618513074348252e-12
outer loop
vertex 143.14 -154.37 2.2
vertex 139.01 -152.77 2.2
vertex 139.01 -152.77 1.76
endloop
endfacet
facet normal -0.36 -0.93 3.618513074348252e-12
outer loop
vertex 143.14 -154.37 2.2
vertex 139.01 -152.77 1.76
vertex 141.43 -153.70 1.76
endloop
endfacet
facet normal -0.36 -0.93 3.618513074348252e-12
outer loop
vertex 143.14 -154.37 2.2
vertex 141.43 -153.70 1.76
vertex 143.09 -154.35 1.76
endloop
endfacet
facet normal -0.36 -0.93 3.618513074348252e-12
outer loop
vertex 143.14 -154.37 2.2
vertex 143.09 -154.35 1.76
vertex 143.14 -154.37 1.76
endloop
endfacet
facet normal -0.22 -0.98 -1.9268946890370005e-12
outer loop
vertex 147.46 -155.34 2.2
vertex 143.14 -154.37 2.2
vertex 143.14 -154.37 1.76
endloop
endfacet
facet normal -0.22 -0.98 -1.9268946890370005e-12
outer loop
vertex 147.46 -155.34 2.2
vertex 143.14 -154.37 1.76
vertex 145.98 -155.01 1.76
endloop
endfacet
facet normal -0.22 -0.98 -1.9268946890370005e-12
outer loop
vertex 147.46 -155.34 2.2
vertex 145.98 -155.01 1.76
vertex 147.43 -155.33 1.76
endloop
endfacet
facet normal -0.22 -0.98 -1.9268946890370005e-12
outer loop
vertex 147.46 -155.34 2.2
vertex 147.43 -155.33 1.76
vertex 147.46 -155.34 1.76
endloop
endfacet
facet normal -0.07 -1.00 -6.82232886528927e-13
outer loop
vertex 151.87 -155.67 2.2
vertex 147.46 -155.34 2.2
vertex 147.46 -155.34 1.76
endloop
endfacet
facet normal -0.07 -1.00 -6.82232886528927e-13
outer loop
vertex 151.87 -155.67 2.2
vertex 147.46 -155.34 1.76
vertex 151.86 -155.66 1.76
endloop
endfacet
facet normal -0.07 -1.00 -6.82232886528927e-13
outer loop
vertex 151.87 -155.67 2.2
vertex 151.86 -155.66 1.76
vertex 151.87 -155.67 1.76
endloop
endfacet
facet normal 0.07 -1.00 -6.489476730174652e-13
outer loop
vertex 156.29 -155.34 2.2
vertex 151.87 -155.67 2.2
vertex 151.87 -155.67 1.76
endloop
endfacet
facet normal 0.07 -1.00 -6.489476730174652e-13
outer loop
vertex 156.29 -155.34 2.2
vertex 151.87 -155.67 1.76
vertex 151.88 -155.66 1.76
endloop
endfacet
facet normal 0.07 -1.00 -6.489476730174652e-13
outer loop
vertex 156.29 -155.34 2.2
vertex 151.88 -155.66 1.76
vertex 156.29 -155.34 1.76
endloop
endfacet
facet normal 0.22 -0.98 1.9123039105113254e-12
outer loop
vertex 160.60 -154.37 2.2
vertex 156.29 -155.34 2.2
vertex 156.29 -155.34 1.76
endloop
endfacet
facet normal 0.22 -0.98 1.9123039105113254e-12
outer loop
vertex 160.60 -154.37 2.2
vertex 156.29 -155.34 1.76
vertex 156.31 -155.33 1.76
endloop
endfacet
facet normal 0.22 -0.98 1.9123039105113254e-12
outer loop
vertex 160.60 -154.37 2.2
vertex 156.31 -155.33 1.76
vertex 157.76 -155.01 1.76
endloop
endfacet
facet normal 0.22 -0.98 1.9123039105113254e-12
outer loop
vertex 160.60 -154.37 2.2
vertex 157.76 -155.01 1.76
vertex 160.60 -154.37 1.76
endloop
endfacet
facet normal 0.36 -0.93 3.3581588700321565e-12
outer loop
vertex 164.73 -152.77 2.2
vertex 160.60 -154.37 2.2
vertex 160.60 -154.37 1.76
endloop
endfacet
facet normal 0.36 -0.93 3.3581588700321565e-12
outer loop
vertex 164.73 -152.77 2.2
vertex 160.60 -154.37 1.76
vertex 160.65 -154.35 1.76
endloop
endfacet
facet normal 0.36 -0.93 3.3581588700321565e-12
outer loop
vertex 164.73 -152.77 2.2
vertex 160.65 -154.35 1.76
vertex 162.31 -153.70 1.76
endloop
endfacet
facet normal 0.36 -0.93 3.3581588700321565e-12
outer loop
vertex 164.73 -152.77 2.2
vertex 162.31 -153.70 1.76
vertex 164.73 -152.77 1.76
endloop
endfacet
facet normal 0.49 -0.87 1.27669312098984e-13
outer loop
vertex 168.58 -150.58 2.2
vertex 164.73 -152.77 2.2
vertex 164.73 -152.77 1.76
endloop
endfacet
facet normal 0.49 -0.87 1.27669312098984e-13
outer loop
vertex 168.58 -150.58 2.2
vertex 164.73 -152.77 1.76
vertex 164.80 -152.73 1.76
endloop
endfacet
facet normal 0.49 -0.87 1.27669312098984e-13
outer loop
vertex 168.58 -150.58 2.2
vertex 164.80 -152.73 1.76
vertex 166.46 -151.79 1.76
endloop
endfacet
facet normal 0.49 -0.87 1.27669312098984e-13
outer loop
vertex 168.58 -150.58 2.2
vertex 166.46 -151.79 1.76
vertex 168.58 -150.58 1.76
endloop
endfacet
facet normal 0.79 0.61 -3.689407057231653e-14
outer loop
vertex 155.79 -133.91 2.2
vertex 168.58 -150.58 2.2
vertex 168.58 -150.58 1.76
endloop
endfacet
facet normal 0.79 0.61 -3.689407057231653e-14
outer loop
vertex 155.79 -133.91 2.2
vertex 168.58 -150.58 1.76
vertex 168.57 -150.57 1.76
endloop
endfacet
facet normal 0.79 0.61 -3.689407057231653e-14
outer loop
vertex 155.79 -133.91 2.2
vertex 168.57 -150.57 1.76
vertex 155.82 -133.95 1.76
endloop
endfacet
facet normal 0.79 0.61 -3.689407057231653e-14
outer loop
vertex 155.79 -133.91 2.2
vertex 155.82 -133.95 1.76
vertex 155.79 -133.91 1.76
endloop
endfacet
facet normal 0.61 -0.79 6.459479417294035e-14
outer loop
vertex 170.87 -122.34 2.2
vertex 155.79 -133.91 2.2
vertex 155.79 -133.91 1.76
endloop
endfacet
facet normal 0.61 -0.79 6.459479417294035e-14
outer loop
vertex 170.87 -122.34 2.2
vertex 155.79 -133.91 1.76
vertex 162.28 -128.93 1.76
endloop
endfacet
facet normal 0.61 -0.79 6.459479417294035e-14
outer loop
vertex 170.87 -122.34 2.2
vertex 162.28 -128.93 1.76
vertex 162.44 -128.81 1.76
endloop
endfacet
facet normal 0.61 -0.79 6.459479417294035e-14
outer loop
vertex 170.87 -122.34 2.2
vertex 162.44 -128.81 1.76
vertex 162.58 -128.70 1.76
endloop
endfacet
facet normal 0.61 -0.79 6.459479417294035e-14
outer loop
vertex 170.87 -122.34 2.2
vertex 162.58 -128.70 1.76
vertex 163.77 -127.79 1.76
endloop
endfacet
facet normal 0.61 -0.79 6.459479417294035e-14
outer loop
vertex 170.87 -122.34 2.2
vertex 163.77 -127.79 1.76
vertex 163.88 -127.71 1.76
endloop
endfacet
facet normal 0.61 -0.79 6.459479417294035e-14
outer loop
vertex 170.87 -122.34 2.2
vertex 163.88 -127.71 1.76
vertex 163.96 -127.64 1.76
endloop
endfacet
facet normal 0.61 -0.79 6.459479417294035e-14
outer loop
vertex 170.87 -122.34 2.2
vertex 163.96 -127.64 1.76
vertex 170.87 -122.34 1.76
endloop
endfacet
facet normal 0 0 1
outer loop
vertex 170.62 -116.19 2.2
vertex 170.63 -116.26 2.2
vertex 170.64 -116.51 2.2
endloop
endfacet
facet normal 0 0 1
outer loop
vertex 170.62 -116.19 2.2
vertex 170.64 -116.51 2.2
vertex 170.65 -116.74 2.2
endloop
endfacet
facet normal 0 0 1
outer loop
vertex 170.62 -116.19 2.2
vertex 170.65 -116.74 2.2
vertex 170.65 -116.95 2.2
endloop
endfacet
facet normal 0 0 1
outer loop
vertex 170.62 -116.19 2.2
vertex 170.65 -116.95 2.2
vertex 170.79 -120.49 2.2
endloop
endfacet
facet normal 0 0 1
outer loop
vertex 170.62 -116.19 2.2
vertex 170.79 -120.49 2.2
vertex 170.80 -120.67 2.2
endloop
endfacet
facet normal 0 0 1
outer loop
vertex 170.62 -116.19 2.2
vertex 170.80 -120.67 2.2
vertex 170.81 -120.81 2.2
endloop
endfacet
facet normal 0 0 1
outer loop
vertex 170.62 -116.19 2.2
vertex 170.81 -120.81 2.2
vertex 170.81 -120.91 2.2
endloop
endfacet
facet normal 0 0 1
outer loop
vertex 170.62 -116.19 2.2
vertex 170.81 -120.91 2.2
vertex 170.81 -120.98 2.2
endloop
endfacet
facet normal 0 0 1
outer loop
vertex 170.62 -116.19 2.2
vertex 170.81 -120.98 2.2
vertex 170.81 -121.00 2.2
endloop
endfacet
facet normal 0 0 1
outer loop
vertex 170.62 -116.19 2.2
vertex 170.81 -121.00 2.2
vertex 170.87 -122.34 2.2
endloop
endfacet
facet normal 0 0 1
outer loop
vertex 170.62 -116.19 2.2
vertex 170.87 -122.34 2.2
vertex 170.87 -122.34 1.76
endloop
endfacet
facet normal 0 0 1
outer loop
vertex 170.62 -116.19 2.2
vertex 170.87 -122.34 1.76
vertex 170.62 -116.19 1.76
endloop
endfacet
facet normal 0 0 1
outer loop
vertex 156.08 -81.08 2.2
vertex 168.24 -110.43 2.2
vertex 168.25 -110.45 2.2
endloop
endfacet
facet normal 0 0 1
outer loop
vertex 156.08 -81.08 2.2
vertex 168.25 -110.45 2.2
vertex 168.28 -110.52 2.2
endloop
endfacet
facet normal 0 0 1
outer loop
vertex 156.08 -81.08 2.2
vertex 168.28 -110.52 2.2
vertex 168.32 -110.62 2.2
endloop
endfacet
facet normal 0 0 1
outer loop
vertex 156.08 -81.08 2.2
vertex 168.32 -110.62 2.2
vertex 168.38 -110.76 2.2
endloop
endfacet
facet normal 0 0 1
outer loop
vertex 156.08 -81.08 2.2
vertex 168.38 -110.76 2.2
vertex 168.45 -110.94 2.2
endloop
endfacet
facet normal 0 0 1
outer loop
vertex 156.08 -81.08 2.2
vertex 168.45 -110.94 2.2
vertex 169.92 -114.48 2.2
endloop
endfacet
facet normal 0 0 1
outer loop
vertex 156.08 -81.08 2.2
vertex 169.92 -114.48 2.2
vertex 170.00 -114.69 2.2
endloop
endfacet
facet normal 0 0 1
outer loop
vertex 156.08 -81.08 2.2
vertex 170.00 -114.69 2.2
vertex 170.10 -114.92 2.2
endloop
endfacet
facet normal 0 0 1
outer loop
vertex 156.08 -81.08 2.2
vertex 170.10 -114.92 2.2
vertex 170.21 -115.17 2.2
endloop
endfacet
facet normal 0 0 1
outer loop
vertex 156.08 -81.08 2.2
vertex 170.21 -115.17 2.2
vertex 170.32 -115.44 2.2
endloop
endfacet
facet normal 0 0 1
outer loop
vertex 156.08 -81.08 2.2
vertex 170.32 -115.44 2.2
vertex 170.43 -115.72 2.2
endloop
endfacet
facet normal 0 0 1
outer loop
vertex 156.08 -81.08 2.2
vertex 170.43 -115.72 2.2
vertex 170.54 -115.99 2.2
endloop
endfacet
facet normal 0 0 1
outer loop
vertex 156.08 -81.08 2.2
vertex 170.54 -115.99 2.2
vertex 170.62 -116.19 2.2
endloop
endfacet
facet normal 0 0 1
outer loop
vertex 156.08 -81.08 2.2
vertex 170.62 -116.19 2.2
vertex 170.62 -116.19 1.76
endloop
endfacet
facet normal 0 0 1
outer loop
vertex 156.08 -81.08 2.2
vertex 170.62 -116.19 1.76
vertex 156.13 -81.19 1.76
endloop
endfacet
facet normal 0 0 1
outer loop
vertex 156.08 -81.08 2.2
vertex 156.13 -81.19 1.76
vertex 156.08 -81.08 1.76
endloop
endfacet
facet normal 0 0 -1
outer loop
vertex 173.64 -73.81 2.2
vertex 167.10 -76.52 2.2
vertex 167.04 -76.54 2.2
endloop
endfacet
facet normal 0 0 -1
outer loop
vertex 173.64 -73.81 2.2
vertex 167.04 -76.54 2.2
vertex 166.88 -76.61 2.2
endloop
endfacet
facet normal 0 0 -1
outer loop
vertex 173.64 -73.81 2.2
vertex 166.88 -76.61 2.2
vertex 166.61 -76.72 2.2
endloop
endfacet
facet normal 0 0 -1
outer loop
vertex 173.64 -73.81 2.2
vertex 166.61 -76.72 2.2
vertex 166.25 -76.87 2.2
endloop
endfacet
facet normal 0 0 -1
outer loop
vertex 173.64 -73.81 2.2
vertex 166.25 -76.87 2.2
vertex 165.81 -77.05 2.2
endloop
endfacet
facet normal 0 0 -1
outer loop
vertex 173.64 -73.81 2.2
vertex 165.81 -77.05 2.2
vertex 165.31 -77.26 2.2
endloop
endfacet
facet normal 0 0 -1
outer loop
vertex 173.64 -73.81 2.2
vertex 165.31 -77.26 2.2
vertex 164.77 -77.48 2.2
endloop
endfacet
facet normal 0 0 -1
outer loop
vertex 173.64 -73.81 2.2
vertex 164.77 -77.48 2.2
vertex 164.20 -77.72 2.2
endloop
endfacet
facet normal 0 0 -1
outer loop
vertex 173.64 -73.81 2.2
vertex 164.20 -77.72 2.2
vertex 163.64 -77.95 2.2
endloop
endfacet
facet normal 0 0 -1
outer loop
vertex 173.64 -73.81 2.2
vertex 163.64 -77.95 2.2
vertex 163.09 -78.17 2.2
endloop
endfacet
facet normal 0 0 -1
outer loop
vertex 173.64 -73.81 2.2
vertex 163.09 -78.17 2.2
vertex 162.59 -78.38 2.2
endloop
endfacet
facet normal 0 0 -1
outer loop
vertex 173.64 -73.81 2.2
vertex 162.59 -78.38 2.2
vertex 162.15 -78.56 2.2
endloop
endfacet
facet normal 0 0 -1
outer loop
vertex 173.64 -73.81 2.2
vertex 162.15 -78.56 2.2
vertex 161.79 -78.71 2.2
endloop
endfacet
facet normal 0 0 -1
outer loop
vertex 173.64 -73.81 2.2
vertex 161.79 -78.71 2.2
vertex 161.53 -78.82 2.2
endloop
endfacet
facet normal 0 0 -1
outer loop
vertex 173.64 -73.81 2.2
vertex 161.53 -78.82 2.2
vertex 161.36 -78.89 2.2
endloop
endfacet
facet normal 0 0 -1
outer loop
vertex 173.64 -73.81 2.2
vertex 161.36 -78.89 2.2
vertex 161.31 -78.92 2.2
endloop
endfacet
facet normal 0 0 -1
outer loop
vertex 173.64 -73.81 2.2
vertex 161.31 -78.92 2.2
vertex 156.08 -81.08 2.2
endloop
endfacet
facet normal 0 0 -1
outer loop
vertex 173.64 -73.81 2.2
vertex 156.08 -81.08 2.2
vertex 156.08 -81.08 1.76
endloop
endfacet
facet normal 0 0 -1
outer loop
vertex 173.64 -73.81 2.2
vertex 156.08 -81.08 1.76
vertex 163.64 -77.95 1.76
endloop
endfacet
facet normal 0 0 -1
outer loop
vertex 173.64 -73.81 2.2
vertex 163.64 -77.95 1.76
vertex 163.83 -77.87 1.76
endloop
endfacet
facet normal 0 0 -1
outer loop
vertex 173.64 -73.81 2.2
vertex 163.83 -77.87 1.76
vertex 165.22 -77.29 1.76
endloop
endfacet
facet normal 0 0 -1
outer loop
vertex 173.64 -73.81 2.2
vertex 165.22 -77.29 1.76
vertex 165.34 -77.24 1.76
endloop
endfacet
facet normal 0 0 -1
outer loop
vertex 173.64 -73.81 2.2
vertex 165.34 -77.24 1.76
vertex 165.40 -77.22 1.76
endloop
endfacet
facet normal 0 0 -1
outer loop
vertex 173.64 -73.81 2.2
vertex 165.40 -77.22 1.76
vertex 173.64 -73.81 1.76
endloop
endfacet
facet normal 0.92 0.38 5.354568434899183e-14
outer loop
vertex 168.79 -62.10 2.2
vertex 173.64 -73.81 2.2
vertex 173.64 -73.81 1.76
endloop
endfacet
facet normal 0.92 0.38 5.354568434899183e-14
outer loop
vertex 168.79 -62.10 2.2
vertex 173.64 -73.81 1.76
vertex 168.84 -62.22 1.76
endloop
endfacet
facet normal 0.92 0.38 5.354568434899183e-14
outer loop
vertex 168.79 -62.10 2.2
vertex 168.84 -62.22 1.76
vertex 168.79 -62.10 1.76
endloop
endfacet
facet normal 0 0 -1
outer loop
vertex 182.38 -37.87 2.2
vertex 183.17 -40.02 2.2
vertex 183.17 -40.04 2.2
endloop
endfacet
facet normal 0 0 -1
outer loop
vertex 182.38 -37.87 2.2
vertex 183.17 -40.04 2.2
vertex 183.19 -40.10 2.2
endloop
endfacet
facet normal 0 0 -1
outer loop
vertex 182.38 -37.87 2.2
vertex 183.19 -40.10 2.2
vertex 183.23 -40.20 2.2
endloop
endfacet
facet normal 0 0 -1
outer loop
vertex 182.38 -37.87 2.2
vertex 183.23 -40.20 2.2
vertex 183.28 -40.33 2.2
endloop
endfacet
facet normal 0 0 -1
outer loop
vertex 182.38 -37.87 2.2
vertex 183.28 -40.33 2.2
vertex 183.34 -40.49 2.2
endloop
endfacet
facet normal 0 0 -1
outer loop
vertex 182.38 -37.87 2.2
vertex 183.34 -40.49 2.2
vertex 183.40 -40.67 2.2
endloop
endfacet
facet normal 0 0 -1
outer loop
vertex 182.38 -37.87 2.2
vertex 183.40 -40.67 2.2
vertex 183.47 -40.86 2.2
endloop
endfacet
facet normal 0 0 -1
outer loop
vertex 182.38 -37.87 2.2
vertex 183.47 -40.86 2.2
vertex 183.55 -41.07 2.2
endloop
endfacet
facet normal 0 0 -1
outer loop
vertex 182.38 -37.87 2.2
vertex 183.55 -41.07 2.2
vertex 183.62 -41.27 2.2
endloop
endfacet
facet normal 0 0 -1
outer loop
vertex 182.38 -37.87 2.2
vertex 183.62 -41.27 2.2
vertex 183.69 -41.47 2.2
endloop
endfacet
facet normal 0 0 -1
outer loop
vertex 182.38 -37.87 2.2
vertex 183.69 -41.47 2.2
vertex 183.76 -41.65 2.2
endloop
endfacet
facet normal 0 0 -1
outer loop
vertex 182.38 -37.87 2.2
vertex 183.76 -41.65 2.2
vertex 183.82 -41.81 2.2
endloop
endfacet
facet normal 0 0 -1
outer loop
vertex 182.38 -37.87 2.2
vertex 183.82 -41.81 2.2
vertex 183.87 -41.94 2.2
endloop
endfacet
facet normal 0 0 -1
outer loop
vertex 182.38 -37.87 2.2
vertex 183.87 -41.94 2.2
vertex 183.90 -42.04 2.2
endloop
endfacet
facet normal 0 0 -1
outer loop
vertex 182.38 -37.87 2.2
vertex 183.90 -42.04 2.2
vertex 183.92 -42.10 2.2
endloop
endfacet
facet normal 0 0 -1
outer loop
vertex 182.38 -37.87 2.2
vertex 183.92 -42.10 2.2
vertex 183.93 -42.12 2.2
endloop
endfacet
facet normal 0 0 -1
outer loop
vertex 182.38 -37.87 2.2
vertex 183.93 -42.12 2.2
vertex 184.51 -43.72 2.2
endloop
endfacet
facet normal 0 0 -1
outer loop
vertex 182.38 -37.87 2.2
vertex 184.51 -43.72 2.2
vertex 184.53 -43.76 2.2
endloop
endfacet
facet normal 0 0 -1
outer loop
vertex 182.38 -37.87 2.2
vertex 184.53 -43.76 2.2
vertex 184.56 -43.86 2.2
endloop
endfacet
facet normal 0 0 -1
outer loop
vertex 182.38 -37.87 2.2
vertex 184.56 -43.86 2.2
vertex 184.63 -44.03 2.2
endloop
endfacet
facet normal 0 0 -1
outer loop
vertex 182.38 -37.87 2.2
vertex 184.63 -44.03 2.2
vertex 184.71 -44.27 2.2
endloop
endfacet
facet normal 0 0 -1
outer loop
vertex 182.38 -37.87 2.2
vertex 184.71 -44.27 2.2
vertex 184.82 -44.56 2.2
endloop
endfacet
facet normal 0 0 -1
outer loop
vertex 182.38 -37.87 2.2
vertex 184.82 -44.56 2.2
vertex 184.95 -44.91 2.2
endloop
endfacet
facet normal 0 0 -1
outer loop
vertex 182.38 -37.87 2.2
vertex 184.95 -44.91 2.2
vertex 185.09 -45.30 2.2
endloop
endfacet
facet normal 0 0 -1
outer loop
vertex 182.38 -37.87 2.2
vertex 185.09 -45.30 2.2
vertex 185.24 -45.72 2.2
endloop
endfacet
facet normal 0 0 -1
outer loop
vertex 182.38 -37.87 2.2
vertex 185.24 -45.72 2.2
vertex 185.25 -45.73 2.2
endloop
endfacet
facet normal 0 0 -1
outer loop
vertex 182.38 -37.87 2.2
vertex 185.25 -45.73 2.2
vertex 185.26 -45.78 2.2
endloop
endfacet
facet normal 0 0 -1
outer loop
vertex 182.38 -37.87 2.2
vertex 185.26 -45.78 2.2
vertex 185.29 -45.85 2.2
endloop
endfacet
facet normal 0 0 -1
outer loop
vertex 182.38 -37.87 2.2
vertex 185.29 -45.85 2.2
vertex 185.33 -45.95 2.2
endloop
endfacet
facet normal 0 0 -1
outer loop
vertex 182.38 -37.87 2.2
vertex 185.33 -45.95 2.2
vertex 185.37 -46.08 2.2
endloop
endfacet
facet normal 0 0 -1
outer loop
vertex 182.38 -37.87 2.2
vertex 185.37 -46.08 2.2
vertex 185.42 -46.22 2.2
endloop
endfacet
facet normal 0 0 -1
outer loop
vertex 182.38 -37.87 2.2
vertex 185.42 -46.22 2.2
vertex 185.48 -46.38 2.2
endloop
endfacet
facet normal 0 0 -1
outer loop
vertex 182.38 -37.87 2.2
vertex 185.48 -46.38 2.2
vertex 185.54 -46.55 2.2
endloop
endfacet
facet normal 0 0 -1
outer loop
vertex 182.38 -37.87 2.2
vertex 185.54 -46.55 2.2
vertex 185.60 -46.72 2.2
endloop
endfacet
facet normal 0 0 -1
outer loop
vertex 182.38 -37.87 2.2
vertex 185.60 -46.72 2.2
vertex 187.79 -52.72 2.2
endloop
endfacet
facet normal 0 0 -1
outer loop
vertex 182.38 -37.87 2.2
vertex 187.79 -52.72 2.2
vertex 187.85 -52.89 2.2
endloop
endfacet
facet normal 0 0 -1
outer loop
vertex 182.38 -37.87 2.2
vertex 187.85 -52.89 2.2
vertex 187.91 -53.06 2.2
endloop
endfacet
facet normal 0 0 -1
outer loop
vertex 182.38 -37.87 2.2
vertex 187.91 -53.06 2.2
vertex 187.97 -53.22 2.2
endloop
endfacet
facet normal 0 0 -1
outer loop
vertex 182.38 -37.87 2.2
vertex 187.97 -53.22 2.2
vertex 188.02 -53.36 2.2
endloop
endfacet
facet normal 0 0 -1
outer loop
vertex 182.38 -37.87 2.2
vertex 188.02 -53.36 2.2
vertex 188.07 -53.49 2.2
endloop
endfacet
facet normal 0 0 -1
outer loop
vertex 182.38 -37.87 2.2
vertex 188.07 -53.49 2.2
vertex 188.10 -53.59 2.2
endloop
endfacet
facet normal 0 0 -1
outer loop
vertex 182.38 -37.87 2.2
vertex 188.10 -53.59 2.2
vertex 188.13 -53.66 2.2
endloop
endfacet
facet normal 0 0 -1
outer loop
vertex 182.38 -37.87 2.2
vertex 188.13 -53.66 2.2
vertex 188.15 -53.70 2.2
endloop
endfacet
facet normal 0 0 -1
outer loop
vertex 182.38 -37.87 2.2
vertex 188.15 -53.70 2.2
vertex 188.15 -53.72 2.2
endloop
endfacet
facet normal 0 0 -1
outer loop
vertex 182.38 -37.87 2.2
vertex 188.15 -53.72 2.2
vertex 188.31 -54.14 2.2
endloop
endfacet
facet normal 0 0 -1
outer loop
vertex 182.38 -37.87 2.2
vertex 188.31 -54.14 2.2
vertex 188.42 -54.47 2.2
endloop
endfacet
facet normal 0 0 -1
outer loop
vertex 182.38 -37.87 2.2
vertex 188.42 -54.47 2.2
vertex 188.42 -54.47 1.76
endloop
endfacet
facet normal 0 0 -1
outer loop
vertex 182.38 -37.87 2.2
vertex 188.42 -54.47 1.76
vertex 182.38 -37.87 1.76
endloop
endfacet
facet normal 0 0 -1
outer loop
vertex 137.28 -151.79 1.76
vertex 135.16 -150.58 1.76
vertex 135.17 -150.57 1.76
endloop
endfacet
facet normal 0 0 -1
outer loop
vertex 168.58 -150.58 1.76
vertex 166.46 -151.79 1.76
vertex 168.57 -150.57 1.76
endloop
endfacet
facet normal 0 0 -1
outer loop
vertex 164.73 -152.77 1.76
vertex 162.31 -153.70 1.76
vertex 164.80 -152.73 1.76
endloop
endfacet
facet normal 0 0 -1
outer loop
vertex 141.43 -153.70 1.76
vertex 139.01 -152.77 1.76
vertex 138.94 -152.73 1.76
endloop
endfacet
facet normal 0 0 -1
outer loop
vertex 160.60 -154.37 1.76
vertex 157.76 -155.01 1.76
vertex 160.65 -154.35 1.76
endloop
endfacet
facet normal 0 0 -1
outer loop
vertex 145.98 -155.01 1.76
vertex 143.14 -154.37 1.76
vertex 143.09 -154.35 1.76
endloop
endfacet
facet normal 0 0 -1
outer loop
vertex 151.86 -155.66 1.76
vertex 147.46 -155.34 1.76
vertex 147.43 -155.33 1.76
endloop
endfacet
facet normal 0 0 -1
outer loop
vertex 156.29 -155.34 1.76
vertex 151.88 -155.66 1.76
vertex 156.31 -155.33 1.76
endloop
endfacet
facet normal 0 0 1
outer loop
vertex 145.98 -155.01 1.76
vertex 147.41 -155.33 1.76
vertex 147.43 -155.33 1.76
endloop
endfacet
facet normal 0 0 1
outer loop
vertex 156.33 -155.33 1.76
vertex 157.76 -155.01 1.76
vertex 156.31 -155.33 1.76
endloop
endfacet
facet normal 0 0 1
outer loop
vertex 141.43 -153.70 1.76
vertex 143.04 -154.34 1.76
vertex 143.09 -154.35 1.76
endloop
endfacet
facet normal 0 0 1
outer loop
vertex 160.70 -154.34 1.76
vertex 162.31 -153.70 1.76
vertex 160.65 -154.35 1.76
endloop
endfacet
facet normal 0 0 1
outer loop
vertex 164.87 -152.70 1.76
vertex 166.46 -151.79 1.76
vertex 164.80 -152.73 1.76
endloop
endfacet
facet normal 0 0 1
outer loop
vertex 137.28 -151.79 1.76
vertex 138.87 -152.70 1.76
vertex 138.94 -152.73 1.76
endloop
endfacet
facet normal 0 0 1
outer loop
vertex 147.92 -133.95 1.76
vertex 147.67 -133.95 1.76
vertex 135.00 -150.46 1.76
endloop
endfacet
facet normal 0 0 1
outer loop
vertex 147.92 -133.95 1.76
vertex 135.00 -150.46 1.76
vertex 135.00 -150.46 1.76
endloop
endfacet
facet normal 0 0 1
outer loop
vertex 147.92 -133.95 1.76
vertex 135.00 -150.46 1.76
vertex 134.99 -150.47 1.76
endloop
endfacet
facet normal 0 0 1
outer loop
vertex 147.92 -133.95 1.76
vertex 134.99 -150.47 1.76
vertex 135.17 -150.57 1.76
endloop
endfacet
facet normal 0 0 1
outer loop
vertex 168.75 -150.47 1.76
vertex 168.74 -150.46 1.76
vertex 168.74 -150.46 1.76
endloop
endfacet
facet normal 0 0 1
outer loop
vertex 168.75 -150.47 1.76
vertex 168.74 -150.46 1.76
vertex 156.07 -133.95 1.76
endloop
endfacet
facet normal 0 0 1
outer loop
vertex 168.75 -150.47 1.76
vertex 156.07 -133.95 1.76
vertex 155.82 -133.95 1.76
endloop
endfacet
facet normal 0 0 1
outer loop
vertex 168.75 -150.47 1.76
vertex 155.82 -133.95 1.76
vertex 168.57 -150.57 1.76
endloop
endfacet
facet normal 0 0 1
outer loop
vertex 147.92 -133.95 1.76
vertex 147.95 -133.91 1.76
vertex 141.46 -128.93 1.76
endloop
endfacet
facet normal 0 0 1
outer loop
vertex 147.92 -133.95 1.76
vertex 141.46 -128.93 1.76
vertex 141.13 -128.93 1.76
endloop
endfacet
facet normal 0 0 1
outer loop
vertex 147.92 -133.95 1.76
vertex 141.13 -128.93 1.76
vertex 141.13 -128.93 1.76
endloop
endfacet
facet normal 0 0 1
outer loop
vertex 147.92 -133.95 1.76
vertex 141.13 -128.93 1.76
vertex 147.67 -133.95 1.76
endloop
endfacet
facet normal 0 0 1
outer loop
vertex 156.07 -133.95 1.76
vertex 162.61 -128.93 1.76
vertex 162.61 -128.93 1.76
endloop
endfacet
facet normal 0 0 1
outer loop
vertex 156.07 -133.95 1.76
vertex 162.61 -128.93 1.76
vertex 162.28 -128.93 1.76
endloop
endfacet
facet normal 0 0 1
outer loop
vertex 156.07 -133.95 1.76
vertex 162.28 -128.93 1.76
vertex 155.79 -133.91 1.76
endloop
endfacet
facet normal 0 0 1
outer loop
vertex 156.07 -133.95 1.76
vertex 155.79 -133.91 1.76
vertex 155.82 -133.95 1.76
endloop
endfacet
facet normal 0 0 1
outer loop
vertex 141.46 -128.93 1.76
vertex 141.30 -128.81 1.76
vertex 141.03 -128.81 1.76
endloop
endfacet
facet normal 0 0 1
outer loop
vertex 141.46 -128.93 1.76
vertex 141.03 -128.81 1.76
vertex 141.13 -128.93 1.76
endloop
endfacet
facet normal 0 0 1
outer loop
vertex 162.61 -128.93 1.76
vertex 162.71 -128.81 1.76
vertex 162.44 -128.81 1.76
endloop
endfacet
facet normal 0 0 1
outer loop
vertex 162.61 -128.93 1.76
vertex 162.44 -128.81 1.76
vertex 162.28 -128.93 1.76
endloop
endfacet
facet normal 0 0 1
outer loop
vertex 162.71 -128.81 1.76
vertex 162.82 -128.70 1.76
vertex 162.58 -128.70 1.76
endloop
endfacet
facet normal 0 0 1
outer loop
vertex 162.71 -128.81 1.76
vertex 162.58 -128.70 1.76
vertex 162.44 -128.81 1.76
endloop
endfacet
facet normal 0 0 1
outer loop
vertex 141.30 -128.81 1.76
vertex 141.16 -128.70 1.76
vertex 140.92 -128.70 1.76
endloop
endfacet
facet normal 0 0 1
outer loop
vertex 141.30 -128.81 1.76
vertex 140.92 -128.70 1.76
vertex 141.03 -128.81 1.76
endloop
endfacet
facet normal 0 0 1
outer loop
vertex 141.16 -128.70 1.76
vertex 139.97 -127.79 1.76
vertex 139.73 -127.79 1.76
endloop
endfacet
facet normal 0 0 1
outer loop
vertex 141.16 -128.70 1.76
vertex 139.73 -127.79 1.76
vertex 140.92 -128.70 1.76
endloop
endfacet
facet normal 0 0 1
outer loop
vertex 162.82 -128.70 1.76
vertex 164.01 -127.79 1.76
vertex 163.77 -127.79 1.76
endloop
endfacet
facet normal 0 0 1
outer loop
vertex 162.82 -128.70 1.76
vertex 163.77 -127.79 1.76
vertex 162.58 -128.70 1.76
endloop
endfacet
facet normal 0 0 1
outer loop
vertex 139.97 -127.79 1.76
vertex 139.86 -127.71 1.76
vertex 139.59 -127.71 1.76
endloop
endfacet
facet normal 0 0 1
outer loop
vertex 139.97 -127.79 1.76
vertex 139.59 -127.71 1.76
vertex 139.73 -127.79 1.76
endloop
endfacet
facet normal 0 0 1
outer loop
vertex 164.01 -127.79 1.76
vertex 164.15 -127.71 1.76
vertex 163.88 -127.71 1.76
endloop
endfacet
facet normal 0 0 1
outer loop
vertex 164.01 -127.79 1.76
vertex 163.88 -127.71 1.76
vertex 163.77 -127.79 1.76
endloop
endfacet
facet normal 0 0 1
outer loop
vertex 139.86 -127.71 1.76
vertex 139.78 -127.64 1.76
vertex 139.45 -127.64 1.76
endloop
endfacet
facet normal 0 0 1
outer loop
vertex 139.86 -127.71 1.76
vertex 139.45 -127.64 1.76
vertex 139.59 -127.71 1.76
endloop
endfacet
facet normal 0 0 1
outer loop
vertex 164.15 -127.71 1.76
vertex 164.29 -127.64 1.76
vertex 163.96 -127.64 1.76
endloop
endfacet
facet normal 0 0 1
outer loop
vertex 164.15 -127.71 1.76
vertex 163.96 -127.64 1.76
vertex 163.88 -127.71 1.76
endloop
endfacet
facet normal 0 0 1
outer loop
vertex 139.78 -127.64 1.76
vertex 132.88 -122.34 1.76
vertex 132.68 -122.34 1.76
endloop
endfacet
facet normal 0 0 1
outer loop
vertex 139.78 -127.64 1.76
vertex 132.68 -122.34 1.76
vertex 132.68 -122.37 1.76
endloop
endfacet
facet normal 0 0 1
outer loop
vertex 139.78 -127.64 1.76
vertex 132.68 -122.37 1.76
vertex 132.68 -122.40 1.76
endloop
endfacet
facet normal 0 0 1
outer loop
vertex 139.78 -127.64 1.76
vertex 132.68 -122.40 1.76
vertex 132.69 -122.43 1.76
endloop
endfacet
facet normal 0 0 1
outer loop
vertex 139.78 -127.64 1.76
vertex 132.69 -122.43 1.76
vertex 132.71 -122.46 1.76
endloop
endfacet
facet normal 0 0 1
outer loop
vertex 139.78 -127.64 1.76
vertex 132.71 -122.46 1.76
vertex 132.73 -122.48 1.76
endloop
endfacet
facet normal 0 0 1
outer loop
vertex 139.78 -127.64 1.76
vertex 132.73 -122.48 1.76
vertex 132.75 -122.50 1.76
endloop
endfacet
facet normal 0 0 1
outer loop
vertex 139.78 -127.64 1.76
vertex 132.75 -122.50 1.76
vertex 139.45 -127.64 1.76
endloop
endfacet
facet normal 0 0 1
outer loop
vertex 139.78 -127.64 1.76
vertex 139.45 -127.64 1.76
vertex 139.45 -127.64 1.76
endloop
endfacet
facet normal 0 0 1
outer loop
vertex 164.29 -127.64 1.76
vertex 164.29 -127.64 1.76
vertex 170.99 -122.50 1.76
endloop
endfacet
facet normal 0 0 1
outer loop
vertex 164.29 -127.64 1.76
vertex 170.99 -122.50 1.76
vertex 171.01 -122.48 1.76
endloop
endfacet
facet normal 0 0 1
outer loop
vertex 164.29 -127.64 1.76
vertex 171.01 -122.48 1.76
vertex 171.03 -122.46 1.76
endloop
endfacet
facet normal 0 0 1
outer loop
vertex 164.29 -127.64 1.76
vertex 171.03 -122.46 1.76
vertex 171.05 -122.43 1.76
endloop
endfacet
facet normal 0 0 1
outer loop
vertex 164.29 -127.64 1.76
vertex 171.05 -122.43 1.76
vertex 171.06 -122.40 1.76
endloop
endfacet
facet normal 0 0 1
outer loop
vertex 164.29 -127.64 1.76
vertex 171.06 -122.40 1.76
vertex 171.06 -122.37 1.76
endloop
endfacet
facet normal 0 0 1
outer loop
vertex 164.29 -127.64 1.76
vertex 171.06 -122.37 1.76
vertex 171.06 -122.34 1.76
endloop
endfacet
facet normal 0 0 1
outer loop
vertex 164.29 -127.64 1.76
vertex 171.06 -122.34 1.76
vertex 170.87 -122.34 1.76
endloop
endfacet
facet normal 0 0 1
outer loop
vertex 164.29 -127.64 1.76
vertex 170.87 -122.34 1.76
vertex 163.96 -127.64 1.76
endloop
endfacet
facet normal 0 0 1
outer loop
vertex 132.88 -122.34 1.76
vertex 133.12 -116.19 1.76
vertex 132.92 -116.19 1.76
endloop
endfacet
facet normal 0 0 1
outer loop
vertex 132.88 -122.34 1.76
vertex 132.92 -116.19 1.76
vertex 132.68 -122.34 1.76
endloop
endfacet
facet normal 0 0 1
outer loop
vertex 132.88 -122.34 1.76
vertex 132.68 -122.34 1.76
vertex 132.68 -122.34 1.76
endloop
endfacet
facet normal 0 0 1
outer loop
vertex 171.06 -122.34 1.76
vertex 171.07 -122.34 1.76
vertex 170.83 -116.19 1.76
endloop
endfacet
facet normal 0 0 1
outer loop
vertex 171.06 -122.34 1.76
vertex 170.83 -116.19 1.76
vertex 170.62 -116.19 1.76
endloop
endfacet
facet normal 0 0 1
outer loop
vertex 171.06 -122.34 1.76
vertex 170.62 -116.19 1.76
vertex 170.87 -122.34 1.76
endloop
endfacet
facet normal 0 0 1
outer loop
vertex 133.12 -116.19 1.76
vertex 147.61 -81.19 1.76
vertex 147.40 -81.19 1.76
endloop
endfacet
facet normal 0 0 1
outer loop
vertex 133.12 -116.19 1.76
vertex 147.40 -81.19 1.76
vertex 132.93 -116.11 1.76
endloop
endfacet
facet normal 0 0 1
outer loop
vertex 133.12 -116.19 1.76
vertex 132.93 -116.11 1.76
vertex 132.92 -116.13 1.76
endloop
endfacet
facet normal 0 0 1
outer loop
vertex 133.12 -116.19 1.76
vertex 132.92 -116.13 1.76
vertex 132.92 -116.15 1.76
endloop
endfacet
facet normal 0 0 1
outer loop
vertex 133.12 -116.19 1.76
vertex 132.92 -116.15 1.76
vertex 132.92 -116.18 1.76
endloop
endfacet
facet normal 0 0 1
outer loop
vertex 133.12 -116.19 1.76
vertex 132.92 -116.18 1.76
vertex 132.92 -116.19 1.76
endloop
endfacet
facet normal 0 0 1
outer loop
vertex 170.83 -116.19 1.76
vertex 170.82 -116.18 1.76
vertex 170.82 -116.15 1.76
endloop
endfacet
facet normal 0 0 1
outer loop
vertex 170.83 -116.19 1.76
vertex 170.82 -116.15 1.76
vertex 170.82 -116.13 1.76
endloop
endfacet
facet normal 0 0 1
outer loop
vertex 170.83 -116.19 1.76
vertex 170.82 -116.13 1.76
vertex 170.81 -116.11 1.76
endloop
endfacet
facet normal 0 0 1
outer loop
vertex 170.83 -116.19 1.76
vertex 170.81 -116.11 1.76
vertex 156.34 -81.19 1.76
endloop
endfacet
facet normal 0 0 1
outer loop
vertex 170.83 -116.19 1.76
vertex 156.34 -81.19 1.76
vertex 156.13 -81.19 1.76
endloop
endfacet
facet normal 0 0 1
outer loop
vertex 170.83 -116.19 1.76
vertex 156.13 -81.19 1.76
vertex 170.62 -116.19 1.76
endloop
endfacet
facet normal 0 0 1
outer loop
vertex 147.61 -81.19 1.76
vertex 147.66 -81.08 1.76
vertex 140.10 -77.95 1.76
endloop
endfacet
facet normal 0 0 1
outer loop
vertex 147.61 -81.19 1.76
vertex 140.10 -77.95 1.76
vertex 139.67 -77.95 1.76
endloop
endfacet
facet normal 0 0 1
outer loop
vertex 147.61 -81.19 1.76
vertex 139.67 -77.95 1.76
vertex 139.78 -78.03 1.76
endloop
endfacet
facet normal 0 0 1
outer loop
vertex 147.61 -81.19 1.76
vertex 139.78 -78.03 1.76
vertex 147.40 -81.19 1.76
endloop
endfacet
facet normal 0 0 1
outer loop
vertex 156.34 -81.19 1.76
vertex 163.96 -78.03 1.76
vertex 164.07 -77.95 1.76
endloop
endfacet
facet normal 0 0 1
outer loop
vertex 156.34 -81.19 1.76
vertex 164.07 -77.95 1.76
vertex 163.64 -77.95 1.76
endloop
endfacet
facet normal 0 0 1
outer loop
vertex 156.34 -81.19 1.76
vertex 163.64 -77.95 1.76
vertex 156.08 -81.08 1.76
endloop
endfacet
facet normal 0 0 1
outer loop
vertex 156.34 -81.19 1.76
vertex 156.08 -81.08 1.76
vertex 156.13 -81.19 1.76
endloop
endfacet
facet normal 0 0 1
outer loop
vertex 140.10 -77.95 1.76
vertex 139.91 -77.87 1.76
vertex 139.52 -77.87 1.76
endloop
endfacet
facet normal 0 0 1
outer loop
vertex 140.10 -77.95 1.76
vertex 139.52 -77.87 1.76
vertex 139.67 -77.95 1.76
endloop
endfacet
facet normal 0 0 1
outer loop
vertex 164.07 -77.95 1.76
vertex 164.22 -77.87 1.76
vertex 163.83 -77.87 1.76
endloop
endfacet
facet normal 0 0 1
outer loop
vertex 164.07 -77.95 1.76
vertex 163.83 -77.87 1.76
vertex 163.64 -77.95 1.76
endloop
endfacet
facet normal 0 0 1
outer loop
vertex 139.91 -77.87 1.76
vertex 138.52 -77.29 1.76
vertex 138.13 -77.29 1.76
endloop
endfacet
facet normal 0 0 1
outer loop
vertex 139.91 -77.87 1.76
vertex 138.13 -77.29 1.76
vertex 139.52 -77.87 1.76
endloop
endfacet
facet normal 0 0 1
outer loop
vertex 164.22 -77.87 1.76
vertex 165.61 -77.29 1.76
vertex 165.22 -77.29 1.76
endloop
endfacet
facet normal 0 0 1
outer loop
vertex 164.22 -77.87 1.76
vertex 165.22 -77.29 1.76
vertex 163.83 -77.87 1.76
endloop
endfacet
facet normal 0 0 1
outer loop
vertex 138.52 -77.29 1.76
vertex 138.40 -77.24 1.76
vertex 137.96 -77.24 1.76
endloop
endfacet
facet normal 0 0 1
outer loop
vertex 138.52 -77.29 1.76
vertex 137.96 -77.24 1.76
vertex 138.13 -77.29 1.76
endloop
endfacet
facet normal 0 0 1
outer loop
vertex 165.61 -77.29 1.76
vertex 165.78 -77.24 1.76
vertex 165.34 -77.24 1.76
endloop
endfacet
facet normal 0 0 1
outer loop
vertex 165.61 -77.29 1.76
vertex 165.34 -77.24 1.76
vertex 165.22 -77.29 1.76
endloop
endfacet
facet normal 0 0 1
outer loop
vertex 165.78 -77.24 1.76
vertex 165.91 -77.22 1.76
vertex 165.92 -77.22 1.76
endloop
endfacet
facet normal 0 0 1
outer loop
vertex 165.78 -77.24 1.76
vertex 165.92 -77.22 1.76
vertex 165.40 -77.22 1.76
endloop
endfacet
facet normal 0 0 1
outer loop
vertex 165.78 -77.24 1.76
vertex 165.40 -77.22 1.76
vertex 165.34 -77.24 1.76
endloop
endfacet
facet normal 0 0 1
outer loop
vertex 138.40 -77.24 1.76
vertex 130.10 -73.81 1.76
vertex 129.90 -73.81 1.76
endloop
endfacet
facet normal 0 0 1
outer loop
vertex 138.40 -77.24 1.76
vertex 129.90 -73.81 1.76
vertex 129.90 -73.82 1.76
endloop
endfacet
facet normal 0 0 1
outer loop
vertex 138.40 -77.24 1.76
vertex 129.90 -73.82 1.76
vertex 129.91 -73.85 1.76
endloop
endfacet
facet normal 0 0 1
outer loop
vertex 138.40 -77.24 1.76
vertex 129.91 -73.85 1.76
vertex 129.92 -73.88 1.76
endloop
endfacet
facet normal 0 0 1
outer loop
vertex 138.40 -77.24 1.76
vertex 129.92 -73.88 1.76
vertex 129.93 -73.91 1.76
endloop
endfacet
facet normal 0 0 1
outer loop
vertex 138.40 -77.24 1.76
vertex 129.93 -73.91 1.76
vertex 129.95 -73.94 1.76
endloop
endfacet
facet normal 0 0 1
outer loop
vertex 138.40 -77.24 1.76
vertex 129.95 -73.94 1.76
vertex 129.97 -73.96 1.76
endloop
endfacet
facet normal 0 0 1
outer loop
vertex 138.40 -77.24 1.76
vertex 129.97 -73.96 1.76
vertex 130.00 -73.98 1.76
endloop
endfacet
facet normal 0 0 1
outer loop
vertex 138.40 -77.24 1.76
vertex 130.00 -73.98 1.76
vertex 130.03 -73.99 1.76
endloop
endfacet
facet normal 0 0 1
outer loop
vertex 138.40 -77.24 1.76
vertex 130.03 -73.99 1.76
vertex 137.83 -77.22 1.76
endloop
endfacet
facet normal 0 0 1
outer loop
vertex 138.40 -77.24 1.76
vertex 137.83 -77.22 1.76
vertex 137.96 -77.24 1.76
endloop
endfacet
facet normal 0 0 1
outer loop
vertex 165.92 -77.22 1.76
vertex 173.71 -73.99 1.76
vertex 173.74 -73.98 1.76
endloop
endfacet
facet normal 0 0 1
outer loop
vertex 165.92 -77.22 1.76
vertex 173.74 -73.98 1.76
vertex 173.77 -73.96 1.76
endloop
endfacet
facet normal 0 0 1
outer loop
vertex 165.92 -77.22 1.76
vertex 173.77 -73.96 1.76
vertex 173.79 -73.94 1.76
endloop
endfacet
facet normal 0 0 1
outer loop
vertex 165.92 -77.22 1.76
vertex 173.79 -73.94 1.76
vertex 173.81 -73.91 1.76
endloop
endfacet
facet normal 0 0 1
outer loop
vertex 165.92 -77.22 1.76
vertex 173.81 -73.91 1.76
vertex 173.82 -73.88 1.76
endloop
endfacet
facet normal 0 0 1
outer loop
vertex 165.92 -77.22 1.76
vertex 173.82 -73.88 1.76
vertex 173.83 -73.85 1.76
endloop
endfacet
facet normal 0 0 1
outer loop
vertex 165.92 -77.22 1.76
vertex 173.83 -73.85 1.76
vertex 173.84 -73.82 1.76
endloop
endfacet
facet normal 0 0 1
outer loop
vertex 165.92 -77.22 1.76
vertex 173.84 -73.82 1.76
vertex 173.84 -73.81 1.76
endloop
endfacet
facet normal 0 0 1
outer loop
vertex 165.92 -77.22 1.76
vertex 173.84 -73.81 1.76
vertex 173.64 -73.81 1.76
endloop
endfacet
facet normal 0 0 1
outer loop
vertex 165.92 -77.22 1.76
vertex 173.64 -73.81 1.76
vertex 165.40 -77.22 1.76
endloop
endfacet
facet normal 0 0 1
outer loop
vertex 130.10 -73.81 1.76
vertex 134.90 -62.22 1.76
vertex 134.69 -62.22 1.76
endloop
endfacet
facet normal 0 0 1
outer loop
vertex 130.10 -73.81 1.76
vertex 134.69 -62.22 1.76
vertex 129.92 -73.73 1.76
endloop
endfacet
facet normal 0 0 1
outer loop
vertex 130.10 -73.81 1.76
vertex 129.92 -73.73 1.76
vertex 129.91 -73.76 1.76
endloop
endfacet
facet normal 0 0 1
outer loop
vertex 130.10 -73.81 1.76
vertex 129.91 -73.76 1.76
vertex 129.90 -73.79 1.76
endloop
endfacet
facet normal 0 0 1
outer loop
vertex 130.10 -73.81 1.76
vertex 129.90 -73.79 1.76
vertex 129.90 -73.81 1.76
endloop
endfacet
facet normal 0 0 1
outer loop
vertex 173.84 -73.81 1.76
vertex 173.84 -73.79 1.76
vertex 173.83 -73.76 1.76
endloop
endfacet
facet normal 0 0 1
outer loop
vertex 173.84 -73.81 1.76
vertex 173.83 -73.76 1.76
vertex 173.82 -73.73 1.76
endloop
endfacet
facet normal 0 0 1
outer loop
vertex 173.84 -73.81 1.76
vertex 173.82 -73.73 1.76
vertex 169.05 -62.22 1.76
endloop
endfacet
facet normal 0 0 1
outer loop
vertex 173.84 -73.81 1.76
vertex 169.05 -62.22 1.76
vertex 168.84 -62.22 1.76
endloop
endfacet
facet normal 0 0 1
outer loop
vertex 173.84 -73.81 1.76
vertex 168.84 -62.22 1.76
vertex 173.64 -73.81 1.76
endloop
endfacet
facet normal 0 0 1
outer loop
vertex 134.90 -62.22 1.76
vertex 134.95 -62.10 1.76
vertex 127.51 -59.21 1.76
endloop
endfacet
facet normal 0 0 1
outer loop
vertex 134.90 -62.22 1.76
vertex 127.51 -59.21 1.76
vertex 127.22 -59.21 1.76
endloop
endfacet
facet normal 0 0 1
outer loop
vertex 134.90 -62.22 1.76
vertex 127.22 -59.21 1.76
vertex 127.31 -59.35 1.76
endloop
endfacet
facet normal 0 0 1
outer loop
vertex 134.90 -62.22 1.76
vertex 127.31 -59.35 1.76
vertex 134.69 -62.22 1.76
endloop
endfacet
facet normal 0 0 1
outer loop
vertex 169.05 -62.22 1.76
vertex 176.43 -59.35 1.76
vertex 176.52 -59.21 1.76
endloop
endfacet
facet normal 0 0 1
outer loop
vertex 169.05 -62.22 1.76
vertex 176.52 -59.21 1.76
vertex 176.23 -59.21 1.76
endloop
endfacet
facet normal 0 0 1
outer loop
vertex 169.05 -62.22 1.76
vertex 176.23 -59.21 1.76
vertex 168.79 -62.10 1.76
endloop
endfacet
facet normal 0 0 1
outer loop
vertex 169.05 -62.22 1.76
vertex 168.79 -62.10 1.76
vertex 168.84 -62.22 1.76
endloop
endfacet
facet normal 0 0 1
outer loop
vertex 127.51 -59.21 1.76
vertex 127.18 -59.08 1.76
vertex 127.10 -59.08 1.76
endloop
endfacet
facet normal 0 0 1
outer loop
vertex 127.51 -59.21 1.76
vertex 127.10 -59.08 1.76
vertex 127.22 -59.21 1.76
endloop
endfacet
facet normal 0 0 1
outer loop
vertex 176.52 -59.21 1.76
vertex 176.64 -59.08 1.76
vertex 176.56 -59.08 1.76
endloop
endfacet
facet normal 0 0 1
outer loop
vertex 176.52 -59.21 1.76
vertex 176.56 -59.08 1.76
vertex 176.23 -59.21 1.76
endloop
endfacet
facet normal 0 0 1
outer loop
vertex 176.64 -59.08 1.76
vertex 176.71 -59.02 1.76
vertex 176.56 -59.08 1.76
endloop
endfacet
facet normal 0 0 1
outer loop
vertex 127.18 -59.08 1.76
vertex 127.03 -59.02 1.76
vertex 127.10 -59.08 1.76
endloop
endfacet
facet normal 0 0 1
outer loop
vertex 179.09 -58.31 1.76
vertex 179.05 -58.31 1.76
vertex 179.07 -58.32 1.76
endloop
endfacet
facet normal 0 0 1
outer loop
vertex 124.74 -58.29 1.76
vertex 124.59 -58.29 1.76
vertex 124.67 -58.32 1.76
endloop
endfacet
facet normal 0 0 1
outer loop
vertex 179.09 -58.31 1.76
vertex 179.15 -58.29 1.76
vertex 179.00 -58.29 1.76
endloop
endfacet
facet normal 0 0 1
outer loop
vertex 179.09 -58.31 1.76
vertex 179.00 -58.29 1.76
vertex 179.05 -58.31 1.76
endloop
endfacet
facet normal 0 0 1
outer loop
vertex 124.74 -58.29 1.76
vertex 124.91 -58.25 1.76
vertex 124.50 -58.25 1.76
endloop
endfacet
facet normal 0 0 1
outer loop
vertex 124.74 -58.29 1.76
vertex 124.50 -58.25 1.76
vertex 124.59 -58.29 1.76
endloop
endfacet
facet normal 0 0 1
outer loop
vertex 179.15 -58.29 1.76
vertex 179.25 -58.25 1.76
vertex 178.83 -58.25 1.76
endloop
endfacet
facet normal 0 0 1
outer loop
vertex 179.15 -58.29 1.76
vertex 178.83 -58.25 1.76
vertex 179.00 -58.29 1.76
endloop
endfacet
facet normal 0 0 1
outer loop
vertex 124.91 -58.25 1.76
vertex 125.03 -58.25 1.76
vertex 115.32 -54.47 1.76
endloop
endfacet
facet normal 0 0 1
outer loop
vertex 124.91 -58.25 1.76
vertex 115.32 -54.47 1.76
vertex 115.12 -54.47 1.76
endloop
endfacet
facet normal 0 0 1
outer loop
vertex 124.91 -58.25 1.76
vertex 115.12 -54.47 1.76
vertex 115.12 -54.50 1.76
endloop
endfacet
facet normal 0 0 1
outer loop
vertex 124.91 -58.25 1.76
vertex 115.12 -54.50 1.76
vertex 115.13 -54.54 1.76
endloop
endfacet
facet normal 0 0 1
outer loop
vertex 124.91 -58.25 1.76
vertex 115.13 -54.54 1.76
vertex 115.14 -54.57 1.76
endloop
endfacet
facet normal 0 0 1
outer loop
vertex 124.91 -58.25 1.76
vertex 115.14 -54.57 1.76
vertex 115.16 -54.60 1.76
endloop
endfacet
facet normal 0 0 1
outer loop
vertex 124.91 -58.25 1.76
vertex 115.16 -54.60 1.76
vertex 115.18 -54.62 1.76
endloop
endfacet
facet normal 0 0 1
outer loop
vertex 124.91 -58.25 1.76
vertex 115.18 -54.62 1.76
vertex 115.21 -54.64 1.76
endloop
endfacet
facet normal 0 0 1
outer loop
vertex 124.91 -58.25 1.76
vertex 115.21 -54.64 1.76
vertex 115.24 -54.66 1.76
endloop
endfacet
facet normal 0 0 1
outer loop
vertex 124.91 -58.25 1.76
vertex 115.24 -54.66 1.76
vertex 124.50 -58.25 1.76
endloop
endfacet
facet normal 0 0 1
outer loop
vertex 179.25 -58.25 1.76
vertex 188.50 -54.66 1.76
vertex 188.53 -54.64 1.76
endloop
endfacet
facet normal 0 0 1
outer loop
vertex 179.25 -58.25 1.76
vertex 188.53 -54.64 1.76
vertex 188.56 -54.62 1.76
endloop
endfacet
facet normal 0 0 1
outer loop
vertex 179.25 -58.25 1.76
vertex 188.56 -54.62 1.76
vertex 188.58 -54.60 1.76
endloop
endfacet
facet normal 0 0 1
outer loop
vertex 179.25 -58.25 1.76
vertex 188.58 -54.60 1.76
vertex 188.60 -54.57 1.76
endloop
endfacet
facet normal 0 0 1
outer loop
vertex 179.25 -58.25 1.76
vertex 188.60 -54.57 1.76
vertex 188.61 -54.54 1.76
endloop
endfacet
facet normal 0 0 1
outer loop
vertex 179.25 -58.25 1.76
vertex 188.61 -54.54 1.76
vertex 188.62 -54.50 1.76
endloop
endfacet
facet normal 0 0 1
outer loop
vertex 179.25 -58.25 1.76
vertex 188.62 -54.50 1.76
vertex 188.62 -54.47 1.76
endloop
endfacet
facet normal 0 0 1
outer loop
vertex 179.25 -58.25 1.76
vertex 188.62 -54.47 1.76
vertex 188.42 -54.47 1.76
endloop
endfacet
facet normal 0 0 1
outer loop
vertex 179.25 -58.25 1.76
vertex 188.42 -54.47 1.76
vertex 178.71 -58.25 1.76
endloop
endfacet
facet normal 0 0 1
outer loop
vertex 179.25 -58.25 1.76
vertex 178.71 -58.25 1.76
vertex 178.83 -58.25 1.76
endloop
endfacet
facet normal 0 0 1
outer loop
vertex 115.32 -54.47 1.76
vertex 121.36 -37.87 1.76
vertex 121.14 -37.87 1.76
endloop
endfacet
facet normal 0 0 1
outer loop
vertex 115.32 -54.47 1.76
vertex 121.14 -37.87 1.76
vertex 115.13 -54.40 1.76
endloop
endfacet
facet normal 0 0 1
outer loop
vertex 115.32 -54.47 1.76
vertex 115.13 -54.40 1.76
vertex 115.12 -54.43 1.76
endloop
endfacet
facet normal 0 0 1
outer loop
vertex 115.32 -54.47 1.76
vertex 115.12 -54.43 1.76
vertex 115.12 -54.47 1.76
endloop
endfacet
facet normal 0 0 1
outer loop
vertex 115.32 -54.47 1.76
vertex 115.12 -54.47 1.76
vertex 115.12 -54.47 1.76
endloop
endfacet
facet normal 0 0 1
outer loop
vertex 188.62 -54.47 1.76
vertex 188.62 -54.47 1.76
vertex 188.62 -54.43 1.76
endloop
endfacet
facet normal 0 0 1
outer loop
vertex 188.62 -54.47 1.76
vertex 188.62 -54.43 1.76
vertex 188.61 -54.40 1.76
endloop
endfacet
facet normal 0 0 1
outer loop
vertex 188.62 -54.47 1.76
vertex 188.61 -54.40 1.76
vertex 182.60 -37.87 1.76
endloop
endfacet
facet normal 0 0 1
outer loop
vertex 188.62 -54.47 1.76
vertex 182.60 -37.87 1.76
vertex 182.38 -37.87 1.76
endloop
endfacet
facet normal 0 0 1
outer loop
vertex 188.62 -54.47 1.76
vertex 182.38 -37.87 1.76
vertex 188.42 -54.47 1.76
endloop
endfacet
facet normal -0.94 0.34 0
outer loop
vertex 115.13 -54.40 1.76
vertex 121.14 -37.87 1.76
vertex 121.14 -37.87 1.7
endloop
endfacet
facet normal -0.94 0.34 0
outer loop
vertex 115.13 -54.40 1.76
vertex 121.14 -37.87 1.7
vertex 121.14 -37.87 1.32
endloop
endfacet
facet normal -0.94 0.34 0
outer loop
vertex 115.13 -54.40 1.76
vertex 121.14 -37.87 1.32
vertex 115.13 -54.40 1.32
endloop
endfacet
facet normal -0.97 0.26 0
outer loop
vertex 115.12 -54.43 1.76
vertex 115.13 -54.40 1.76
vertex 115.13 -54.40 1.32
endloop
endfacet
facet normal -0.97 0.26 0
outer loop
vertex 115.12 -54.43 1.76
vertex 115.13 -54.40 1.32
vertex 115.12 -54.43 1.32
endloop
endfacet
facet normal -1.00 0.09 0
outer loop
vertex 115.12 -54.47 1.76
vertex 115.12 -54.43 1.76
vertex 115.12 -54.43 1.32
endloop
endfacet
facet normal -1.00 0.09 0
outer loop
vertex 115.12 -54.47 1.76
vertex 115.12 -54.43 1.32
vertex 115.12 -54.47 1.32
endloop
endfacet
facet normal 0 0 -1
outer loop
vertex 115.12 -54.50 1.76
vertex 115.12 -54.47 1.76
vertex 115.12 -54.47 1.76
endloop
endfacet
facet normal 0 0 -1
outer loop
vertex 115.12 -54.50 1.76
vertex 115.12 -54.47 1.76
vertex 115.12 -54.47 1.32
endloop
endfacet
facet normal 0 0 -1
outer loop
vertex 115.12 -54.50 1.76
vertex 115.12 -54.47 1.32
vertex 115.12 -54.50 1.32
endloop
endfacet
facet normal -0.97 -0.25 0
outer loop
vertex 115.13 -54.54 1.76
vertex 115.12 -54.50 1.76
vertex 115.12 -54.50 1.32
endloop
endfacet
facet normal -0.97 -0.25 0
outer loop
vertex 115.13 -54.54 1.76
vertex 115.12 -54.50 1.32
vertex 115.13 -54.54 1.32
endloop
endfacet
facet normal -0.91 -0.41 0
outer loop
vertex 115.14 -54.57 1.76
vertex 115.13 -54.54 1.76
vertex 115.13 -54.54 1.32
endloop
endfacet
facet normal -0.91 -0.41 0
outer loop
vertex 115.14 -54.57 1.76
vertex 115.13 -54.54 1.32
vertex 115.14 -54.57 1.32
endloop
endfacet
facet normal -0.83 -0.56 0
outer loop
vertex 115.16 -54.60 1.76
vertex 115.14 -54.57 1.76
vertex 115.14 -54.57 1.32
endloop
endfacet
facet normal -0.83 -0.56 0
outer loop
vertex 115.16 -54.60 1.76
vertex 115.14 -54.57 1.32
vertex 115.16 -54.60 1.32
endloop
endfacet
facet normal -0.72 -0.70 0
outer loop
vertex 115.18 -54.62 1.76
vertex 115.16 -54.60 1.76
vertex 115.16 -54.60 1.32
endloop
endfacet
facet normal -0.72 -0.70 0
outer loop
vertex 115.18 -54.62 1.76
vertex 115.16 -54.60 1.32
vertex 115.18 -54.62 1.32
endloop
endfacet
facet normal -0.59 -0.81 0
outer loop
vertex 115.21 -54.64 1.76
vertex 115.18 -54.62 1.76
vertex 115.18 -54.62 1.32
endloop
endfacet
facet normal -0.59 -0.81 0
outer loop
vertex 115.21 -54.64 1.76
vertex 115.18 -54.62 1.32
vertex 115.21 -54.64 1.32
endloop
endfacet
facet normal -0.44 -0.90 0
outer loop
vertex 115.24 -54.66 1.76
vertex 115.21 -54.64 1.76
vertex 115.21 -54.64 1.32
endloop
endfacet
facet normal -0.44 -0.90 0
outer loop
vertex 115.24 -54.66 1.76
vertex 115.21 -54.64 1.32
vertex 115.24 -54.66 1.32
endloop
endfacet
facet normal -0.92 0.38 -7.126947831139453e-14
outer loop
vertex 129.92 -73.73 1.76
vertex 134.69 -62.22 1.76
vertex 134.69 -62.22 1.32
endloop
endfacet
facet normal -0.92 0.38 -7.126947831139453e-14
outer loop
vertex 129.92 -73.73 1.76
vertex 134.69 -62.22 1.32
vertex 134.64 -62.33 1.32
endloop
endfacet
facet normal -0.92 0.38 -7.126947831139453e-14
outer loop
vertex 129.92 -73.73 1.76
vertex 134.64 -62.33 1.32
vertex 129.92 -73.73 1.32
endloop
endfacet
facet normal -0.95 0.31 0
outer loop
vertex 129.91 -73.76 1.76
vertex 129.92 -73.73 1.76
vertex 129.92 -73.73 1.32
endloop
endfacet
facet normal -0.95 0.31 0
outer loop
vertex 129.91 -73.76 1.76
vertex 129.92 -73.73 1.32
vertex 129.91 -73.76 1.32
endloop
endfacet
facet normal -0.99 0.16 0
outer loop
vertex 129.90 -73.79 1.76
vertex 129.91 -73.76 1.76
vertex 129.91 -73.76 1.32
endloop
endfacet
facet normal -0.99 0.16 0
outer loop
vertex 129.90 -73.79 1.76
vertex 129.91 -73.76 1.32
vertex 129.90 -73.79 1.32
endloop
endfacet
facet normal 0 0 -1
outer loop
vertex 129.90 -73.82 1.76
vertex 129.90 -73.81 1.76
vertex 129.90 -73.79 1.76
endloop
endfacet
facet normal 0 0 -1
outer loop
vertex 129.90 -73.82 1.76
vertex 129.90 -73.79 1.76
vertex 129.90 -73.79 1.32
endloop
endfacet
facet normal 0 0 -1
outer loop
vertex 129.90 -73.82 1.76
vertex 129.90 -73.79 1.32
vertex 129.90 -73.82 1.32
endloop
endfacet
facet normal -0.99 -0.16 0
outer loop
vertex 129.91 -73.85 1.76
vertex 129.90 -73.82 1.76
vertex 129.90 -73.82 1.32
endloop
endfacet
facet normal -0.99 -0.16 0
outer loop
vertex 129.91 -73.85 1.76
vertex 129.90 -73.82 1.32
vertex 129.91 -73.85 1.32
endloop
endfacet
facet normal -0.95 -0.31 0
outer loop
vertex 129.92 -73.88 1.76
vertex 129.91 -73.85 1.76
vertex 129.91 -73.85 1.32
endloop
endfacet
facet normal -0.95 -0.31 0
outer loop
vertex 129.92 -73.88 1.76
vertex 129.91 -73.85 1.32
vertex 129.92 -73.88 1.32
endloop
endfacet
facet normal -0.89 -0.45 0
outer loop
vertex 129.93 -73.91 1.76
vertex 129.92 -73.88 1.76
vertex 129.92 -73.88 1.32
endloop
endfacet
facet normal -0.89 -0.45 0
outer loop
vertex 129.93 -73.91 1.76
vertex 129.92 -73.88 1.32
vertex 129.93 -73.91 1.32
endloop
endfacet
facet normal -0.81 -0.59 0
outer loop
vertex 129.95 -73.94 1.76
vertex 129.93 -73.91 1.76
vertex 129.93 -73.91 1.32
endloop
endfacet
facet normal -0.81 -0.59 0
outer loop
vertex 129.95 -73.94 1.76
vertex 129.93 -73.91 1.32
vertex 129.95 -73.94 1.32
endloop
endfacet
facet normal -0.71 -0.71 0
outer loop
vertex 129.97 -73.96 1.76
vertex 129.95 -73.94 1.76
vertex 129.95 -73.94 1.32
endloop
endfacet
facet normal -0.71 -0.71 0
outer loop
vertex 129.97 -73.96 1.76
vertex 129.95 -73.94 1.32
vertex 129.97 -73.96 1.32
endloop
endfacet
facet normal -0.59 -0.81 0
outer loop
vertex 130.00 -73.98 1.76
vertex 129.97 -73.96 1.76
vertex 129.97 -73.96 1.32
endloop
endfacet
facet normal -0.59 -0.81 0
outer loop
vertex 130.00 -73.98 1.76
vertex 129.97 -73.96 1.32
vertex 130.00 -73.98 1.32
endloop
endfacet
facet normal -0.45 -0.89 0
outer loop
vertex 130.03 -73.99 1.76
vertex 130.00 -73.98 1.76
vertex 130.00 -73.98 1.32
endloop
endfacet
facet normal -0.45 -0.89 0
outer loop
vertex 130.03 -73.99 1.76
vertex 130.00 -73.98 1.32
vertex 130.03 -73.99 1.32
endloop
endfacet
facet normal -0.92 0.38 0
outer loop
vertex 132.93 -116.11 1.76
vertex 147.40 -81.19 1.76
vertex 147.40 -81.19 1.32
endloop
endfacet
facet normal -0.92 0.38 0
outer loop
vertex 132.93 -116.11 1.76
vertex 147.40 -81.19 1.32
vertex 147.35 -81.29 1.32
endloop
endfacet
facet normal -0.92 0.38 0
outer loop
vertex 132.93 -116.11 1.76
vertex 147.35 -81.29 1.32
vertex 132.93 -116.11 1.32
endloop
endfacet
facet normal -0.94 0.33 0
outer loop
vertex 132.92 -116.13 1.76
vertex 132.93 -116.11 1.76
vertex 132.93 -116.11 1.32
endloop
endfacet
facet normal -0.94 0.33 0
outer loop
vertex 132.92 -116.13 1.76
vertex 132.93 -116.11 1.32
vertex 132.92 -116.13 1.32
endloop
endfacet
facet normal -0.98 0.21 0
outer loop
vertex 132.92 -116.15 1.76
vertex 132.92 -116.13 1.76
vertex 132.92 -116.13 1.32
endloop
endfacet
facet normal -0.98 0.21 0
outer loop
vertex 132.92 -116.15 1.76
vertex 132.92 -116.13 1.32
vertex 132.92 -116.15 1.32
endloop
endfacet
facet normal -1.00 0.10 0
outer loop
vertex 132.92 -116.18 1.76
vertex 132.92 -116.15 1.76
vertex 132.92 -116.15 1.32
endloop
endfacet
facet normal -1.00 0.10 0
outer loop
vertex 132.92 -116.18 1.76
vertex 132.92 -116.15 1.32
vertex 132.92 -116.18 1.32
endloop
endfacet
facet normal 0 0 1
outer loop
vertex 132.68 -122.34 1.76
vertex 132.92 -116.19 1.76
vertex 132.92 -116.18 1.76
endloop
endfacet
facet normal 0 0 1
outer loop
vertex 132.68 -122.34 1.76
vertex 132.92 -116.18 1.76
vertex 132.92 -116.18 1.32
endloop
endfacet
facet normal 0 0 1
outer loop
vertex 132.68 -122.34 1.76
vertex 132.92 -116.18 1.32
vertex 132.68 -122.34 1.32
endloop
endfacet
facet normal 0 0 -1
outer loop
vertex 132.68 -122.37 1.76
vertex 132.68 -122.34 1.76
vertex 132.68 -122.34 1.76
endloop
endfacet
facet normal 0 0 -1
outer loop
vertex 132.68 -122.37 1.76
vertex 132.68 -122.34 1.76
vertex 132.68 -122.34 1.32
endloop
endfacet
facet normal 0 0 -1
outer loop
vertex 132.68 -122.37 1.76
vertex 132.68 -122.34 1.32
vertex 132.68 -122.37 1.32
endloop
endfacet
facet normal -0.98 -0.20 0
outer loop
vertex 132.68 -122.40 1.76
vertex 132.68 -122.37 1.76
vertex 132.68 -122.37 1.32
endloop
endfacet
facet normal -0.98 -0.20 0
outer loop
vertex 132.68 -122.40 1.76
vertex 132.68 -122.37 1.32
vertex 132.68 -122.40 1.32
endloop
endfacet
facet normal -0.94 -0.35 0
outer loop
vertex 132.69 -122.43 1.76
vertex 132.68 -122.40 1.76
vertex 132.68 -122.40 1.32
endloop
endfacet
facet normal -0.94 -0.35 0
outer loop
vertex 132.69 -122.43 1.76
vertex 132.68 -122.40 1.32
vertex 132.69 -122.43 1.32
endloop
endfacet
facet normal -0.87 -0.50 0
outer loop
vertex 132.71 -122.46 1.76
vertex 132.69 -122.43 1.76
vertex 132.69 -122.43 1.32
endloop
endfacet
facet normal -0.87 -0.50 0
outer loop
vertex 132.71 -122.46 1.76
vertex 132.69 -122.43 1.32
vertex 132.71 -122.46 1.32
endloop
endfacet
facet normal -0.78 -0.63 0
outer loop
vertex 132.73 -122.48 1.76
vertex 132.71 -122.46 1.76
vertex 132.71 -122.46 1.32
endloop
endfacet
facet normal -0.78 -0.63 0
outer loop
vertex 132.73 -122.48 1.76
vertex 132.71 -122.46 1.32
vertex 132.73 -122.48 1.32
endloop
endfacet
facet normal -0.67 -0.74 0
outer loop
vertex 132.75 -122.50 1.76
vertex 132.73 -122.48 1.76
vertex 132.73 -122.48 1.32
endloop
endfacet
facet normal -0.67 -0.74 0
outer loop
vertex 132.75 -122.50 1.76
vertex 132.73 -122.48 1.32
vertex 132.75 -122.50 1.32
endloop
endfacet
facet normal -0.79 0.61 -9.001757883828756e-14
outer loop
vertex 135.00 -150.46 1.76
vertex 147.67 -133.95 1.76
vertex 147.67 -133.95 1.32
endloop
endfacet
facet normal -0.79 0.61 -9.001757883828756e-14
outer loop
vertex 135.00 -150.46 1.76
vertex 147.67 -133.95 1.32
vertex 147.64 -133.99 1.32
endloop
endfacet
facet normal -0.79 0.61 -9.001757883828756e-14
outer loop
vertex 135.00 -150.46 1.76
vertex 147.64 -133.99 1.32
vertex 135.00 -150.46 1.32
endloop
endfacet
facet normal -0.79 0.61 -9.001757883828756e-14
outer loop
vertex 135.00 -150.46 1.76
vertex 135.00 -150.46 1.32
vertex 135.00 -150.46 1.32
endloop
endfacet
facet normal -0.80 0.60 0
outer loop
vertex 135.00 -150.46 1.76
vertex 135.00 -150.46 1.76
vertex 135.00 -150.46 1.32
endloop
endfacet
facet normal -0.80 0.60 0
outer loop
vertex 135.00 -150.46 1.76
vertex 135.00 -150.46 1.32
vertex 135.00 -150.46 1.32
endloop
endfacet
facet normal -0.82 0.57 0
outer loop
vertex 134.99 -150.47 1.76
vertex 135.00 -150.46 1.76
vertex 135.00 -150.46 1.32
endloop
endfacet
facet normal -0.82 0.57 0
outer loop
vertex 134.99 -150.47 1.76
vertex 135.00 -150.46 1.32
vertex 134.99 -150.47 1.32
endloop
endfacet
facet normal 0 0 -1
outer loop
vertex 138.87 -152.70 1.76
vertex 137.28 -151.79 1.76
vertex 135.17 -150.57 1.76
endloop
endfacet
facet normal 0 0 -1
outer loop
vertex 138.87 -152.70 1.76
vertex 135.17 -150.57 1.76
vertex 134.99 -150.47 1.76
endloop
endfacet
facet normal 0 0 -1
outer loop
vertex 138.87 -152.70 1.76
vertex 134.99 -150.47 1.76
vertex 134.99 -150.47 1.32
endloop
endfacet
facet normal 0 0 -1
outer loop
vertex 138.87 -152.70 1.76
vertex 134.99 -150.47 1.32
vertex 137.14 -151.70 1.32
endloop
endfacet
facet normal 0 0 -1
outer loop
vertex 138.87 -152.70 1.76
vertex 137.14 -151.70 1.32
vertex 138.81 -152.67 1.32
endloop
endfacet
facet normal 0 0 -1
outer loop
vertex 138.87 -152.70 1.76
vertex 138.81 -152.67 1.32
vertex 138.87 -152.70 1.32
endloop
endfacet
facet normal 0 0 -1
outer loop
vertex 143.04 -154.34 1.76
vertex 141.43 -153.70 1.76
vertex 138.94 -152.73 1.76
endloop
endfacet
facet normal 0 0 -1
outer loop
vertex 143.04 -154.34 1.76
vertex 138.94 -152.73 1.76
vertex 138.87 -152.70 1.76
endloop
endfacet
facet normal 0 0 -1
outer loop
vertex 143.04 -154.34 1.76
vertex 138.87 -152.70 1.76
vertex 138.87 -152.70 1.32
endloop
endfacet
facet normal 0 0 -1
outer loop
vertex 143.04 -154.34 1.76
vertex 138.87 -152.70 1.32
vertex 141.32 -153.66 1.32
endloop
endfacet
facet normal 0 0 -1
outer loop
vertex 143.04 -154.34 1.76
vertex 141.32 -153.66 1.32
vertex 142.99 -154.32 1.32
endloop
endfacet
facet normal 0 0 -1
outer loop
vertex 143.04 -154.34 1.76
vertex 142.99 -154.32 1.32
vertex 143.04 -154.34 1.32
endloop
endfacet
facet normal 0 0 1
outer loop
vertex 147.41 -155.33 1.76
vertex 145.98 -155.01 1.76
vertex 143.09 -154.35 1.76
endloop
endfacet
facet normal 0 0 1
outer loop
vertex 147.41 -155.33 1.76
vertex 143.09 -154.35 1.76
vertex 143.04 -154.34 1.76
endloop
endfacet
facet normal 0 0 1
outer loop
vertex 147.41 -155.33 1.76
vertex 143.04 -154.34 1.76
vertex 143.04 -154.34 1.32
endloop
endfacet
facet normal 0 0 1
outer loop
vertex 147.41 -155.33 1.76
vertex 143.04 -154.34 1.32
vertex 145.92 -154.99 1.32
endloop
endfacet
facet normal 0 0 1
outer loop
vertex 147.41 -155.33 1.76
vertex 145.92 -154.99 1.32
vertex 147.38 -155.33 1.32
endloop
endfacet
facet normal 0 0 1
outer loop
vertex 147.41 -155.33 1.76
vertex 147.38 -155.33 1.32
vertex 147.41 -155.33 1.32
endloop
endfacet
facet normal 0 0 -1
outer loop
vertex 151.87 -155.67 1.76
vertex 151.86 -155.66 1.76
vertex 147.43 -155.33 1.76
endloop
endfacet
facet normal 0 0 -1
outer loop
vertex 151.87 -155.67 1.76
vertex 147.43 -155.33 1.76
vertex 147.41 -155.33 1.76
endloop
endfacet
facet normal 0 0 -1
outer loop
vertex 151.87 -155.67 1.76
vertex 147.41 -155.33 1.76
vertex 147.41 -155.33 1.32
endloop
endfacet
facet normal 0 0 -1
outer loop
vertex 151.87 -155.67 1.76
vertex 147.41 -155.33 1.32
vertex 151.87 -155.67 1.32
endloop
endfacet
facet normal 0 0 -1
outer loop
vertex 151.87 -155.67 1.76
vertex 151.87 -155.67 1.32
vertex 151.87 -155.67 1.32
endloop
endfacet
facet normal 0 0 1
outer loop
vertex 156.33 -155.33 1.76
vertex 156.31 -155.33 1.76
vertex 151.88 -155.66 1.76
endloop
endfacet
facet normal 0 0 1
outer loop
vertex 156.33 -155.33 1.76
vertex 151.88 -155.66 1.76
vertex 151.87 -155.67 1.76
endloop
endfacet
facet normal 0 0 1
outer loop
vertex 156.33 -155.33 1.76
vertex 151.87 -155.67 1.76
vertex 151.87 -155.67 1.32
endloop
endfacet
facet normal 0 0 1
outer loop
vertex 156.33 -155.33 1.76
vertex 151.87 -155.67 1.32
vertex 151.87 -155.67 1.32
endloop
endfacet
facet normal 0 0 1
outer loop
vertex 156.33 -155.33 1.76
vertex 151.87 -155.67 1.32
vertex 156.33 -155.33 1.32
endloop
endfacet
facet normal 0 0 1
outer loop
vertex 160.70 -154.34 1.76
vertex 160.65 -154.35 1.76
vertex 157.76 -155.01 1.76
endloop
endfacet
facet normal 0 0 1
outer loop
vertex 160.70 -154.34 1.76
vertex 157.76 -155.01 1.76
vertex 156.33 -155.33 1.76
endloop
endfacet
facet normal 0 0 1
outer loop
vertex 160.70 -154.34 1.76
vertex 156.33 -155.33 1.76
vertex 156.33 -155.33 1.32
endloop
endfacet
facet normal 0 0 1
outer loop
vertex 160.70 -154.34 1.76
vertex 156.33 -155.33 1.32
vertex 156.36 -155.33 1.32
endloop
endfacet
facet normal 0 0 1
outer loop
vertex 160.70 -154.34 1.76
vertex 156.36 -155.33 1.32
vertex 157.82 -154.99 1.32
endloop
endfacet
facet normal 0 0 1
outer loop
vertex 160.70 -154.34 1.76
vertex 157.82 -154.99 1.32
vertex 160.70 -154.34 1.32
endloop
endfacet
facet normal 0 0 1
outer loop
vertex 164.87 -152.70 1.76
vertex 164.80 -152.73 1.76
vertex 162.31 -153.70 1.76
endloop
endfacet
facet normal 0 0 1
outer loop
vertex 164.87 -152.70 1.76
vertex 162.31 -153.70 1.76
vertex 160.70 -154.34 1.76
endloop
endfacet
facet normal 0 0 1
outer loop
vertex 164.87 -152.70 1.76
vertex 160.70 -154.34 1.76
vertex 160.70 -154.34 1.32
endloop
endfacet
facet normal 0 0 1
outer loop
vertex 164.87 -152.70 1.76
vertex 160.70 -154.34 1.32
vertex 160.75 -154.32 1.32
endloop
endfacet
facet normal 0 0 1
outer loop
vertex 164.87 -152.70 1.76
vertex 160.75 -154.32 1.32
vertex 162.42 -153.66 1.32
endloop
endfacet
facet normal 0 0 1
outer loop
vertex 164.87 -152.70 1.76
vertex 162.42 -153.66 1.32
vertex 164.87 -152.70 1.32
endloop
endfacet
facet normal 0 0 -1
outer loop
vertex 168.75 -150.47 1.76
vertex 168.57 -150.57 1.76
vertex 166.46 -151.79 1.76
endloop
endfacet
facet normal 0 0 -1
outer loop
vertex 168.75 -150.47 1.76
vertex 166.46 -151.79 1.76
vertex 164.87 -152.70 1.76
endloop
endfacet
facet normal 0 0 -1
outer loop
vertex 168.75 -150.47 1.76
vertex 164.87 -152.70 1.76
vertex 164.87 -152.70 1.32
endloop
endfacet
facet normal 0 0 -1
outer loop
vertex 168.75 -150.47 1.76
vertex 164.87 -152.70 1.32
vertex 164.93 -152.67 1.32
endloop
endfacet
facet normal 0 0 -1
outer loop
vertex 168.75 -150.47 1.76
vertex 164.93 -152.67 1.32
vertex 166.60 -151.70 1.32
endloop
endfacet
facet normal 0 0 -1
outer loop
vertex 168.75 -150.47 1.76
vertex 166.60 -151.70 1.32
vertex 168.75 -150.47 1.32
endloop
endfacet
facet normal 0.82 0.57 0
outer loop
vertex 168.74 -150.46 1.76
vertex 168.75 -150.47 1.76
vertex 168.75 -150.47 1.32
endloop
endfacet
facet normal 0.82 0.57 0
outer loop
vertex 168.74 -150.46 1.76
vertex 168.75 -150.47 1.32
vertex 168.74 -150.46 1.32
endloop
endfacet
facet normal 0.80 0.60 0
outer loop
vertex 168.74 -150.46 1.76
vertex 168.74 -150.46 1.76
vertex 168.74 -150.46 1.32
endloop
endfacet
facet normal 0.80 0.60 0
outer loop
vertex 168.74 -150.46 1.76
vertex 168.74 -150.46 1.32
vertex 168.74 -150.46 1.32
endloop
endfacet
facet normal 0.79 0.61 5.587298309454271e-14
outer loop
vertex 156.07 -133.95 1.76
vertex 168.74 -150.46 1.76
vertex 168.74 -150.46 1.32
endloop
endfacet
facet normal 0.79 0.61 5.587298309454271e-14
outer loop
vertex 156.07 -133.95 1.76
vertex 168.74 -150.46 1.32
vertex 168.74 -150.46 1.32
endloop
endfacet
facet normal 0.79 0.61 5.587298309454271e-14
outer loop
vertex 156.07 -133.95 1.76
vertex 168.74 -150.46 1.32
vertex 168.74 -150.46 1.32
endloop
endfacet
facet normal 0.79 0.61 5.587298309454271e-14
outer loop
vertex 156.07 -133.95 1.76
vertex 168.74 -150.46 1.32
vertex 156.10 -133.99 1.32
endloop
endfacet
facet normal 0.79 0.61 5.587298309454271e-14
outer loop
vertex 156.07 -133.95 1.76
vertex 156.10 -133.99 1.32
vertex 156.07 -133.95 1.32
endloop
endfacet
facet normal 0.67 -0.74 0
outer loop
vertex 171.01 -122.48 1.76
vertex 170.99 -122.50 1.76
vertex 170.99 -122.50 1.32
endloop
endfacet
facet normal 0.67 -0.74 0
outer loop
vertex 171.01 -122.48 1.76
vertex 170.99 -122.50 1.32
vertex 171.01 -122.48 1.32
endloop
endfacet
facet normal 0.78 -0.63 0
outer loop
vertex 171.03 -122.46 1.76
vertex 171.01 -122.48 1.76
vertex 171.01 -122.48 1.32
endloop
endfacet
facet normal 0.78 -0.63 0
outer loop
vertex 171.03 -122.46 1.76
vertex 171.01 -122.48 1.32
vertex 171.03 -122.46 1.32
endloop
endfacet
facet normal 0.87 -0.50 0
outer loop
vertex 171.05 -122.43 1.76
vertex 171.03 -122.46 1.76
vertex 171.03 -122.46 1.32
endloop
endfacet
facet normal 0.87 -0.50 0
outer loop
vertex 171.05 -122.43 1.76
vertex 171.03 -122.46 1.32
vertex 171.05 -122.43 1.32
endloop
endfacet
facet normal 0.94 -0.35 0
outer loop
vertex 171.06 -122.40 1.76
vertex 171.05 -122.43 1.76
vertex 171.05 -122.43 1.32
endloop
endfacet
facet normal 0.94 -0.35 0
outer loop
vertex 171.06 -122.40 1.76
vertex 171.05 -122.43 1.32
vertex 171.06 -122.40 1.32
endloop
endfacet
facet normal 0.98 -0.20 0
outer loop
vertex 171.06 -122.37 1.76
vertex 171.06 -122.40 1.76
vertex 171.06 -122.40 1.32
endloop
endfacet
facet normal 0.98 -0.20 0
outer loop
vertex 171.06 -122.37 1.76
vertex 171.06 -122.40 1.32
vertex 171.06 -122.37 1.32
endloop
endfacet
facet normal 0 0 -1
outer loop
vertex 171.07 -122.34 1.76
vertex 171.06 -122.34 1.76
vertex 171.06 -122.37 1.76
endloop
endfacet
facet normal 0 0 -1
outer loop
vertex 171.07 -122.34 1.76
vertex 171.06 -122.37 1.76
vertex 171.06 -122.37 1.32
endloop
endfacet
facet normal 0 0 -1
outer loop
vertex 171.07 -122.34 1.76
vertex 171.06 -122.37 1.32
vertex 171.07 -122.34 1.32
endloop
endfacet
facet normal 0 0 1
outer loop
vertex 170.82 -116.18 1.76
vertex 170.83 -116.19 1.76
vertex 171.07 -122.34 1.76
endloop
endfacet
facet normal 0 0 1
outer loop
vertex 170.82 -116.18 1.76
vertex 171.07 -122.34 1.76
vertex 171.07 -122.34 1.32
endloop
endfacet
facet normal 0 0 1
outer loop
vertex 170.82 -116.18 1.76
vertex 171.07 -122.34 1.32
vertex 170.82 -116.18 1.32
endloop
endfacet
facet normal 1.00 0.10 0
outer loop
vertex 170.82 -116.15 1.76
vertex 170.82 -116.18 1.76
vertex 170.82 -116.18 1.32
endloop
endfacet
facet normal 1.00 0.10 0
outer loop
vertex 170.82 -116.15 1.76
vertex 170.82 -116.18 1.32
vertex 170.82 -116.15 1.32
endloop
endfacet
facet normal 0.98 0.21 0
outer loop
vertex 170.82 -116.13 1.76
vertex 170.82 -116.15 1.76
vertex 170.82 -116.15 1.32
endloop
endfacet
facet normal 0.98 0.21 0
outer loop
vertex 170.82 -116.13 1.76
vertex 170.82 -116.15 1.32
vertex 170.82 -116.13 1.32
endloop
endfacet
facet normal 0.94 0.33 0
outer loop
vertex 170.81 -116.11 1.76
vertex 170.82 -116.13 1.76
vertex 170.82 -116.13 1.32
endloop
endfacet
facet normal 0.94 0.33 0
outer loop
vertex 170.81 -116.11 1.76
vertex 170.82 -116.13 1.32
vertex 170.81 -116.11 1.32
endloop
endfacet
facet normal 0.92 0.38 5.878468210868803e-13
outer loop
vertex 156.34 -81.19 1.76
vertex 170.81 -116.11 1.76
vertex 170.81 -116.11 1.32
endloop
endfacet
facet normal 0.92 0.38 5.878468210868803e-13
outer loop
vertex 156.34 -81.19 1.76
vertex 170.81 -116.11 1.32
vertex 156.39 -81.29 1.32
endloop
endfacet
facet normal 0.92 0.38 5.878468210868803e-13
outer loop
vertex 156.34 -81.19 1.76
vertex 156.39 -81.29 1.32
vertex 156.34 -81.19 1.32
endloop
endfacet
facet normal 0.45 -0.89 0
outer loop
vertex 173.74 -73.98 1.76
vertex 173.71 -73.99 1.76
vertex 173.71 -73.99 1.32
endloop
endfacet
facet normal 0.45 -0.89 0
outer loop
vertex 173.74 -73.98 1.76
vertex 173.71 -73.99 1.32
vertex 173.74 -73.98 1.32
endloop
endfacet
facet normal 0.59 -0.81 0
outer loop
vertex 173.77 -73.96 1.76
vertex 173.74 -73.98 1.76
vertex 173.74 -73.98 1.32
endloop
endfacet
facet normal 0.59 -0.81 0
outer loop
vertex 173.77 -73.96 1.76
vertex 173.74 -73.98 1.32
vertex 173.77 -73.96 1.32
endloop
endfacet
facet normal 0.71 -0.71 0
outer loop
vertex 173.79 -73.94 1.76
vertex 173.77 -73.96 1.76
vertex 173.77 -73.96 1.32
endloop
endfacet
facet normal 0.71 -0.71 0
outer loop
vertex 173.79 -73.94 1.76
vertex 173.77 -73.96 1.32
vertex 173.79 -73.94 1.32
endloop
endfacet
facet normal 0.81 -0.59 0
outer loop
vertex 173.81 -73.91 1.76
vertex 173.79 -73.94 1.76
vertex 173.79 -73.94 1.32
endloop
endfacet
facet normal 0.81 -0.59 0
outer loop
vertex 173.81 -73.91 1.76
vertex 173.79 -73.94 1.32
vertex 173.81 -73.91 1.32
endloop
endfacet
facet normal 0.89 -0.45 0
outer loop
vertex 173.82 -73.88 1.76
vertex 173.81 -73.91 1.76
vertex 173.81 -73.91 1.32
endloop
endfacet
facet normal 0.89 -0.45 0
outer loop
vertex 173.82 -73.88 1.76
vertex 173.81 -73.91 1.32
vertex 173.82 -73.88 1.32
endloop
endfacet
facet normal 0.95 -0.31 0
outer loop
vertex 173.83 -73.85 1.76
vertex 173.82 -73.88 1.76
vertex 173.82 -73.88 1.32
endloop
endfacet
facet normal 0.95 -0.31 0
outer loop
vertex 173.83 -73.85 1.76
vertex 173.82 -73.88 1.32
vertex 173.83 -73.85 1.32
endloop
endfacet
facet normal 0.99 -0.16 0
outer loop
vertex 173.84 -73.82 1.76
vertex 173.83 -73.85 1.76
vertex 173.83 -73.85 1.32
endloop
endfacet
facet normal 0.99 -0.16 0
outer loop
vertex 173.84 -73.82 1.76
vertex 173.83 -73.85 1.32
vertex 173.84 -73.82 1.32
endloop
endfacet
facet normal 0 0 1
outer loop
vertex 173.84 -73.79 1.76
vertex 173.84 -73.81 1.76
vertex 173.84 -73.82 1.76
endloop
endfacet
facet normal 0 0 1
outer loop
vertex 173.84 -73.79 1.76
vertex 173.84 -73.82 1.76
vertex 173.84 -73.82 1.32
endloop
endfacet
facet normal 0 0 1
outer loop
vertex 173.84 -73.79 1.76
vertex 173.84 -73.82 1.32
vertex 173.84 -73.79 1.32
endloop
endfacet
facet normal 0.99 0.16 0
outer loop
vertex 173.83 -73.76 1.76
vertex 173.84 -73.79 1.76
vertex 173.84 -73.79 1.32
endloop
endfacet
facet normal 0.99 0.16 0
outer loop
vertex 173.83 -73.76 1.76
vertex 173.84 -73.79 1.32
vertex 173.83 -73.76 1.32
endloop
endfacet
facet normal 0.95 0.31 3.1489172815520344e-14
outer loop
vertex 173.82 -73.73 1.76
vertex 173.83 -73.76 1.76
vertex 173.83 -73.76 1.32
endloop
endfacet
facet normal 0.95 0.31 3.1489172815520344e-14
outer loop
vertex 173.82 -73.73 1.76
vertex 173.83 -73.76 1.32
vertex 173.82 -73.73 1.32
endloop
endfacet
facet normal 0.95 0.31 3.1489172815520344e-14
outer loop
vertex 173.82 -73.73 1.76
vertex 173.82 -73.73 1.32
vertex 173.82 -73.73 1.32
endloop
endfacet
facet normal 0.92 0.38 0.00
outer loop
vertex 169.05 -62.22 1.76
vertex 173.82 -73.73 1.76
vertex 173.82 -73.73 1.32
endloop
endfacet
facet normal 0.92 0.38 0.00
outer loop
vertex 169.05 -62.22 1.76
vertex 173.82 -73.73 1.32
vertex 173.80 -73.69 1.32
endloop
endfacet
facet normal 0.92 0.38 0.00
outer loop
vertex 169.05 -62.22 1.76
vertex 173.80 -73.69 1.32
vertex 169.10 -62.33 1.32
endloop
endfacet
facet normal 0.92 0.38 0.00
outer loop
vertex 169.05 -62.22 1.76
vertex 169.10 -62.33 1.32
vertex 169.05 -62.22 1.32
endloop
endfacet
facet normal 0.44 -0.90 0
outer loop
vertex 188.53 -54.64 1.76
vertex 188.50 -54.66 1.76
vertex 188.50 -54.66 1.32
endloop
endfacet
facet normal 0.44 -0.90 0
outer loop
vertex 188.53 -54.64 1.76
vertex 188.50 -54.66 1.32
vertex 188.53 -54.64 1.32
endloop
endfacet
facet normal 0.59 -0.81 0
outer loop
vertex 188.56 -54.62 1.76
vertex 188.53 -54.64 1.76
vertex 188.53 -54.64 1.32
endloop
endfacet
facet normal 0.59 -0.81 0
outer loop
vertex 188.56 -54.62 1.76
vertex 188.53 -54.64 1.32
vertex 188.56 -54.62 1.32
endloop
endfacet
facet normal 0.72 -0.70 0
outer loop
vertex 188.58 -54.60 1.76
vertex 188.56 -54.62 1.76
vertex 188.56 -54.62 1.32
endloop
endfacet
facet normal 0.72 -0.70 0
outer loop
vertex 188.58 -54.60 1.76
vertex 188.56 -54.62 1.32
vertex 188.58 -54.60 1.32
endloop
endfacet
facet normal 0.83 -0.56 0
outer loop
vertex 188.60 -54.57 1.76
vertex 188.58 -54.60 1.76
vertex 188.58 -54.60 1.32
endloop
endfacet
facet normal 0.83 -0.56 0
outer loop
vertex 188.60 -54.57 1.76
vertex 188.58 -54.60 1.32
vertex 188.60 -54.57 1.32
endloop
endfacet
facet normal 0.91 -0.41 0
outer loop
vertex 188.61 -54.54 1.76
vertex 188.60 -54.57 1.76
vertex 188.60 -54.57 1.32
endloop
endfacet
facet normal 0.91 -0.41 0
outer loop
vertex 188.61 -54.54 1.76
vertex 188.60 -54.57 1.32
vertex 188.61 -54.54 1.32
endloop
endfacet
facet normal 0.97 -0.25 0
outer loop
vertex 188.62 -54.50 1.76
vertex 188.61 -54.54 1.76
vertex 188.61 -54.54 1.32
endloop
endfacet
facet normal 0.97 -0.25 0
outer loop
vertex 188.62 -54.50 1.76
vertex 188.61 -54.54 1.32
vertex 188.62 -54.50 1.32
endloop
endfacet
facet normal 0 0 -1
outer loop
vertex 188.62 -54.47 1.76
vertex 188.62 -54.47 1.76
vertex 188.62 -54.50 1.76
endloop
endfacet
facet normal 0 0 -1
outer loop
vertex 188.62 -54.47 1.76
vertex 188.62 -54.50 1.76
vertex 188.62 -54.50 1.32
endloop
endfacet
facet normal 0 0 -1
outer loop
vertex 188.62 -54.47 1.76
vertex 188.62 -54.50 1.32
vertex 188.62 -54.47 1.32
endloop
endfacet
facet normal 1.00 0.09 0
outer loop
vertex 188.62 -54.43 1.76
vertex 188.62 -54.47 1.76
vertex 188.62 -54.47 1.32
endloop
endfacet
facet normal 1.00 0.09 0
outer loop
vertex 188.62 -54.43 1.76
vertex 188.62 -54.47 1.32
vertex 188.62 -54.43 1.32
endloop
endfacet
facet normal 0.97 0.26 0
outer loop
vertex 188.61 -54.40 1.76
vertex 188.62 -54.43 1.76
vertex 188.62 -54.43 1.32
endloop
endfacet
facet normal 0.97 0.26 0
outer loop
vertex 188.61 -54.40 1.76
vertex 188.62 -54.43 1.32
vertex 188.61 -54.40 1.32
endloop
endfacet
facet normal 0.94 0.34 0
outer loop
vertex 182.60 -37.87 1.7
vertex 182.60 -37.87 1.76
vertex 188.61 -54.40 1.76
endloop
endfacet
facet normal 0.94 0.34 0
outer loop
vertex 182.60 -37.87 1.7
vertex 188.61 -54.40 1.76
vertex 188.61 -54.40 1.32
endloop
endfacet
facet normal 0.94 0.34 0
outer loop
vertex 182.60 -37.87 1.7
vertex 188.61 -54.40 1.32
vertex 182.60 -37.87 1.32
endloop
endfacet
facet normal 0 0 -1
outer loop
vertex 168.74 -150.46 1.32
vertex 168.74 -150.46 1.32
vertex 168.75 -150.47 1.32
endloop
endfacet
facet normal 0 0 -1
outer loop
vertex 168.74 -150.46 1.32
vertex 168.75 -150.47 1.32
vertex 166.60 -151.70 1.32
endloop
endfacet
facet normal 0 0 -1
outer loop
vertex 168.74 -150.46 1.32
vertex 166.60 -151.70 1.32
vertex 168.74 -150.46 1.32
endloop
endfacet
facet normal 0 0 -1
outer loop
vertex 137.14 -151.70 1.32
vertex 134.99 -150.47 1.32
vertex 135.00 -150.46 1.32
endloop
endfacet
facet normal 0 0 -1
outer loop
vertex 137.14 -151.70 1.32
vertex 135.00 -150.46 1.32
vertex 135.00 -150.46 1.32
endloop
endfacet
facet normal 0 0 -1
outer loop
vertex 137.14 -151.70 1.32
vertex 135.00 -150.46 1.32
vertex 135.00 -150.46 1.32
endloop
endfacet
facet normal 0 0 -1
outer loop
vertex 141.32 -153.66 1.32
vertex 138.87 -152.70 1.32
vertex 138.81 -152.67 1.32
endloop
endfacet
facet normal 0 0 -1
outer loop
vertex 164.87 -152.70 1.32
vertex 162.42 -153.66 1.32
vertex 164.93 -152.67 1.32
endloop
endfacet
facet normal 0 0 -1
outer loop
vertex 145.92 -154.99 1.32
vertex 143.04 -154.34 1.32
vertex 142.99 -154.32 1.32
endloop
endfacet
facet normal 0 0 -1
outer loop
vertex 160.70 -154.34 1.32
vertex 157.82 -154.99 1.32
vertex 160.75 -154.32 1.32
endloop
endfacet
facet normal 0 0 -1
outer loop
vertex 151.87 -155.67 1.32
vertex 151.87 -155.67 1.32
vertex 147.41 -155.33 1.32
endloop
endfacet
facet normal 0 0 -1
outer loop
vertex 151.87 -155.67 1.32
vertex 147.41 -155.33 1.32
vertex 147.38 -155.33 1.32
endloop
endfacet
facet normal 0 0 -1
outer loop
vertex 156.33 -155.33 1.32
vertex 151.87 -155.67 1.32
vertex 151.87 -155.67 1.32
endloop
endfacet
facet normal 0 0 -1
outer loop
vertex 156.33 -155.33 1.32
vertex 151.87 -155.67 1.32
vertex 156.36 -155.33 1.32
endloop
endfacet
facet normal 0 0 1
outer loop
vertex 156.38 -155.32 1.32
vertex 157.82 -154.99 1.32
vertex 156.36 -155.33 1.32
endloop
endfacet
facet normal 0 0 1
outer loop
vertex 145.92 -154.99 1.32
vertex 145.95 -155.00 1.32
vertex 147.36 -155.32 1.32
endloop
endfacet
facet normal 0 0 1
outer loop
vertex 145.92 -154.99 1.32
vertex 147.36 -155.32 1.32
vertex 147.38 -155.33 1.32
endloop
endfacet
facet normal 0 0 1
outer loop
vertex 160.80 -154.31 1.32
vertex 162.42 -153.66 1.32
vertex 160.75 -154.32 1.32
endloop
endfacet
facet normal 0 0 1
outer loop
vertex 141.32 -153.66 1.32
vertex 142.95 -154.31 1.32
vertex 142.99 -154.32 1.32
endloop
endfacet
facet normal 0 0 1
outer loop
vertex 137.14 -151.70 1.32
vertex 138.74 -152.64 1.32
vertex 138.81 -152.67 1.32
endloop
endfacet
facet normal 0 0 1
outer loop
vertex 165.00 -152.64 1.32
vertex 166.60 -151.70 1.32
vertex 164.93 -152.67 1.32
endloop
endfacet
facet normal 0 0 1
outer loop
vertex 168.74 -150.46 1.32
vertex 168.74 -150.46 1.32
vertex 168.74 -150.46 1.32
endloop
endfacet
facet normal 0 0 1
outer loop
vertex 147.64 -133.99 1.32
vertex 147.39 -133.99 1.32
vertex 134.84 -150.34 1.32
endloop
endfacet
facet normal 0 0 1
outer loop
vertex 147.64 -133.99 1.32
vertex 134.84 -150.34 1.32
vertex 134.83 -150.35 1.32
endloop
endfacet
facet normal 0 0 1
outer loop
vertex 147.64 -133.99 1.32
vertex 134.83 -150.35 1.32
vertex 134.83 -150.35 1.32
endloop
endfacet
facet normal 0 0 1
outer loop
vertex 147.64 -133.99 1.32
vertex 134.83 -150.35 1.32
vertex 135.00 -150.46 1.32
endloop
endfacet
facet normal 0 0 1
outer loop
vertex 168.74 -150.46 1.32
vertex 168.91 -150.35 1.32
vertex 168.91 -150.35 1.32
endloop
endfacet
facet normal 0 0 1
outer loop
vertex 168.74 -150.46 1.32
vertex 168.91 -150.35 1.32
vertex 168.90 -150.34 1.32
endloop
endfacet
facet normal 0 0 1
outer loop
vertex 168.74 -150.46 1.32
vertex 168.90 -150.34 1.32
vertex 156.35 -133.99 1.32
endloop
endfacet
facet normal 0 0 1
outer loop
vertex 168.74 -150.46 1.32
vertex 156.35 -133.99 1.32
vertex 156.10 -133.99 1.32
endloop
endfacet
facet normal 0 0 1
outer loop
vertex 168.74 -150.46 1.32
vertex 156.10 -133.99 1.32
vertex 168.74 -150.46 1.32
endloop
endfacet
facet normal 0 0 1
outer loop
vertex 147.64 -133.99 1.32
vertex 147.67 -133.95 1.32
vertex 141.50 -129.21 1.32
endloop
endfacet
facet normal 0 0 1
outer loop
vertex 147.64 -133.99 1.32
vertex 141.50 -129.21 1.32
vertex 141.27 -129.21 1.32
endloop
endfacet
facet normal 0 0 1
outer loop
vertex 147.64 -133.99 1.32
vertex 141.27 -129.21 1.32
vertex 141.28 -129.30 1.32
endloop
endfacet
facet normal 0 0 1
outer loop
vertex 147.64 -133.99 1.32
vertex 141.28 -129.30 1.32
vertex 147.39 -133.99 1.32
endloop
endfacet
facet normal 0 0 1
outer loop
vertex 156.35 -133.99 1.32
vertex 162.46 -129.30 1.32
vertex 162.47 -129.21 1.32
endloop
endfacet
facet normal 0 0 1
outer loop
vertex 156.35 -133.99 1.32
vertex 162.47 -129.21 1.32
vertex 162.24 -129.21 1.32
endloop
endfacet
facet normal 0 0 1
outer loop
vertex 156.35 -133.99 1.32
vertex 162.24 -129.21 1.32
vertex 156.07 -133.95 1.32
endloop
endfacet
facet normal 0 0 1
outer loop
vertex 156.35 -133.99 1.32
vertex 156.07 -133.95 1.32
vertex 156.10 -133.99 1.32
endloop
endfacet
facet normal 0 0 1
outer loop
vertex 141.50 -129.21 1.32
vertex 141.31 -129.07 1.32
vertex 141.21 -129.07 1.32
endloop
endfacet
facet normal 0 0 1
outer loop
vertex 141.50 -129.21 1.32
vertex 141.21 -129.07 1.32
vertex 141.27 -129.21 1.32
endloop
endfacet
facet normal 0 0 1
outer loop
vertex 162.47 -129.21 1.32
vertex 162.53 -129.07 1.32
vertex 162.43 -129.07 1.32
endloop
endfacet
facet normal 0 0 1
outer loop
vertex 162.47 -129.21 1.32
vertex 162.43 -129.07 1.32
vertex 162.24 -129.21 1.32
endloop
endfacet
facet normal 0 0 1
outer loop
vertex 141.31 -129.07 1.32
vertex 141.13 -128.93 1.32
vertex 141.21 -129.07 1.32
endloop
endfacet
facet normal 0 0 1
outer loop
vertex 162.53 -129.07 1.32
vertex 162.61 -128.93 1.32
vertex 162.43 -129.07 1.32
endloop
endfacet
facet normal 0 0 1
outer loop
vertex 139.40 -127.60 1.32
vertex 139.30 -127.60 1.32
vertex 139.45 -127.64 1.32
endloop
endfacet
facet normal 0 0 1
outer loop
vertex 164.44 -127.60 1.32
vertex 164.34 -127.60 1.32
vertex 164.29 -127.64 1.32
endloop
endfacet
facet normal 0 0 1
outer loop
vertex 139.14 -127.58 1.32
vertex 139.05 -127.58 1.32
vertex 139.05 -127.59 1.32
endloop
endfacet
facet normal 0 0 1
outer loop
vertex 139.40 -127.60 1.32
vertex 139.37 -127.58 1.32
vertex 139.14 -127.58 1.32
endloop
endfacet
facet normal 0 0 1
outer loop
vertex 139.40 -127.60 1.32
vertex 139.14 -127.58 1.32
vertex 139.30 -127.60 1.32
endloop
endfacet
facet normal 0 0 1
outer loop
vertex 164.44 -127.60 1.32
vertex 164.60 -127.58 1.32
vertex 164.37 -127.58 1.32
endloop
endfacet
facet normal 0 0 1
outer loop
vertex 164.44 -127.60 1.32
vertex 164.37 -127.58 1.32
vertex 164.34 -127.60 1.32
endloop
endfacet
facet normal 0 0 1
outer loop
vertex 164.69 -127.58 1.32
vertex 164.60 -127.58 1.32
vertex 164.69 -127.59 1.32
endloop
endfacet
facet normal 0 4.370371246556755e-17 1
outer loop
vertex 139.14 -127.58 1.32
vertex 139.37 -127.58 1.32
vertex 132.75 -122.50 1.32
endloop
endfacet
facet normal 0 4.370371246556755e-17 1
outer loop
vertex 139.14 -127.58 1.32
vertex 132.75 -122.50 1.32
vertex 132.51 -122.50 1.32
endloop
endfacet
facet normal 0 4.370371246556755e-17 1
outer loop
vertex 139.14 -127.58 1.32
vertex 132.51 -122.50 1.32
vertex 132.51 -122.51 1.32
endloop
endfacet
facet normal 0 4.370371246556755e-17 1
outer loop
vertex 139.14 -127.58 1.32
vertex 132.51 -122.51 1.32
vertex 132.54 -122.57 1.32
endloop
endfacet
facet normal 0 4.370371246556755e-17 1
outer loop
vertex 139.14 -127.58 1.32
vertex 132.54 -122.57 1.32
vertex 132.58 -122.62 1.32
endloop
endfacet
facet normal 0 4.370371246556755e-17 1
outer loop
vertex 139.14 -127.58 1.32
vertex 132.58 -122.62 1.32
vertex 132.63 -122.66 1.32
endloop
endfacet
facet normal 0 4.370371246556755e-17 1
outer loop
vertex 139.14 -127.58 1.32
vertex 132.63 -122.66 1.32
vertex 139.03 -127.57 1.32
endloop
endfacet
facet normal 0 4.370371246556755e-17 1
outer loop
vertex 139.14 -127.58 1.32
vertex 139.03 -127.57 1.32
vertex 139.05 -127.58 1.32
endloop
endfacet
facet normal 0 0 1
outer loop
vertex 164.60 -127.58 1.32
vertex 164.69 -127.58 1.32
vertex 171.11 -122.66 1.32
endloop
endfacet
facet normal 0 0 1
outer loop
vertex 164.60 -127.58 1.32
vertex 171.11 -122.66 1.32
vertex 171.16 -122.62 1.32
endloop
endfacet
facet normal 0 0 1
outer loop
vertex 164.60 -127.58 1.32
vertex 171.16 -122.62 1.32
vertex 171.20 -122.57 1.32
endloop
endfacet
facet normal 0 0 1
outer loop
vertex 164.60 -127.58 1.32
vertex 171.20 -122.57 1.32
vertex 171.23 -122.51 1.32
endloop
endfacet
facet normal 0 0 1
outer loop
vertex 164.60 -127.58 1.32
vertex 171.23 -122.51 1.32
vertex 171.23 -122.50 1.32
endloop
endfacet
facet normal 0 0 1
outer loop
vertex 164.60 -127.58 1.32
vertex 171.23 -122.50 1.32
vertex 170.99 -122.50 1.32
endloop
endfacet
facet normal 0 0 1
outer loop
vertex 164.60 -127.58 1.32
vertex 170.99 -122.50 1.32
vertex 164.37 -127.58 1.32
endloop
endfacet
facet normal 0 0 1
outer loop
vertex 132.75 -122.50 1.32
vertex 132.73 -122.48 1.32
vertex 132.50 -122.48 1.32
endloop
endfacet
facet normal 0 0 1
outer loop
vertex 132.75 -122.50 1.32
vertex 132.50 -122.48 1.32
vertex 132.51 -122.50 1.32
endloop
endfacet
facet normal 0 0 1
outer loop
vertex 171.23 -122.50 1.32
vertex 171.24 -122.48 1.32
vertex 171.01 -122.48 1.32
endloop
endfacet
facet normal 0 0 1
outer loop
vertex 171.23 -122.50 1.32
vertex 171.01 -122.48 1.32
vertex 170.99 -122.50 1.32
endloop
endfacet
facet normal 0 0 1
outer loop
vertex 132.73 -122.48 1.32
vertex 132.71 -122.46 1.32
vertex 132.49 -122.46 1.32
endloop
endfacet
facet normal 0 0 1
outer loop
vertex 132.73 -122.48 1.32
vertex 132.49 -122.46 1.32
vertex 132.50 -122.48 1.32
endloop
endfacet
facet normal 0 0 1
outer loop
vertex 171.24 -122.48 1.32
vertex 171.25 -122.46 1.32
vertex 171.03 -122.46 1.32
endloop
endfacet
facet normal 0 0 1
outer loop
vertex 171.24 -122.48 1.32
vertex 171.03 -122.46 1.32
vertex 171.01 -122.48 1.32
endloop
endfacet
facet normal 0 0 1
outer loop
vertex 132.71 -122.46 1.32
vertex 132.69 -122.43 1.32
vertex 132.49 -122.43 1.32
endloop
endfacet
facet normal 0 0 1
outer loop
vertex 132.71 -122.46 1.32
vertex 132.49 -122.43 1.32
vertex 132.49 -122.46 1.32
endloop
endfacet
facet normal 0 0 1
outer loop
vertex 132.71 -122.46 1.32
vertex 132.49 -122.46 1.32
vertex 132.49 -122.46 1.32
endloop
endfacet
facet normal 0 0 1
outer loop
vertex 171.25 -122.46 1.32
vertex 171.25 -122.46 1.32
vertex 171.25 -122.43 1.32
endloop
endfacet
facet normal 0 0 1
outer loop
vertex 171.25 -122.46 1.32
vertex 171.25 -122.43 1.32
vertex 171.05 -122.43 1.32
endloop
endfacet
facet normal 0 0 1
outer loop
vertex 171.25 -122.46 1.32
vertex 171.05 -122.43 1.32
vertex 171.03 -122.46 1.32
endloop
endfacet
facet normal 0 0 1
outer loop
vertex 132.69 -122.43 1.32
vertex 132.68 -122.40 1.32
vertex 132.48 -122.40 1.32
endloop
endfacet
facet normal 0 0 1
outer loop
vertex 132.69 -122.43 1.32
vertex 132.48 -122.40 1.32
vertex 132.49 -122.43 1.32
endloop
endfacet
facet normal 0 0 1
outer loop
vertex 171.25 -122.43 1.32
vertex 171.26 -122.40 1.32
vertex 171.06 -122.40 1.32
endloop
endfacet
facet normal 0 0 1
outer loop
vertex 171.25 -122.43 1.32
vertex 171.06 -122.40 1.32
vertex 171.05 -122.43 1.32
endloop
endfacet
facet normal 0 0 1
outer loop
vertex 171.26 -122.40 1.32
vertex 171.26 -122.39 1.32
vertex 171.26 -122.37 1.32
endloop
endfacet
facet normal 0 0 1
outer loop
vertex 171.26 -122.40 1.32
vertex 171.26 -122.37 1.32
vertex 171.06 -122.37 1.32
endloop
endfacet
facet normal 0 0 1
outer loop
vertex 171.26 -122.40 1.32
vertex 171.06 -122.37 1.32
vertex 171.06 -122.40 1.32
endloop
endfacet
facet normal 0 0 1
outer loop
vertex 132.68 -122.40 1.32
vertex 132.68 -122.37 1.32
vertex 132.48 -122.37 1.32
endloop
endfacet
facet normal 0 0 1
outer loop
vertex 132.68 -122.40 1.32
vertex 132.48 -122.37 1.32
vertex 132.48 -122.39 1.32
endloop
endfacet
facet normal 0 0 1
outer loop
vertex 132.68 -122.40 1.32
vertex 132.48 -122.39 1.32
vertex 132.48 -122.40 1.32
endloop
endfacet
facet normal 0 0 1
outer loop
vertex 171.26 -122.37 1.32
vertex 171.26 -122.34 1.32
vertex 171.07 -122.34 1.32
endloop
endfacet
facet normal 0 0 1
outer loop
vertex 171.26 -122.37 1.32
vertex 171.07 -122.34 1.32
vertex 171.06 -122.37 1.32
endloop
endfacet
facet normal 0 0 1
outer loop
vertex 132.68 -122.37 1.32
vertex 132.68 -122.34 1.32
vertex 132.48 -122.34 1.32
endloop
endfacet
facet normal 0 0 1
outer loop
vertex 132.68 -122.37 1.32
vertex 132.48 -122.34 1.32
vertex 132.48 -122.37 1.32
endloop
endfacet
facet normal 0 0 1
outer loop
vertex 132.68 -122.34 1.32
vertex 132.92 -116.18 1.32
vertex 132.72 -116.18 1.32
endloop
endfacet
facet normal 0 0 1
outer loop
vertex 132.68 -122.34 1.32
vertex 132.72 -116.18 1.32
vertex 132.48 -122.33 1.32
endloop
endfacet
facet normal 0 0 1
outer loop
vertex 132.68 -122.34 1.32
vertex 132.48 -122.33 1.32
vertex 132.48 -122.34 1.32
endloop
endfacet
facet normal 0 0 1
outer loop
vertex 171.26 -122.34 1.32
vertex 171.26 -122.33 1.32
vertex 171.02 -116.18 1.32
endloop
endfacet
facet normal 0 0 1
outer loop
vertex 171.26 -122.34 1.32
vertex 171.02 -116.18 1.32
vertex 170.82 -116.18 1.32
endloop
endfacet
facet normal 0 0 1
outer loop
vertex 171.26 -122.34 1.32
vertex 170.82 -116.18 1.32
vertex 171.07 -122.34 1.32
endloop
endfacet
facet normal 0 0 1
outer loop
vertex 132.92 -116.18 1.32
vertex 132.92 -116.15 1.32
vertex 132.72 -116.15 1.32
endloop
endfacet
facet normal 0 0 1
outer loop
vertex 132.92 -116.18 1.32
vertex 132.72 -116.15 1.32
vertex 132.72 -116.17 1.32
endloop
endfacet
facet normal 0 0 1
outer loop
vertex 132.92 -116.18 1.32
vertex 132.72 -116.17 1.32
vertex 132.72 -116.18 1.32
endloop
endfacet
facet normal 0 0 1
outer loop
vertex 171.02 -116.18 1.32
vertex 171.02 -116.17 1.32
vertex 171.02 -116.15 1.32
endloop
endfacet
facet normal 0 0 1
outer loop
vertex 171.02 -116.18 1.32
vertex 171.02 -116.15 1.32
vertex 170.82 -116.15 1.32
endloop
endfacet
facet normal 0 0 1
outer loop
vertex 171.02 -116.18 1.32
vertex 170.82 -116.15 1.32
vertex 170.82 -116.18 1.32
endloop
endfacet
facet normal 0 0 1
outer loop
vertex 132.92 -116.15 1.32
vertex 132.92 -116.13 1.32
vertex 132.72 -116.13 1.32
endloop
endfacet
facet normal 0 0 1
outer loop
vertex 132.92 -116.15 1.32
vertex 132.72 -116.13 1.32
vertex 132.72 -116.15 1.32
endloop
endfacet
facet normal 0 0 1
outer loop
vertex 171.02 -116.15 1.32
vertex 171.02 -116.13 1.32
vertex 170.82 -116.13 1.32
endloop
endfacet
facet normal 0 0 1
outer loop
vertex 171.02 -116.15 1.32
vertex 170.82 -116.13 1.32
vertex 170.82 -116.15 1.32
endloop
endfacet
facet normal 0 0 1
outer loop
vertex 132.92 -116.13 1.32
vertex 132.93 -116.11 1.32
vertex 132.72 -116.11 1.32
endloop
endfacet
facet normal 0 0 1
outer loop
vertex 132.92 -116.13 1.32
vertex 132.72 -116.11 1.32
vertex 132.72 -116.12 1.32
endloop
endfacet
facet normal 0 0 1
outer loop
vertex 132.92 -116.13 1.32
vertex 132.72 -116.12 1.32
vertex 132.72 -116.13 1.32
endloop
endfacet
facet normal 0 0 1
outer loop
vertex 171.02 -116.13 1.32
vertex 171.02 -116.12 1.32
vertex 171.02 -116.11 1.32
endloop
endfacet
facet normal 0 0 1
outer loop
vertex 171.02 -116.13 1.32
vertex 171.02 -116.11 1.32
vertex 170.81 -116.11 1.32
endloop
endfacet
facet normal 0 0 1
outer loop
vertex 171.02 -116.13 1.32
vertex 170.81 -116.11 1.32
vertex 170.82 -116.13 1.32
endloop
endfacet
facet normal 0 0 1
outer loop
vertex 132.93 -116.11 1.32
vertex 147.35 -81.29 1.32
vertex 147.13 -81.29 1.32
endloop
endfacet
facet normal 0 0 1
outer loop
vertex 132.93 -116.11 1.32
vertex 147.13 -81.29 1.32
vertex 132.75 -116.03 1.32
endloop
endfacet
facet normal 0 0 1
outer loop
vertex 132.93 -116.11 1.32
vertex 132.75 -116.03 1.32
vertex 132.73 -116.08 1.32
endloop
endfacet
facet normal 0 0 1
outer loop
vertex 132.93 -116.11 1.32
vertex 132.73 -116.08 1.32
vertex 132.72 -116.11 1.32
endloop
endfacet
facet normal 0 0 1
outer loop
vertex 171.02 -116.11 1.32
vertex 171.01 -116.08 1.32
vertex 170.99 -116.03 1.32
endloop
endfacet
facet normal 0 0 1
outer loop
vertex 171.02 -116.11 1.32
vertex 170.99 -116.03 1.32
vertex 156.61 -81.29 1.32
endloop
endfacet
facet normal 0 0 1
outer loop
vertex 171.02 -116.11 1.32
vertex 156.61 -81.29 1.32
vertex 156.39 -81.29 1.32
endloop
endfacet
facet normal 0 0 1
outer loop
vertex 171.02 -116.11 1.32
vertex 156.39 -81.29 1.32
vertex 170.81 -116.11 1.32
endloop
endfacet
facet normal 0 0 1
outer loop
vertex 147.35 -81.29 1.32
vertex 147.40 -81.19 1.32
vertex 140.50 -78.33 1.32
endloop
endfacet
facet normal 0 0 1
outer loop
vertex 147.35 -81.29 1.32
vertex 140.50 -78.33 1.32
vertex 140.02 -78.33 1.32
endloop
endfacet
facet normal 0 0 1
outer loop
vertex 147.35 -81.29 1.32
vertex 140.02 -78.33 1.32
vertex 140.03 -78.35 1.32
endloop
endfacet
facet normal 0 0 1
outer loop
vertex 147.35 -81.29 1.32
vertex 140.03 -78.35 1.32
vertex 147.13 -81.29 1.32
endloop
endfacet
facet normal 0 0 1
outer loop
vertex 156.61 -81.29 1.32
vertex 163.71 -78.35 1.32
vertex 163.72 -78.33 1.32
endloop
endfacet
facet normal 0 0 1
outer loop
vertex 156.61 -81.29 1.32
vertex 163.72 -78.33 1.32
vertex 163.24 -78.33 1.32
endloop
endfacet
facet normal 0 0 1
outer loop
vertex 156.61 -81.29 1.32
vertex 163.24 -78.33 1.32
vertex 156.34 -81.19 1.32
endloop
endfacet
facet normal 0 0 1
outer loop
vertex 156.61 -81.29 1.32
vertex 156.34 -81.19 1.32
vertex 156.39 -81.29 1.32
endloop
endfacet
facet normal 0 0 1
outer loop
vertex 140.50 -78.33 1.32
vertex 140.15 -78.18 1.32
vertex 139.93 -78.18 1.32
endloop
endfacet
facet normal 0 0 1
outer loop
vertex 140.50 -78.33 1.32
vertex 139.93 -78.18 1.32
vertex 140.02 -78.33 1.32
endloop
endfacet
facet normal 0 0 1
outer loop
vertex 163.72 -78.33 1.32
vertex 163.81 -78.18 1.32
vertex 163.59 -78.18 1.32
endloop
endfacet
facet normal 0 0 1
outer loop
vertex 163.72 -78.33 1.32
vertex 163.59 -78.18 1.32
vertex 163.24 -78.33 1.32
endloop
endfacet
facet normal 0 0 1
outer loop
vertex 140.15 -78.18 1.32
vertex 139.84 -78.05 1.32
vertex 139.81 -78.05 1.32
endloop
endfacet
facet normal 0 0 1
outer loop
vertex 140.15 -78.18 1.32
vertex 139.81 -78.05 1.32
vertex 139.93 -78.18 1.32
endloop
endfacet
facet normal 0 0 1
outer loop
vertex 163.81 -78.18 1.32
vertex 163.93 -78.05 1.32
vertex 163.90 -78.05 1.32
endloop
endfacet
facet normal 0 0 1
outer loop
vertex 163.81 -78.18 1.32
vertex 163.90 -78.05 1.32
vertex 163.59 -78.18 1.32
endloop
endfacet
facet normal 0 0 1
outer loop
vertex 139.84 -78.05 1.32
vertex 139.78 -78.03 1.32
vertex 139.81 -78.05 1.32
endloop
endfacet
facet normal 0 0 1
outer loop
vertex 163.93 -78.05 1.32
vertex 163.96 -78.03 1.32
vertex 163.90 -78.05 1.32
endloop
endfacet
facet normal 0 0 1
outer loop
vertex 137.45 -77.26 1.32
vertex 137.41 -77.26 1.32
vertex 137.43 -77.27 1.32
endloop
endfacet
facet normal 0 0 1
outer loop
vertex 166.34 -77.26 1.32
vertex 166.29 -77.26 1.32
vertex 166.31 -77.27 1.32
endloop
endfacet
facet normal 0 0 1
outer loop
vertex 137.45 -77.26 1.32
vertex 137.62 -77.23 1.32
vertex 137.31 -77.23 1.32
endloop
endfacet
facet normal 0 0 1
outer loop
vertex 137.45 -77.26 1.32
vertex 137.31 -77.23 1.32
vertex 137.41 -77.26 1.32
endloop
endfacet
facet normal 0 0 1
outer loop
vertex 166.34 -77.26 1.32
vertex 166.43 -77.23 1.32
vertex 166.12 -77.23 1.32
endloop
endfacet
facet normal 0 0 1
outer loop
vertex 166.34 -77.26 1.32
vertex 166.12 -77.23 1.32
vertex 166.29 -77.26 1.32
endloop
endfacet
facet normal 0 0 1
outer loop
vertex 137.62 -77.23 1.32
vertex 137.79 -77.22 1.32
vertex 137.30 -77.22 1.32
endloop
endfacet
facet normal 0 0 1
outer loop
vertex 137.62 -77.23 1.32
vertex 137.30 -77.22 1.32
vertex 137.31 -77.23 1.32
endloop
endfacet
facet normal 0 0 1
outer loop
vertex 137.82 -77.22 1.32
vertex 137.79 -77.22 1.32
vertex 137.83 -77.22 1.32
endloop
endfacet
facet normal 0 0 1
outer loop
vertex 165.95 -77.22 1.32
vertex 165.92 -77.22 1.32
vertex 165.91 -77.22 1.32
endloop
endfacet
facet normal 0 0 1
outer loop
vertex 166.43 -77.23 1.32
vertex 166.44 -77.22 1.32
vertex 165.95 -77.22 1.32
endloop
endfacet
facet normal 0 0 1
outer loop
vertex 166.43 -77.23 1.32
vertex 165.95 -77.22 1.32
vertex 166.12 -77.23 1.32
endloop
endfacet
facet normal 0 6.880597796530588e-17 1
outer loop
vertex 137.79 -77.22 1.32
vertex 137.82 -77.22 1.32
vertex 130.03 -73.99 1.32
endloop
endfacet
facet normal 0 6.880597796530588e-17 1
outer loop
vertex 137.79 -77.22 1.32
vertex 130.03 -73.99 1.32
vertex 129.75 -73.99 1.32
endloop
endfacet
facet normal 0 6.880597796530588e-17 1
outer loop
vertex 137.79 -77.22 1.32
vertex 129.75 -73.99 1.32
vertex 129.79 -74.05 1.32
endloop
endfacet
facet normal 0 6.880597796530588e-17 1
outer loop
vertex 137.79 -77.22 1.32
vertex 129.79 -74.05 1.32
vertex 129.83 -74.10 1.32
endloop
endfacet
facet normal 0 6.880597796530588e-17 1
outer loop
vertex 137.79 -77.22 1.32
vertex 129.83 -74.10 1.32
vertex 129.89 -74.14 1.32
endloop
endfacet
facet normal 0 6.880597796530588e-17 1
outer loop
vertex 137.79 -77.22 1.32
vertex 129.89 -74.14 1.32
vertex 129.95 -74.18 1.32
endloop
endfacet
facet normal 0 6.880597796530588e-17 1
outer loop
vertex 137.79 -77.22 1.32
vertex 129.95 -74.18 1.32
vertex 137.30 -77.22 1.32
endloop
endfacet
facet normal 0 0 1
outer loop
vertex 165.95 -77.22 1.32
vertex 166.44 -77.22 1.32
vertex 173.79 -74.18 1.32
endloop
endfacet
facet normal 0 0 1
outer loop
vertex 165.95 -77.22 1.32
vertex 173.79 -74.18 1.32
vertex 173.85 -74.14 1.32
endloop
endfacet
facet normal 0 0 1
outer loop
vertex 165.95 -77.22 1.32
vertex 173.85 -74.14 1.32
vertex 173.91 -74.10 1.32
endloop
endfacet
facet normal 0 0 1
outer loop
vertex 165.95 -77.22 1.32
vertex 173.91 -74.10 1.32
vertex 173.95 -74.05 1.32
endloop
endfacet
facet normal 0 0 1
outer loop
vertex 165.95 -77.22 1.32
vertex 173.95 -74.05 1.32
vertex 173.99 -73.99 1.32
endloop
endfacet
facet normal 0 0 1
outer loop
vertex 165.95 -77.22 1.32
vertex 173.99 -73.99 1.32
vertex 173.71 -73.99 1.32
endloop
endfacet
facet normal 0 0 1
outer loop
vertex 165.95 -77.22 1.32
vertex 173.71 -73.99 1.32
vertex 165.92 -77.22 1.32
endloop
endfacet
facet normal 0 0 1
outer loop
vertex 165.95 -77.22 1.32
vertex 165.92 -77.22 1.32
vertex 165.92 -77.22 1.32
endloop
endfacet
facet normal 0 0 1
outer loop
vertex 130.03 -73.99 1.32
vertex 130.00 -73.98 1.32
vertex 129.74 -73.98 1.32
endloop
endfacet
facet normal 0 0 1
outer loop
vertex 130.03 -73.99 1.32
vertex 129.74 -73.98 1.32
vertex 129.75 -73.99 1.32
endloop
endfacet
facet normal 0 0 1
outer loop
vertex 130.03 -73.99 1.32
vertex 129.75 -73.99 1.32
vertex 129.75 -73.99 1.32
endloop
endfacet
facet normal 0 0 1
outer loop
vertex 173.99 -73.99 1.32
vertex 173.99 -73.99 1.32
vertex 174.00 -73.98 1.32
endloop
endfacet
facet normal 0 0 1
outer loop
vertex 173.99 -73.99 1.32
vertex 174.00 -73.98 1.32
vertex 173.74 -73.98 1.32
endloop
endfacet
facet normal 0 0 1
outer loop
vertex 173.99 -73.99 1.32
vertex 173.74 -73.98 1.32
vertex 173.71 -73.99 1.32
endloop
endfacet
facet normal 0 0 1
outer loop
vertex 130.00 -73.98 1.32
vertex 129.97 -73.96 1.32
vertex 129.74 -73.96 1.32
endloop
endfacet
facet normal 0 0 1
outer loop
vertex 130.00 -73.98 1.32
vertex 129.74 -73.96 1.32
vertex 129.74 -73.98 1.32
endloop
endfacet
facet normal 0 0 1
outer loop
vertex 174.00 -73.98 1.32
vertex 174.00 -73.96 1.32
vertex 173.77 -73.96 1.32
endloop
endfacet
facet normal 0 0 1
outer loop
vertex 174.00 -73.98 1.32
vertex 173.77 -73.96 1.32
vertex 173.74 -73.98 1.32
endloop
endfacet
facet normal 0 0 1
outer loop
vertex 129.97 -73.96 1.32
vertex 129.95 -73.94 1.32
vertex 129.73 -73.94 1.32
endloop
endfacet
facet normal 0 0 1
outer loop
vertex 129.97 -73.96 1.32
vertex 129.73 -73.94 1.32
vertex 129.74 -73.96 1.32
endloop
endfacet
facet normal 0 0 1
outer loop
vertex 174.00 -73.96 1.32
vertex 174.01 -73.94 1.32
vertex 173.79 -73.94 1.32
endloop
endfacet
facet normal 0 0 1
outer loop
vertex 174.00 -73.96 1.32
vertex 173.79 -73.94 1.32
vertex 173.77 -73.96 1.32
endloop
endfacet
facet normal 0 0 1
outer loop
vertex 129.95 -73.94 1.32
vertex 129.93 -73.91 1.32
vertex 129.72 -73.91 1.32
endloop
endfacet
facet normal 0 0 1
outer loop
vertex 129.95 -73.94 1.32
vertex 129.72 -73.91 1.32
vertex 129.72 -73.93 1.32
endloop
endfacet
facet normal 0 0 1
outer loop
vertex 129.95 -73.94 1.32
vertex 129.72 -73.93 1.32
vertex 129.73 -73.94 1.32
endloop
endfacet
facet normal 0 0 1
outer loop
vertex 174.01 -73.94 1.32
vertex 174.02 -73.93 1.32
vertex 174.02 -73.91 1.32
endloop
endfacet
facet normal 0 0 1
outer loop
vertex 174.01 -73.94 1.32
vertex 174.02 -73.91 1.32
vertex 173.81 -73.91 1.32
endloop
endfacet
facet normal 0 0 1
outer loop
vertex 174.01 -73.94 1.32
vertex 173.81 -73.91 1.32
vertex 173.79 -73.94 1.32
endloop
endfacet
facet normal 0 0 1
outer loop
vertex 129.93 -73.91 1.32
vertex 129.92 -73.88 1.32
vertex 129.71 -73.88 1.32
endloop
endfacet
facet normal 0 0 1
outer loop
vertex 129.93 -73.91 1.32
vertex 129.71 -73.88 1.32
vertex 129.72 -73.91 1.32
endloop
endfacet
facet normal 0 0 1
outer loop
vertex 174.02 -73.91 1.32
vertex 174.03 -73.88 1.32
vertex 173.82 -73.88 1.32
endloop
endfacet
facet normal 0 0 1
outer loop
vertex 174.02 -73.91 1.32
vertex 173.82 -73.88 1.32
vertex 173.81 -73.91 1.32
endloop
endfacet
facet normal 0 0 1
outer loop
vertex 129.92 -73.88 1.32
vertex 129.91 -73.85 1.32
vertex 129.71 -73.85 1.32
endloop
endfacet
facet normal 0 0 1
outer loop
vertex 129.92 -73.88 1.32
vertex 129.71 -73.85 1.32
vertex 129.71 -73.86 1.32
endloop
endfacet
facet normal 0 0 1
outer loop
vertex 129.92 -73.88 1.32
vertex 129.71 -73.86 1.32
vertex 129.71 -73.88 1.32
endloop
endfacet
facet normal 0 0 1
outer loop
vertex 174.03 -73.88 1.32
vertex 174.03 -73.86 1.32
vertex 174.03 -73.85 1.32
endloop
endfacet
facet normal 0 0 1
outer loop
vertex 174.03 -73.88 1.32
vertex 174.03 -73.85 1.32
vertex 173.83 -73.85 1.32
endloop
endfacet
facet normal 0 0 1
outer loop
vertex 174.03 -73.88 1.32
vertex 173.83 -73.85 1.32
vertex 173.82 -73.88 1.32
endloop
endfacet
facet normal 0 0 1
outer loop
vertex 129.91 -73.85 1.32
vertex 129.90 -73.82 1.32
vertex 129.71 -73.82 1.32
endloop
endfacet
facet normal 0 0 1
outer loop
vertex 129.91 -73.85 1.32
vertex 129.71 -73.82 1.32
vertex 129.71 -73.85 1.32
endloop
endfacet
facet normal 0 0 1
outer loop
vertex 174.03 -73.85 1.32
vertex 174.03 -73.82 1.32
vertex 173.84 -73.82 1.32
endloop
endfacet
facet normal 0 0 1
outer loop
vertex 174.03 -73.85 1.32
vertex 173.84 -73.82 1.32
vertex 173.83 -73.85 1.32
endloop
endfacet
facet normal 0 0 1
outer loop
vertex 129.90 -73.82 1.32
vertex 129.90 -73.79 1.32
vertex 129.70 -73.79 1.32
endloop
endfacet
facet normal 0 0 1
outer loop
vertex 129.90 -73.82 1.32
vertex 129.70 -73.79 1.32
vertex 129.71 -73.82 1.32
endloop
endfacet
facet normal 0 0 1
outer loop
vertex 174.03 -73.82 1.32
vertex 174.04 -73.79 1.32
vertex 173.84 -73.79 1.32
endloop
endfacet
facet normal 0 0 1
outer loop
vertex 174.03 -73.82 1.32
vertex 173.84 -73.79 1.32
vertex 173.84 -73.82 1.32
endloop
endfacet
facet normal 0 0 1
outer loop
vertex 129.90 -73.79 1.32
vertex 129.91 -73.76 1.32
vertex 129.71 -73.76 1.32
endloop
endfacet
facet normal 0 0 1
outer loop
vertex 129.90 -73.79 1.32
vertex 129.71 -73.76 1.32
vertex 129.70 -73.79 1.32
endloop
endfacet
facet normal 0 0 1
outer loop
vertex 129.90 -73.79 1.32
vertex 129.70 -73.79 1.32
vertex 129.70 -73.79 1.32
endloop
endfacet
facet normal 0 0 1
outer loop
vertex 174.04 -73.79 1.32
vertex 174.04 -73.79 1.32
vertex 174.03 -73.76 1.32
endloop
endfacet
facet normal 0 0 1
outer loop
vertex 174.04 -73.79 1.32
vertex 174.03 -73.76 1.32
vertex 173.83 -73.76 1.32
endloop
endfacet
facet normal 0 0 1
outer loop
vertex 174.04 -73.79 1.32
vertex 173.83 -73.76 1.32
vertex 173.84 -73.79 1.32
endloop
endfacet
facet normal 0 0 1
outer loop
vertex 129.91 -73.76 1.32
vertex 129.92 -73.73 1.32
vertex 129.71 -73.73 1.32
endloop
endfacet
facet normal 0 0 1
outer loop
vertex 129.91 -73.76 1.32
vertex 129.71 -73.73 1.32
vertex 129.71 -73.76 1.32
endloop
endfacet
facet normal 0 0 1
outer loop
vertex 174.03 -73.76 1.32
vertex 174.03 -73.73 1.32
vertex 173.82 -73.73 1.32
endloop
endfacet
facet normal 0 0 1
outer loop
vertex 174.03 -73.76 1.32
vertex 173.82 -73.73 1.32
vertex 173.83 -73.76 1.32
endloop
endfacet
facet normal 0 0 1
outer loop
vertex 129.92 -73.73 1.32
vertex 134.64 -62.33 1.32
vertex 134.43 -62.33 1.32
endloop
endfacet
facet normal 0 0 1
outer loop
vertex 129.92 -73.73 1.32
vertex 134.43 -62.33 1.32
vertex 129.73 -73.65 1.32
endloop
endfacet
facet normal 0 0 1
outer loop
vertex 129.92 -73.73 1.32
vertex 129.73 -73.65 1.32
vertex 129.71 -73.72 1.32
endloop
endfacet
facet normal 0 0 1
outer loop
vertex 129.92 -73.73 1.32
vertex 129.71 -73.72 1.32
vertex 129.71 -73.73 1.32
endloop
endfacet
facet normal 0 0 1
outer loop
vertex 174.03 -73.73 1.32
vertex 174.03 -73.72 1.32
vertex 174.01 -73.65 1.32
endloop
endfacet
facet normal 0 0 1
outer loop
vertex 174.03 -73.73 1.32
vertex 174.01 -73.65 1.32
vertex 169.32 -62.33 1.32
endloop
endfacet
facet normal 0 0 1
outer loop
vertex 174.03 -73.73 1.32
vertex 169.32 -62.33 1.32
vertex 169.10 -62.33 1.32
endloop
endfacet
facet normal 0 0 1
outer loop
vertex 174.03 -73.73 1.32
vertex 169.10 -62.33 1.32
vertex 173.80 -73.69 1.32
endloop
endfacet
facet normal 0 0 1
outer loop
vertex 174.03 -73.73 1.32
vertex 173.80 -73.69 1.32
vertex 173.82 -73.73 1.32
endloop
endfacet
facet normal 0 0 1
outer loop
vertex 174.03 -73.73 1.32
vertex 173.82 -73.73 1.32
vertex 173.82 -73.73 1.32
endloop
endfacet
facet normal 0 0 1
outer loop
vertex 134.64 -62.33 1.32
vertex 134.69 -62.22 1.32
vertex 127.75 -59.52 1.32
endloop
endfacet
facet normal 0 0 1
outer loop
vertex 134.64 -62.33 1.32
vertex 127.75 -59.52 1.32
vertex 127.38 -59.52 1.32
endloop
endfacet
facet normal 0 0 1
outer loop
vertex 134.64 -62.33 1.32
vertex 127.38 -59.52 1.32
vertex 127.40 -59.60 1.32
endloop
endfacet
facet normal 0 0 1
outer loop
vertex 134.64 -62.33 1.32
vertex 127.40 -59.60 1.32
vertex 134.43 -62.33 1.32
endloop
endfacet
facet normal 0 0 1
outer loop
vertex 169.32 -62.33 1.32
vertex 176.34 -59.60 1.32
vertex 176.36 -59.52 1.32
endloop
endfacet
facet normal 0 0 1
outer loop
vertex 169.32 -62.33 1.32
vertex 176.36 -59.52 1.32
vertex 175.99 -59.52 1.32
endloop
endfacet
facet normal 0 0 1
outer loop
vertex 169.32 -62.33 1.32
vertex 175.99 -59.52 1.32
vertex 169.05 -62.22 1.32
endloop
endfacet
facet normal 0 0 1
outer loop
vertex 169.32 -62.33 1.32
vertex 169.05 -62.22 1.32
vertex 169.10 -62.33 1.32
endloop
endfacet
facet normal 0 0 1
outer loop
vertex 127.75 -59.52 1.32
vertex 127.33 -59.36 1.32
vertex 127.31 -59.36 1.32
endloop
endfacet
facet normal 0 0 1
outer loop
vertex 127.75 -59.52 1.32
vertex 127.31 -59.36 1.32
vertex 127.38 -59.52 1.32
endloop
endfacet
facet normal 0 0 1
outer loop
vertex 176.36 -59.52 1.32
vertex 176.43 -59.36 1.32
vertex 176.41 -59.36 1.32
endloop
endfacet
facet normal 0 0 1
outer loop
vertex 176.36 -59.52 1.32
vertex 176.41 -59.36 1.32
vertex 175.99 -59.52 1.32
endloop
endfacet
facet normal 0 0 1
outer loop
vertex 176.43 -59.36 1.32
vertex 176.43 -59.35 1.32
vertex 176.41 -59.36 1.32
endloop
endfacet
facet normal 0 0 1
outer loop
vertex 127.33 -59.36 1.32
vertex 127.31 -59.35 1.32
vertex 127.31 -59.36 1.32
endloop
endfacet
facet normal 0 0 1
outer loop
vertex 124.58 -58.36 1.32
vertex 124.21 -58.36 1.32
vertex 124.44 -58.45 1.32
endloop
endfacet
facet normal 0 0 1
outer loop
vertex 179.30 -58.45 1.32
vertex 179.53 -58.36 1.32
vertex 179.16 -58.36 1.32
endloop
endfacet
facet normal 0 0 1
outer loop
vertex 179.30 -58.45 1.32
vertex 179.16 -58.36 1.32
vertex 179.30 -58.45 1.32
endloop
endfacet
facet normal 0 0 1
outer loop
vertex 179.53 -58.36 1.32
vertex 188.57 -54.84 1.32
vertex 188.63 -54.81 1.32
endloop
endfacet
facet normal 0 0 1
outer loop
vertex 179.53 -58.36 1.32
vertex 188.63 -54.81 1.32
vertex 188.69 -54.77 1.32
endloop
endfacet
facet normal 0 0 1
outer loop
vertex 179.53 -58.36 1.32
vertex 188.69 -54.77 1.32
vertex 188.73 -54.72 1.32
endloop
endfacet
facet normal 0 0 1
outer loop
vertex 179.53 -58.36 1.32
vertex 188.73 -54.72 1.32
vertex 188.77 -54.66 1.32
endloop
endfacet
facet normal 0 0 1
outer loop
vertex 179.53 -58.36 1.32
vertex 188.77 -54.66 1.32
vertex 188.78 -54.66 1.32
endloop
endfacet
facet normal 0 0 1
outer loop
vertex 179.53 -58.36 1.32
vertex 188.78 -54.66 1.32
vertex 188.50 -54.66 1.32
endloop
endfacet
facet normal 0 0 1
outer loop
vertex 179.53 -58.36 1.32
vertex 188.50 -54.66 1.32
vertex 179.09 -58.31 1.32
endloop
endfacet
facet normal 0 0 1
outer loop
vertex 179.53 -58.36 1.32
vertex 179.09 -58.31 1.32
vertex 179.07 -58.32 1.32
endloop
endfacet
facet normal 0 0 1
outer loop
vertex 179.53 -58.36 1.32
vertex 179.07 -58.32 1.32
vertex 179.16 -58.36 1.32
endloop
endfacet
facet normal 0 0 1
outer loop
vertex 124.58 -58.36 1.32
vertex 124.67 -58.32 1.32
vertex 115.24 -54.66 1.32
endloop
endfacet
facet normal 0 0 1
outer loop
vertex 124.58 -58.36 1.32
vertex 115.24 -54.66 1.32
vertex 114.96 -54.66 1.32
endloop
endfacet
facet normal 0 0 1
outer loop
vertex 124.58 -58.36 1.32
vertex 114.96 -54.66 1.32
vertex 114.97 -54.66 1.32
endloop
endfacet
facet normal 0 0 1
outer loop
vertex 124.58 -58.36 1.32
vertex 114.97 -54.66 1.32
vertex 115.01 -54.72 1.32
endloop
endfacet
facet normal 0 0 1
outer loop
vertex 124.58 -58.36 1.32
vertex 115.01 -54.72 1.32
vertex 115.05 -54.77 1.32
endloop
endfacet
facet normal 0 0 1
outer loop
vertex 124.58 -58.36 1.32
vertex 115.05 -54.77 1.32
vertex 115.11 -54.81 1.32
endloop
endfacet
facet normal 0 0 1
outer loop
vertex 124.58 -58.36 1.32
vertex 115.11 -54.81 1.32
vertex 115.17 -54.84 1.32
endloop
endfacet
facet normal 0 0 1
outer loop
vertex 124.58 -58.36 1.32
vertex 115.17 -54.84 1.32
vertex 124.21 -58.36 1.32
endloop
endfacet
facet normal 0 0 1
outer loop
vertex 188.78 -54.66 1.32
vertex 188.78 -54.64 1.32
vertex 188.53 -54.64 1.32
endloop
endfacet
facet normal 0 0 1
outer loop
vertex 188.78 -54.66 1.32
vertex 188.53 -54.64 1.32
vertex 188.50 -54.66 1.32
endloop
endfacet
facet normal 0 0 1
outer loop
vertex 115.24 -54.66 1.32
vertex 115.21 -54.64 1.32
vertex 114.96 -54.64 1.32
endloop
endfacet
facet normal 0 0 1
outer loop
vertex 115.24 -54.66 1.32
vertex 114.96 -54.64 1.32
vertex 114.96 -54.66 1.32
endloop
endfacet
facet normal 0 0 1
outer loop
vertex 188.78 -54.64 1.32
vertex 188.79 -54.62 1.32
vertex 188.56 -54.62 1.32
endloop
endfacet
facet normal 0 0 1
outer loop
vertex 188.78 -54.64 1.32
vertex 188.56 -54.62 1.32
vertex 188.53 -54.64 1.32
endloop
endfacet
facet normal 0 0 1
outer loop
vertex 115.21 -54.64 1.32
vertex 115.18 -54.62 1.32
vertex 114.95 -54.62 1.32
endloop
endfacet
facet normal 0 0 1
outer loop
vertex 115.21 -54.64 1.32
vertex 114.95 -54.62 1.32
vertex 114.96 -54.64 1.32
endloop
endfacet
facet normal 0 0 1
outer loop
vertex 188.79 -54.62 1.32
vertex 188.80 -54.60 1.32
vertex 188.80 -54.60 1.32
endloop
endfacet
facet normal 0 0 1
outer loop
vertex 188.79 -54.62 1.32
vertex 188.80 -54.60 1.32
vertex 188.58 -54.60 1.32
endloop
endfacet
facet normal 0 0 1
outer loop
vertex 188.79 -54.62 1.32
vertex 188.58 -54.60 1.32
vertex 188.56 -54.62 1.32
endloop
endfacet
facet normal 0 0 1
outer loop
vertex 115.18 -54.62 1.32
vertex 115.16 -54.60 1.32
vertex 114.94 -54.60 1.32
endloop
endfacet
facet normal 0 0 1
outer loop
vertex 115.18 -54.62 1.32
vertex 114.94 -54.60 1.32
vertex 114.94 -54.60 1.32
endloop
endfacet
facet normal 0 0 1
outer loop
vertex 115.18 -54.62 1.32
vertex 114.94 -54.60 1.32
vertex 114.95 -54.62 1.32
endloop
endfacet
facet normal 0 0 1
outer loop
vertex 188.80 -54.60 1.32
vertex 188.81 -54.57 1.32
vertex 188.60 -54.57 1.32
endloop
endfacet
facet normal 0 0 1
outer loop
vertex 188.80 -54.60 1.32
vertex 188.60 -54.57 1.32
vertex 188.58 -54.60 1.32
endloop
endfacet
facet normal 0 0 1
outer loop
vertex 115.16 -54.60 1.32
vertex 115.14 -54.57 1.32
vertex 114.93 -54.57 1.32
endloop
endfacet
facet normal 0 0 1
outer loop
vertex 115.16 -54.60 1.32
vertex 114.93 -54.57 1.32
vertex 114.94 -54.60 1.32
endloop
endfacet
facet normal 0 0 1
outer loop
vertex 188.81 -54.57 1.32
vertex 188.82 -54.54 1.32
vertex 188.82 -54.54 1.32
endloop
endfacet
facet normal 0 0 1
outer loop
vertex 188.81 -54.57 1.32
vertex 188.82 -54.54 1.32
vertex 188.61 -54.54 1.32
endloop
endfacet
facet normal 0 0 1
outer loop
vertex 188.81 -54.57 1.32
vertex 188.61 -54.54 1.32
vertex 188.60 -54.57 1.32
endloop
endfacet
facet normal 0 0 1
outer loop
vertex 115.14 -54.57 1.32
vertex 115.13 -54.54 1.32
vertex 114.92 -54.54 1.32
endloop
endfacet
facet normal 0 0 1
outer loop
vertex 115.14 -54.57 1.32
vertex 114.92 -54.54 1.32
vertex 114.92 -54.54 1.32
endloop
endfacet
facet normal 0 0 1
outer loop
vertex 115.14 -54.57 1.32
vertex 114.92 -54.54 1.32
vertex 114.93 -54.57 1.32
endloop
endfacet
facet normal 0 0 1
outer loop
vertex 188.82 -54.54 1.32
vertex 188.82 -54.50 1.32
vertex 188.62 -54.50 1.32
endloop
endfacet
facet normal 0 0 1
outer loop
vertex 188.82 -54.54 1.32
vertex 188.62 -54.50 1.32
vertex 188.61 -54.54 1.32
endloop
endfacet
facet normal 0 0 1
outer loop
vertex 115.13 -54.54 1.32
vertex 115.12 -54.50 1.32
vertex 114.92 -54.50 1.32
endloop
endfacet
facet normal 0 0 1
outer loop
vertex 115.13 -54.54 1.32
vertex 114.92 -54.50 1.32
vertex 114.92 -54.54 1.32
endloop
endfacet
facet normal 0 0 1
outer loop
vertex 188.82 -54.50 1.32
vertex 188.82 -54.47 1.32
vertex 188.62 -54.47 1.32
endloop
endfacet
facet normal 0 0 1
outer loop
vertex 188.82 -54.50 1.32
vertex 188.62 -54.47 1.32
vertex 188.62 -54.50 1.32
endloop
endfacet
facet normal 0 0 1
outer loop
vertex 115.12 -54.50 1.32
vertex 115.12 -54.47 1.32
vertex 114.92 -54.47 1.32
endloop
endfacet
facet normal 0 0 1
outer loop
vertex 115.12 -54.50 1.32
vertex 114.92 -54.47 1.32
vertex 114.92 -54.50 1.32
endloop
endfacet
facet normal 0 0 1
outer loop
vertex 188.82 -54.47 1.32
vertex 188.82 -54.47 1.32
vertex 188.82 -54.43 1.32
endloop
endfacet
facet normal 0 0 1
outer loop
vertex 188.82 -54.47 1.32
vertex 188.82 -54.43 1.32
vertex 188.62 -54.43 1.32
endloop
endfacet
facet normal 0 0 1
outer loop
vertex 188.82 -54.47 1.32
vertex 188.62 -54.43 1.32
vertex 188.62 -54.47 1.32
endloop
endfacet
facet normal 0 0 1
outer loop
vertex 115.12 -54.47 1.32
vertex 115.12 -54.43 1.32
vertex 114.92 -54.43 1.32
endloop
endfacet
facet normal 0 0 1
outer loop
vertex 115.12 -54.47 1.32
vertex 114.92 -54.43 1.32
vertex 114.92 -54.47 1.32
endloop
endfacet
facet normal 0 0 1
outer loop
vertex 115.12 -54.47 1.32
vertex 114.92 -54.47 1.32
vertex 114.92 -54.47 1.32
endloop
endfacet
facet normal 0 0 1
outer loop
vertex 188.82 -54.43 1.32
vertex 188.82 -54.40 1.32
vertex 188.61 -54.40 1.32
endloop
endfacet
facet normal 0 0 1
outer loop
vertex 188.82 -54.43 1.32
vertex 188.61 -54.40 1.32
vertex 188.62 -54.43 1.32
endloop
endfacet
facet normal 0 0 1
outer loop
vertex 115.12 -54.43 1.32
vertex 115.13 -54.40 1.32
vertex 114.92 -54.40 1.32
endloop
endfacet
facet normal 0 0 1
outer loop
vertex 115.12 -54.43 1.32
vertex 114.92 -54.40 1.32
vertex 114.92 -54.43 1.32
endloop
endfacet
facet normal 0 0 1
outer loop
vertex 115.13 -54.40 1.32
vertex 121.14 -37.87 1.32
vertex 120.93 -37.87 1.32
endloop
endfacet
facet normal 0 0 1
outer loop
vertex 115.13 -54.40 1.32
vertex 120.93 -37.87 1.32
vertex 114.94 -54.33 1.32
endloop
endfacet
facet normal 0 0 1
outer loop
vertex 115.13 -54.40 1.32
vertex 114.94 -54.33 1.32
vertex 114.92 -54.40 1.32
endloop
endfacet
facet normal 0 0 1
outer loop
vertex 115.13 -54.40 1.32
vertex 114.92 -54.40 1.32
vertex 114.92 -54.40 1.32
endloop
endfacet
facet normal 0 0 1
outer loop
vertex 188.82 -54.40 1.32
vertex 188.82 -54.40 1.32
vertex 188.80 -54.33 1.32
endloop
endfacet
facet normal 0 0 1
outer loop
vertex 188.82 -54.40 1.32
vertex 188.80 -54.33 1.32
vertex 182.81 -37.87 1.32
endloop
endfacet
facet normal 0 0 1
outer loop
vertex 188.82 -54.40 1.32
vertex 182.81 -37.87 1.32
vertex 182.60 -37.87 1.32
endloop
endfacet
facet normal 0 0 1
outer loop
vertex 188.82 -54.40 1.32
vertex 182.60 -37.87 1.32
vertex 188.61 -54.40 1.32
endloop
endfacet
facet normal -0.94 0.34 0
outer loop
vertex 114.94 -54.33 1.32
vertex 120.93 -37.87 1.32
vertex 120.93 -37.87 0.88
endloop
endfacet
facet normal -0.94 0.34 0
outer loop
vertex 114.94 -54.33 1.32
vertex 120.93 -37.87 0.88
vertex 114.94 -54.33 0.88
endloop
endfacet
facet normal -0.97 0.26 0
outer loop
vertex 114.92 -54.40 1.32
vertex 114.94 -54.33 1.32
vertex 114.94 -54.33 0.88
endloop
endfacet
facet normal -0.97 0.26 0
outer loop
vertex 114.92 -54.40 1.32
vertex 114.94 -54.33 0.88
vertex 114.92 -54.40 0.88
endloop
endfacet
facet normal 0 0 1
outer loop
vertex 114.92 -54.47 1.32
vertex 114.92 -54.43 1.32
vertex 114.92 -54.40 1.32
endloop
endfacet
facet normal 0 0 1
outer loop
vertex 114.92 -54.47 1.32
vertex 114.92 -54.40 1.32
vertex 114.92 -54.40 1.32
endloop
endfacet
facet normal 0 0 1
outer loop
vertex 114.92 -54.47 1.32
vertex 114.92 -54.40 1.32
vertex 114.92 -54.40 0.88
endloop
endfacet
facet normal 0 0 1
outer loop
vertex 114.92 -54.47 1.32
vertex 114.92 -54.40 0.88
vertex 114.92 -54.47 0.88
endloop
endfacet
facet normal 0 0 -1
outer loop
vertex 114.92 -54.54 1.32
vertex 114.92 -54.54 1.32
vertex 114.92 -54.50 1.32
endloop
endfacet
facet normal 0 0 -1
outer loop
vertex 114.92 -54.54 1.32
vertex 114.92 -54.50 1.32
vertex 114.92 -54.47 1.32
endloop
endfacet
facet normal 0 0 -1
outer loop
vertex 114.92 -54.54 1.32
vertex 114.92 -54.47 1.32
vertex 114.92 -54.47 1.32
endloop
endfacet
facet normal 0 0 -1
outer loop
vertex 114.92 -54.54 1.32
vertex 114.92 -54.47 1.32
vertex 114.92 -54.47 0.88
endloop
endfacet
facet normal 0 0 -1
outer loop
vertex 114.92 -54.54 1.32
vertex 114.92 -54.47 0.88
vertex 114.92 -54.54 0.88
endloop
endfacet
facet normal 0 0 1
outer loop
vertex 114.94 -54.60 1.32
vertex 114.94 -54.60 1.32
vertex 114.93 -54.57 1.32
endloop
endfacet
facet normal 0 0 1
outer loop
vertex 114.94 -54.60 1.32
vertex 114.93 -54.57 1.32
vertex 114.92 -54.54 1.32
endloop
endfacet
facet normal 0 0 1
outer loop
vertex 114.94 -54.60 1.32
vertex 114.92 -54.54 1.32
vertex 114.92 -54.54 0.88
endloop
endfacet
facet normal 0 0 1
outer loop
vertex 114.94 -54.60 1.32
vertex 114.92 -54.54 0.88
vertex 114.94 -54.60 0.88
endloop
endfacet
facet normal 0 0 -1
outer loop
vertex 114.97 -54.66 1.32
vertex 114.96 -54.66 1.32
vertex 114.96 -54.64 1.32
endloop
endfacet
facet normal 0 0 -1
outer loop
vertex 114.97 -54.66 1.32
vertex 114.96 -54.64 1.32
vertex 114.95 -54.62 1.32
endloop
endfacet
facet normal 0 0 -1
outer loop
vertex 114.97 -54.66 1.32
vertex 114.95 -54.62 1.32
vertex 114.94 -54.60 1.32
endloop
endfacet
facet normal 0 0 -1
outer loop
vertex 114.97 -54.66 1.32
vertex 114.94 -54.60 1.32
vertex 114.94 -54.60 0.88
endloop
endfacet
facet normal 0 0 -1
outer loop
vertex 114.97 -54.66 1.32
vertex 114.94 -54.60 0.88
vertex 114.97 -54.66 0.88
endloop
endfacet
facet normal -0.83 -0.56 0
outer loop
vertex 115.01 -54.72 1.32
vertex 114.97 -54.66 1.32
vertex 114.97 -54.66 0.88
endloop
endfacet
facet normal -0.83 -0.56 0
outer loop
vertex 115.01 -54.72 1.32
vertex 114.97 -54.66 0.88
vertex 115.01 -54.72 0.88
endloop
endfacet
facet normal -0.72 -0.70 0
outer loop
vertex 115.05 -54.77 1.32
vertex 115.01 -54.72 1.32
vertex 115.01 -54.72 0.88
endloop
endfacet
facet normal -0.72 -0.70 0
outer loop
vertex 115.05 -54.77 1.32
vertex 115.01 -54.72 0.88
vertex 115.05 -54.77 0.88
endloop
endfacet
facet normal -0.59 -0.81 0
outer loop
vertex 115.11 -54.81 1.32
vertex 115.05 -54.77 1.32
vertex 115.05 -54.77 0.88
endloop
endfacet
facet normal -0.59 -0.81 0
outer loop
vertex 115.11 -54.81 1.32
vertex 115.05 -54.77 0.88
vertex 115.11 -54.81 0.88
endloop
endfacet
facet normal -0.44 -0.90 0
outer loop
vertex 115.17 -54.84 1.32
vertex 115.11 -54.81 1.32
vertex 115.11 -54.81 0.88
endloop
endfacet
facet normal -0.44 -0.90 0
outer loop
vertex 115.17 -54.84 1.32
vertex 115.11 -54.81 0.88
vertex 115.17 -54.84 0.88
endloop
endfacet
facet normal -0.92 0.38 6.587087903719984e-15
outer loop
vertex 129.73 -73.65 1.32
vertex 134.43 -62.33 1.32
vertex 134.43 -62.33 0.88
endloop
endfacet
facet normal -0.92 0.38 6.587087903719984e-15
outer loop
vertex 129.73 -73.65 1.32
vertex 134.43 -62.33 0.88
vertex 134.38 -62.44 0.88
endloop
endfacet
facet normal -0.92 0.38 6.587087903719984e-15
outer loop
vertex 129.73 -73.65 1.32
vertex 134.38 -62.44 0.88
vertex 129.73 -73.65 0.88
endloop
endfacet
facet normal -0.95 0.30 0
outer loop
vertex 129.71 -73.72 1.32
vertex 129.73 -73.65 1.32
vertex 129.73 -73.65 0.88
endloop
endfacet
facet normal -0.95 0.30 0
outer loop
vertex 129.71 -73.72 1.32
vertex 129.73 -73.65 0.88
vertex 129.71 -73.72 0.88
endloop
endfacet
facet normal 0 0 -1
outer loop
vertex 129.70 -73.79 1.32
vertex 129.71 -73.76 1.32
vertex 129.71 -73.73 1.32
endloop
endfacet
facet normal 0 0 -1
outer loop
vertex 129.70 -73.79 1.32
vertex 129.71 -73.73 1.32
vertex 129.71 -73.72 1.32
endloop
endfacet
facet normal 0 0 -1
outer loop
vertex 129.70 -73.79 1.32
vertex 129.71 -73.72 1.32
vertex 129.71 -73.72 0.88
endloop
endfacet
facet normal 0 0 -1
outer loop
vertex 129.70 -73.79 1.32
vertex 129.71 -73.72 0.88
vertex 129.70 -73.79 0.88
endloop
endfacet
facet normal 0 0 -1
outer loop
vertex 129.71 -73.86 1.32
vertex 129.71 -73.85 1.32
vertex 129.71 -73.82 1.32
endloop
endfacet
facet normal 0 0 -1
outer loop
vertex 129.71 -73.86 1.32
vertex 129.71 -73.82 1.32
vertex 129.70 -73.79 1.32
endloop
endfacet
facet normal 0 0 -1
outer loop
vertex 129.71 -73.86 1.32
vertex 129.70 -73.79 1.32
vertex 129.70 -73.79 1.32
endloop
endfacet
facet normal 0 0 -1
outer loop
vertex 129.71 -73.86 1.32
vertex 129.70 -73.79 1.32
vertex 129.70 -73.79 0.88
endloop
endfacet
facet normal 0 0 -1
outer loop
vertex 129.71 -73.86 1.32
vertex 129.70 -73.79 0.88
vertex 129.71 -73.86 0.88
endloop
endfacet
facet normal 0 0 -1
outer loop
vertex 129.72 -73.93 1.32
vertex 129.72 -73.91 1.32
vertex 129.71 -73.88 1.32
endloop
endfacet
facet normal 0 0 -1
outer loop
vertex 129.72 -73.93 1.32
vertex 129.71 -73.88 1.32
vertex 129.71 -73.86 1.32
endloop
endfacet
facet normal 0 0 -1
outer loop
vertex 129.72 -73.93 1.32
vertex 129.71 -73.86 1.32
vertex 129.71 -73.86 0.88
endloop
endfacet
facet normal 0 0 -1
outer loop
vertex 129.72 -73.93 1.32
vertex 129.71 -73.86 0.88
vertex 129.72 -73.93 0.88
endloop
endfacet
facet normal 0 0 -1
outer loop
vertex 129.75 -73.99 1.32
vertex 129.74 -73.98 1.32
vertex 129.74 -73.96 1.32
endloop
endfacet
facet normal 0 0 -1
outer loop
vertex 129.75 -73.99 1.32
vertex 129.74 -73.96 1.32
vertex 129.73 -73.94 1.32
endloop
endfacet
facet normal 0 0 -1
outer loop
vertex 129.75 -73.99 1.32
vertex 129.73 -73.94 1.32
vertex 129.72 -73.93 1.32
endloop
endfacet
facet normal 0 0 -1
outer loop
vertex 129.75 -73.99 1.32
vertex 129.72 -73.93 1.32
vertex 129.72 -73.93 0.88
endloop
endfacet
facet normal 0 0 -1
outer loop
vertex 129.75 -73.99 1.32
vertex 129.72 -73.93 0.88
vertex 129.75 -73.99 0.88
endloop
endfacet
facet normal 0 0 -1
outer loop
vertex 129.79 -74.05 1.32
vertex 129.75 -73.99 1.32
vertex 129.75 -73.99 1.32
endloop
endfacet
facet normal 0 0 -1
outer loop
vertex 129.79 -74.05 1.32
vertex 129.75 -73.99 1.32
vertex 129.75 -73.99 0.88
endloop
endfacet
facet normal 0 0 -1
outer loop
vertex 129.79 -74.05 1.32
vertex 129.75 -73.99 0.88
vertex 129.79 -74.05 0.88
endloop
endfacet
facet normal -0.74 -0.68 0
outer loop
vertex 129.83 -74.10 1.32
vertex 129.79 -74.05 1.32
vertex 129.79 -74.05 0.88
endloop
endfacet
facet normal -0.74 -0.68 0
outer loop
vertex 129.83 -74.10 1.32
vertex 129.79 -74.05 0.88
vertex 129.83 -74.10 0.88
endloop
endfacet
facet normal -0.61 -0.79 0
outer loop
vertex 129.89 -74.14 1.32
vertex 129.83 -74.10 1.32
vertex 129.83 -74.10 0.88
endloop
endfacet
facet normal -0.61 -0.79 0
outer loop
vertex 129.89 -74.14 1.32
vertex 129.83 -74.10 0.88
vertex 129.89 -74.14 0.88
endloop
endfacet
facet normal -0.46 -0.89 0
outer loop
vertex 129.95 -74.18 1.32
vertex 129.89 -74.14 1.32
vertex 129.89 -74.14 0.88
endloop
endfacet
facet normal -0.46 -0.89 0
outer loop
vertex 129.95 -74.18 1.32
vertex 129.89 -74.14 0.88
vertex 129.95 -74.18 0.88
endloop
endfacet
facet normal -0.92 0.38 1.0651269235657141e-13
outer loop
vertex 132.75 -116.03 1.32
vertex 147.13 -81.29 1.32
vertex 147.13 -81.29 0.88
endloop
endfacet
facet normal -0.92 0.38 1.0651269235657141e-13
outer loop
vertex 132.75 -116.03 1.32
vertex 147.13 -81.29 0.88
vertex 147.09 -81.40 0.88
endloop
endfacet
facet normal -0.92 0.38 1.0651269235657141e-13
outer loop
vertex 132.75 -116.03 1.32
vertex 147.09 -81.40 0.88
vertex 132.75 -116.03 0.88
endloop
endfacet
facet normal -0.94 0.33 0
outer loop
vertex 132.73 -116.08 1.32
vertex 132.75 -116.03 1.32
vertex 132.75 -116.03 0.88
endloop
endfacet
facet normal -0.94 0.33 0
outer loop
vertex 132.73 -116.08 1.32
vertex 132.75 -116.03 0.88
vertex 132.73 -116.08 0.88
endloop
endfacet
facet normal 0 0 -1
outer loop
vertex 132.72 -116.12 1.32
vertex 132.72 -116.11 1.32
vertex 132.73 -116.08 1.32
endloop
endfacet
facet normal 0 0 -1
outer loop
vertex 132.72 -116.12 1.32
vertex 132.73 -116.08 1.32
vertex 132.73 -116.08 0.88
endloop
endfacet
facet normal 0 0 -1
outer loop
vertex 132.72 -116.12 1.32
vertex 132.73 -116.08 0.88
vertex 132.72 -116.12 0.88
endloop
endfacet
facet normal 0 0 -1
outer loop
vertex 132.72 -116.17 1.32
vertex 132.72 -116.15 1.32
vertex 132.72 -116.13 1.32
endloop
endfacet
facet normal 0 0 -1
outer loop
vertex 132.72 -116.17 1.32
vertex 132.72 -116.13 1.32
vertex 132.72 -116.12 1.32
endloop
endfacet
facet normal 0 0 -1
outer loop
vertex 132.72 -116.17 1.32
vertex 132.72 -116.12 1.32
vertex 132.72 -116.12 0.88
endloop
endfacet
facet normal 0 0 -1
outer loop
vertex 132.72 -116.17 1.32
vertex 132.72 -116.12 0.88
vertex 132.72 -116.17 0.88
endloop
endfacet
facet normal 0 0 1
outer loop
vertex 132.48 -122.33 1.32
vertex 132.72 -116.18 1.32
vertex 132.72 -116.17 1.32
endloop
endfacet
facet normal 0 0 1
outer loop
vertex 132.48 -122.33 1.32
vertex 132.72 -116.17 1.32
vertex 132.72 -116.17 0.88
endloop
endfacet
facet normal 0 0 1
outer loop
vertex 132.48 -122.33 1.32
vertex 132.72 -116.17 0.88
vertex 132.48 -122.33 0.88
endloop
endfacet
facet normal 0 0 -1
outer loop
vertex 132.48 -122.39 1.32
vertex 132.48 -122.37 1.32
vertex 132.48 -122.34 1.32
endloop
endfacet
facet normal 0 0 -1
outer loop
vertex 132.48 -122.39 1.32
vertex 132.48 -122.34 1.32
vertex 132.48 -122.33 1.32
endloop
endfacet
facet normal 0 0 -1
outer loop
vertex 132.48 -122.39 1.32
vertex 132.48 -122.33 1.32
vertex 132.48 -122.33 0.88
endloop
endfacet
facet normal 0 0 -1
outer loop
vertex 132.48 -122.39 1.32
vertex 132.48 -122.33 0.88
vertex 132.48 -122.39 0.88
endloop
endfacet
facet normal 0 0 -1
outer loop
vertex 132.49 -122.46 1.32
vertex 132.49 -122.43 1.32
vertex 132.48 -122.40 1.32
endloop
endfacet
facet normal 0 0 -1
outer loop
vertex 132.49 -122.46 1.32
vertex 132.48 -122.40 1.32
vertex 132.48 -122.39 1.32
endloop
endfacet
facet normal 0 0 -1
outer loop
vertex 132.49 -122.46 1.32
vertex 132.48 -122.39 1.32
vertex 132.48 -122.39 0.88
endloop
endfacet
facet normal 0 0 -1
outer loop
vertex 132.49 -122.46 1.32
vertex 132.48 -122.39 0.88
vertex 132.49 -122.46 0.88
endloop
endfacet
facet normal 0 0 -1
outer loop
vertex 132.51 -122.51 1.32
vertex 132.51 -122.50 1.32
vertex 132.50 -122.48 1.32
endloop
endfacet
facet normal 0 0 -1
outer loop
vertex 132.51 -122.51 1.32
vertex 132.50 -122.48 1.32
vertex 132.49 -122.46 1.32
endloop
endfacet
facet normal 0 0 -1
outer loop
vertex 132.51 -122.51 1.32
vertex 132.49 -122.46 1.32
vertex 132.49 -122.46 1.32
endloop
endfacet
facet normal 0 0 -1
outer loop
vertex 132.51 -122.51 1.32
vertex 132.49 -122.46 1.32
vertex 132.49 -122.46 0.88
endloop
endfacet
facet normal 0 0 -1
outer loop
vertex 132.51 -122.51 1.32
vertex 132.49 -122.46 0.88
vertex 132.51 -122.51 0.88
endloop
endfacet
facet normal -0.87 -0.50 0
outer loop
vertex 132.54 -122.57 1.32
vertex 132.51 -122.51 1.32
vertex 132.51 -122.51 0.88
endloop
endfacet
facet normal -0.87 -0.50 0
outer loop
vertex 132.54 -122.57 1.32
vertex 132.51 -122.51 0.88
vertex 132.54 -122.57 0.88
endloop
endfacet
facet normal -0.78 -0.63 0
outer loop
vertex 132.58 -122.62 1.32
vertex 132.54 -122.57 1.32
vertex 132.54 -122.57 0.88
endloop
endfacet
facet normal -0.78 -0.63 0
outer loop
vertex 132.58 -122.62 1.32
vertex 132.54 -122.57 0.88
vertex 132.58 -122.62 0.88
endloop
endfacet
facet normal -0.67 -0.74 0
outer loop
vertex 132.63 -122.66 1.32
vertex 132.58 -122.62 1.32
vertex 132.58 -122.62 0.88
endloop
endfacet
facet normal -0.67 -0.74 0
outer loop
vertex 132.63 -122.66 1.32
vertex 132.58 -122.62 0.88
vertex 132.63 -122.66 0.88
endloop
endfacet
facet normal -0.79 0.61 0
outer loop
vertex 134.84 -150.34 1.32
vertex 147.39 -133.99 1.32
vertex 147.39 -133.99 0.88
endloop
endfacet
facet normal -0.79 0.61 0
outer loop
vertex 134.84 -150.34 1.32
vertex 147.39 -133.99 0.88
vertex 147.36 -134.02 0.88
endloop
endfacet
facet normal -0.79 0.61 0
outer loop
vertex 134.84 -150.34 1.32
vertex 147.36 -134.02 0.88
vertex 134.84 -150.34 0.88
endloop
endfacet
facet normal -0.80 0.60 2.79628189078292e-14
outer loop
vertex 134.83 -150.35 1.32
vertex 134.84 -150.34 1.32
vertex 134.84 -150.34 0.88
endloop
endfacet
facet normal -0.80 0.60 2.79628189078292e-14
outer loop
vertex 134.83 -150.35 1.32
vertex 134.84 -150.34 0.88
vertex 134.84 -150.34 0.88
endloop
endfacet
facet normal -0.80 0.60 2.79628189078292e-14
outer loop
vertex 134.83 -150.35 1.32
vertex 134.84 -150.34 0.88
vertex 134.83 -150.35 0.88
endloop
endfacet
facet normal -0.82 0.57 0
outer loop
vertex 134.83 -150.35 1.32
vertex 134.83 -150.35 1.32
vertex 134.83 -150.35 0.88
endloop
endfacet
facet normal -0.82 0.57 0
outer loop
vertex 134.83 -150.35 1.32
vertex 134.83 -150.35 0.88
vertex 134.83 -150.35 0.88
endloop
endfacet
facet normal 0.00 0.00 -1.00
outer loop
vertex 138.74 -152.64 1.32
vertex 137.14 -151.70 1.32
vertex 135.00 -150.46 1.32
endloop
endfacet
facet normal 0.00 0.00 -1.00
outer loop
vertex 138.74 -152.64 1.32
vertex 135.00 -150.46 1.32
vertex 134.83 -150.35 1.32
endloop
endfacet
facet normal 0.00 0.00 -1.00
outer loop
vertex 138.74 -152.64 1.32
vertex 134.83 -150.35 1.32
vertex 134.83 -150.35 0.88
endloop
endfacet
facet normal 0.00 0.00 -1.00
outer loop
vertex 138.74 -152.64 1.32
vertex 134.83 -150.35 0.88
vertex 136.99 -151.62 0.88
endloop
endfacet
facet normal 0.00 0.00 -1.00
outer loop
vertex 138.74 -152.64 1.32
vertex 136.99 -151.62 0.88
vertex 138.67 -152.60 0.88
endloop
endfacet
facet normal 0.00 0.00 -1.00
outer loop
vertex 138.74 -152.64 1.32
vertex 138.67 -152.60 0.88
vertex 138.74 -152.64 0.88
endloop
endfacet
facet normal 0.00 0.00 1.00
outer loop
vertex 142.95 -154.31 1.32
vertex 141.32 -153.66 1.32
vertex 138.81 -152.67 1.32
endloop
endfacet
facet normal 0.00 0.00 1.00
outer loop
vertex 142.95 -154.31 1.32
vertex 138.81 -152.67 1.32
vertex 138.74 -152.64 1.32
endloop
endfacet
facet normal 0.00 0.00 1.00
outer loop
vertex 142.95 -154.31 1.32
vertex 138.74 -152.64 1.32
vertex 138.74 -152.64 0.88
endloop
endfacet
facet normal 0.00 0.00 1.00
outer loop
vertex 142.95 -154.31 1.32
vertex 138.74 -152.64 0.88
vertex 141.21 -153.62 0.88
endloop
endfacet
facet normal 0.00 0.00 1.00
outer loop
vertex 142.95 -154.31 1.32
vertex 141.21 -153.62 0.88
vertex 142.90 -154.29 0.88
endloop
endfacet
facet normal 0.00 0.00 1.00
outer loop
vertex 142.95 -154.31 1.32
vertex 142.90 -154.29 0.88
vertex 142.95 -154.31 0.88
endloop
endfacet
facet normal -3.386102536268067e-11 -1.468944432125855e-10 -1
outer loop
vertex 147.36 -155.32 1.32
vertex 145.95 -155.00 1.32
vertex 145.92 -154.99 1.32
endloop
endfacet
facet normal -3.386102536268067e-11 -1.468944432125855e-10 -1
outer loop
vertex 147.36 -155.32 1.32
vertex 145.92 -154.99 1.32
vertex 142.99 -154.32 1.32
endloop
endfacet
facet normal -3.386102536268067e-11 -1.468944432125855e-10 -1
outer loop
vertex 147.36 -155.32 1.32
vertex 142.99 -154.32 1.32
vertex 142.95 -154.31 1.32
endloop
endfacet
facet normal -3.386102536268067e-11 -1.468944432125855e-10 -1
outer loop
vertex 147.36 -155.32 1.32
vertex 142.95 -154.31 1.32
vertex 142.95 -154.31 0.88
endloop
endfacet
facet normal -3.386102536268067e-11 -1.468944432125855e-10 -1
outer loop
vertex 147.36 -155.32 1.32
vertex 142.95 -154.31 0.88
vertex 145.85 -154.98 0.88
endloop
endfacet
facet normal -3.386102536268067e-11 -1.468944432125855e-10 -1
outer loop
vertex 147.36 -155.32 1.32
vertex 145.85 -154.98 0.88
vertex 145.92 -154.99 0.88
endloop
endfacet
facet normal -3.386102536268067e-11 -1.468944432125855e-10 -1
outer loop
vertex 147.36 -155.32 1.32
vertex 145.92 -154.99 0.88
vertex 145.95 -155.00 0.88
endloop
endfacet
facet normal -3.386102536268067e-11 -1.468944432125855e-10 -1
outer loop
vertex 147.36 -155.32 1.32
vertex 145.95 -155.00 0.88
vertex 147.33 -155.32 0.88
endloop
endfacet
facet normal -3.386102536268067e-11 -1.468944432125855e-10 -1
outer loop
vertex 147.36 -155.32 1.32
vertex 147.33 -155.32 0.88
vertex 147.36 -155.32 0.88
endloop
endfacet
facet normal 0.00 0.00 -1.00
outer loop
vertex 151.87 -155.67 1.32
vertex 147.38 -155.33 1.32
vertex 147.36 -155.32 1.32
endloop
endfacet
facet normal 0.00 0.00 -1.00
outer loop
vertex 151.87 -155.67 1.32
vertex 147.36 -155.32 1.32
vertex 147.36 -155.32 0.88
endloop
endfacet
facet normal 0.00 0.00 -1.00
outer loop
vertex 151.87 -155.67 1.32
vertex 147.36 -155.32 0.88
vertex 151.86 -155.66 0.88
endloop
endfacet
facet normal 0.00 0.00 -1.00
outer loop
vertex 151.87 -155.67 1.32
vertex 151.86 -155.66 0.88
vertex 151.87 -155.67 0.88
endloop
endfacet
facet normal -4.91651136797054e-10 6.497939450413798e-9 -1
outer loop
vertex 156.38 -155.32 1.32
vertex 156.36 -155.33 1.32
vertex 151.87 -155.67 1.32
endloop
endfacet
facet normal -4.91651136797054e-10 6.497939450413798e-9 -1
outer loop
vertex 156.38 -155.32 1.32
vertex 151.87 -155.67 1.32
vertex 151.87 -155.67 0.88
endloop
endfacet
facet normal -4.91651136797054e-10 6.497939450413798e-9 -1
outer loop
vertex 156.38 -155.32 1.32
vertex 151.87 -155.67 0.88
vertex 151.88 -155.66 0.88
endloop
endfacet
facet normal -4.91651136797054e-10 6.497939450413798e-9 -1
outer loop
vertex 156.38 -155.32 1.32
vertex 151.88 -155.66 0.88
vertex 156.38 -155.32 0.88
endloop
endfacet
facet normal -2.9973222402018574e-10 1.3002798143365148e-9 -1
outer loop
vertex 160.80 -154.31 1.32
vertex 160.75 -154.32 1.32
vertex 157.82 -154.99 1.32
endloop
endfacet
facet normal -2.9973222402018574e-10 1.3002798143365148e-9 -1
outer loop
vertex 160.80 -154.31 1.32
vertex 157.82 -154.99 1.32
vertex 156.38 -155.32 1.32
endloop
endfacet
facet normal -2.9973222402018574e-10 1.3002798143365148e-9 -1
outer loop
vertex 160.80 -154.31 1.32
vertex 156.38 -155.32 1.32
vertex 156.38 -155.32 0.88
endloop
endfacet
facet normal -2.9973222402018574e-10 1.3002798143365148e-9 -1
outer loop
vertex 160.80 -154.31 1.32
vertex 156.38 -155.32 0.88
vertex 156.41 -155.32 0.88
endloop
endfacet
facet normal -2.9973222402018574e-10 1.3002798143365148e-9 -1
outer loop
vertex 160.80 -154.31 1.32
vertex 156.41 -155.32 0.88
vertex 157.89 -154.98 0.88
endloop
endfacet
facet normal -2.9973222402018574e-10 1.3002798143365148e-9 -1
outer loop
vertex 160.80 -154.31 1.32
vertex 157.89 -154.98 0.88
vertex 160.80 -154.31 0.88
endloop
endfacet
facet normal -2.7397267715609343e-10 6.907598370409597e-10 -1
outer loop
vertex 165.00 -152.64 1.32
vertex 164.93 -152.67 1.32
vertex 162.42 -153.66 1.32
endloop
endfacet
facet normal -2.7397267715609343e-10 6.907598370409597e-10 -1
outer loop
vertex 165.00 -152.64 1.32
vertex 162.42 -153.66 1.32
vertex 160.80 -154.31 1.32
endloop
endfacet
facet normal -2.7397267715609343e-10 6.907598370409597e-10 -1
outer loop
vertex 165.00 -152.64 1.32
vertex 160.80 -154.31 1.32
vertex 160.80 -154.31 0.88
endloop
endfacet
facet normal -2.7397267715609343e-10 6.907598370409597e-10 -1
outer loop
vertex 165.00 -152.64 1.32
vertex 160.80 -154.31 0.88
vertex 160.84 -154.29 0.88
endloop
endfacet
facet normal -2.7397267715609343e-10 6.907598370409597e-10 -1
outer loop
vertex 165.00 -152.64 1.32
vertex 160.84 -154.29 0.88
vertex 162.54 -153.62 0.88
endloop
endfacet
facet normal -2.7397267715609343e-10 6.907598370409597e-10 -1
outer loop
vertex 165.00 -152.64 1.32
vertex 162.54 -153.62 0.88
vertex 165.00 -152.64 0.88
endloop
endfacet
facet normal 2.1954157745556235e-10 -3.75879842196944e-10 1
outer loop
vertex 168.91 -150.35 1.32
vertex 168.74 -150.46 1.32
vertex 168.74 -150.46 1.32
endloop
endfacet
facet normal 2.1954157745556235e-10 -3.75879842196944e-10 1
outer loop
vertex 168.91 -150.35 1.32
vertex 168.74 -150.46 1.32
vertex 166.60 -151.70 1.32
endloop
endfacet
facet normal 2.1954157745556235e-10 -3.75879842196944e-10 1
outer loop
vertex 168.91 -150.35 1.32
vertex 166.60 -151.70 1.32
vertex 165.00 -152.64 1.32
endloop
endfacet
facet normal 2.1954157745556235e-10 -3.75879842196944e-10 1
outer loop
vertex 168.91 -150.35 1.32
vertex 165.00 -152.64 1.32
vertex 165.00 -152.64 0.88
endloop
endfacet
facet normal 2.1954157745556235e-10 -3.75879842196944e-10 1
outer loop
vertex 168.91 -150.35 1.32
vertex 165.00 -152.64 0.88
vertex 165.07 -152.60 0.88
endloop
endfacet
facet normal 2.1954157745556235e-10 -3.75879842196944e-10 1
outer loop
vertex 168.91 -150.35 1.32
vertex 165.07 -152.60 0.88
vertex 166.75 -151.62 0.88
endloop
endfacet
facet normal 2.1954157745556235e-10 -3.75879842196944e-10 1
outer loop
vertex 168.91 -150.35 1.32
vertex 166.75 -151.62 0.88
vertex 168.74 -150.46 0.88
endloop
endfacet
facet normal 2.1954157745556235e-10 -3.75879842196944e-10 1
outer loop
vertex 168.91 -150.35 1.32
vertex 168.74 -150.46 0.88
vertex 168.74 -150.46 0.88
endloop
endfacet
facet normal 2.1954157745556235e-10 -3.75879842196944e-10 1
outer loop
vertex 168.91 -150.35 1.32
vertex 168.74 -150.46 0.88
vertex 168.76 -150.45 0.88
endloop
endfacet
facet normal 2.1954157745556235e-10 -3.75879842196944e-10 1
outer loop
vertex 168.91 -150.35 1.32
vertex 168.76 -150.45 0.88
vertex 168.91 -150.35 0.88
endloop
endfacet
facet normal 0.82 0.57 0
outer loop
vertex 168.91 -150.35 1.32
vertex 168.91 -150.35 1.32
vertex 168.91 -150.35 0.88
endloop
endfacet
facet normal 0.82 0.57 0
outer loop
vertex 168.91 -150.35 1.32
vertex 168.91 -150.35 0.88
vertex 168.91 -150.35 0.88
endloop
endfacet
facet normal 0.80 0.60 1.1397351013128398e-12
outer loop
vertex 168.90 -150.34 1.32
vertex 168.91 -150.35 1.32
vertex 168.91 -150.35 0.88
endloop
endfacet
facet normal 0.80 0.60 1.1397351013128398e-12
outer loop
vertex 168.90 -150.34 1.32
vertex 168.91 -150.35 0.88
vertex 168.90 -150.34 0.88
endloop
endfacet
facet normal 0.80 0.60 1.1397351013128398e-12
outer loop
vertex 168.90 -150.34 1.32
vertex 168.90 -150.34 0.88
vertex 168.90 -150.34 0.88
endloop
endfacet
facet normal 0.79 0.61 2.1939240549817147e-14
outer loop
vertex 156.35 -133.99 1.32
vertex 168.90 -150.34 1.32
vertex 168.90 -150.34 0.88
endloop
endfacet
facet normal 0.79 0.61 2.1939240549817147e-14
outer loop
vertex 156.35 -133.99 1.32
vertex 168.90 -150.34 0.88
vertex 156.38 -134.02 0.88
endloop
endfacet
facet normal 0.79 0.61 2.1939240549817147e-14
outer loop
vertex 156.35 -133.99 1.32
vertex 156.38 -134.02 0.88
vertex 156.35 -133.99 0.88
endloop
endfacet
facet normal 0.67 -0.74 0
outer loop
vertex 171.16 -122.62 1.32
vertex 171.11 -122.66 1.32
vertex 171.11 -122.66 0.88
endloop
endfacet
facet normal 0.67 -0.74 0
outer loop
vertex 171.16 -122.62 1.32
vertex 171.11 -122.66 0.88
vertex 171.16 -122.62 0.88
endloop
endfacet
facet normal 0.78 -0.63 0
outer loop
vertex 171.20 -122.57 1.32
vertex 171.16 -122.62 1.32
vertex 171.16 -122.62 0.88
endloop
endfacet
facet normal 0.78 -0.63 0
outer loop
vertex 171.20 -122.57 1.32
vertex 171.16 -122.62 0.88
vertex 171.20 -122.57 0.88
endloop
endfacet
facet normal 0.87 -0.50 0
outer loop
vertex 171.23 -122.51 1.32
vertex 171.20 -122.57 1.32
vertex 171.20 -122.57 0.88
endloop
endfacet
facet normal 0.87 -0.50 0
outer loop
vertex 171.23 -122.51 1.32
vertex 171.20 -122.57 0.88
vertex 171.23 -122.51 0.88
endloop
endfacet
facet normal 0 0 1
outer loop
vertex 171.25 -122.46 1.32
vertex 171.25 -122.46 1.32
vertex 171.24 -122.48 1.32
endloop
endfacet
facet normal 0 0 1
outer loop
vertex 171.25 -122.46 1.32
vertex 171.24 -122.48 1.32
vertex 171.23 -122.50 1.32
endloop
endfacet
facet normal 0 0 1
outer loop
vertex 171.25 -122.46 1.32
vertex 171.23 -122.50 1.32
vertex 171.23 -122.51 1.32
endloop
endfacet
facet normal 0 0 1
outer loop
vertex 171.25 -122.46 1.32
vertex 171.23 -122.51 1.32
vertex 171.23 -122.51 0.88
endloop
endfacet
facet normal 0 0 1
outer loop
vertex 171.25 -122.46 1.32
vertex 171.23 -122.51 0.88
vertex 171.25 -122.46 0.88
endloop
endfacet
facet normal 0 0 1
outer loop
vertex 171.26 -122.39 1.32
vertex 171.26 -122.40 1.32
vertex 171.25 -122.43 1.32
endloop
endfacet
facet normal 0 0 1
outer loop
vertex 171.26 -122.39 1.32
vertex 171.25 -122.43 1.32
vertex 171.25 -122.46 1.32
endloop
endfacet
facet normal 0 0 1
outer loop
vertex 171.26 -122.39 1.32
vertex 171.25 -122.46 1.32
vertex 171.25 -122.46 0.88
endloop
endfacet
facet normal 0 0 1
outer loop
vertex 171.26 -122.39 1.32
vertex 171.25 -122.46 0.88
vertex 171.26 -122.39 0.88
endloop
endfacet
facet normal 0 0 1
outer loop
vertex 171.26 -122.33 1.32
vertex 171.26 -122.34 1.32
vertex 171.26 -122.37 1.32
endloop
endfacet
facet normal 0 0 1
outer loop
vertex 171.26 -122.33 1.32
vertex 171.26 -122.37 1.32
vertex 171.26 -122.39 1.32
endloop
endfacet
facet normal 0 0 1
outer loop
vertex 171.26 -122.33 1.32
vertex 171.26 -122.39 1.32
vertex 171.26 -122.39 0.88
endloop
endfacet
facet normal 0 0 1
outer loop
vertex 171.26 -122.33 1.32
vertex 171.26 -122.39 0.88
vertex 171.26 -122.33 0.88
endloop
endfacet
facet normal 0 0 1
outer loop
vertex 171.02 -116.17 1.32
vertex 171.02 -116.18 1.32
vertex 171.26 -122.33 1.32
endloop
endfacet
facet normal 0 0 1
outer loop
vertex 171.02 -116.17 1.32
vertex 171.26 -122.33 1.32
vertex 171.26 -122.33 0.88
endloop
endfacet
facet normal 0 0 1
outer loop
vertex 171.02 -116.17 1.32
vertex 171.26 -122.33 0.88
vertex 171.02 -116.17 0.88
endloop
endfacet
facet normal 0 0 1
outer loop
vertex 171.02 -116.12 1.32
vertex 171.02 -116.13 1.32
vertex 171.02 -116.15 1.32
endloop
endfacet
facet normal 0 0 1
outer loop
vertex 171.02 -116.12 1.32
vertex 171.02 -116.15 1.32
vertex 171.02 -116.17 1.32
endloop
endfacet
facet normal 0 0 1
outer loop
vertex 171.02 -116.12 1.32
vertex 171.02 -116.17 1.32
vertex 171.02 -116.17 0.88
endloop
endfacet
facet normal 0 0 1
outer loop
vertex 171.02 -116.12 1.32
vertex 171.02 -116.17 0.88
vertex 171.02 -116.12 0.88
endloop
endfacet
facet normal 0 0 -1
outer loop
vertex 171.01 -116.08 1.32
vertex 171.02 -116.11 1.32
vertex 171.02 -116.12 1.32
endloop
endfacet
facet normal 0 0 -1
outer loop
vertex 171.01 -116.08 1.32
vertex 171.02 -116.12 1.32
vertex 171.02 -116.12 0.88
endloop
endfacet
facet normal 0 0 -1
outer loop
vertex 171.01 -116.08 1.32
vertex 171.02 -116.12 0.88
vertex 171.01 -116.08 0.88
endloop
endfacet
facet normal 0.94 0.33 0
outer loop
vertex 170.99 -116.03 1.32
vertex 171.01 -116.08 1.32
vertex 171.01 -116.08 0.88
endloop
endfacet
facet normal 0.94 0.33 0
outer loop
vertex 170.99 -116.03 1.32
vertex 171.01 -116.08 0.88
vertex 170.99 -116.03 0.88
endloop
endfacet
facet normal 0.92 0.38 -6.528197655119829e-14
outer loop
vertex 156.61 -81.29 1.32
vertex 170.99 -116.03 1.32
vertex 170.99 -116.03 0.88
endloop
endfacet
facet normal 0.92 0.38 -6.528197655119829e-14
outer loop
vertex 156.61 -81.29 1.32
vertex 170.99 -116.03 0.88
vertex 156.65 -81.40 0.88
endloop
endfacet
facet normal 0.92 0.38 -6.528197655119829e-14
outer loop
vertex 156.61 -81.29 1.32
vertex 156.65 -81.40 0.88
vertex 156.61 -81.29 0.88
endloop
endfacet
facet normal 0.46 -0.89 0
outer loop
vertex 173.85 -74.14 1.32
vertex 173.79 -74.18 1.32
vertex 173.79 -74.18 0.88
endloop
endfacet
facet normal 0.46 -0.89 0
outer loop
vertex 173.85 -74.14 1.32
vertex 173.79 -74.18 0.88
vertex 173.85 -74.14 0.88
endloop
endfacet
facet normal 0.61 -0.79 0
outer loop
vertex 173.91 -74.10 1.32
vertex 173.85 -74.14 1.32
vertex 173.85 -74.14 0.88
endloop
endfacet
facet normal 0.61 -0.79 0
outer loop
vertex 173.91 -74.10 1.32
vertex 173.85 -74.14 0.88
vertex 173.91 -74.10 0.88
endloop
endfacet
facet normal 0.74 -0.68 0
outer loop
vertex 173.95 -74.05 1.32
vertex 173.91 -74.10 1.32
vertex 173.91 -74.10 0.88
endloop
endfacet
facet normal 0.74 -0.68 0
outer loop
vertex 173.95 -74.05 1.32
vertex 173.91 -74.10 0.88
vertex 173.95 -74.05 0.88
endloop
endfacet
facet normal 0 0 1
outer loop
vertex 173.99 -73.99 1.32
vertex 173.99 -73.99 1.32
vertex 173.95 -74.05 1.32
endloop
endfacet
facet normal 0 0 1
outer loop
vertex 173.99 -73.99 1.32
vertex 173.95 -74.05 1.32
vertex 173.95 -74.05 0.88
endloop
endfacet
facet normal 0 0 1
outer loop
vertex 173.99 -73.99 1.32
vertex 173.95 -74.05 0.88
vertex 173.98 -74.01 0.88
endloop
endfacet
facet normal 0 0 1
outer loop
vertex 173.99 -73.99 1.32
vertex 173.98 -74.01 0.88
vertex 173.99 -73.99 0.88
endloop
endfacet
facet normal 0 0 1
outer loop
vertex 174.02 -73.93 1.32
vertex 174.01 -73.94 1.32
vertex 174.00 -73.96 1.32
endloop
endfacet
facet normal 0 0 1
outer loop
vertex 174.02 -73.93 1.32
vertex 174.00 -73.96 1.32
vertex 174.00 -73.98 1.32
endloop
endfacet
facet normal 0 0 1
outer loop
vertex 174.02 -73.93 1.32
vertex 174.00 -73.98 1.32
vertex 173.99 -73.99 1.32
endloop
endfacet
facet normal 0 0 1
outer loop
vertex 174.02 -73.93 1.32
vertex 173.99 -73.99 1.32
vertex 173.99 -73.99 0.88
endloop
endfacet
facet normal 0 0 1
outer loop
vertex 174.02 -73.93 1.32
vertex 173.99 -73.99 0.88
vertex 174.01 -73.95 0.88
endloop
endfacet
facet normal 0 0 1
outer loop
vertex 174.02 -73.93 1.32
vertex 174.01 -73.95 0.88
vertex 174.02 -73.93 0.88
endloop
endfacet
facet normal 0 0 1
outer loop
vertex 174.03 -73.86 1.32
vertex 174.03 -73.88 1.32
vertex 174.02 -73.91 1.32
endloop
endfacet
facet normal 0 0 1
outer loop
vertex 174.03 -73.86 1.32
vertex 174.02 -73.91 1.32
vertex 174.02 -73.93 1.32
endloop
endfacet
facet normal 0 0 1
outer loop
vertex 174.03 -73.86 1.32
vertex 174.02 -73.93 1.32
vertex 174.02 -73.93 0.88
endloop
endfacet
facet normal 0 0 1
outer loop
vertex 174.03 -73.86 1.32
vertex 174.02 -73.93 0.88
vertex 174.03 -73.86 0.88
endloop
endfacet
facet normal 0 0 1
outer loop
vertex 174.04 -73.79 1.32
vertex 174.04 -73.79 1.32
vertex 174.03 -73.82 1.32
endloop
endfacet
facet normal 0 0 1
outer loop
vertex 174.04 -73.79 1.32
vertex 174.03 -73.82 1.32
vertex 174.03 -73.85 1.32
endloop
endfacet
facet normal 0 0 1
outer loop
vertex 174.04 -73.79 1.32
vertex 174.03 -73.85 1.32
vertex 174.03 -73.86 1.32
endloop
endfacet
facet normal 0 0 1
outer loop
vertex 174.04 -73.79 1.32
vertex 174.03 -73.86 1.32
vertex 174.03 -73.86 0.88
endloop
endfacet
facet normal 0 0 1
outer loop
vertex 174.04 -73.79 1.32
vertex 174.03 -73.86 0.88
vertex 174.04 -73.79 0.88
endloop
endfacet
facet normal 0 0 1
outer loop
vertex 174.03 -73.72 1.32
vertex 174.03 -73.73 1.32
vertex 174.03 -73.76 1.32
endloop
endfacet
facet normal 0 0 1
outer loop
vertex 174.03 -73.72 1.32
vertex 174.03 -73.76 1.32
vertex 174.04 -73.79 1.32
endloop
endfacet
facet normal 0 0 1
outer loop
vertex 174.03 -73.72 1.32
vertex 174.04 -73.79 1.32
vertex 174.04 -73.79 0.88
endloop
endfacet
facet normal 0 0 1
outer loop
vertex 174.03 -73.72 1.32
vertex 174.04 -73.79 0.88
vertex 174.03 -73.72 0.88
endloop
endfacet
facet normal 0.95 0.30 0
outer loop
vertex 174.01 -73.65 1.32
vertex 174.03 -73.72 1.32
vertex 174.03 -73.72 0.88
endloop
endfacet
facet normal 0.95 0.30 0
outer loop
vertex 174.01 -73.65 1.32
vertex 174.03 -73.72 0.88
vertex 174.01 -73.65 0.88
endloop
endfacet
facet normal 0.92 0.38 1.8443841078873577e-14
outer loop
vertex 169.32 -62.33 1.32
vertex 174.01 -73.65 1.32
vertex 174.01 -73.65 0.88
endloop
endfacet
facet normal 0.92 0.38 1.8443841078873577e-14
outer loop
vertex 169.32 -62.33 1.32
vertex 174.01 -73.65 0.88
vertex 169.36 -62.44 0.88
endloop
endfacet
facet normal 0.92 0.38 1.8443841078873577e-14
outer loop
vertex 169.32 -62.33 1.32
vertex 169.36 -62.44 0.88
vertex 169.32 -62.33 0.88
endloop
endfacet
facet normal 0.44 -0.90 0
outer loop
vertex 188.63 -54.81 1.32
vertex 188.57 -54.84 1.32
vertex 188.57 -54.84 0.88
endloop
endfacet
facet normal 0.44 -0.90 0
outer loop
vertex 188.63 -54.81 1.32
vertex 188.57 -54.84 0.88
vertex 188.63 -54.81 0.88
endloop
endfacet
facet normal 0.59 -0.81 0
outer loop
vertex 188.69 -54.77 1.32
vertex 188.63 -54.81 1.32
vertex 188.63 -54.81 0.88
endloop
endfacet
facet normal 0.59 -0.81 0
outer loop
vertex 188.69 -54.77 1.32
vertex 188.63 -54.81 0.88
vertex 188.69 -54.77 0.88
endloop
endfacet
facet normal 0.72 -0.70 0
outer loop
vertex 188.73 -54.72 1.32
vertex 188.69 -54.77 1.32
vertex 188.69 -54.77 0.88
endloop
endfacet
facet normal 0.72 -0.70 0
outer loop
vertex 188.73 -54.72 1.32
vertex 188.69 -54.77 0.88
vertex 188.73 -54.72 0.88
endloop
endfacet
facet normal 0.83 -0.56 0
outer loop
vertex 188.77 -54.66 1.32
vertex 188.73 -54.72 1.32
vertex 188.73 -54.72 0.88
endloop
endfacet
facet normal 0.83 -0.56 0
outer loop
vertex 188.77 -54.66 1.32
vertex 188.73 -54.72 0.88
vertex 188.77 -54.66 0.88
endloop
endfacet
facet normal 0 0 1
outer loop
vertex 188.80 -54.60 1.32
vertex 188.79 -54.62 1.32
vertex 188.78 -54.64 1.32
endloop
endfacet
facet normal 0 0 1
outer loop
vertex 188.80 -54.60 1.32
vertex 188.78 -54.64 1.32
vertex 188.78 -54.66 1.32
endloop
endfacet
facet normal 0 0 1
outer loop
vertex 188.80 -54.60 1.32
vertex 188.78 -54.66 1.32
vertex 188.77 -54.66 1.32
endloop
endfacet
facet normal 0 0 1
outer loop
vertex 188.80 -54.60 1.32
vertex 188.77 -54.66 1.32
vertex 188.77 -54.66 0.88
endloop
endfacet
facet normal 0 0 1
outer loop
vertex 188.80 -54.60 1.32
vertex 188.77 -54.66 0.88
vertex 188.80 -54.60 0.88
endloop
endfacet
facet normal 0 0 -1
outer loop
vertex 188.82 -54.54 1.32
vertex 188.81 -54.57 1.32
vertex 188.80 -54.60 1.32
endloop
endfacet
facet normal 0 0 -1
outer loop
vertex 188.82 -54.54 1.32
vertex 188.80 -54.60 1.32
vertex 188.80 -54.60 1.32
endloop
endfacet
facet normal 0 0 -1
outer loop
vertex 188.82 -54.54 1.32
vertex 188.80 -54.60 1.32
vertex 188.80 -54.60 0.88
endloop
endfacet
facet normal 0 0 -1
outer loop
vertex 188.82 -54.54 1.32
vertex 188.80 -54.60 0.88
vertex 188.82 -54.54 0.88
endloop
endfacet
facet normal 0 0 -1
outer loop
vertex 188.82 -54.47 1.32
vertex 188.82 -54.47 1.32
vertex 188.82 -54.50 1.32
endloop
endfacet
facet normal 0 0 -1
outer loop
vertex 188.82 -54.47 1.32
vertex 188.82 -54.50 1.32
vertex 188.82 -54.54 1.32
endloop
endfacet
facet normal 0 0 -1
outer loop
vertex 188.82 -54.47 1.32
vertex 188.82 -54.54 1.32
vertex 188.82 -54.54 1.32
endloop
endfacet
facet normal 0 0 -1
outer loop
vertex 188.82 -54.47 1.32
vertex 188.82 -54.54 1.32
vertex 188.82 -54.54 0.88
endloop
endfacet
facet normal 0 0 -1
outer loop
vertex 188.82 -54.47 1.32
vertex 188.82 -54.54 0.88
vertex 188.82 -54.47 0.88
endloop
endfacet
facet normal 0 0 -1
outer loop
vertex 188.82 -54.40 1.32
vertex 188.82 -54.40 1.32
vertex 188.82 -54.43 1.32
endloop
endfacet
facet normal 0 0 -1
outer loop
vertex 188.82 -54.40 1.32
vertex 188.82 -54.43 1.32
vertex 188.82 -54.47 1.32
endloop
endfacet
facet normal 0 0 -1
outer loop
vertex 188.82 -54.40 1.32
vertex 188.82 -54.47 1.32
vertex 188.82 -54.47 0.88
endloop
endfacet
facet normal 0 0 -1
outer loop
vertex 188.82 -54.40 1.32
vertex 188.82 -54.47 0.88
vertex 188.82 -54.40 0.88
endloop
endfacet
facet normal 0.97 0.26 0
outer loop
vertex 188.80 -54.33 1.32
vertex 188.82 -54.40 1.32
vertex 188.82 -54.40 0.88
endloop
endfacet
facet normal 0.97 0.26 0
outer loop
vertex 188.80 -54.33 1.32
vertex 188.82 -54.40 0.88
vertex 188.80 -54.33 0.88
endloop
endfacet
facet normal 0.94 0.34 0
outer loop
vertex 182.81 -37.87 1.32
vertex 188.80 -54.33 1.32
vertex 188.80 -54.33 0.88
endloop
endfacet
facet normal 0.94 0.34 0
outer loop
vertex 182.81 -37.87 1.32
vertex 188.80 -54.33 0.88
vertex 182.81 -37.87 0.88
endloop
endfacet
facet normal 0 0 -1
outer loop
vertex 168.91 -150.35 0.88
vertex 168.91 -150.35 0.88
vertex 168.76 -150.45 0.88
endloop
endfacet
facet normal 0 0 -1
outer loop
vertex 168.91 -150.35 0.88
vertex 168.76 -150.45 0.88
vertex 168.73 -150.45 0.88
endloop
endfacet
facet normal 0 0 -1
outer loop
vertex 168.91 -150.35 0.88
vertex 168.73 -150.45 0.88
vertex 168.90 -150.34 0.88
endloop
endfacet
facet normal 0 0 -1
outer loop
vertex 168.76 -150.45 0.88
vertex 168.74 -150.46 0.88
vertex 168.71 -150.46 0.88
endloop
endfacet
facet normal 0 0 -1
outer loop
vertex 168.76 -150.45 0.88
vertex 168.71 -150.46 0.88
vertex 168.73 -150.45 0.88
endloop
endfacet
facet normal 0 0 -1
outer loop
vertex 168.76 -150.45 0.88
vertex 168.73 -150.45 0.88
vertex 168.73 -150.45 0.88
endloop
endfacet
facet normal 0 0 -1
outer loop
vertex 168.74 -150.46 0.88
vertex 168.74 -150.46 0.88
vertex 166.75 -151.62 0.88
endloop
endfacet
facet normal 0 0 -1
outer loop
vertex 168.74 -150.46 0.88
vertex 166.75 -151.62 0.88
vertex 166.75 -151.62 0.88
endloop
endfacet
facet normal 0 0 -1
outer loop
vertex 168.74 -150.46 0.88
vertex 166.75 -151.62 0.88
vertex 168.71 -150.46 0.88
endloop
endfacet
facet normal 0 0 -1
outer loop
vertex 136.99 -151.62 0.88
vertex 134.83 -150.35 0.88
vertex 134.83 -150.35 0.88
endloop
endfacet
facet normal 0 0 -1
outer loop
vertex 136.99 -151.62 0.88
vertex 134.83 -150.35 0.88
vertex 134.84 -150.34 0.88
endloop
endfacet
facet normal 0 0 -1
outer loop
vertex 141.21 -153.62 0.88
vertex 138.74 -152.64 0.88
vertex 138.67 -152.60 0.88
endloop
endfacet
facet normal 0 0 -1
outer loop
vertex 165.00 -152.64 0.88
vertex 162.54 -153.62 0.88
vertex 165.07 -152.60 0.88
endloop
endfacet
facet normal 0 0 -1
outer loop
vertex 145.85 -154.98 0.88
vertex 142.95 -154.31 0.88
vertex 142.90 -154.29 0.88
endloop
endfacet
facet normal 0 0 -1
outer loop
vertex 160.80 -154.31 0.88
vertex 157.89 -154.98 0.88
vertex 160.84 -154.29 0.88
endloop
endfacet
facet normal 0 0 -1
outer loop
vertex 151.86 -155.66 0.88
vertex 147.36 -155.32 0.88
vertex 147.33 -155.32 0.88
endloop
endfacet
facet normal 0 0 -1
outer loop
vertex 156.38 -155.32 0.88
vertex 151.88 -155.66 0.88
vertex 156.41 -155.32 0.88
endloop
endfacet
facet normal 0 0 1
outer loop
vertex 145.95 -155.00 0.88
vertex 145.95 -155.00 0.88
vertex 147.31 -155.32 0.88
endloop
endfacet
facet normal 0 0 1
outer loop
vertex 145.95 -155.00 0.88
vertex 147.31 -155.32 0.88
vertex 147.33 -155.32 0.88
endloop
endfacet
facet normal 0 0 1
outer loop
vertex 156.43 -155.32 0.88
vertex 157.89 -154.98 0.88
vertex 156.41 -155.32 0.88
endloop
endfacet
facet normal 0 0 1
outer loop
vertex 145.95 -155.00 0.88
vertex 145.92 -154.99 0.88
vertex 145.85 -154.98 0.88
endloop
endfacet
facet normal 0 0 1
outer loop
vertex 145.95 -155.00 0.88
vertex 145.85 -154.98 0.88
vertex 145.95 -155.00 0.88
endloop
endfacet
facet normal 0 0 1
outer loop
vertex 160.89 -154.28 0.88
vertex 162.54 -153.62 0.88
vertex 160.84 -154.29 0.88
endloop
endfacet
facet normal 0 0 1
outer loop
vertex 141.21 -153.62 0.88
vertex 142.85 -154.28 0.88
vertex 142.90 -154.29 0.88
endloop
endfacet
facet normal 0 0 1
outer loop
vertex 136.99 -151.62 0.88
vertex 138.60 -152.57 0.88
vertex 138.67 -152.60 0.88
endloop
endfacet
facet normal 0 0 1
outer loop
vertex 165.14 -152.57 0.88
vertex 166.75 -151.62 0.88
vertex 166.75 -151.62 0.88
endloop
endfacet
facet normal 0 0 1
outer loop
vertex 165.14 -152.57 0.88
vertex 166.75 -151.62 0.88
vertex 165.07 -152.60 0.88
endloop
endfacet
facet normal 0 0 1
outer loop
vertex 134.84 -150.34 0.88
vertex 134.83 -150.34 0.88
vertex 134.84 -150.34 0.88
endloop
endfacet
facet normal 0 0 1
outer loop
vertex 168.90 -150.34 0.88
vertex 168.91 -150.34 0.88
vertex 168.90 -150.34 0.88
endloop
endfacet
facet normal 0 0 1
outer loop
vertex 168.90 -150.34 0.88
vertex 168.90 -150.34 0.88
vertex 168.90 -150.34 0.88
endloop
endfacet
facet normal 0 0 1
outer loop
vertex 134.84 -150.34 0.88
vertex 147.36 -134.02 0.88
vertex 147.11 -134.02 0.88
endloop
endfacet
facet normal 0 0 1
outer loop
vertex 134.84 -150.34 0.88
vertex 147.11 -134.02 0.88
vertex 134.68 -150.21 0.88
endloop
endfacet
facet normal 0 0 1
outer loop
vertex 134.84 -150.34 0.88
vertex 134.68 -150.21 0.88
vertex 134.67 -150.23 0.88
endloop
endfacet
facet normal 0 0 1
outer loop
vertex 134.84 -150.34 0.88
vertex 134.67 -150.23 0.88
vertex 134.66 -150.24 0.88
endloop
endfacet
facet normal 0 0 1
outer loop
vertex 134.84 -150.34 0.88
vertex 134.66 -150.24 0.88
vertex 134.83 -150.34 0.88
endloop
endfacet
facet normal 0 0 1
outer loop
vertex 168.91 -150.34 0.88
vertex 169.08 -150.24 0.88
vertex 169.07 -150.23 0.88
endloop
endfacet
facet normal 0 0 1
outer loop
vertex 168.91 -150.34 0.88
vertex 169.07 -150.23 0.88
vertex 169.06 -150.21 0.88
endloop
endfacet
facet normal 0 0 1
outer loop
vertex 168.91 -150.34 0.88
vertex 169.06 -150.21 0.88
vertex 156.63 -134.02 0.88
endloop
endfacet
facet normal 0 0 1
outer loop
vertex 168.91 -150.34 0.88
vertex 156.63 -134.02 0.88
vertex 156.38 -134.02 0.88
endloop
endfacet
facet normal 0 0 1
outer loop
vertex 168.91 -150.34 0.88
vertex 156.38 -134.02 0.88
vertex 168.90 -150.34 0.88
endloop
endfacet
facet normal 0 0 1
outer loop
vertex 147.36 -134.02 0.88
vertex 147.39 -133.99 0.88
vertex 141.28 -129.30 0.88
endloop
endfacet
facet normal 0 0 1
outer loop
vertex 147.36 -134.02 0.88
vertex 141.28 -129.30 0.88
vertex 139.05 -127.59 0.88
endloop
endfacet
facet normal 0 0 1
outer loop
vertex 147.36 -134.02 0.88
vertex 139.05 -127.59 0.88
vertex 132.82 -122.81 0.88
endloop
endfacet
facet normal 0 0 1
outer loop
vertex 147.36 -134.02 0.88
vertex 132.82 -122.81 0.88
vertex 132.50 -122.81 0.88
endloop
endfacet
facet normal 0 0 1
outer loop
vertex 147.36 -134.02 0.88
vertex 132.50 -122.81 0.88
vertex 132.51 -122.82 0.88
endloop
endfacet
facet normal 0 0 1
outer loop
vertex 147.36 -134.02 0.88
vertex 132.51 -122.82 0.88
vertex 147.11 -134.02 0.88
endloop
endfacet
facet normal 0 0 1
outer loop
vertex 132.82 -122.81 0.88
vertex 132.63 -122.66 0.88
vertex 132.37 -122.66 0.88
endloop
endfacet
facet normal 0 0 1
outer loop
vertex 132.82 -122.81 0.88
vertex 132.37 -122.66 0.88
vertex 132.38 -122.68 0.88
endloop
endfacet
facet normal 0 0 1
outer loop
vertex 132.82 -122.81 0.88
vertex 132.38 -122.68 0.88
vertex 132.44 -122.76 0.88
endloop
endfacet
facet normal 0 0 1
outer loop
vertex 132.82 -122.81 0.88
vertex 132.44 -122.76 0.88
vertex 132.50 -122.81 0.88
endloop
endfacet
facet normal 0 0 1
outer loop
vertex 156.63 -134.02 0.88
vertex 171.23 -122.82 0.88
vertex 171.30 -122.76 0.88
endloop
endfacet
facet normal 0 0 1
outer loop
vertex 156.63 -134.02 0.88
vertex 171.30 -122.76 0.88
vertex 171.36 -122.68 0.88
endloop
endfacet
facet normal 0 0 1
outer loop
vertex 156.63 -134.02 0.88
vertex 171.36 -122.68 0.88
vertex 171.37 -122.66 0.88
endloop
endfacet
facet normal 0 0 1
outer loop
vertex 156.63 -134.02 0.88
vertex 171.37 -122.66 0.88
vertex 171.11 -122.66 0.88
endloop
endfacet
facet normal 0 0 1
outer loop
vertex 156.63 -134.02 0.88
vertex 171.11 -122.66 0.88
vertex 164.69 -127.59 0.88
endloop
endfacet
facet normal 0 0 1
outer loop
vertex 156.63 -134.02 0.88
vertex 164.69 -127.59 0.88
vertex 162.46 -129.30 0.88
endloop
endfacet
facet normal 0 0 1
outer loop
vertex 156.63 -134.02 0.88
vertex 162.46 -129.30 0.88
vertex 156.35 -133.99 0.88
endloop
endfacet
facet normal 0 0 1
outer loop
vertex 156.63 -134.02 0.88
vertex 156.35 -133.99 0.88
vertex 156.38 -134.02 0.88
endloop
endfacet
facet normal 0 0 1
outer loop
vertex 132.63 -122.66 0.88
vertex 132.58 -122.62 0.88
vertex 132.34 -122.62 0.88
endloop
endfacet
facet normal 0 0 1
outer loop
vertex 132.63 -122.66 0.88
vertex 132.34 -122.62 0.88
vertex 132.37 -122.66 0.88
endloop
endfacet
facet normal 0 0 1
outer loop
vertex 171.37 -122.66 0.88
vertex 171.40 -122.62 0.88
vertex 171.16 -122.62 0.88
endloop
endfacet
facet normal 0 0 1
outer loop
vertex 171.37 -122.66 0.88
vertex 171.16 -122.62 0.88
vertex 171.11 -122.66 0.88
endloop
endfacet
facet normal 0 0 1
outer loop
vertex 132.58 -122.62 0.88
vertex 132.54 -122.57 0.88
vertex 132.32 -122.57 0.88
endloop
endfacet
facet normal 0 0 1
outer loop
vertex 132.58 -122.62 0.88
vertex 132.32 -122.57 0.88
vertex 132.33 -122.60 0.88
endloop
endfacet
facet normal 0 0 1
outer loop
vertex 132.58 -122.62 0.88
vertex 132.33 -122.60 0.88
vertex 132.34 -122.62 0.88
endloop
endfacet
facet normal 0 0 1
outer loop
vertex 171.40 -122.62 0.88
vertex 171.41 -122.60 0.88
vertex 171.42 -122.57 0.88
endloop
endfacet
facet normal 0 0 1
outer loop
vertex 171.40 -122.62 0.88
vertex 171.42 -122.57 0.88
vertex 171.20 -122.57 0.88
endloop
endfacet
facet normal 0 0 1
outer loop
vertex 171.40 -122.62 0.88
vertex 171.20 -122.57 0.88
vertex 171.16 -122.62 0.88
endloop
endfacet
facet normal 0 0 1
outer loop
vertex 132.54 -122.57 0.88
vertex 132.51 -122.51 0.88
vertex 132.30 -122.51 0.88
endloop
endfacet
facet normal 0 0 1
outer loop
vertex 132.54 -122.57 0.88
vertex 132.30 -122.51 0.88
vertex 132.32 -122.57 0.88
endloop
endfacet
facet normal 0 0 1
outer loop
vertex 171.42 -122.57 0.88
vertex 171.44 -122.51 0.88
vertex 171.23 -122.51 0.88
endloop
endfacet
facet normal 0 0 1
outer loop
vertex 171.42 -122.57 0.88
vertex 171.23 -122.51 0.88
vertex 171.20 -122.57 0.88
endloop
endfacet
facet normal 0 0 1
outer loop
vertex 132.51 -122.51 0.88
vertex 132.49 -122.46 0.88
vertex 132.29 -122.46 0.88
endloop
endfacet
facet normal 0 0 1
outer loop
vertex 132.51 -122.51 0.88
vertex 132.29 -122.46 0.88
vertex 132.30 -122.51 0.88
endloop
endfacet
facet normal 0 0 1
outer loop
vertex 132.51 -122.51 0.88
vertex 132.30 -122.51 0.88
vertex 132.30 -122.51 0.88
endloop
endfacet
facet normal 0 0 1
outer loop
vertex 171.44 -122.51 0.88
vertex 171.44 -122.51 0.88
vertex 171.45 -122.46 0.88
endloop
endfacet
facet normal 0 0 1
outer loop
vertex 171.44 -122.51 0.88
vertex 171.45 -122.46 0.88
vertex 171.25 -122.46 0.88
endloop
endfacet
facet normal 0 0 1
outer loop
vertex 171.44 -122.51 0.88
vertex 171.25 -122.46 0.88
vertex 171.23 -122.51 0.88
endloop
endfacet
facet normal 0 0 1
outer loop
vertex 132.49 -122.46 0.88
vertex 132.48 -122.39 0.88
vertex 132.28 -122.39 0.88
endloop
endfacet
facet normal 0 0 1
outer loop
vertex 132.49 -122.46 0.88
vertex 132.28 -122.39 0.88
vertex 132.28 -122.42 0.88
endloop
endfacet
facet normal 0 0 1
outer loop
vertex 132.49 -122.46 0.88
vertex 132.28 -122.42 0.88
vertex 132.29 -122.46 0.88
endloop
endfacet
facet normal 0 0 1
outer loop
vertex 171.45 -122.46 0.88
vertex 171.46 -122.42 0.88
vertex 171.46 -122.39 0.88
endloop
endfacet
facet normal 0 0 1
outer loop
vertex 171.45 -122.46 0.88
vertex 171.46 -122.39 0.88
vertex 171.26 -122.39 0.88
endloop
endfacet
facet normal 0 0 1
outer loop
vertex 171.45 -122.46 0.88
vertex 171.26 -122.39 0.88
vertex 171.25 -122.46 0.88
endloop
endfacet
facet normal 0 0 1
outer loop
vertex 132.48 -122.39 0.88
vertex 132.48 -122.33 0.88
vertex 132.28 -122.33 0.88
endloop
endfacet
facet normal 0 0 1
outer loop
vertex 132.48 -122.39 0.88
vertex 132.28 -122.33 0.88
vertex 132.28 -122.39 0.88
endloop
endfacet
facet normal 0 0 1
outer loop
vertex 171.46 -122.39 0.88
vertex 171.46 -122.33 0.88
vertex 171.26 -122.33 0.88
endloop
endfacet
facet normal 0 0 1
outer loop
vertex 171.46 -122.39 0.88
vertex 171.26 -122.33 0.88
vertex 171.26 -122.39 0.88
endloop
endfacet
facet normal 0 0 1
outer loop
vertex 132.48 -122.33 0.88
vertex 132.72 -116.17 0.88
vertex 132.52 -116.17 0.88
endloop
endfacet
facet normal 0 0 1
outer loop
vertex 132.48 -122.33 0.88
vertex 132.52 -116.17 0.88
vertex 132.28 -122.32 0.88
endloop
endfacet
facet normal 0 0 1
outer loop
vertex 132.48 -122.33 0.88
vertex 132.28 -122.32 0.88
vertex 132.28 -122.33 0.88
endloop
endfacet
facet normal 0 0 1
outer loop
vertex 171.46 -122.33 0.88
vertex 171.46 -122.32 0.88
vertex 171.22 -116.17 0.88
endloop
endfacet
facet normal 0 0 1
outer loop
vertex 171.46 -122.33 0.88
vertex 171.22 -116.17 0.88
vertex 171.02 -116.17 0.88
endloop
endfacet
facet normal 0 0 1
outer loop
vertex 171.46 -122.33 0.88
vertex 171.02 -116.17 0.88
vertex 171.26 -122.33 0.88
endloop
endfacet
facet normal 0 0 1
outer loop
vertex 132.72 -116.17 0.88
vertex 132.72 -116.12 0.88
vertex 132.52 -116.12 0.88
endloop
endfacet
facet normal 0 0 1
outer loop
vertex 132.72 -116.17 0.88
vertex 132.52 -116.12 0.88
vertex 132.52 -116.16 0.88
endloop
endfacet
facet normal 0 0 1
outer loop
vertex 132.72 -116.17 0.88
vertex 132.52 -116.16 0.88
vertex 132.52 -116.17 0.88
endloop
endfacet
facet normal 0 0 1
outer loop
vertex 171.22 -116.17 0.88
vertex 171.22 -116.16 0.88
vertex 171.22 -116.12 0.88
endloop
endfacet
facet normal 0 0 1
outer loop
vertex 171.22 -116.17 0.88
vertex 171.22 -116.12 0.88
vertex 171.02 -116.12 0.88
endloop
endfacet
facet normal 0 0 1
outer loop
vertex 171.22 -116.17 0.88
vertex 171.02 -116.12 0.88
vertex 171.02 -116.17 0.88
endloop
endfacet
facet normal 0 0 1
outer loop
vertex 132.72 -116.12 0.88
vertex 132.73 -116.08 0.88
vertex 132.53 -116.08 0.88
endloop
endfacet
facet normal 0 0 1
outer loop
vertex 132.72 -116.12 0.88
vertex 132.53 -116.08 0.88
vertex 132.52 -116.09 0.88
endloop
endfacet
facet normal 0 0 1
outer loop
vertex 132.72 -116.12 0.88
vertex 132.52 -116.09 0.88
vertex 132.52 -116.12 0.88
endloop
endfacet
facet normal 0 0 1
outer loop
vertex 171.22 -116.12 0.88
vertex 171.22 -116.09 0.88
vertex 171.21 -116.08 0.88
endloop
endfacet
facet normal 0 0 1
outer loop
vertex 171.22 -116.12 0.88
vertex 171.21 -116.08 0.88
vertex 171.01 -116.08 0.88
endloop
endfacet
facet normal 0 0 1
outer loop
vertex 171.22 -116.12 0.88
vertex 171.01 -116.08 0.88
vertex 171.02 -116.12 0.88
endloop
endfacet
facet normal 0 0 1
outer loop
vertex 132.73 -116.08 0.88
vertex 132.75 -116.03 0.88
vertex 132.54 -116.03 0.88
endloop
endfacet
facet normal 0 0 1
outer loop
vertex 132.73 -116.08 0.88
vertex 132.54 -116.03 0.88
vertex 132.53 -116.08 0.88
endloop
endfacet
facet normal 0 0 1
outer loop
vertex 171.21 -116.08 0.88
vertex 171.20 -116.03 0.88
vertex 170.99 -116.03 0.88
endloop
endfacet
facet normal 0 0 1
outer loop
vertex 171.21 -116.08 0.88
vertex 170.99 -116.03 0.88
vertex 171.01 -116.08 0.88
endloop
endfacet
facet normal 0 0 1
outer loop
vertex 132.75 -116.03 0.88
vertex 147.09 -81.40 0.88
vertex 146.87 -81.40 0.88
endloop
endfacet
facet normal 0 0 1
outer loop
vertex 132.75 -116.03 0.88
vertex 146.87 -81.40 0.88
vertex 132.56 -115.96 0.88
endloop
endfacet
facet normal 0 0 1
outer loop
vertex 132.75 -116.03 0.88
vertex 132.56 -115.96 0.88
vertex 132.54 -116.02 0.88
endloop
endfacet
facet normal 0 0 1
outer loop
vertex 132.75 -116.03 0.88
vertex 132.54 -116.02 0.88
vertex 132.54 -116.03 0.88
endloop
endfacet
facet normal 0 0 1
outer loop
vertex 171.20 -116.03 0.88
vertex 171.20 -116.02 0.88
vertex 171.18 -115.96 0.88
endloop
endfacet
facet normal 0 0 1
outer loop
vertex 171.20 -116.03 0.88
vertex 171.18 -115.96 0.88
vertex 156.87 -81.40 0.88
endloop
endfacet
facet normal 0 0 1
outer loop
vertex 171.20 -116.03 0.88
vertex 156.87 -81.40 0.88
vertex 156.65 -81.40 0.88
endloop
endfacet
facet normal 0 0 1
outer loop
vertex 171.20 -116.03 0.88
vertex 156.65 -81.40 0.88
vertex 170.99 -116.03 0.88
endloop
endfacet
facet normal 0 0 1
outer loop
vertex 156.87 -81.40 0.88
vertex 173.87 -74.36 0.88
vertex 173.95 -74.32 0.88
endloop
endfacet
facet normal 0 0 1
outer loop
vertex 156.87 -81.40 0.88
vertex 173.95 -74.32 0.88
vertex 174.03 -74.26 0.88
endloop
endfacet
facet normal 0 0 1
outer loop
vertex 156.87 -81.40 0.88
vertex 174.03 -74.26 0.88
vertex 174.09 -74.20 0.88
endloop
endfacet
facet normal 0 0 1
outer loop
vertex 156.87 -81.40 0.88
vertex 174.09 -74.20 0.88
vertex 174.11 -74.18 0.88
endloop
endfacet
facet normal 0 0 1
outer loop
vertex 156.87 -81.40 0.88
vertex 174.11 -74.18 0.88
vertex 173.79 -74.18 0.88
endloop
endfacet
facet normal 0 0 1
outer loop
vertex 156.87 -81.40 0.88
vertex 173.79 -74.18 0.88
vertex 166.31 -77.27 0.88
endloop
endfacet
facet normal 0 0 1
outer loop
vertex 156.87 -81.40 0.88
vertex 166.31 -77.27 0.88
vertex 163.71 -78.35 0.88
endloop
endfacet
facet normal 0 0 1
outer loop
vertex 156.87 -81.40 0.88
vertex 163.71 -78.35 0.88
vertex 156.61 -81.29 0.88
endloop
endfacet
facet normal 0 0 1
outer loop
vertex 156.87 -81.40 0.88
vertex 156.61 -81.29 0.88
vertex 156.65 -81.40 0.88
endloop
endfacet
facet normal 0 0 1
outer loop
vertex 147.09 -81.40 0.88
vertex 147.13 -81.29 0.88
vertex 140.03 -78.35 0.88
endloop
endfacet
facet normal 0 0 1
outer loop
vertex 147.09 -81.40 0.88
vertex 140.03 -78.35 0.88
vertex 137.43 -77.27 0.88
endloop
endfacet
facet normal 0 0 1
outer loop
vertex 147.09 -81.40 0.88
vertex 137.43 -77.27 0.88
vertex 129.95 -74.18 0.88
endloop
endfacet
facet normal 0 0 1
outer loop
vertex 147.09 -81.40 0.88
vertex 129.95 -74.18 0.88
vertex 129.63 -74.18 0.88
endloop
endfacet
facet normal 0 0 1
outer loop
vertex 147.09 -81.40 0.88
vertex 129.63 -74.18 0.88
vertex 129.65 -74.20 0.88
endloop
endfacet
facet normal 0 0 1
outer loop
vertex 147.09 -81.40 0.88
vertex 129.65 -74.20 0.88
vertex 129.71 -74.26 0.88
endloop
endfacet
facet normal 0 0 1
outer loop
vertex 147.09 -81.40 0.88
vertex 129.71 -74.26 0.88
vertex 129.79 -74.32 0.88
endloop
endfacet
facet normal 0 0 1
outer loop
vertex 147.09 -81.40 0.88
vertex 129.79 -74.32 0.88
vertex 129.87 -74.36 0.88
endloop
endfacet
facet normal 0 0 1
outer loop
vertex 147.09 -81.40 0.88
vertex 129.87 -74.36 0.88
vertex 146.87 -81.40 0.88
endloop
endfacet
facet normal 0 0 1
outer loop
vertex 174.11 -74.18 0.88
vertex 174.13 -74.14 0.88
vertex 173.85 -74.14 0.88
endloop
endfacet
facet normal 0 0 1
outer loop
vertex 174.11 -74.18 0.88
vertex 173.85 -74.14 0.88
vertex 173.79 -74.18 0.88
endloop
endfacet
facet normal 0 0 1
outer loop
vertex 129.95 -74.18 0.88
vertex 129.89 -74.14 0.88
vertex 129.61 -74.14 0.88
endloop
endfacet
facet normal 0 0 1
outer loop
vertex 129.95 -74.18 0.88
vertex 129.61 -74.14 0.88
vertex 129.63 -74.18 0.88
endloop
endfacet
facet normal 0 0 1
outer loop
vertex 174.13 -74.14 0.88
vertex 174.15 -74.12 0.88
vertex 174.16 -74.10 0.88
endloop
endfacet
facet normal 0 0 1
outer loop
vertex 174.13 -74.14 0.88
vertex 174.16 -74.10 0.88
vertex 173.91 -74.10 0.88
endloop
endfacet
facet normal 0 0 1
outer loop
vertex 174.13 -74.14 0.88
vertex 173.91 -74.10 0.88
vertex 173.85 -74.14 0.88
endloop
endfacet
facet normal 0 0 1
outer loop
vertex 129.89 -74.14 0.88
vertex 129.83 -74.10 0.88
vertex 129.58 -74.10 0.88
endloop
endfacet
facet normal 0 0 1
outer loop
vertex 129.89 -74.14 0.88
vertex 129.58 -74.10 0.88
vertex 129.59 -74.12 0.88
endloop
endfacet
facet normal 0 0 1
outer loop
vertex 129.89 -74.14 0.88
vertex 129.59 -74.12 0.88
vertex 129.61 -74.14 0.88
endloop
endfacet
facet normal 0 0 1
outer loop
vertex 174.16 -74.10 0.88
vertex 174.18 -74.05 0.88
vertex 173.95 -74.05 0.88
endloop
endfacet
facet normal 0 0 1
outer loop
vertex 174.16 -74.10 0.88
vertex 173.95 -74.05 0.88
vertex 173.91 -74.10 0.88
endloop
endfacet
facet normal 0 0 1
outer loop
vertex 129.83 -74.10 0.88
vertex 129.79 -74.05 0.88
vertex 129.56 -74.05 0.88
endloop
endfacet
facet normal 0 0 1
outer loop
vertex 129.83 -74.10 0.88
vertex 129.56 -74.05 0.88
vertex 129.58 -74.10 0.88
endloop
endfacet
facet normal 0 0 1
outer loop
vertex 174.18 -74.05 0.88
vertex 174.19 -74.04 0.88
vertex 174.20 -74.01 0.88
endloop
endfacet
facet normal 0 0 1
outer loop
vertex 174.18 -74.05 0.88
vertex 174.20 -74.01 0.88
vertex 173.98 -74.01 0.88
endloop
endfacet
facet normal 0 0 1
outer loop
vertex 174.18 -74.05 0.88
vertex 173.98 -74.01 0.88
vertex 173.95 -74.05 0.88
endloop
endfacet
facet normal 0 0 1
outer loop
vertex 174.20 -74.01 0.88
vertex 174.21 -73.99 0.88
vertex 173.99 -73.99 0.88
endloop
endfacet
facet normal 0 0 1
outer loop
vertex 174.20 -74.01 0.88
vertex 173.99 -73.99 0.88
vertex 173.98 -74.01 0.88
endloop
endfacet
facet normal 0 0 1
outer loop
vertex 129.79 -74.05 0.88
vertex 129.75 -73.99 0.88
vertex 129.53 -73.99 0.88
endloop
endfacet
facet normal 0 0 1
outer loop
vertex 129.79 -74.05 0.88
vertex 129.53 -73.99 0.88
vertex 129.55 -74.04 0.88
endloop
endfacet
facet normal 0 0 1
outer loop
vertex 129.79 -74.05 0.88
vertex 129.55 -74.04 0.88
vertex 129.56 -74.05 0.88
endloop
endfacet
facet normal 0 0 1
outer loop
vertex 174.21 -73.99 0.88
vertex 174.22 -73.95 0.88
vertex 174.01 -73.95 0.88
endloop
endfacet
facet normal 0 0 1
outer loop
vertex 174.21 -73.99 0.88
vertex 174.01 -73.95 0.88
vertex 173.99 -73.99 0.88
endloop
endfacet
facet normal 0 0 1
outer loop
vertex 174.22 -73.95 0.88
vertex 174.22 -73.95 0.88
vertex 174.22 -73.93 0.88
endloop
endfacet
facet normal 0 0 1
outer loop
vertex 174.22 -73.95 0.88
vertex 174.22 -73.93 0.88
vertex 174.02 -73.93 0.88
endloop
endfacet
facet normal 0 0 1
outer loop
vertex 174.22 -73.95 0.88
vertex 174.02 -73.93 0.88
vertex 174.01 -73.95 0.88
endloop
endfacet
facet normal 0 0 1
outer loop
vertex 129.75 -73.99 0.88
vertex 129.72 -73.93 0.88
vertex 129.52 -73.93 0.88
endloop
endfacet
facet normal 0 0 1
outer loop
vertex 129.75 -73.99 0.88
vertex 129.52 -73.93 0.88
vertex 129.52 -73.95 0.88
endloop
endfacet
facet normal 0 0 1
outer loop
vertex 129.75 -73.99 0.88
vertex 129.52 -73.95 0.88
vertex 129.53 -73.99 0.88
endloop
endfacet
facet normal 0 0 1
outer loop
vertex 174.22 -73.93 0.88
vertex 174.23 -73.86 0.88
vertex 174.03 -73.86 0.88
endloop
endfacet
facet normal 0 0 1
outer loop
vertex 174.22 -73.93 0.88
vertex 174.03 -73.86 0.88
vertex 174.02 -73.93 0.88
endloop
endfacet
facet normal 0 0 1
outer loop
vertex 129.72 -73.93 0.88
vertex 129.71 -73.86 0.88
vertex 129.51 -73.86 0.88
endloop
endfacet
facet normal 0 0 1
outer loop
vertex 129.72 -73.93 0.88
vertex 129.51 -73.86 0.88
vertex 129.52 -73.93 0.88
endloop
endfacet
facet normal 0 0 1
outer loop
vertex 174.23 -73.86 0.88
vertex 174.23 -73.85 0.88
vertex 174.23 -73.79 0.88
endloop
endfacet
facet normal 0 0 1
outer loop
vertex 174.23 -73.86 0.88
vertex 174.23 -73.79 0.88
vertex 174.04 -73.79 0.88
endloop
endfacet
facet normal 0 0 1
outer loop
vertex 174.23 -73.86 0.88
vertex 174.04 -73.79 0.88
vertex 174.03 -73.86 0.88
endloop
endfacet
facet normal 0 0 1
outer loop
vertex 129.71 -73.86 0.88
vertex 129.70 -73.79 0.88
vertex 129.51 -73.79 0.88
endloop
endfacet
facet normal 0 0 1
outer loop
vertex 129.71 -73.86 0.88
vertex 129.51 -73.79 0.88
vertex 129.51 -73.85 0.88
endloop
endfacet
facet normal 0 0 1
outer loop
vertex 129.71 -73.86 0.88
vertex 129.51 -73.85 0.88
vertex 129.51 -73.86 0.88
endloop
endfacet
facet normal 0 0 1
outer loop
vertex 174.23 -73.79 0.88
vertex 174.23 -73.76 0.88
vertex 174.23 -73.72 0.88
endloop
endfacet
facet normal 0 0 1
outer loop
vertex 174.23 -73.79 0.88
vertex 174.23 -73.72 0.88
vertex 174.03 -73.72 0.88
endloop
endfacet
facet normal 0 0 1
outer loop
vertex 174.23 -73.79 0.88
vertex 174.03 -73.72 0.88
vertex 174.04 -73.79 0.88
endloop
endfacet
facet normal 0 0 1
outer loop
vertex 129.70 -73.79 0.88
vertex 129.71 -73.72 0.88
vertex 129.51 -73.72 0.88
endloop
endfacet
facet normal 0 0 1
outer loop
vertex 129.70 -73.79 0.88
vertex 129.51 -73.72 0.88
vertex 129.51 -73.76 0.88
endloop
endfacet
facet normal 0 0 1
outer loop
vertex 129.70 -73.79 0.88
vertex 129.51 -73.76 0.88
vertex 129.51 -73.79 0.88
endloop
endfacet
facet normal 0 0 1
outer loop
vertex 174.23 -73.72 0.88
vertex 174.22 -73.67 0.88
vertex 174.22 -73.65 0.88
endloop
endfacet
facet normal 0 0 1
outer loop
vertex 174.23 -73.72 0.88
vertex 174.22 -73.65 0.88
vertex 174.01 -73.65 0.88
endloop
endfacet
facet normal 0 0 1
outer loop
vertex 174.23 -73.72 0.88
vertex 174.01 -73.65 0.88
vertex 174.03 -73.72 0.88
endloop
endfacet
facet normal 0 0 1
outer loop
vertex 129.71 -73.72 0.88
vertex 129.73 -73.65 0.88
vertex 129.52 -73.65 0.88
endloop
endfacet
facet normal 0 0 1
outer loop
vertex 129.71 -73.72 0.88
vertex 129.52 -73.65 0.88
vertex 129.52 -73.67 0.88
endloop
endfacet
facet normal 0 0 1
outer loop
vertex 129.71 -73.72 0.88
vertex 129.52 -73.67 0.88
vertex 129.51 -73.72 0.88
endloop
endfacet
facet normal 0 0 1
outer loop
vertex 129.73 -73.65 0.88
vertex 134.38 -62.44 0.88
vertex 134.16 -62.44 0.88
endloop
endfacet
facet normal 0 0 1
outer loop
vertex 129.73 -73.65 0.88
vertex 134.16 -62.44 0.88
vertex 129.55 -73.58 0.88
endloop
endfacet
facet normal 0 0 1
outer loop
vertex 129.73 -73.65 0.88
vertex 129.55 -73.58 0.88
vertex 129.52 -73.65 0.88
endloop
endfacet
facet normal 0 0 1
outer loop
vertex 174.22 -73.65 0.88
vertex 174.21 -73.64 0.88
vertex 174.19 -73.58 0.88
endloop
endfacet
facet normal 0 0 1
outer loop
vertex 174.22 -73.65 0.88
vertex 174.19 -73.58 0.88
vertex 169.58 -62.44 0.88
endloop
endfacet
facet normal 0 0 1
outer loop
vertex 174.22 -73.65 0.88
vertex 169.58 -62.44 0.88
vertex 169.36 -62.44 0.88
endloop
endfacet
facet normal 0 0 1
outer loop
vertex 174.22 -73.65 0.88
vertex 169.36 -62.44 0.88
vertex 174.01 -73.65 0.88
endloop
endfacet
facet normal 5.443114756072178e-17 -2.2546119945115184e-17 1
outer loop
vertex 134.38 -62.44 0.88
vertex 134.43 -62.33 0.88
vertex 127.40 -59.60 0.88
endloop
endfacet
facet normal 5.443114756072178e-17 -2.2546119945115184e-17 1
outer loop
vertex 134.38 -62.44 0.88
vertex 127.40 -59.60 0.88
vertex 124.44 -58.45 0.88
endloop
endfacet
facet normal 5.443114756072178e-17 -2.2546119945115184e-17 1
outer loop
vertex 134.38 -62.44 0.88
vertex 124.44 -58.45 0.88
vertex 115.66 -55.03 0.88
endloop
endfacet
facet normal 5.443114756072178e-17 -2.2546119945115184e-17 1
outer loop
vertex 134.38 -62.44 0.88
vertex 115.66 -55.03 0.88
vertex 115.11 -55.03 0.88
endloop
endfacet
facet normal 5.443114756072178e-17 -2.2546119945115184e-17 1
outer loop
vertex 134.38 -62.44 0.88
vertex 115.11 -55.03 0.88
vertex 134.16 -62.44 0.88
endloop
endfacet
facet normal 0 0 1
outer loop
vertex 169.58 -62.44 0.88
vertex 188.64 -55.03 0.88
vertex 188.73 -54.98 0.88
endloop
endfacet
facet normal 0 0 1
outer loop
vertex 169.58 -62.44 0.88
vertex 188.73 -54.98 0.88
vertex 188.82 -54.92 0.88
endloop
endfacet
facet normal 0 0 1
outer loop
vertex 169.58 -62.44 0.88
vertex 188.82 -54.92 0.88
vertex 188.89 -54.85 0.88
endloop
endfacet
facet normal 0 0 1
outer loop
vertex 169.58 -62.44 0.88
vertex 188.89 -54.85 0.88
vertex 188.89 -54.84 0.88
endloop
endfacet
facet normal 0 0 1
outer loop
vertex 169.58 -62.44 0.88
vertex 188.89 -54.84 0.88
vertex 188.57 -54.84 0.88
endloop
endfacet
facet normal 0 0 1
outer loop
vertex 169.58 -62.44 0.88
vertex 188.57 -54.84 0.88
vertex 179.30 -58.45 0.88
endloop
endfacet
facet normal 0 0 1
outer loop
vertex 169.58 -62.44 0.88
vertex 179.30 -58.45 0.88
vertex 176.34 -59.60 0.88
endloop
endfacet
facet normal 0 0 1
outer loop
vertex 169.58 -62.44 0.88
vertex 176.34 -59.60 0.88
vertex 169.32 -62.33 0.88
endloop
endfacet
facet normal 0 0 1
outer loop
vertex 169.58 -62.44 0.88
vertex 169.32 -62.33 0.88
vertex 169.36 -62.44 0.88
endloop
endfacet
facet normal 0 0 1
outer loop
vertex 115.66 -55.03 0.88
vertex 115.17 -54.84 0.88
vertex 114.85 -54.84 0.88
endloop
endfacet
facet normal 0 0 1
outer loop
vertex 115.66 -55.03 0.88
vertex 114.85 -54.84 0.88
vertex 114.85 -54.85 0.88
endloop
endfacet
facet normal 0 0 1
outer loop
vertex 115.66 -55.03 0.88
vertex 114.85 -54.85 0.88
vertex 114.92 -54.92 0.88
endloop
endfacet
facet normal 0 0 1
outer loop
vertex 115.66 -55.03 0.88
vertex 114.92 -54.92 0.88
vertex 115.01 -54.98 0.88
endloop
endfacet
facet normal 0 0 1
outer loop
vertex 115.66 -55.03 0.88
vertex 115.01 -54.98 0.88
vertex 115.10 -55.03 0.88
endloop
endfacet
facet normal 0 0 1
outer loop
vertex 115.66 -55.03 0.88
vertex 115.10 -55.03 0.88
vertex 115.11 -55.03 0.88
endloop
endfacet
facet normal 0 0 1
outer loop
vertex 188.89 -54.84 0.88
vertex 188.91 -54.81 0.88
vertex 188.63 -54.81 0.88
endloop
endfacet
facet normal 0 0 1
outer loop
vertex 188.89 -54.84 0.88
vertex 188.63 -54.81 0.88
vertex 188.57 -54.84 0.88
endloop
endfacet
facet normal 0 0 1
outer loop
vertex 115.17 -54.84 0.88
vertex 115.11 -54.81 0.88
vertex 114.83 -54.81 0.88
endloop
endfacet
facet normal 0 0 1
outer loop
vertex 115.17 -54.84 0.88
vertex 114.83 -54.81 0.88
vertex 114.85 -54.84 0.88
endloop
endfacet
facet normal 0 0 1
outer loop
vertex 188.91 -54.81 0.88
vertex 188.94 -54.77 0.88
vertex 188.69 -54.77 0.88
endloop
endfacet
facet normal 0 0 1
outer loop
vertex 188.91 -54.81 0.88
vertex 188.69 -54.77 0.88
vertex 188.63 -54.81 0.88
endloop
endfacet
facet normal 0 0 1
outer loop
vertex 115.11 -54.81 0.88
vertex 115.05 -54.77 0.88
vertex 114.80 -54.77 0.88
endloop
endfacet
facet normal 0 0 1
outer loop
vertex 115.11 -54.81 0.88
vertex 114.80 -54.77 0.88
vertex 114.83 -54.81 0.88
endloop
endfacet
facet normal 0 0 1
outer loop
vertex 188.94 -54.77 0.88
vertex 188.95 -54.76 0.88
vertex 188.97 -54.72 0.88
endloop
endfacet
facet normal 0 0 1
outer loop
vertex 188.94 -54.77 0.88
vertex 188.97 -54.72 0.88
vertex 188.73 -54.72 0.88
endloop
endfacet
facet normal 0 0 1
outer loop
vertex 188.94 -54.77 0.88
vertex 188.73 -54.72 0.88
vertex 188.69 -54.77 0.88
endloop
endfacet
facet normal 0 0 1
outer loop
vertex 115.05 -54.77 0.88
vertex 115.01 -54.72 0.88
vertex 114.77 -54.72 0.88
endloop
endfacet
facet normal 0 0 1
outer loop
vertex 115.05 -54.77 0.88
vertex 114.77 -54.72 0.88
vertex 114.79 -54.76 0.88
endloop
endfacet
facet normal 0 0 1
outer loop
vertex 115.05 -54.77 0.88
vertex 114.79 -54.76 0.88
vertex 114.80 -54.77 0.88
endloop
endfacet
facet normal 0 0 1
outer loop
vertex 188.97 -54.72 0.88
vertex 188.99 -54.67 0.88
vertex 188.99 -54.66 0.88
endloop
endfacet
facet normal 0 0 1
outer loop
vertex 188.97 -54.72 0.88
vertex 188.99 -54.66 0.88
vertex 188.77 -54.66 0.88
endloop
endfacet
facet normal 0 0 1
outer loop
vertex 188.97 -54.72 0.88
vertex 188.77 -54.66 0.88
vertex 188.73 -54.72 0.88
endloop
endfacet
facet normal 0 0 1
outer loop
vertex 115.01 -54.72 0.88
vertex 114.97 -54.66 0.88
vertex 114.75 -54.66 0.88
endloop
endfacet
facet normal 0 0 1
outer loop
vertex 115.01 -54.72 0.88
vertex 114.75 -54.66 0.88
vertex 114.75 -54.67 0.88
endloop
endfacet
facet normal 0 0 1
outer loop
vertex 115.01 -54.72 0.88
vertex 114.75 -54.67 0.88
vertex 114.77 -54.72 0.88
endloop
endfacet
facet normal 0 0 1
outer loop
vertex 188.99 -54.66 0.88
vertex 189.01 -54.60 0.88
vertex 188.80 -54.60 0.88
endloop
endfacet
facet normal 0 0 1
outer loop
vertex 188.99 -54.66 0.88
vertex 188.80 -54.60 0.88
vertex 188.77 -54.66 0.88
endloop
endfacet
facet normal 0 0 1
outer loop
vertex 114.97 -54.66 0.88
vertex 114.94 -54.60 0.88
vertex 114.73 -54.60 0.88
endloop
endfacet
facet normal 0 0 1
outer loop
vertex 114.97 -54.66 0.88
vertex 114.73 -54.60 0.88
vertex 114.75 -54.66 0.88
endloop
endfacet
facet normal 0 0 1
outer loop
vertex 189.01 -54.60 0.88
vertex 189.02 -54.57 0.88
vertex 189.02 -54.54 0.88
endloop
endfacet
facet normal 0 0 1
outer loop
vertex 189.01 -54.60 0.88
vertex 189.02 -54.54 0.88
vertex 188.82 -54.54 0.88
endloop
endfacet
facet normal 0 0 1
outer loop
vertex 189.01 -54.60 0.88
vertex 188.82 -54.54 0.88
vertex 188.80 -54.60 0.88
endloop
endfacet
facet normal 0 0 1
outer loop
vertex 114.94 -54.60 0.88
vertex 114.92 -54.54 0.88
vertex 114.72 -54.54 0.88
endloop
endfacet
facet normal 0 0 1
outer loop
vertex 114.94 -54.60 0.88
vertex 114.72 -54.54 0.88
vertex 114.72 -54.57 0.88
endloop
endfacet
facet normal 0 0 1
outer loop
vertex 114.94 -54.60 0.88
vertex 114.72 -54.57 0.88
vertex 114.73 -54.60 0.88
endloop
endfacet
facet normal 0 0 1
outer loop
vertex 189.02 -54.54 0.88
vertex 189.02 -54.47 0.88
vertex 188.82 -54.47 0.88
endloop
endfacet
facet normal 0 0 1
outer loop
vertex 189.02 -54.54 0.88
vertex 188.82 -54.47 0.88
vertex 188.82 -54.54 0.88
endloop
endfacet
facet normal 0 0 1
outer loop
vertex 114.92 -54.54 0.88
vertex 114.92 -54.47 0.88
vertex 114.72 -54.47 0.88
endloop
endfacet
facet normal 0 0 1
outer loop
vertex 114.92 -54.54 0.88
vertex 114.72 -54.47 0.88
vertex 114.72 -54.54 0.88
endloop
endfacet
facet normal 0 0 1
outer loop
vertex 189.02 -54.47 0.88
vertex 189.02 -54.47 0.88
vertex 189.02 -54.40 0.88
endloop
endfacet
facet normal 0 0 1
outer loop
vertex 189.02 -54.47 0.88
vertex 189.02 -54.40 0.88
vertex 188.82 -54.40 0.88
endloop
endfacet
facet normal 0 0 1
outer loop
vertex 189.02 -54.47 0.88
vertex 188.82 -54.40 0.88
vertex 188.82 -54.47 0.88
endloop
endfacet
facet normal 0 0 1
outer loop
vertex 114.92 -54.47 0.88
vertex 114.92 -54.40 0.88
vertex 114.72 -54.40 0.88
endloop
endfacet
facet normal 0 0 1
outer loop
vertex 114.92 -54.47 0.88
vertex 114.72 -54.40 0.88
vertex 114.72 -54.47 0.88
endloop
endfacet
facet normal 0 0 1
outer loop
vertex 114.92 -54.47 0.88
vertex 114.72 -54.47 0.88
vertex 114.72 -54.47 0.88
endloop
endfacet
facet normal 0 0 1
outer loop
vertex 114.92 -54.40 0.88
vertex 114.94 -54.33 0.88
vertex 114.73 -54.33 0.88
endloop
endfacet
facet normal 0 0 1
outer loop
vertex 114.92 -54.40 0.88
vertex 114.73 -54.33 0.88
vertex 114.73 -54.36 0.88
endloop
endfacet
facet normal 0 0 1
outer loop
vertex 114.92 -54.40 0.88
vertex 114.73 -54.36 0.88
vertex 114.72 -54.40 0.88
endloop
endfacet
facet normal 0 0 1
outer loop
vertex 189.02 -54.40 0.88
vertex 189.02 -54.36 0.88
vertex 189.01 -54.33 0.88
endloop
endfacet
facet normal 0 0 1
outer loop
vertex 189.02 -54.40 0.88
vertex 189.01 -54.33 0.88
vertex 188.80 -54.33 0.88
endloop
endfacet
facet normal 0 0 1
outer loop
vertex 189.02 -54.40 0.88
vertex 188.80 -54.33 0.88
vertex 188.82 -54.40 0.88
endloop
endfacet
facet normal 0 0 1
outer loop
vertex 114.94 -54.33 0.88
vertex 120.93 -37.87 0.88
vertex 120.72 -37.87 0.88
endloop
endfacet
facet normal 0 0 1
outer loop
vertex 114.94 -54.33 0.88
vertex 120.72 -37.87 0.88
vertex 114.75 -54.26 0.88
endloop
endfacet
facet normal 0 0 1
outer loop
vertex 114.94 -54.33 0.88
vertex 114.75 -54.26 0.88
vertex 114.73 -54.33 0.88
endloop
endfacet
facet normal 0 0 1
outer loop
vertex 189.01 -54.33 0.88
vertex 188.99 -54.26 0.88
vertex 188.98 -54.25 0.88
endloop
endfacet
facet normal 0 0 1
outer loop
vertex 189.01 -54.33 0.88
vertex 188.98 -54.25 0.88
vertex 183.02 -37.87 0.88
endloop
endfacet
facet normal 0 0 1
outer loop
vertex 189.01 -54.33 0.88
vertex 183.02 -37.87 0.88
vertex 182.81 -37.87 0.88
endloop
endfacet
facet normal 0 0 1
outer loop
vertex 189.01 -54.33 0.88
vertex 182.81 -37.87 0.88
vertex 188.80 -54.33 0.88
endloop
endfacet
facet normal -0.94 0.34 0
outer loop
vertex 114.75 -54.26 0.88
vertex 120.72 -37.87 0.88
vertex 120.72 -37.87 0.44
endloop
endfacet
facet normal -0.94 0.34 0
outer loop
vertex 114.75 -54.26 0.88
vertex 120.72 -37.87 0.44
vertex 114.75 -54.26 0.44
endloop
endfacet
facet normal 0 0 -1
outer loop
vertex 114.73 -54.36 0.88
vertex 114.73 -54.33 0.88
vertex 114.75 -54.26 0.88
endloop
endfacet
facet normal 0 0 -1
outer loop
vertex 114.73 -54.36 0.88
vertex 114.75 -54.26 0.88
vertex 114.75 -54.26 0.44
endloop
endfacet
facet normal 0 0 -1
outer loop
vertex 114.73 -54.36 0.88
vertex 114.75 -54.26 0.44
vertex 114.73 -54.36 0.44
endloop
endfacet
facet normal 0 0 1
outer loop
vertex 114.72 -54.47 0.88
vertex 114.72 -54.40 0.88
vertex 114.73 -54.36 0.88
endloop
endfacet
facet normal 0 0 1
outer loop
vertex 114.72 -54.47 0.88
vertex 114.73 -54.36 0.88
vertex 114.73 -54.36 0.44
endloop
endfacet
facet normal 0 0 1
outer loop
vertex 114.72 -54.47 0.88
vertex 114.73 -54.36 0.44
vertex 114.72 -54.47 0.44
endloop
endfacet
facet normal 0 0 -1
outer loop
vertex 114.72 -54.57 0.88
vertex 114.72 -54.54 0.88
vertex 114.72 -54.47 0.88
endloop
endfacet
facet normal 0 0 -1
outer loop
vertex 114.72 -54.57 0.88
vertex 114.72 -54.47 0.88
vertex 114.72 -54.47 0.88
endloop
endfacet
facet normal 0 0 -1
outer loop
vertex 114.72 -54.57 0.88
vertex 114.72 -54.47 0.88
vertex 114.72 -54.47 0.44
endloop
endfacet
facet normal 0 0 -1
outer loop
vertex 114.72 -54.57 0.88
vertex 114.72 -54.47 0.44
vertex 114.72 -54.57 0.44
endloop
endfacet
facet normal 0 0 1
outer loop
vertex 114.75 -54.67 0.88
vertex 114.75 -54.66 0.88
vertex 114.73 -54.60 0.88
endloop
endfacet
facet normal 0 0 1
outer loop
vertex 114.75 -54.67 0.88
vertex 114.73 -54.60 0.88
vertex 114.72 -54.57 0.88
endloop
endfacet
facet normal 0 0 1
outer loop
vertex 114.75 -54.67 0.88
vertex 114.72 -54.57 0.88
vertex 114.72 -54.57 0.44
endloop
endfacet
facet normal 0 0 1
outer loop
vertex 114.75 -54.67 0.88
vertex 114.72 -54.57 0.44
vertex 114.75 -54.67 0.44
endloop
endfacet
facet normal 0 0 1
outer loop
vertex 114.79 -54.76 0.88
vertex 114.77 -54.72 0.88
vertex 114.75 -54.67 0.88
endloop
endfacet
facet normal 0 0 1
outer loop
vertex 114.79 -54.76 0.88
vertex 114.75 -54.67 0.88
vertex 114.75 -54.67 0.44
endloop
endfacet
facet normal 0 0 1
outer loop
vertex 114.79 -54.76 0.88
vertex 114.75 -54.67 0.44
vertex 114.79 -54.76 0.44
endloop
endfacet
facet normal 0 0 1
outer loop
vertex 114.85 -54.85 0.88
vertex 114.85 -54.84 0.88
vertex 114.83 -54.81 0.88
endloop
endfacet
facet normal 0 0 1
outer loop
vertex 114.85 -54.85 0.88
vertex 114.83 -54.81 0.88
vertex 114.80 -54.77 0.88
endloop
endfacet
facet normal 0 0 1
outer loop
vertex 114.85 -54.85 0.88
vertex 114.80 -54.77 0.88
vertex 114.79 -54.76 0.88
endloop
endfacet
facet normal 0 0 1
outer loop
vertex 114.85 -54.85 0.88
vertex 114.79 -54.76 0.88
vertex 114.79 -54.76 0.44
endloop
endfacet
facet normal 0 0 1
outer loop
vertex 114.85 -54.85 0.88
vertex 114.79 -54.76 0.44
vertex 114.85 -54.85 0.44
endloop
endfacet
facet normal -0.72 -0.70 0
outer loop
vertex 114.92 -54.92 0.88
vertex 114.85 -54.85 0.88
vertex 114.85 -54.85 0.44
endloop
endfacet
facet normal -0.72 -0.70 0
outer loop
vertex 114.92 -54.92 0.88
vertex 114.85 -54.85 0.44
vertex 114.92 -54.92 0.44
endloop
endfacet
facet normal -0.59 -0.81 0
outer loop
vertex 115.01 -54.98 0.88
vertex 114.92 -54.92 0.88
vertex 114.92 -54.92 0.44
endloop
endfacet
facet normal -0.59 -0.81 0
outer loop
vertex 115.01 -54.98 0.88
vertex 114.92 -54.92 0.44
vertex 115.01 -54.98 0.44
endloop
endfacet
facet normal -0.44 -0.90 0
outer loop
vertex 115.10 -55.03 0.88
vertex 115.01 -54.98 0.88
vertex 115.01 -54.98 0.44
endloop
endfacet
facet normal -0.44 -0.90 0
outer loop
vertex 115.10 -55.03 0.88
vertex 115.01 -54.98 0.44
vertex 115.10 -55.03 0.44
endloop
endfacet
facet normal 0 0 1
outer loop
vertex 134.16 -62.44 0.88
vertex 115.11 -55.03 0.88
vertex 115.10 -55.03 0.88
endloop
endfacet
facet normal 0 0 1
outer loop
vertex 134.16 -62.44 0.88
vertex 115.10 -55.03 0.88
vertex 115.10 -55.03 0.44
endloop
endfacet
facet normal 0 0 1
outer loop
vertex 134.16 -62.44 0.88
vertex 115.10 -55.03 0.44
vertex 134.16 -62.44 0.44
endloop
endfacet
facet normal -0.92 0.38 1.1923858625706795e-13
outer loop
vertex 129.55 -73.58 0.88
vertex 134.16 -62.44 0.88
vertex 134.16 -62.44 0.44
endloop
endfacet
facet normal -0.92 0.38 1.1923858625706795e-13
outer loop
vertex 129.55 -73.58 0.88
vertex 134.16 -62.44 0.44
vertex 134.12 -62.55 0.44
endloop
endfacet
facet normal -0.92 0.38 1.1923858625706795e-13
outer loop
vertex 129.55 -73.58 0.88
vertex 134.12 -62.55 0.44
vertex 129.55 -73.58 0.44
endloop
endfacet
facet normal 0 0 1
outer loop
vertex 129.52 -73.67 0.88
vertex 129.52 -73.65 0.88
vertex 129.55 -73.58 0.88
endloop
endfacet
facet normal 0 0 1
outer loop
vertex 129.52 -73.67 0.88
vertex 129.55 -73.58 0.88
vertex 129.55 -73.58 0.44
endloop
endfacet
facet normal 0 0 1
outer loop
vertex 129.52 -73.67 0.88
vertex 129.55 -73.58 0.44
vertex 129.52 -73.67 0.44
endloop
endfacet
facet normal 0 0 -1
outer loop
vertex 129.51 -73.76 0.88
vertex 129.51 -73.72 0.88
vertex 129.52 -73.67 0.88
endloop
endfacet
facet normal 0 0 -1
outer loop
vertex 129.51 -73.76 0.88
vertex 129.52 -73.67 0.88
vertex 129.52 -73.67 0.44
endloop
endfacet
facet normal 0 0 -1
outer loop
vertex 129.51 -73.76 0.88
vertex 129.52 -73.67 0.44
vertex 129.51 -73.76 0.44
endloop
endfacet
facet normal 0 0 1
outer loop
vertex 129.51 -73.85 0.88
vertex 129.51 -73.79 0.88
vertex 129.51 -73.76 0.88
endloop
endfacet
facet normal 0 0 1
outer loop
vertex 129.51 -73.85 0.88
vertex 129.51 -73.76 0.88
vertex 129.51 -73.76 0.44
endloop
endfacet
facet normal 0 0 1
outer loop
vertex 129.51 -73.85 0.88
vertex 129.51 -73.76 0.44
vertex 129.51 -73.85 0.44
endloop
endfacet
facet normal 0 0 1
outer loop
vertex 129.52 -73.95 0.88
vertex 129.52 -73.93 0.88
vertex 129.51 -73.86 0.88
endloop
endfacet
facet normal 0 0 1
outer loop
vertex 129.52 -73.95 0.88
vertex 129.51 -73.86 0.88
vertex 129.51 -73.85 0.88
endloop
endfacet
facet normal 0 0 1
outer loop
vertex 129.52 -73.95 0.88
vertex 129.51 -73.85 0.88
vertex 129.51 -73.85 0.44
endloop
endfacet
facet normal 0 0 1
outer loop
vertex 129.52 -73.95 0.88
vertex 129.51 -73.85 0.44
vertex 129.52 -73.95 0.44
endloop
endfacet
facet normal 0 0 -1
outer loop
vertex 129.55 -74.04 0.88
vertex 129.53 -73.99 0.88
vertex 129.52 -73.95 0.88
endloop
endfacet
facet normal 0 0 -1
outer loop
vertex 129.55 -74.04 0.88
vertex 129.52 -73.95 0.88
vertex 129.52 -73.95 0.44
endloop
endfacet
facet normal 0 0 -1
outer loop
vertex 129.55 -74.04 0.88
vertex 129.52 -73.95 0.44
vertex 129.55 -74.04 0.44
endloop
endfacet
facet normal 0 0 -1
outer loop
vertex 129.59 -74.12 0.88
vertex 129.58 -74.10 0.88
vertex 129.56 -74.05 0.88
endloop
endfacet
facet normal 0 0 -1
outer loop
vertex 129.59 -74.12 0.88
vertex 129.56 -74.05 0.88
vertex 129.55 -74.04 0.88
endloop
endfacet
facet normal 0 0 -1
outer loop
vertex 129.59 -74.12 0.88
vertex 129.55 -74.04 0.88
vertex 129.55 -74.04 0.44
endloop
endfacet
facet normal 0 0 -1
outer loop
vertex 129.59 -74.12 0.88
vertex 129.55 -74.04 0.44
vertex 129.59 -74.12 0.44
endloop
endfacet
facet normal 0 0 1
outer loop
vertex 129.65 -74.20 0.88
vertex 129.63 -74.18 0.88
vertex 129.61 -74.14 0.88
endloop
endfacet
facet normal 0 0 1
outer loop
vertex 129.65 -74.20 0.88
vertex 129.61 -74.14 0.88
vertex 129.59 -74.12 0.88
endloop
endfacet
facet normal 0 0 1
outer loop
vertex 129.65 -74.20 0.88
vertex 129.59 -74.12 0.88
vertex 129.59 -74.12 0.44
endloop
endfacet
facet normal 0 0 1
outer loop
vertex 129.65 -74.20 0.88
vertex 129.59 -74.12 0.44
vertex 129.65 -74.20 0.44
endloop
endfacet
facet normal -0.71 -0.71 0
outer loop
vertex 129.71 -74.26 0.88
vertex 129.65 -74.20 0.88
vertex 129.65 -74.20 0.44
endloop
endfacet
facet normal -0.71 -0.71 0
outer loop
vertex 129.71 -74.26 0.88
vertex 129.65 -74.20 0.44
vertex 129.71 -74.26 0.44
endloop
endfacet
facet normal -0.59 -0.81 0
outer loop
vertex 129.79 -74.32 0.88
vertex 129.71 -74.26 0.88
vertex 129.71 -74.26 0.44
endloop
endfacet
facet normal -0.59 -0.81 0
outer loop
vertex 129.79 -74.32 0.88
vertex 129.71 -74.26 0.44
vertex 129.79 -74.32 0.44
endloop
endfacet
facet normal -0.45 -0.89 0
outer loop
vertex 129.87 -74.36 0.88
vertex 129.79 -74.32 0.88
vertex 129.79 -74.32 0.44
endloop
endfacet
facet normal -0.45 -0.89 0
outer loop
vertex 129.87 -74.36 0.88
vertex 129.79 -74.32 0.44
vertex 129.87 -74.36 0.44
endloop
endfacet
facet normal -0.38 -0.92 6.012738408633e-7
outer loop
vertex 146.87 -81.40 0.88
vertex 129.87 -74.36 0.88
vertex 129.87 -74.36 0.44
endloop
endfacet
facet normal -0.38 -0.92 6.012738408633e-7
outer loop
vertex 146.87 -81.40 0.88
vertex 129.87 -74.36 0.44
vertex 130.31 -74.54 0.44
endloop
endfacet
facet normal -0.38 -0.92 6.012738408633e-7
outer loop
vertex 146.87 -81.40 0.88
vertex 130.31 -74.54 0.44
vertex 146.87 -81.40 0.44
endloop
endfacet
facet normal -0.92 0.38 1.6580481941898938e-13
outer loop
vertex 132.56 -115.96 0.88
vertex 146.87 -81.40 0.88
vertex 146.87 -81.40 0.44
endloop
endfacet
facet normal -0.92 0.38 1.6580481941898938e-13
outer loop
vertex 132.56 -115.96 0.88
vertex 146.87 -81.40 0.44
vertex 146.83 -81.51 0.44
endloop
endfacet
facet normal -0.92 0.38 1.6580481941898938e-13
outer loop
vertex 132.56 -115.96 0.88
vertex 146.83 -81.51 0.44
vertex 132.56 -115.96 0.44
endloop
endfacet
facet normal -0.94 0.33 0
outer loop
vertex 132.54 -116.02 0.88
vertex 132.56 -115.96 0.88
vertex 132.56 -115.96 0.44
endloop
endfacet
facet normal -0.94 0.33 0
outer loop
vertex 132.54 -116.02 0.88
vertex 132.56 -115.96 0.44
vertex 132.54 -116.02 0.44
endloop
endfacet
facet normal 0 0 -1
outer loop
vertex 132.52 -116.09 0.88
vertex 132.53 -116.08 0.88
vertex 132.54 -116.03 0.88
endloop
endfacet
facet normal 0 0 -1
outer loop
vertex 132.52 -116.09 0.88
vertex 132.54 -116.03 0.88
vertex 132.54 -116.02 0.88
endloop
endfacet
facet normal 0 0 -1
outer loop
vertex 132.52 -116.09 0.88
vertex 132.54 -116.02 0.88
vertex 132.54 -116.02 0.44
endloop
endfacet
facet normal 0 0 -1
outer loop
vertex 132.52 -116.09 0.88
vertex 132.54 -116.02 0.44
vertex 132.52 -116.09 0.44
endloop
endfacet
facet normal 0 0 1
outer loop
vertex 132.52 -116.16 0.88
vertex 132.52 -116.12 0.88
vertex 132.52 -116.09 0.88
endloop
endfacet
facet normal 0 0 1
outer loop
vertex 132.52 -116.16 0.88
vertex 132.52 -116.09 0.88
vertex 132.52 -116.09 0.44
endloop
endfacet
facet normal 0 0 1
outer loop
vertex 132.52 -116.16 0.88
vertex 132.52 -116.09 0.44
vertex 132.52 -116.16 0.44
endloop
endfacet
facet normal 0 0 -1
outer loop
vertex 132.28 -122.32 0.88
vertex 132.52 -116.17 0.88
vertex 132.52 -116.16 0.88
endloop
endfacet
facet normal 0 0 -1
outer loop
vertex 132.28 -122.32 0.88
vertex 132.52 -116.16 0.88
vertex 132.52 -116.16 0.44
endloop
endfacet
facet normal 0 0 -1
outer loop
vertex 132.28 -122.32 0.88
vertex 132.52 -116.16 0.44
vertex 132.28 -122.32 0.44
endloop
endfacet
facet normal 0 0 -1
outer loop
vertex 132.28 -122.42 0.88
vertex 132.28 -122.39 0.88
vertex 132.28 -122.33 0.88
endloop
endfacet
facet normal 0 0 -1
outer loop
vertex 132.28 -122.42 0.88
vertex 132.28 -122.33 0.88
vertex 132.28 -122.32 0.88
endloop
endfacet
facet normal 0 0 -1
outer loop
vertex 132.28 -122.42 0.88
vertex 132.28 -122.32 0.88
vertex 132.28 -122.32 0.44
endloop
endfacet
facet normal 0 0 -1
outer loop
vertex 132.28 -122.42 0.88
vertex 132.28 -122.32 0.44
vertex 132.28 -122.42 0.44
endloop
endfacet
facet normal 0 0 1
outer loop
vertex 132.30 -122.51 0.88
vertex 132.29 -122.46 0.88
vertex 132.28 -122.42 0.88
endloop
endfacet
facet normal 0 0 1
outer loop
vertex 132.30 -122.51 0.88
vertex 132.28 -122.42 0.88
vertex 132.28 -122.42 0.44
endloop
endfacet
facet normal 0 0 1
outer loop
vertex 132.30 -122.51 0.88
vertex 132.28 -122.42 0.44
vertex 132.30 -122.51 0.44
endloop
endfacet
facet normal 0 0 -1
outer loop
vertex 132.33 -122.60 0.88
vertex 132.32 -122.57 0.88
vertex 132.30 -122.51 0.88
endloop
endfacet
facet normal 0 0 -1
outer loop
vertex 132.33 -122.60 0.88
vertex 132.30 -122.51 0.88
vertex 132.30 -122.51 0.88
endloop
endfacet
facet normal 0 0 -1
outer loop
vertex 132.33 -122.60 0.88
vertex 132.30 -122.51 0.88
vertex 132.30 -122.51 0.44
endloop
endfacet
facet normal 0 0 -1
outer loop
vertex 132.33 -122.60 0.88
vertex 132.30 -122.51 0.44
vertex 132.33 -122.60 0.44
endloop
endfacet
facet normal 0 0 -1
outer loop
vertex 132.38 -122.68 0.88
vertex 132.37 -122.66 0.88
vertex 132.34 -122.62 0.88
endloop
endfacet
facet normal 0 0 -1
outer loop
vertex 132.38 -122.68 0.88
vertex 132.34 -122.62 0.88
vertex 132.33 -122.60 0.88
endloop
endfacet
facet normal 0 0 -1
outer loop
vertex 132.38 -122.68 0.88
vertex 132.33 -122.60 0.88
vertex 132.33 -122.60 0.44
endloop
endfacet
facet normal 0 0 -1
outer loop
vertex 132.38 -122.68 0.88
vertex 132.33 -122.60 0.44
vertex 132.38 -122.68 0.44
endloop
endfacet
facet normal -0.78 -0.63 0
outer loop
vertex 132.44 -122.76 0.88
vertex 132.38 -122.68 0.88
vertex 132.38 -122.68 0.44
endloop
endfacet
facet normal -0.78 -0.63 0
outer loop
vertex 132.44 -122.76 0.88
vertex 132.38 -122.68 0.44
vertex 132.44 -122.76 0.44
endloop
endfacet
facet normal 0 0 1
outer loop
vertex 132.51 -122.82 0.88
vertex 132.50 -122.81 0.88
vertex 132.44 -122.76 0.88
endloop
endfacet
facet normal 0 0 1
outer loop
vertex 132.51 -122.82 0.88
vertex 132.44 -122.76 0.88
vertex 132.44 -122.76 0.44
endloop
endfacet
facet normal 0 0 1
outer loop
vertex 132.51 -122.82 0.88
vertex 132.44 -122.76 0.44
vertex 132.51 -122.82 0.44
endloop
endfacet
facet normal -0.61 -0.79 0
outer loop
vertex 147.11 -134.02 0.88
vertex 132.51 -122.82 0.88
vertex 132.51 -122.82 0.44
endloop
endfacet
facet normal -0.61 -0.79 0
outer loop
vertex 147.11 -134.02 0.88
vertex 132.51 -122.82 0.44
vertex 147.11 -134.02 0.44
endloop
endfacet
facet normal -0.79 0.61 9.178178102999397e-14
outer loop
vertex 134.68 -150.21 0.88
vertex 147.11 -134.02 0.88
vertex 147.11 -134.02 0.44
endloop
endfacet
facet normal -0.79 0.61 9.178178102999397e-14
outer loop
vertex 134.68 -150.21 0.88
vertex 147.11 -134.02 0.44
vertex 147.08 -134.06 0.44
endloop
endfacet
facet normal -0.79 0.61 9.178178102999397e-14
outer loop
vertex 134.68 -150.21 0.88
vertex 147.08 -134.06 0.44
vertex 134.68 -150.21 0.44
endloop
endfacet
facet normal -0.80 0.60 0
outer loop
vertex 134.67 -150.23 0.88
vertex 134.68 -150.21 0.88
vertex 134.68 -150.21 0.44
endloop
endfacet
facet normal -0.80 0.60 0
outer loop
vertex 134.67 -150.23 0.88
vertex 134.68 -150.21 0.44
vertex 134.67 -150.23 0.44
endloop
endfacet
facet normal -0.82 0.58 2.7608128966243213e-14
outer loop
vertex 134.66 -150.24 0.88
vertex 134.67 -150.23 0.88
vertex 134.67 -150.23 0.44
endloop
endfacet
facet normal -0.82 0.58 2.7608128966243213e-14
outer loop
vertex 134.66 -150.24 0.88
vertex 134.67 -150.23 0.44
vertex 134.67 -150.23 0.44
endloop
endfacet
facet normal -0.82 0.58 2.7608128966243213e-14
outer loop
vertex 134.66 -150.24 0.88
vertex 134.67 -150.23 0.44
vertex 134.66 -150.24 0.44
endloop
endfacet
facet normal 0 0 1
outer loop
vertex 138.60 -152.57 0.88
vertex 136.99 -151.62 0.88
vertex 134.84 -150.34 0.88
endloop
endfacet
facet normal 0 0 1
outer loop
vertex 138.60 -152.57 0.88
vertex 134.84 -150.34 0.88
vertex 134.83 -150.34 0.88
endloop
endfacet
facet normal 0 0 1
outer loop
vertex 138.60 -152.57 0.88
vertex 134.83 -150.34 0.88
vertex 134.66 -150.24 0.88
endloop
endfacet
facet normal 0 0 1
outer loop
vertex 138.60 -152.57 0.88
vertex 134.66 -150.24 0.88
vertex 134.66 -150.24 0.44
endloop
endfacet
facet normal 0 0 1
outer loop
vertex 138.60 -152.57 0.88
vertex 134.66 -150.24 0.44
vertex 136.84 -151.53 0.44
endloop
endfacet
facet normal 0 0 1
outer loop
vertex 138.60 -152.57 0.88
vertex 136.84 -151.53 0.44
vertex 138.54 -152.53 0.44
endloop
endfacet
facet normal 0 0 1
outer loop
vertex 138.60 -152.57 0.88
vertex 138.54 -152.53 0.44
vertex 138.60 -152.57 0.44
endloop
endfacet
facet normal 0 0 -1
outer loop
vertex 142.85 -154.28 0.88
vertex 141.21 -153.62 0.88
vertex 138.67 -152.60 0.88
endloop
endfacet
facet normal 0 0 -1
outer loop
vertex 142.85 -154.28 0.88
vertex 138.67 -152.60 0.88
vertex 138.60 -152.57 0.88
endloop
endfacet
facet normal 0 0 -1
outer loop
vertex 142.85 -154.28 0.88
vertex 138.60 -152.57 0.88
vertex 138.60 -152.57 0.44
endloop
endfacet
facet normal 0 0 -1
outer loop
vertex 142.85 -154.28 0.88
vertex 138.60 -152.57 0.44
vertex 141.10 -153.57 0.44
endloop
endfacet
facet normal 0 0 -1
outer loop
vertex 142.85 -154.28 0.88
vertex 141.10 -153.57 0.44
vertex 142.80 -154.26 0.44
endloop
endfacet
facet normal 0 0 -1
outer loop
vertex 142.85 -154.28 0.88
vertex 142.80 -154.26 0.44
vertex 142.85 -154.28 0.44
endloop
endfacet
facet normal 0 0 -1
outer loop
vertex 147.31 -155.32 0.88
vertex 145.95 -155.00 0.88
vertex 145.85 -154.98 0.88
endloop
endfacet
facet normal 0 0 -1
outer loop
vertex 147.31 -155.32 0.88
vertex 145.85 -154.98 0.88
vertex 142.90 -154.29 0.88
endloop
endfacet
facet normal 0 0 -1
outer loop
vertex 147.31 -155.32 0.88
vertex 142.90 -154.29 0.88
vertex 142.85 -154.28 0.88
endloop
endfacet
facet normal 0 0 -1
outer loop
vertex 147.31 -155.32 0.88
vertex 142.85 -154.28 0.88
vertex 142.85 -154.28 0.44
endloop
endfacet
facet normal 0 0 -1
outer loop
vertex 147.31 -155.32 0.88
vertex 142.85 -154.28 0.44
vertex 145.79 -154.96 0.44
endloop
endfacet
facet normal 0 0 -1
outer loop
vertex 147.31 -155.32 0.88
vertex 145.79 -154.96 0.44
vertex 147.28 -155.31 0.44
endloop
endfacet
facet normal 0 0 -1
outer loop
vertex 147.31 -155.32 0.88
vertex 147.28 -155.31 0.44
vertex 147.31 -155.32 0.44
endloop
endfacet
facet normal 0 0 -1
outer loop
vertex 151.87 -155.67 0.88
vertex 151.86 -155.66 0.88
vertex 147.33 -155.32 0.88
endloop
endfacet
facet normal 0 0 -1
outer loop
vertex 151.87 -155.67 0.88
vertex 147.33 -155.32 0.88
vertex 147.31 -155.32 0.88
endloop
endfacet
facet normal 0 0 -1
outer loop
vertex 151.87 -155.67 0.88
vertex 147.31 -155.32 0.88
vertex 147.31 -155.32 0.44
endloop
endfacet
facet normal 0 0 -1
outer loop
vertex 151.87 -155.67 0.88
vertex 147.31 -155.32 0.44
vertex 151.87 -155.67 0.44
endloop
endfacet
facet normal 0 0 -1
outer loop
vertex 156.43 -155.32 0.88
vertex 156.41 -155.32 0.88
vertex 151.88 -155.66 0.88
endloop
endfacet
facet normal 0 0 -1
outer loop
vertex 156.43 -155.32 0.88
vertex 151.88 -155.66 0.88
vertex 151.87 -155.67 0.88
endloop
endfacet
facet normal 0 0 -1
outer loop
vertex 156.43 -155.32 0.88
vertex 151.87 -155.67 0.88
vertex 151.87 -155.67 0.44
endloop
endfacet
facet normal 0 0 -1
outer loop
vertex 156.43 -155.32 0.88
vertex 151.87 -155.67 0.44
vertex 151.87 -155.67 0.44
endloop
endfacet
facet normal 0 0 -1
outer loop
vertex 156.43 -155.32 0.88
vertex 151.87 -155.67 0.44
vertex 156.43 -155.32 0.44
endloop
endfacet
facet normal 0 0 -1
outer loop
vertex 160.89 -154.28 0.88
vertex 160.84 -154.29 0.88
vertex 157.89 -154.98 0.88
endloop
endfacet
facet normal 0 0 -1
outer loop
vertex 160.89 -154.28 0.88
vertex 157.89 -154.98 0.88
vertex 156.43 -155.32 0.88
endloop
endfacet
facet normal 0 0 -1
outer loop
vertex 160.89 -154.28 0.88
vertex 156.43 -155.32 0.88
vertex 156.43 -155.32 0.44
endloop
endfacet
facet normal 0 0 -1
outer loop
vertex 160.89 -154.28 0.88
vertex 156.43 -155.32 0.44
vertex 156.46 -155.31 0.44
endloop
endfacet
facet normal 0 0 -1
outer loop
vertex 160.89 -154.28 0.88
vertex 156.46 -155.31 0.44
vertex 157.95 -154.96 0.44
endloop
endfacet
facet normal 0 0 -1
outer loop
vertex 160.89 -154.28 0.88
vertex 157.95 -154.96 0.44
vertex 160.89 -154.28 0.44
endloop
endfacet
facet normal 0 0 -1
outer loop
vertex 165.14 -152.57 0.88
vertex 165.07 -152.60 0.88
vertex 162.54 -153.62 0.88
endloop
endfacet
facet normal 0 0 -1
outer loop
vertex 165.14 -152.57 0.88
vertex 162.54 -153.62 0.88
vertex 160.89 -154.28 0.88
endloop
endfacet
facet normal 0 0 -1
outer loop
vertex 165.14 -152.57 0.88
vertex 160.89 -154.28 0.88
vertex 160.89 -154.28 0.44
endloop
endfacet
facet normal 0 0 -1
outer loop
vertex 165.14 -152.57 0.88
vertex 160.89 -154.28 0.44
vertex 160.94 -154.26 0.44
endloop
endfacet
facet normal 0 0 -1
outer loop
vertex 165.14 -152.57 0.88
vertex 160.94 -154.26 0.44
vertex 162.65 -153.57 0.44
endloop
endfacet
facet normal 0 0 -1
outer loop
vertex 165.14 -152.57 0.88
vertex 162.65 -153.57 0.44
vertex 165.14 -152.57 0.44
endloop
endfacet
facet normal 0 0 1
outer loop
vertex 169.08 -150.24 0.88
vertex 168.91 -150.34 0.88
vertex 168.90 -150.34 0.88
endloop
endfacet
facet normal 0 0 1
outer loop
vertex 169.08 -150.24 0.88
vertex 168.90 -150.34 0.88
vertex 168.90 -150.34 0.88
endloop
endfacet
facet normal 0 0 1
outer loop
vertex 169.08 -150.24 0.88
vertex 168.90 -150.34 0.88
vertex 168.73 -150.45 0.88
endloop
endfacet
facet normal 0 0 1
outer loop
vertex 169.08 -150.24 0.88
vertex 168.73 -150.45 0.88
vertex 168.73 -150.45 0.88
endloop
endfacet
facet normal 0 0 1
outer loop
vertex 169.08 -150.24 0.88
vertex 168.73 -150.45 0.88
vertex 168.71 -150.46 0.88
endloop
endfacet
facet normal 0 0 1
outer loop
vertex 169.08 -150.24 0.88
vertex 168.71 -150.46 0.88
vertex 166.75 -151.62 0.88
endloop
endfacet
facet normal 0 0 1
outer loop
vertex 169.08 -150.24 0.88
vertex 166.75 -151.62 0.88
vertex 165.14 -152.57 0.88
endloop
endfacet
facet normal 0 0 1
outer loop
vertex 169.08 -150.24 0.88
vertex 165.14 -152.57 0.88
vertex 165.14 -152.57 0.44
endloop
endfacet
facet normal 0 0 1
outer loop
vertex 169.08 -150.24 0.88
vertex 165.14 -152.57 0.44
vertex 165.20 -152.53 0.44
endloop
endfacet
facet normal 0 0 1
outer loop
vertex 169.08 -150.24 0.88
vertex 165.20 -152.53 0.44
vertex 166.90 -151.53 0.44
endloop
endfacet
facet normal 0 0 1
outer loop
vertex 169.08 -150.24 0.88
vertex 166.90 -151.53 0.44
vertex 168.73 -150.45 0.44
endloop
endfacet
facet normal 0 0 1
outer loop
vertex 169.08 -150.24 0.88
vertex 168.73 -150.45 0.44
vertex 168.73 -150.45 0.44
endloop
endfacet
facet normal 0 0 1
outer loop
vertex 169.08 -150.24 0.88
vertex 168.73 -150.45 0.44
vertex 168.90 -150.34 0.44
endloop
endfacet
facet normal 0 0 1
outer loop
vertex 169.08 -150.24 0.88
vertex 168.90 -150.34 0.44
vertex 168.90 -150.34 0.44
endloop
endfacet
facet normal 0 0 1
outer loop
vertex 169.08 -150.24 0.88
vertex 168.90 -150.34 0.44
vertex 169.08 -150.24 0.44
endloop
endfacet
facet normal 0.82 0.58 -5.2778503346758996e-14
outer loop
vertex 169.07 -150.23 0.88
vertex 169.08 -150.24 0.88
vertex 169.08 -150.24 0.44
endloop
endfacet
facet normal 0.82 0.58 -5.2778503346758996e-14
outer loop
vertex 169.07 -150.23 0.88
vertex 169.08 -150.24 0.44
vertex 169.07 -150.23 0.44
endloop
endfacet
facet normal 0.82 0.58 -5.2778503346758996e-14
outer loop
vertex 169.07 -150.23 0.88
vertex 169.07 -150.23 0.44
vertex 169.07 -150.23 0.44
endloop
endfacet
facet normal 0.80 0.60 0
outer loop
vertex 169.06 -150.21 0.88
vertex 169.07 -150.23 0.88
vertex 169.07 -150.23 0.44
endloop
endfacet
facet normal 0.80 0.60 0
outer loop
vertex 169.06 -150.21 0.88
vertex 169.07 -150.23 0.44
vertex 169.06 -150.21 0.44
endloop
endfacet
facet normal 0.79 0.61 1.265955620822046e-14
outer loop
vertex 156.63 -134.02 0.88
vertex 169.06 -150.21 0.88
vertex 169.06 -150.21 0.44
endloop
endfacet
facet normal 0.79 0.61 1.265955620822046e-14
outer loop
vertex 156.63 -134.02 0.88
vertex 169.06 -150.21 0.44
vertex 156.66 -134.06 0.44
endloop
endfacet
facet normal 0.79 0.61 1.265955620822046e-14
outer loop
vertex 156.63 -134.02 0.88
vertex 156.66 -134.06 0.44
vertex 156.63 -134.02 0.44
endloop
endfacet
facet normal 0.61 -0.79 0
outer loop
vertex 171.23 -122.82 0.88
vertex 156.63 -134.02 0.88
vertex 156.63 -134.02 0.44
endloop
endfacet
facet normal 0.61 -0.79 0
outer loop
vertex 171.23 -122.82 0.88
vertex 156.63 -134.02 0.44
vertex 171.23 -122.82 0.44
endloop
endfacet
facet normal 0.67 -0.74 0
outer loop
vertex 171.30 -122.76 0.88
vertex 171.23 -122.82 0.88
vertex 171.23 -122.82 0.44
endloop
endfacet
facet normal 0.67 -0.74 0
outer loop
vertex 171.30 -122.76 0.88
vertex 171.23 -122.82 0.44
vertex 171.30 -122.76 0.44
endloop
endfacet
facet normal 0.78 -0.63 0
outer loop
vertex 171.36 -122.68 0.88
vertex 171.30 -122.76 0.88
vertex 171.30 -122.76 0.44
endloop
endfacet
facet normal 0.78 -0.63 0
outer loop
vertex 171.36 -122.68 0.88
vertex 171.30 -122.76 0.44
vertex 171.36 -122.68 0.44
endloop
endfacet
facet normal 0 0 -1
outer loop
vertex 171.41 -122.60 0.88
vertex 171.40 -122.62 0.88
vertex 171.37 -122.66 0.88
endloop
endfacet
facet normal 0 0 -1
outer loop
vertex 171.41 -122.60 0.88
vertex 171.37 -122.66 0.88
vertex 171.36 -122.68 0.88
endloop
endfacet
facet normal 0 0 -1
outer loop
vertex 171.41 -122.60 0.88
vertex 171.36 -122.68 0.88
vertex 171.36 -122.68 0.44
endloop
endfacet
facet normal 0 0 -1
outer loop
vertex 171.41 -122.60 0.88
vertex 171.36 -122.68 0.44
vertex 171.41 -122.60 0.44
endloop
endfacet
facet normal 0 0 -1
outer loop
vertex 171.44 -122.51 0.88
vertex 171.44 -122.51 0.88
vertex 171.42 -122.57 0.88
endloop
endfacet
facet normal 0 0 -1
outer loop
vertex 171.44 -122.51 0.88
vertex 171.42 -122.57 0.88
vertex 171.41 -122.60 0.88
endloop
endfacet
facet normal 0 0 -1
outer loop
vertex 171.44 -122.51 0.88
vertex 171.41 -122.60 0.88
vertex 171.41 -122.60 0.44
endloop
endfacet
facet normal 0 0 -1
outer loop
vertex 171.44 -122.51 0.88
vertex 171.41 -122.60 0.44
vertex 171.44 -122.51 0.44
endloop
endfacet
facet normal 0 0 -1
outer loop
vertex 171.46 -122.42 0.88
vertex 171.45 -122.46 0.88
vertex 171.44 -122.51 0.88
endloop
endfacet
facet normal 0 0 -1
outer loop
vertex 171.46 -122.42 0.88
vertex 171.44 -122.51 0.88
vertex 171.44 -122.51 0.44
endloop
endfacet
facet normal 0 0 -1
outer loop
vertex 171.46 -122.42 0.88
vertex 171.44 -122.51 0.44
vertex 171.46 -122.42 0.44
endloop
endfacet
facet normal 0 0 1
outer loop
vertex 171.46 -122.32 0.88
vertex 171.46 -122.33 0.88
vertex 171.46 -122.39 0.88
endloop
endfacet
facet normal 0 0 1
outer loop
vertex 171.46 -122.32 0.88
vertex 171.46 -122.39 0.88
vertex 171.46 -122.42 0.88
endloop
endfacet
facet normal 0 0 1
outer loop
vertex 171.46 -122.32 0.88
vertex 171.46 -122.42 0.88
vertex 171.46 -122.42 0.44
endloop
endfacet
facet normal 0 0 1
outer loop
vertex 171.46 -122.32 0.88
vertex 171.46 -122.42 0.44
vertex 171.46 -122.32 0.44
endloop
endfacet
facet normal 0 0 -1
outer loop
vertex 171.22 -116.16 0.88
vertex 171.22 -116.17 0.88
vertex 171.46 -122.32 0.88
endloop
endfacet
facet normal 0 0 -1
outer loop
vertex 171.22 -116.16 0.88
vertex 171.46 -122.32 0.88
vertex 171.46 -122.32 0.44
endloop
endfacet
facet normal 0 0 -1
outer loop
vertex 171.22 -116.16 0.88
vertex 171.46 -122.32 0.44
vertex 171.22 -116.16 0.44
endloop
endfacet
facet normal 0 0 1
outer loop
vertex 171.22 -116.09 0.88
vertex 171.22 -116.12 0.88
vertex 171.22 -116.16 0.88
endloop
endfacet
facet normal 0 0 1
outer loop
vertex 171.22 -116.09 0.88
vertex 171.22 -116.16 0.88
vertex 171.22 -116.16 0.44
endloop
endfacet
facet normal 0 0 1
outer loop
vertex 171.22 -116.09 0.88
vertex 171.22 -116.16 0.44
vertex 171.22 -116.09 0.44
endloop
endfacet
facet normal 0 0 1
outer loop
vertex 171.20 -116.02 0.88
vertex 171.20 -116.03 0.88
vertex 171.21 -116.08 0.88
endloop
endfacet
facet normal 0 0 1
outer loop
vertex 171.20 -116.02 0.88
vertex 171.21 -116.08 0.88
vertex 171.22 -116.09 0.88
endloop
endfacet
facet normal 0 0 1
outer loop
vertex 171.20 -116.02 0.88
vertex 171.22 -116.09 0.88
vertex 171.22 -116.09 0.44
endloop
endfacet
facet normal 0 0 1
outer loop
vertex 171.20 -116.02 0.88
vertex 171.22 -116.09 0.44
vertex 171.20 -116.02 0.44
endloop
endfacet
facet normal 0.94 0.33 0
outer loop
vertex 171.18 -115.96 0.88
vertex 171.20 -116.02 0.88
vertex 171.20 -116.02 0.44
endloop
endfacet
facet normal 0.94 0.33 0
outer loop
vertex 171.18 -115.96 0.88
vertex 171.20 -116.02 0.44
vertex 171.18 -115.96 0.44
endloop
endfacet
facet normal 0.92 0.38 -1.0708228123511456e-13
outer loop
vertex 156.87 -81.40 0.88
vertex 171.18 -115.96 0.88
vertex 171.18 -115.96 0.44
endloop
endfacet
facet normal 0.92 0.38 -1.0708228123511456e-13
outer loop
vertex 156.87 -81.40 0.88
vertex 171.18 -115.96 0.44
vertex 156.91 -81.51 0.44
endloop
endfacet
facet normal 0.92 0.38 -1.0708228123511456e-13
outer loop
vertex 156.87 -81.40 0.88
vertex 156.91 -81.51 0.44
vertex 156.87 -81.40 0.44
endloop
endfacet
facet normal 0.38 -0.92 0
outer loop
vertex 173.87 -74.36 0.88
vertex 156.87 -81.40 0.88
vertex 156.87 -81.40 0.44
endloop
endfacet
facet normal 0.38 -0.92 0
outer loop
vertex 173.87 -74.36 0.88
vertex 156.87 -81.40 0.44
vertex 173.87 -74.36 0.44
endloop
endfacet
facet normal 0.45 -0.89 0
outer loop
vertex 173.95 -74.32 0.88
vertex 173.87 -74.36 0.88
vertex 173.87 -74.36 0.44
endloop
endfacet
facet normal 0.45 -0.89 0
outer loop
vertex 173.95 -74.32 0.88
vertex 173.87 -74.36 0.44
vertex 173.95 -74.32 0.44
endloop
endfacet
facet normal 0.59 -0.81 0
outer loop
vertex 174.03 -74.26 0.88
vertex 173.95 -74.32 0.88
vertex 173.95 -74.32 0.44
endloop
endfacet
facet normal 0.59 -0.81 0
outer loop
vertex 174.03 -74.26 0.88
vertex 173.95 -74.32 0.44
vertex 174.03 -74.26 0.44
endloop
endfacet
facet normal 0.71 -0.71 0
outer loop
vertex 174.09 -74.20 0.88
vertex 174.03 -74.26 0.88
vertex 174.03 -74.26 0.44
endloop
endfacet
facet normal 0.71 -0.71 0
outer loop
vertex 174.09 -74.20 0.88
vertex 174.03 -74.26 0.44
vertex 174.09 -74.20 0.44
endloop
endfacet
facet normal 0 0 -1
outer loop
vertex 174.15 -74.12 0.88
vertex 174.13 -74.14 0.88
vertex 174.11 -74.18 0.88
endloop
endfacet
facet normal 0 0 -1
outer loop
vertex 174.15 -74.12 0.88
vertex 174.11 -74.18 0.88
vertex 174.09 -74.20 0.88
endloop
endfacet
facet normal 0 0 -1
outer loop
vertex 174.15 -74.12 0.88
vertex 174.09 -74.20 0.88
vertex 174.09 -74.20 0.44
endloop
endfacet
facet normal 0 0 -1
outer loop
vertex 174.15 -74.12 0.88
vertex 174.09 -74.20 0.44
vertex 174.15 -74.12 0.44
endloop
endfacet
facet normal 0 0 -1
outer loop
vertex 174.19 -74.04 0.88
vertex 174.18 -74.05 0.88
vertex 174.16 -74.10 0.88
endloop
endfacet
facet normal 0 0 -1
outer loop
vertex 174.19 -74.04 0.88
vertex 174.16 -74.10 0.88
vertex 174.15 -74.12 0.88
endloop
endfacet
facet normal 0 0 -1
outer loop
vertex 174.19 -74.04 0.88
vertex 174.15 -74.12 0.88
vertex 174.15 -74.12 0.44
endloop
endfacet
facet normal 0 0 -1
outer loop
vertex 174.19 -74.04 0.88
vertex 174.15 -74.12 0.44
vertex 174.19 -74.04 0.44
endloop
endfacet
facet normal 0 0 1
outer loop
vertex 174.22 -73.95 0.88
vertex 174.22 -73.95 0.88
vertex 174.21 -73.99 0.88
endloop
endfacet
facet normal 0 0 1
outer loop
vertex 174.22 -73.95 0.88
vertex 174.21 -73.99 0.88
vertex 174.20 -74.01 0.88
endloop
endfacet
facet normal 0 0 1
outer loop
vertex 174.22 -73.95 0.88
vertex 174.20 -74.01 0.88
vertex 174.19 -74.04 0.88
endloop
endfacet
facet normal 0 0 1
outer loop
vertex 174.22 -73.95 0.88
vertex 174.19 -74.04 0.88
vertex 174.19 -74.04 0.44
endloop
endfacet
facet normal 0 0 1
outer loop
vertex 174.22 -73.95 0.88
vertex 174.19 -74.04 0.44
vertex 174.20 -74.01 0.44
endloop
endfacet
facet normal 0 0 1
outer loop
vertex 174.22 -73.95 0.88
vertex 174.20 -74.01 0.44
vertex 174.22 -73.95 0.44
endloop
endfacet
facet normal 0 0 1
outer loop
vertex 174.23 -73.85 0.88
vertex 174.23 -73.86 0.88
vertex 174.22 -73.93 0.88
endloop
endfacet
facet normal 0 0 1
outer loop
vertex 174.23 -73.85 0.88
vertex 174.22 -73.93 0.88
vertex 174.22 -73.95 0.88
endloop
endfacet
facet normal 0 0 1
outer loop
vertex 174.23 -73.85 0.88
vertex 174.22 -73.95 0.88
vertex 174.22 -73.95 0.44
endloop
endfacet
facet normal 0 0 1
outer loop
vertex 174.23 -73.85 0.88
vertex 174.22 -73.95 0.44
vertex 174.23 -73.85 0.44
endloop
endfacet
facet normal 0 0 -1
outer loop
vertex 174.23 -73.76 0.88
vertex 174.23 -73.79 0.88
vertex 174.23 -73.85 0.88
endloop
endfacet
facet normal 0 0 -1
outer loop
vertex 174.23 -73.76 0.88
vertex 174.23 -73.85 0.88
vertex 174.23 -73.85 0.44
endloop
endfacet
facet normal 0 0 -1
outer loop
vertex 174.23 -73.76 0.88
vertex 174.23 -73.85 0.44
vertex 174.23 -73.76 0.44
endloop
endfacet
facet normal 0 0 -1
outer loop
vertex 174.22 -73.67 0.88
vertex 174.23 -73.72 0.88
vertex 174.23 -73.76 0.88
endloop
endfacet
facet normal 0 0 -1
outer loop
vertex 174.22 -73.67 0.88
vertex 174.23 -73.76 0.88
vertex 174.23 -73.76 0.44
endloop
endfacet
facet normal 0 0 -1
outer loop
vertex 174.22 -73.67 0.88
vertex 174.23 -73.76 0.44
vertex 174.22 -73.67 0.44
endloop
endfacet
facet normal 0 0 -1
outer loop
vertex 174.19 -73.58 0.88
vertex 174.21 -73.64 0.88
vertex 174.22 -73.65 0.88
endloop
endfacet
facet normal 0 0 -1
outer loop
vertex 174.19 -73.58 0.88
vertex 174.22 -73.65 0.88
vertex 174.22 -73.67 0.88
endloop
endfacet
facet normal 0 0 -1
outer loop
vertex 174.19 -73.58 0.88
vertex 174.22 -73.67 0.88
vertex 174.22 -73.67 0.44
endloop
endfacet
facet normal 0 0 -1
outer loop
vertex 174.19 -73.58 0.88
vertex 174.22 -73.67 0.44
vertex 174.21 -73.64 0.44
endloop
endfacet
facet normal 0 0 -1
outer loop
vertex 174.19 -73.58 0.88
vertex 174.21 -73.64 0.44
vertex 174.19 -73.58 0.44
endloop
endfacet
facet normal 0.92 0.38 -4.4986177239074583e-7
outer loop
vertex 169.58 -62.44 0.88
vertex 174.19 -73.58 0.88
vertex 174.19 -73.58 0.44
endloop
endfacet
facet normal 0.92 0.38 -4.4986177239074583e-7
outer loop
vertex 169.58 -62.44 0.88
vertex 174.19 -73.58 0.44
vertex 169.62 -62.55 0.44
endloop
endfacet
facet normal 0.92 0.38 -4.4986177239074583e-7
outer loop
vertex 169.58 -62.44 0.88
vertex 169.62 -62.55 0.44
vertex 169.58 -62.44 0.44
endloop
endfacet
facet normal 0.36 -0.93 0
outer loop
vertex 188.64 -55.03 0.88
vertex 169.58 -62.44 0.88
vertex 169.58 -62.44 0.44
endloop
endfacet
facet normal 0.36 -0.93 0
outer loop
vertex 188.64 -55.03 0.88
vertex 169.58 -62.44 0.44
vertex 188.64 -55.03 0.44
endloop
endfacet
facet normal 0.44 -0.90 0
outer loop
vertex 188.73 -54.98 0.88
vertex 188.64 -55.03 0.88
vertex 188.64 -55.03 0.44
endloop
endfacet
facet normal 0.44 -0.90 0
outer loop
vertex 188.73 -54.98 0.88
vertex 188.64 -55.03 0.44
vertex 188.73 -54.98 0.44
endloop
endfacet
facet normal 0.59 -0.81 0
outer loop
vertex 188.82 -54.92 0.88
vertex 188.73 -54.98 0.88
vertex 188.73 -54.98 0.44
endloop
endfacet
facet normal 0.59 -0.81 0
outer loop
vertex 188.82 -54.92 0.88
vertex 188.73 -54.98 0.44
vertex 188.82 -54.92 0.44
endloop
endfacet
facet normal 0.72 -0.70 0
outer loop
vertex 188.89 -54.85 0.88
vertex 188.82 -54.92 0.88
vertex 188.82 -54.92 0.44
endloop
endfacet
facet normal 0.72 -0.70 0
outer loop
vertex 188.89 -54.85 0.88
vertex 188.82 -54.92 0.44
vertex 188.89 -54.85 0.44
endloop
endfacet
facet normal 0 0 -1
outer loop
vertex 188.95 -54.76 0.88
vertex 188.94 -54.77 0.88
vertex 188.91 -54.81 0.88
endloop
endfacet
facet normal 0 0 -1
outer loop
vertex 188.95 -54.76 0.88
vertex 188.91 -54.81 0.88
vertex 188.89 -54.84 0.88
endloop
endfacet
facet normal 0 0 -1
outer loop
vertex 188.95 -54.76 0.88
vertex 188.89 -54.84 0.88
vertex 188.89 -54.85 0.88
endloop
endfacet
facet normal 0 0 -1
outer loop
vertex 188.95 -54.76 0.88
vertex 188.89 -54.85 0.88
vertex 188.89 -54.85 0.44
endloop
endfacet
facet normal 0 0 -1
outer loop
vertex 188.95 -54.76 0.88
vertex 188.89 -54.85 0.44
vertex 188.95 -54.76 0.44
endloop
endfacet
facet normal 0 0 1
outer loop
vertex 188.99 -54.67 0.88
vertex 188.97 -54.72 0.88
vertex 188.95 -54.76 0.88
endloop
endfacet
facet normal 0 0 1
outer loop
vertex 188.99 -54.67 0.88
vertex 188.95 -54.76 0.88
vertex 188.95 -54.76 0.44
endloop
endfacet
facet normal 0 0 1
outer loop
vertex 188.99 -54.67 0.88
vertex 188.95 -54.76 0.44
vertex 188.99 -54.67 0.44
endloop
endfacet
facet normal 0 0 1
outer loop
vertex 189.02 -54.57 0.88
vertex 189.01 -54.60 0.88
vertex 188.99 -54.66 0.88
endloop
endfacet
facet normal 0 0 1
outer loop
vertex 189.02 -54.57 0.88
vertex 188.99 -54.66 0.88
vertex 188.99 -54.67 0.88
endloop
endfacet
facet normal 0 0 1
outer loop
vertex 189.02 -54.57 0.88
vertex 188.99 -54.67 0.88
vertex 188.99 -54.67 0.44
endloop
endfacet
facet normal 0 0 1
outer loop
vertex 189.02 -54.57 0.88
vertex 188.99 -54.67 0.44
vertex 189.02 -54.57 0.44
endloop
endfacet
facet normal 0 0 -1
outer loop
vertex 189.02 -54.47 0.88
vertex 189.02 -54.47 0.88
vertex 189.02 -54.54 0.88
endloop
endfacet
facet normal 0 0 -1
outer loop
vertex 189.02 -54.47 0.88
vertex 189.02 -54.54 0.88
vertex 189.02 -54.57 0.88
endloop
endfacet
facet normal 0 0 -1
outer loop
vertex 189.02 -54.47 0.88
vertex 189.02 -54.57 0.88
vertex 189.02 -54.57 0.44
endloop
endfacet
facet normal 0 0 -1
outer loop
vertex 189.02 -54.47 0.88
vertex 189.02 -54.57 0.44
vertex 189.02 -54.47 0.44
endloop
endfacet
facet normal 0 0 -1
outer loop
vertex 189.02 -54.36 0.88
vertex 189.02 -54.40 0.88
vertex 189.02 -54.47 0.88
endloop
endfacet
facet normal 0 0 -1
outer loop
vertex 189.02 -54.36 0.88
vertex 189.02 -54.47 0.88
vertex 189.02 -54.47 0.44
endloop
endfacet
facet normal 0 0 -1
outer loop
vertex 189.02 -54.36 0.88
vertex 189.02 -54.47 0.44
vertex 189.02 -54.36 0.44
endloop
endfacet
facet normal 0 0 -1
outer loop
vertex 188.99 -54.26 0.88
vertex 189.01 -54.33 0.88
vertex 189.02 -54.36 0.88
endloop
endfacet
facet normal 0 0 -1
outer loop
vertex 188.99 -54.26 0.88
vertex 189.02 -54.36 0.88
vertex 189.02 -54.36 0.44
endloop
endfacet
facet normal 0 0 -1
outer loop
vertex 188.99 -54.26 0.88
vertex 189.02 -54.36 0.44
vertex 188.99 -54.26 0.44
endloop
endfacet
facet normal 0 0 -1
outer loop
vertex 183.02 -37.87 0.88
vertex 188.98 -54.25 0.88
vertex 188.99 -54.26 0.88
endloop
endfacet
facet normal 0 0 -1
outer loop
vertex 183.02 -37.87 0.88
vertex 188.99 -54.26 0.88
vertex 188.99 -54.26 0.44
endloop
endfacet
facet normal 0 0 -1
outer loop
vertex 183.02 -37.87 0.88
vertex 188.99 -54.26 0.44
vertex 188.98 -54.25 0.44
endloop
endfacet
facet normal 0 0 -1
outer loop
vertex 183.02 -37.87 0.88
vertex 188.98 -54.25 0.44
vertex 183.02 -37.87 0.44
endloop
endfacet
facet normal 0 0 -1
outer loop
vertex 169.08 -150.24 0.44
vertex 168.90 -150.34 0.44
vertex 168.90 -150.34 0.44
endloop
endfacet
facet normal 0 0 -1
outer loop
vertex 169.08 -150.24 0.44
vertex 168.90 -150.34 0.44
vertex 168.88 -150.34 0.44
endloop
endfacet
facet normal 0 0 -1
outer loop
vertex 169.08 -150.24 0.44
vertex 168.88 -150.34 0.44
vertex 169.07 -150.23 0.44
endloop
endfacet
facet normal 0 0 -1
outer loop
vertex 168.90 -150.34 0.44
vertex 168.73 -150.45 0.44
vertex 168.73 -150.45 0.44
endloop
endfacet
facet normal 0 0 -1
outer loop
vertex 168.90 -150.34 0.44
vertex 168.73 -150.45 0.44
vertex 168.71 -150.45 0.44
endloop
endfacet
facet normal 0 0 -1
outer loop
vertex 168.90 -150.34 0.44
vertex 168.71 -150.45 0.44
vertex 168.88 -150.34 0.44
endloop
endfacet
facet normal 0 0 -1
outer loop
vertex 168.73 -150.45 0.44
vertex 166.90 -151.53 0.44
vertex 168.71 -150.45 0.44
endloop
endfacet
facet normal 0 0 -1
outer loop
vertex 136.84 -151.53 0.44
vertex 134.66 -150.24 0.44
vertex 134.67 -150.23 0.44
endloop
endfacet
facet normal 0 0 -1
outer loop
vertex 165.14 -152.57 0.44
vertex 162.65 -153.57 0.44
vertex 165.20 -152.53 0.44
endloop
endfacet
facet normal 0 0 -1
outer loop
vertex 141.10 -153.57 0.44
vertex 138.60 -152.57 0.44
vertex 138.54 -152.53 0.44
endloop
endfacet
facet normal 0 0 -1
outer loop
vertex 160.89 -154.28 0.44
vertex 157.95 -154.96 0.44
vertex 160.94 -154.26 0.44
endloop
endfacet
facet normal 0 0 -1
outer loop
vertex 145.79 -154.96 0.44
vertex 142.85 -154.28 0.44
vertex 142.80 -154.26 0.44
endloop
endfacet
facet normal 0 0 -1
outer loop
vertex 156.43 -155.32 0.44
vertex 151.87 -155.67 0.44
vertex 156.46 -155.31 0.44
endloop
endfacet
facet normal 0 0 -1
outer loop
vertex 151.87 -155.67 0.44
vertex 147.31 -155.32 0.44
vertex 147.28 -155.31 0.44
endloop
endfacet
facet normal 0 0 -1
outer loop
vertex 183.24 -37.87 0
vertex 184.02 -40.02 0
vertex 151.87 -40.02 0
endloop
endfacet
facet normal 0 0 -1
outer loop
vertex 183.24 -37.87 0
vertex 151.87 -40.02 0
vertex 150.62 -40.02 0
endloop
endfacet
facet normal 0 0 -1
outer loop
vertex 183.24 -37.87 0
vertex 150.62 -40.02 0
vertex 150.62 -37.87 0
endloop
endfacet
facet normal 0 0 -1
outer loop
vertex 151.87 -40.02 0
vertex 151.67 -40.04 0
vertex 150.62 -40.04 0
endloop
endfacet
facet normal 0 0 -1
outer loop
vertex 151.87 -40.02 0
vertex 150.62 -40.04 0
vertex 150.62 -40.02 0
endloop
endfacet
facet normal 0 0 -1
outer loop
vertex 184.02 -40.02 0
vertex 184.02 -40.04 0
vertex 152.08 -40.04 0
endloop
endfacet
facet normal 0 0 -1
outer loop
vertex 184.02 -40.02 0
vertex 152.08 -40.04 0
vertex 151.87 -40.02 0
endloop
endfacet
facet normal 0 0 -1
outer loop
vertex 151.67 -40.04 0
vertex 151.47 -40.10 0
vertex 150.62 -40.10 0
endloop
endfacet
facet normal 0 0 -1
outer loop
vertex 151.67 -40.04 0
vertex 150.62 -40.10 0
vertex 150.62 -40.04 0
endloop
endfacet
facet normal 0 0 -1
outer loop
vertex 184.02 -40.04 0
vertex 184.05 -40.10 0
vertex 152.27 -40.10 0
endloop
endfacet
facet normal 0 0 -1
outer loop
vertex 184.02 -40.04 0
vertex 152.27 -40.10 0
vertex 152.08 -40.04 0
endloop
endfacet
facet normal 0 0 -1
outer loop
vertex 151.47 -40.10 0
vertex 151.29 -40.20 0
vertex 150.62 -40.20 0
endloop
endfacet
facet normal 0 0 -1
outer loop
vertex 151.47 -40.10 0
vertex 150.62 -40.20 0
vertex 150.62 -40.10 0
endloop
endfacet
facet normal 0 0 -1
outer loop
vertex 184.05 -40.10 0
vertex 184.08 -40.20 0
vertex 152.45 -40.20 0
endloop
endfacet
facet normal 0 0 -1
outer loop
vertex 184.05 -40.10 0
vertex 152.45 -40.20 0
vertex 152.27 -40.10 0
endloop
endfacet
facet normal 0 0 -1
outer loop
vertex 151.29 -40.20 0
vertex 151.13 -40.33 0
vertex 150.62 -40.33 0
endloop
endfacet
facet normal 0 0 -1
outer loop
vertex 151.29 -40.20 0
vertex 150.62 -40.33 0
vertex 150.62 -40.20 0
endloop
endfacet
facet normal 0 0 -1
outer loop
vertex 184.08 -40.20 0
vertex 184.13 -40.33 0
vertex 152.61 -40.33 0
endloop
endfacet
facet normal 0 0 -1
outer loop
vertex 184.08 -40.20 0
vertex 152.61 -40.33 0
vertex 152.45 -40.20 0
endloop
endfacet
facet normal 0 0 -1
outer loop
vertex 151.13 -40.33 0
vertex 151.00 -40.49 0
vertex 150.62 -40.49 0
endloop
endfacet
facet normal 0 0 -1
outer loop
vertex 151.13 -40.33 0
vertex 150.62 -40.49 0
vertex 150.62 -40.33 0
endloop
endfacet
facet normal 0 0 -1
outer loop
vertex 184.13 -40.33 0
vertex 184.19 -40.49 0
vertex 152.74 -40.49 0
endloop
endfacet
facet normal 0 0 -1
outer loop
vertex 184.13 -40.33 0
vertex 152.74 -40.49 0
vertex 152.61 -40.33 0
endloop
endfacet
facet normal 0 0 -1
outer loop
vertex 151.00 -40.49 0
vertex 150.90 -40.67 0
vertex 150.62 -40.67 0
endloop
endfacet
facet normal 0 0 -1
outer loop
vertex 151.00 -40.49 0
vertex 150.62 -40.67 0
vertex 150.62 -40.49 0
endloop
endfacet
facet normal 0 0 -1
outer loop
vertex 184.19 -40.49 0
vertex 184.25 -40.67 0
vertex 152.84 -40.67 0
endloop
endfacet
facet normal 0 0 -1
outer loop
vertex 184.19 -40.49 0
vertex 152.84 -40.67 0
vertex 152.74 -40.49 0
endloop
endfacet
facet normal 0 0 -1
outer loop
vertex 150.90 -40.67 0
vertex 150.84 -40.86 0
vertex 150.62 -40.86 0
endloop
endfacet
facet normal 0 0 -1
outer loop
vertex 150.90 -40.67 0
vertex 150.62 -40.86 0
vertex 150.62 -40.67 0
endloop
endfacet
facet normal 0 0 -1
outer loop
vertex 184.25 -40.67 0
vertex 184.32 -40.86 0
vertex 152.90 -40.86 0
endloop
endfacet
facet normal 0 0 -1
outer loop
vertex 184.25 -40.67 0
vertex 152.90 -40.86 0
vertex 152.84 -40.67 0
endloop
endfacet
facet normal 0 0 -1
outer loop
vertex 150.84 -40.86 0
vertex 150.82 -41.07 0
vertex 150.62 -41.07 0
endloop
endfacet
facet normal 0 0 -1
outer loop
vertex 150.84 -40.86 0
vertex 150.62 -41.07 0
vertex 150.62 -40.86 0
endloop
endfacet
facet normal 0 0 -1
outer loop
vertex 184.32 -40.86 0
vertex 184.40 -41.07 0
vertex 152.92 -41.07 0
endloop
endfacet
facet normal 0 0 -1
outer loop
vertex 184.32 -40.86 0
vertex 152.92 -41.07 0
vertex 152.90 -40.86 0
endloop
endfacet
facet normal 0 0 -1
outer loop
vertex 150.82 -41.07 0
vertex 150.84 -41.27 0
vertex 150.62 -41.27 0
endloop
endfacet
facet normal 0 0 -1
outer loop
vertex 150.82 -41.07 0
vertex 150.62 -41.27 0
vertex 150.62 -41.07 0
endloop
endfacet
facet normal 0 0 -1
outer loop
vertex 184.40 -41.07 0
vertex 184.47 -41.27 0
vertex 152.90 -41.27 0
endloop
endfacet
facet normal 0 0 -1
outer loop
vertex 184.40 -41.07 0
vertex 152.90 -41.27 0
vertex 152.92 -41.07 0
endloop
endfacet
facet normal 0 0 -1
outer loop
vertex 150.84 -41.27 0
vertex 150.90 -41.47 0
vertex 150.62 -41.47 0
endloop
endfacet
facet normal 0 0 -1
outer loop
vertex 150.84 -41.27 0
vertex 150.62 -41.47 0
vertex 150.62 -41.27 0
endloop
endfacet
facet normal 0 0 -1
outer loop
vertex 184.47 -41.27 0
vertex 184.55 -41.47 0
vertex 152.84 -41.47 0
endloop
endfacet
facet normal 0 0 -1
outer loop
vertex 184.47 -41.27 0
vertex 152.84 -41.47 0
vertex 152.90 -41.27 0
endloop
endfacet
facet normal 0 0 -1
outer loop
vertex 150.90 -41.47 0
vertex 151.00 -41.65 0
vertex 150.62 -41.65 0
endloop
endfacet
facet normal 0 0 -1
outer loop
vertex 150.90 -41.47 0
vertex 150.62 -41.65 0
vertex 150.62 -41.47 0
endloop
endfacet
facet normal 0 0 -1
outer loop
vertex 184.55 -41.47 0
vertex 184.61 -41.65 0
vertex 152.74 -41.65 0
endloop
endfacet
facet normal 0 0 -1
outer loop
vertex 184.55 -41.47 0
vertex 152.74 -41.65 0
vertex 152.84 -41.47 0
endloop
endfacet
facet normal 0 0 -1
outer loop
vertex 151.00 -41.65 0
vertex 151.13 -41.81 0
vertex 150.62 -41.81 0
endloop
endfacet
facet normal 0 0 -1
outer loop
vertex 151.00 -41.65 0
vertex 150.62 -41.81 0
vertex 150.62 -41.65 0
endloop
endfacet
facet normal 0 0 -1
outer loop
vertex 184.61 -41.65 0
vertex 184.67 -41.81 0
vertex 152.61 -41.81 0
endloop
endfacet
facet normal 0 0 -1
outer loop
vertex 184.61 -41.65 0
vertex 152.61 -41.81 0
vertex 152.74 -41.65 0
endloop
endfacet
facet normal 0 0 -1
outer loop
vertex 151.13 -41.81 0
vertex 151.29 -41.94 0
vertex 150.62 -41.94 0
endloop
endfacet
facet normal 0 0 -1
outer loop
vertex 151.13 -41.81 0
vertex 150.62 -41.94 0
vertex 150.62 -41.81 0
endloop
endfacet
facet normal 0 0 -1
outer loop
vertex 184.67 -41.81 0
vertex 184.72 -41.94 0
vertex 152.45 -41.94 0
endloop
endfacet
facet normal 0 0 -1
outer loop
vertex 184.67 -41.81 0
vertex 152.45 -41.94 0
vertex 152.61 -41.81 0
endloop
endfacet
facet normal 0 0 -1
outer loop
vertex 151.29 -41.94 0
vertex 151.47 -42.04 0
vertex 150.62 -42.04 0
endloop
endfacet
facet normal 0 0 -1
outer loop
vertex 151.29 -41.94 0
vertex 150.62 -42.04 0
vertex 150.62 -41.94 0
endloop
endfacet
facet normal 0 0 -1
outer loop
vertex 184.72 -41.94 0
vertex 184.75 -42.04 0
vertex 152.27 -42.04 0
endloop
endfacet
facet normal 0 0 -1
outer loop
vertex 184.72 -41.94 0
vertex 152.27 -42.04 0
vertex 152.45 -41.94 0
endloop
endfacet
facet normal 0 0 -1
outer loop
vertex 151.47 -42.04 0
vertex 151.67 -42.10 0
vertex 150.62 -42.10 0
endloop
endfacet
facet normal 0 0 -1
outer loop
vertex 151.47 -42.04 0
vertex 150.62 -42.10 0
vertex 150.62 -42.04 0
endloop
endfacet
facet normal 0 0 -1
outer loop
vertex 184.75 -42.04 0
vertex 184.77 -42.10 0
vertex 152.08 -42.10 0
endloop
endfacet
facet normal 0 0 -1
outer loop
vertex 184.75 -42.04 0
vertex 152.08 -42.10 0
vertex 152.27 -42.04 0
endloop
endfacet
facet normal 0 0 -1
outer loop
vertex 151.67 -42.10 0
vertex 151.87 -42.12 0
vertex 150.62 -42.12 0
endloop
endfacet
facet normal 0 0 -1
outer loop
vertex 151.67 -42.10 0
vertex 150.62 -42.12 0
vertex 150.62 -42.10 0
endloop
endfacet
facet normal 0 0 -1
outer loop
vertex 184.77 -42.10 0
vertex 184.78 -42.12 0
vertex 151.87 -42.12 0
endloop
endfacet
facet normal 0 0 -1
outer loop
vertex 184.77 -42.10 0
vertex 151.87 -42.12 0
vertex 152.08 -42.10 0
endloop
endfacet
facet normal 0 0 -1
outer loop
vertex 151.87 -42.12 0
vertex 184.78 -42.12 0
vertex 185.36 -43.72 0
endloop
endfacet
facet normal 0 0 -1
outer loop
vertex 151.87 -42.12 0
vertex 185.36 -43.72 0
vertex 171.87 -43.72 0
endloop
endfacet
facet normal 0 0 -1
outer loop
vertex 151.87 -42.12 0
vertex 171.87 -43.72 0
vertex 161.87 -43.72 0
endloop
endfacet
facet normal 0 0 -1
outer loop
vertex 151.87 -42.12 0
vertex 161.87 -43.72 0
vertex 150.62 -43.72 0
endloop
endfacet
facet normal 0 0 -1
outer loop
vertex 151.87 -42.12 0
vertex 150.62 -43.72 0
vertex 150.62 -42.12 0
endloop
endfacet
facet normal 0 0 -1
outer loop
vertex 185.36 -43.72 0
vertex 185.38 -43.76 0
vertex 172.33 -43.76 0
endloop
endfacet
facet normal 0 0 -1
outer loop
vertex 185.36 -43.72 0
vertex 172.33 -43.76 0
vertex 171.87 -43.72 0
endloop
endfacet
facet normal 0 0 -1
outer loop
vertex 161.87 -43.72 0
vertex 161.35 -43.77 0
vertex 150.62 -43.77 0
endloop
endfacet
facet normal 0 0 -1
outer loop
vertex 161.87 -43.72 0
vertex 150.62 -43.77 0
vertex 150.62 -43.72 0
endloop
endfacet
facet normal 0 0 -1
outer loop
vertex 185.38 -43.76 0
vertex 185.41 -43.86 0
vertex 172.78 -43.86 0
endloop
endfacet
facet normal 0 0 -1
outer loop
vertex 185.38 -43.76 0
vertex 172.78 -43.86 0
vertex 172.33 -43.76 0
endloop
endfacet
facet normal 0 0 -1
outer loop
vertex 161.35 -43.77 0
vertex 160.84 -43.90 0
vertex 150.62 -43.90 0
endloop
endfacet
facet normal 0 0 -1
outer loop
vertex 161.35 -43.77 0
vertex 150.62 -43.90 0
vertex 150.62 -43.77 0
endloop
endfacet
facet normal 0 0 -1
outer loop
vertex 185.41 -43.86 0
vertex 185.48 -44.03 0
vertex 173.21 -44.03 0
endloop
endfacet
facet normal 0 0 -1
outer loop
vertex 185.41 -43.86 0
vertex 173.21 -44.03 0
vertex 172.78 -43.86 0
endloop
endfacet
facet normal 0 0 -1
outer loop
vertex 160.84 -43.90 0
vertex 160.37 -44.12 0
vertex 150.62 -44.12 0
endloop
endfacet
facet normal 0 0 -1
outer loop
vertex 160.84 -43.90 0
vertex 150.62 -44.12 0
vertex 150.62 -43.90 0
endloop
endfacet
facet normal 0 0 -1
outer loop
vertex 185.48 -44.03 0
vertex 185.56 -44.27 0
vertex 173.60 -44.27 0
endloop
endfacet
facet normal 0 0 -1
outer loop
vertex 185.48 -44.03 0
vertex 173.60 -44.27 0
vertex 173.21 -44.03 0
endloop
endfacet
facet normal 0 0 -1
outer loop
vertex 160.37 -44.12 0
vertex 159.94 -44.42 0
vertex 150.62 -44.42 0
endloop
endfacet
facet normal 0 0 -1
outer loop
vertex 160.37 -44.12 0
vertex 150.62 -44.42 0
vertex 150.62 -44.12 0
endloop
endfacet
facet normal 0 0 -1
outer loop
vertex 185.56 -44.27 0
vertex 185.67 -44.56 0
vertex 173.96 -44.56 0
endloop
endfacet
facet normal 0 0 -1
outer loop
vertex 185.56 -44.27 0
vertex 173.96 -44.56 0
vertex 173.60 -44.27 0
endloop
endfacet
facet normal 0 0 -1
outer loop
vertex 141.12 -37.87 0
vertex 141.12 -44.57 0
vertex 139.37 -44.57 0
endloop
endfacet
facet normal 0 0 -1
outer loop
vertex 141.12 -37.87 0
vertex 139.37 -44.57 0
vertex 118.07 -44.57 0
endloop
endfacet
facet normal 0 0 -1
outer loop
vertex 141.12 -37.87 0
vertex 118.07 -44.57 0
vertex 120.50 -37.87 0
endloop
endfacet
facet normal 0 0 -1
outer loop
vertex 159.94 -44.42 0
vertex 159.79 -44.57 0
vertex 152.37 -44.57 0
endloop
endfacet
facet normal 0 0 -1
outer loop
vertex 159.94 -44.42 0
vertex 152.37 -44.57 0
vertex 150.62 -44.57 0
endloop
endfacet
facet normal 0 0 -1
outer loop
vertex 159.94 -44.42 0
vertex 150.62 -44.57 0
vertex 150.62 -44.42 0
endloop
endfacet
facet normal 0 0 -1
outer loop
vertex 159.79 -44.57 0
vertex 159.57 -44.79 0
vertex 152.37 -44.79 0
endloop
endfacet
facet normal 0 0 -1
outer loop
vertex 159.79 -44.57 0
vertex 152.37 -44.79 0
vertex 152.37 -44.57 0
endloop
endfacet
facet normal 0 0 -1
outer loop
vertex 185.67 -44.56 0
vertex 185.80 -44.91 0
vertex 174.26 -44.91 0
endloop
endfacet
facet normal 0 0 -1
outer loop
vertex 185.67 -44.56 0
vertex 174.26 -44.91 0
vertex 173.96 -44.56 0
endloop
endfacet
facet normal 0 0 -1
outer loop
vertex 159.57 -44.79 0
vertex 159.27 -45.22 0
vertex 152.37 -45.22 0
endloop
endfacet
facet normal 0 0 -1
outer loop
vertex 159.57 -44.79 0
vertex 152.37 -45.22 0
vertex 152.37 -44.79 0
endloop
endfacet
facet normal 0 0 -1
outer loop
vertex 185.80 -44.91 0
vertex 185.94 -45.30 0
vertex 174.51 -45.30 0
endloop
endfacet
facet normal 0 0 -1
outer loop
vertex 185.80 -44.91 0
vertex 174.51 -45.30 0
vertex 174.26 -44.91 0
endloop
endfacet
facet normal 0 0 -1
outer loop
vertex 159.27 -45.22 0
vertex 159.05 -45.69 0
vertex 152.37 -45.69 0
endloop
endfacet
facet normal 0 0 -1
outer loop
vertex 159.27 -45.22 0
vertex 152.37 -45.69 0
vertex 152.37 -45.22 0
endloop
endfacet
facet normal 0 0 -1
outer loop
vertex 185.94 -45.30 0
vertex 186.09 -45.72 0
vertex 179.87 -45.72 0
endloop
endfacet
facet normal 0 0 -1
outer loop
vertex 185.94 -45.30 0
vertex 179.87 -45.72 0
vertex 174.70 -45.72 0
endloop
endfacet
facet normal 0 0 -1
outer loop
vertex 185.94 -45.30 0
vertex 174.70 -45.72 0
vertex 174.51 -45.30 0
endloop
endfacet
facet normal 0 0 -1
outer loop
vertex 186.09 -45.72 0
vertex 186.10 -45.73 0
vertex 180.04 -45.73 0
endloop
endfacet
facet normal 0 0 -1
outer loop
vertex 186.09 -45.72 0
vertex 180.04 -45.73 0
vertex 179.87 -45.72 0
endloop
endfacet
facet normal 0 0 -1
outer loop
vertex 186.10 -45.73 0
vertex 186.11 -45.78 0
vertex 180.21 -45.78 0
endloop
endfacet
facet normal 0 0 -1
outer loop
vertex 186.10 -45.73 0
vertex 180.21 -45.78 0
vertex 180.04 -45.73 0
endloop
endfacet
facet normal 0 0 -1
outer loop
vertex 186.11 -45.78 0
vertex 186.14 -45.85 0
vertex 180.37 -45.85 0
endloop
endfacet
facet normal 0 0 -1
outer loop
vertex 186.11 -45.78 0
vertex 180.37 -45.85 0
vertex 180.21 -45.78 0
endloop
endfacet
facet normal 0 0 -1
outer loop
vertex 186.14 -45.85 0
vertex 186.18 -45.95 0
vertex 180.51 -45.95 0
endloop
endfacet
facet normal 0 0 -1
outer loop
vertex 186.14 -45.85 0
vertex 180.51 -45.95 0
vertex 180.37 -45.85 0
endloop
endfacet
facet normal 0 0 -1
outer loop
vertex 186.18 -45.95 0
vertex 186.22 -46.08 0
vertex 180.64 -46.08 0
endloop
endfacet
facet normal 0 0 -1
outer loop
vertex 186.18 -45.95 0
vertex 180.64 -46.08 0
vertex 180.51 -45.95 0
endloop
endfacet
facet normal 0 0 -1
outer loop
vertex 159.05 -45.69 0
vertex 158.92 -46.20 0
vertex 152.37 -46.20 0
endloop
endfacet
facet normal 0 0 -1
outer loop
vertex 159.05 -45.69 0
vertex 152.37 -46.20 0
vertex 152.37 -45.69 0
endloop
endfacet
facet normal 0 0 -1
outer loop
vertex 186.22 -46.08 0
vertex 186.27 -46.22 0
vertex 180.74 -46.22 0
endloop
endfacet
facet normal 0 0 -1
outer loop
vertex 186.22 -46.08 0
vertex 180.74 -46.22 0
vertex 180.64 -46.08 0
endloop
endfacet
facet normal 0 0 -1
outer loop
vertex 186.27 -46.22 0
vertex 186.33 -46.38 0
vertex 180.81 -46.38 0
endloop
endfacet
facet normal 0 0 -1
outer loop
vertex 186.27 -46.22 0
vertex 180.81 -46.38 0
vertex 180.74 -46.22 0
endloop
endfacet
facet normal 0 0 -1
outer loop
vertex 186.33 -46.38 0
vertex 186.39 -46.55 0
vertex 180.86 -46.55 0
endloop
endfacet
facet normal 0 0 -1
outer loop
vertex 186.33 -46.38 0
vertex 180.86 -46.55 0
vertex 180.81 -46.38 0
endloop
endfacet
facet normal 0 0 -1
outer loop
vertex 158.92 -46.20 0
vertex 158.87 -46.72 0
vertex 152.87 -46.72 0
endloop
endfacet
facet normal 0 0 -1
outer loop
vertex 158.92 -46.20 0
vertex 152.87 -46.72 0
vertex 152.37 -46.72 0
endloop
endfacet
facet normal 0 0 -1
outer loop
vertex 158.92 -46.20 0
vertex 152.37 -46.72 0
vertex 152.37 -46.20 0
endloop
endfacet
facet normal 0 0 -1
outer loop
vertex 186.39 -46.55 0
vertex 186.46 -46.72 0
vertex 180.87 -46.72 0
endloop
endfacet
facet normal 0 0 -1
outer loop
vertex 186.39 -46.55 0
vertex 180.87 -46.72 0
vertex 180.86 -46.55 0
endloop
endfacet
facet normal 0 0 -1
outer loop
vertex 152.87 -46.72 0
vertex 152.52 -46.75 0
vertex 152.37 -46.75 0
endloop
endfacet
facet normal 0 0 -1
outer loop
vertex 152.87 -46.72 0
vertex 152.37 -46.75 0
vertex 152.37 -46.72 0
endloop
endfacet
facet normal 0 0 -1
outer loop
vertex 152.52 -46.75 0
vertex 152.37 -46.79 0
vertex 152.37 -46.75 0
endloop
endfacet
facet normal 0 0 -1
outer loop
vertex 152.52 -52.69 0
vertex 152.37 -52.69 0
vertex 152.37 -52.65 0
endloop
endfacet
facet normal 0 0 -1
outer loop
vertex 152.52 -52.69 0
vertex 152.87 -52.72 0
vertex 152.37 -52.72 0
endloop
endfacet
facet normal 0 0 -1
outer loop
vertex 152.52 -52.69 0
vertex 152.37 -52.72 0
vertex 152.37 -52.69 0
endloop
endfacet
facet normal 0 0 -1
outer loop
vertex 186.46 -46.72 0
vertex 188.64 -52.72 0
vertex 180.87 -52.72 0
endloop
endfacet
facet normal 0 0 -1
outer loop
vertex 186.46 -46.72 0
vertex 180.87 -52.72 0
vertex 180.87 -46.72 0
endloop
endfacet
facet normal 0 0 -1
outer loop
vertex 188.64 -52.72 0
vertex 188.70 -52.89 0
vertex 180.86 -52.89 0
endloop
endfacet
facet normal 0 0 -1
outer loop
vertex 188.64 -52.72 0
vertex 180.86 -52.89 0
vertex 180.87 -52.72 0
endloop
endfacet
facet normal 0 0 -1
outer loop
vertex 188.70 -52.89 0
vertex 188.76 -53.06 0
vertex 180.81 -53.06 0
endloop
endfacet
facet normal 0 0 -1
outer loop
vertex 188.70 -52.89 0
vertex 180.81 -53.06 0
vertex 180.86 -52.89 0
endloop
endfacet
facet normal 0 0 -1
outer loop
vertex 188.76 -53.06 0
vertex 188.82 -53.22 0
vertex 180.74 -53.22 0
endloop
endfacet
facet normal 0 0 -1
outer loop
vertex 188.76 -53.06 0
vertex 180.74 -53.22 0
vertex 180.81 -53.06 0
endloop
endfacet
facet normal 0 0 -1
outer loop
vertex 152.87 -52.72 0
vertex 158.87 -52.72 0
vertex 158.92 -53.24 0
endloop
endfacet
facet normal 0 0 -1
outer loop
vertex 152.87 -52.72 0
vertex 158.92 -53.24 0
vertex 152.37 -53.24 0
endloop
endfacet
facet normal 0 0 -1
outer loop
vertex 152.87 -52.72 0
vertex 152.37 -53.24 0
vertex 152.37 -52.72 0
endloop
endfacet
facet normal 0 0 -1
outer loop
vertex 188.82 -53.22 0
vertex 188.87 -53.36 0
vertex 180.64 -53.36 0
endloop
endfacet
facet normal 0 0 -1
outer loop
vertex 188.82 -53.22 0
vertex 180.64 -53.36 0
vertex 180.74 -53.22 0
endloop
endfacet
facet normal 0 0 -1
outer loop
vertex 188.87 -53.36 0
vertex 188.92 -53.49 0
vertex 180.51 -53.49 0
endloop
endfacet
facet normal 0 0 -1
outer loop
vertex 188.87 -53.36 0
vertex 180.51 -53.49 0
vertex 180.64 -53.36 0
endloop
endfacet
facet normal 0 0 -1
outer loop
vertex 188.92 -53.49 0
vertex 188.95 -53.59 0
vertex 180.37 -53.59 0
endloop
endfacet
facet normal 0 0 -1
outer loop
vertex 188.92 -53.49 0
vertex 180.37 -53.59 0
vertex 180.51 -53.49 0
endloop
endfacet
facet normal 0 0 -1
outer loop
vertex 188.95 -53.59 0
vertex 188.98 -53.66 0
vertex 180.21 -53.66 0
endloop
endfacet
facet normal 0 0 -1
outer loop
vertex 188.95 -53.59 0
vertex 180.21 -53.66 0
vertex 180.37 -53.59 0
endloop
endfacet
facet normal 0 0 -1
outer loop
vertex 188.98 -53.66 0
vertex 189.00 -53.70 0
vertex 180.04 -53.70 0
endloop
endfacet
facet normal 0 0 -1
outer loop
vertex 188.98 -53.66 0
vertex 180.04 -53.70 0
vertex 180.21 -53.66 0
endloop
endfacet
facet normal 0 0 -1
outer loop
vertex 189.00 -53.70 0
vertex 189.00 -53.72 0
vertex 179.87 -53.72 0
endloop
endfacet
facet normal 0 0 -1
outer loop
vertex 189.00 -53.70 0
vertex 179.87 -53.72 0
vertex 180.04 -53.70 0
endloop
endfacet
facet normal 0 0 -1
outer loop
vertex 158.92 -53.24 0
vertex 159.05 -53.75 0
vertex 152.37 -53.75 0
endloop
endfacet
facet normal 0 0 -1
outer loop
vertex 158.92 -53.24 0
vertex 152.37 -53.75 0
vertex 152.37 -53.24 0
endloop
endfacet
facet normal 0 0 -1
outer loop
vertex 179.87 -53.72 0
vertex 189.00 -53.72 0
vertex 189.16 -54.14 0
endloop
endfacet
facet normal 0 0 -1
outer loop
vertex 179.87 -53.72 0
vertex 189.16 -54.14 0
vertex 174.51 -54.14 0
endloop
endfacet
facet normal 0 0 -1
outer loop
vertex 179.87 -53.72 0
vertex 174.51 -54.14 0
vertex 174.70 -53.72 0
endloop
endfacet
facet normal 0 0 -1
outer loop
vertex 159.05 -53.75 0
vertex 159.27 -54.22 0
vertex 152.37 -54.22 0
endloop
endfacet
facet normal 0 0 -1
outer loop
vertex 159.05 -53.75 0
vertex 152.37 -54.22 0
vertex 152.37 -53.75 0
endloop
endfacet
facet normal 0 0 -1
outer loop
vertex 189.16 -54.14 0
vertex 189.18 -54.20 0
vertex 189.21 -54.33 0
endloop
endfacet
facet normal 0 0 -1
outer loop
vertex 189.16 -54.14 0
vertex 189.21 -54.33 0
vertex 189.22 -54.47 0
endloop
endfacet
facet normal 0 0 -1
outer loop
vertex 189.16 -54.14 0
vertex 189.22 -54.47 0
vertex 189.22 -54.53 0
endloop
endfacet
facet normal 0 0 -1
outer loop
vertex 189.16 -54.14 0
vertex 189.22 -54.53 0
vertex 174.26 -54.53 0
endloop
endfacet
facet normal 0 0 -1
outer loop
vertex 189.16 -54.14 0
vertex 174.26 -54.53 0
vertex 174.51 -54.14 0
endloop
endfacet
facet normal 0 0 -1
outer loop
vertex 159.27 -54.22 0
vertex 159.57 -54.65 0
vertex 152.37 -54.65 0
endloop
endfacet
facet normal 0 0 -1
outer loop
vertex 159.27 -54.22 0
vertex 152.37 -54.65 0
vertex 152.37 -54.22 0
endloop
endfacet
facet normal 0 0 -1
outer loop
vertex 189.22 -54.53 0
vertex 189.21 -54.60 0
vertex 189.18 -54.74 0
endloop
endfacet
facet normal 0 0 -1
outer loop
vertex 189.22 -54.53 0
vertex 189.18 -54.74 0
vertex 189.12 -54.86 0
endloop
endfacet
facet normal 0 0 -1
outer loop
vertex 189.22 -54.53 0
vertex 189.12 -54.86 0
vertex 189.11 -54.87 0
endloop
endfacet
facet normal 0 0 -1
outer loop
vertex 189.22 -54.53 0
vertex 189.11 -54.87 0
vertex 173.96 -54.87 0
endloop
endfacet
facet normal 0 0 -1
outer loop
vertex 189.22 -54.53 0
vertex 173.96 -54.87 0
vertex 174.26 -54.53 0
endloop
endfacet
facet normal 0 0 -1
outer loop
vertex 159.57 -54.65 0
vertex 159.94 -55.02 0
vertex 152.37 -55.02 0
endloop
endfacet
facet normal 0 0 -1
outer loop
vertex 159.57 -54.65 0
vertex 152.37 -55.02 0
vertex 152.37 -54.65 0
endloop
endfacet
facet normal 0 0 -1
outer loop
vertex 189.11 -54.87 0
vertex 189.04 -54.97 0
vertex 188.95 -55.07 0
endloop
endfacet
facet normal 0 0 -1
outer loop
vertex 189.11 -54.87 0
vertex 188.95 -55.07 0
vertex 188.84 -55.15 0
endloop
endfacet
facet normal 0 0 -1
outer loop
vertex 189.11 -54.87 0
vertex 188.84 -55.15 0
vertex 188.81 -55.17 0
endloop
endfacet
facet normal 0 0 -1
outer loop
vertex 189.11 -54.87 0
vertex 188.81 -55.17 0
vertex 173.60 -55.17 0
endloop
endfacet
facet normal 0 0 -1
outer loop
vertex 189.11 -54.87 0
vertex 173.60 -55.17 0
vertex 173.96 -54.87 0
endloop
endfacet
facet normal 0 0 -1
outer loop
vertex 159.94 -55.02 0
vertex 160.37 -55.32 0
vertex 152.37 -55.32 0
endloop
endfacet
facet normal 0 0 -1
outer loop
vertex 159.94 -55.02 0
vertex 152.37 -55.32 0
vertex 152.37 -55.02 0
endloop
endfacet
facet normal 0 0 -1
outer loop
vertex 188.81 -55.17 0
vertex 188.71 -55.21 0
vertex 188.22 -55.41 0
endloop
endfacet
facet normal 0 0 -1
outer loop
vertex 188.81 -55.17 0
vertex 188.22 -55.41 0
vertex 173.21 -55.41 0
endloop
endfacet
facet normal 0 0 -1
outer loop
vertex 188.81 -55.17 0
vertex 173.21 -55.41 0
vertex 173.60 -55.17 0
endloop
endfacet
facet normal 0 0 -1
outer loop
vertex 160.37 -55.32 0
vertex 160.84 -55.54 0
vertex 152.37 -55.54 0
endloop
endfacet
facet normal 0 0 -1
outer loop
vertex 160.37 -55.32 0
vertex 152.37 -55.54 0
vertex 152.37 -55.32 0
endloop
endfacet
facet normal 0 0 -1
outer loop
vertex 188.22 -55.41 0
vertex 187.78 -55.58 0
vertex 172.78 -55.58 0
endloop
endfacet
facet normal 0 0 -1
outer loop
vertex 188.22 -55.41 0
vertex 172.78 -55.58 0
vertex 173.21 -55.41 0
endloop
endfacet
facet normal 0 0 -1
outer loop
vertex 160.84 -55.54 0
vertex 161.35 -55.67 0
vertex 152.37 -55.67 0
endloop
endfacet
facet normal 0 0 -1
outer loop
vertex 160.84 -55.54 0
vertex 152.37 -55.67 0
vertex 152.37 -55.54 0
endloop
endfacet
facet normal 0 0 -1
outer loop
vertex 187.78 -55.58 0
vertex 187.51 -55.68 0
vertex 172.33 -55.68 0
endloop
endfacet
facet normal 0 0 -1
outer loop
vertex 187.78 -55.58 0
vertex 172.33 -55.68 0
vertex 172.78 -55.58 0
endloop
endfacet
facet normal 0 0 -1
outer loop
vertex 161.35 -55.67 0
vertex 161.87 -55.72 0
vertex 152.37 -55.72 0
endloop
endfacet
facet normal 0 0 -1
outer loop
vertex 161.35 -55.67 0
vertex 152.37 -55.72 0
vertex 152.37 -55.67 0
endloop
endfacet
facet normal 0 0 -1
outer loop
vertex 187.51 -55.68 0
vertex 187.42 -55.72 0
vertex 171.87 -55.72 0
endloop
endfacet
facet normal 0 0 -1
outer loop
vertex 187.51 -55.68 0
vertex 171.87 -55.72 0
vertex 172.33 -55.68 0
endloop
endfacet
facet normal 0 0 -1
outer loop
vertex 139.37 -44.57 0
vertex 139.37 -56.57 0
vertex 118.51 -56.57 0
endloop
endfacet
facet normal 0 0 -1
outer loop
vertex 139.37 -44.57 0
vertex 118.51 -56.57 0
vertex 115.03 -55.21 0
endloop
endfacet
facet normal 0 0 -1
outer loop
vertex 139.37 -44.57 0
vertex 115.03 -55.21 0
vertex 114.90 -55.15 0
endloop
endfacet
facet normal 0 0 -1
outer loop
vertex 139.37 -44.57 0
vertex 114.90 -55.15 0
vertex 114.79 -55.07 0
endloop
endfacet
facet normal 0 0 -1
outer loop
vertex 139.37 -44.57 0
vertex 114.79 -55.07 0
vertex 114.70 -54.97 0
endloop
endfacet
facet normal 0 0 -1
outer loop
vertex 139.37 -44.57 0
vertex 114.70 -54.97 0
vertex 114.62 -54.86 0
endloop
endfacet
facet normal 0 0 -1
outer loop
vertex 139.37 -44.57 0
vertex 114.62 -54.86 0
vertex 114.56 -54.74 0
endloop
endfacet
facet normal 0 0 -1
outer loop
vertex 139.37 -44.57 0
vertex 114.56 -54.74 0
vertex 114.53 -54.60 0
endloop
endfacet
facet normal 0 0 -1
outer loop
vertex 139.37 -44.57 0
vertex 114.53 -54.60 0
vertex 114.52 -54.47 0
endloop
endfacet
facet normal 0 0 -1
outer loop
vertex 139.37 -44.57 0
vertex 114.52 -54.47 0
vertex 114.53 -54.33 0
endloop
endfacet
facet normal 0 0 -1
outer loop
vertex 139.37 -44.57 0
vertex 114.53 -54.33 0
vertex 114.56 -54.20 0
endloop
endfacet
facet normal 0 0 -1
outer loop
vertex 139.37 -44.57 0
vertex 114.56 -54.20 0
vertex 118.07 -44.57 0
endloop
endfacet
facet normal 0 0 -1
outer loop
vertex 161.87 -55.72 0
vertex 171.87 -55.72 0
vertex 187.42 -55.72 0
endloop
endfacet
facet normal 0 0 -1
outer loop
vertex 161.87 -55.72 0
vertex 187.42 -55.72 0
vertex 185.23 -56.57 0
endloop
endfacet
facet normal 0 0 -1
outer loop
vertex 161.87 -55.72 0
vertex 185.23 -56.57 0
vertex 152.37 -56.57 0
endloop
endfacet
facet normal 0 0 -1
outer loop
vertex 161.87 -55.72 0
vertex 152.37 -56.57 0
vertex 152.37 -55.72 0
endloop
endfacet
facet normal 0 0 -1
outer loop
vertex 139.37 -56.57 0
vertex 152.37 -56.57 0
vertex 185.23 -56.57 0
endloop
endfacet
facet normal 0 0 -1
outer loop
vertex 139.37 -56.57 0
vertex 185.23 -56.57 0
vertex 169.84 -62.55 0
endloop
endfacet
facet normal 0 0 -1
outer loop
vertex 139.37 -56.57 0
vertex 169.84 -62.55 0
vertex 133.90 -62.55 0
endloop
endfacet
facet normal 0 0 -1
outer loop
vertex 139.37 -56.57 0
vertex 133.90 -62.55 0
vertex 118.51 -56.57 0
endloop
endfacet
facet normal 0 0 -1
outer loop
vertex 169.84 -62.55 0
vertex 170.47 -64.07 0
vertex 151.87 -64.07 0
endloop
endfacet
facet normal 0 0 -1
outer loop
vertex 169.84 -62.55 0
vertex 151.87 -64.07 0
vertex 147.87 -64.07 0
endloop
endfacet
facet normal 0 0 -1
outer loop
vertex 169.84 -62.55 0
vertex 147.87 -64.07 0
vertex 143.87 -64.07 0
endloop
endfacet
facet normal 0 0 -1
outer loop
vertex 169.84 -62.55 0
vertex 143.87 -64.07 0
vertex 139.87 -64.07 0
endloop
endfacet
facet normal 0 0 -1
outer loop
vertex 169.84 -62.55 0
vertex 139.87 -64.07 0
vertex 133.27 -64.07 0
endloop
endfacet
facet normal 0 0 -1
outer loop
vertex 169.84 -62.55 0
vertex 133.27 -64.07 0
vertex 133.90 -62.55 0
endloop
endfacet
facet normal 0 0 -1
outer loop
vertex 139.87 -64.07 0
vertex 139.58 -64.10 0
vertex 133.26 -64.10 0
endloop
endfacet
facet normal 0 0 -1
outer loop
vertex 139.87 -64.07 0
vertex 133.26 -64.10 0
vertex 133.27 -64.07 0
endloop
endfacet
facet normal 0 0 -1
outer loop
vertex 143.87 -64.07 0
vertex 143.58 -64.10 0
vertex 140.16 -64.10 0
endloop
endfacet
facet normal 0 0 -1
outer loop
vertex 143.87 -64.07 0
vertex 140.16 -64.10 0
vertex 139.87 -64.07 0
endloop
endfacet
facet normal 0 0 -1
outer loop
vertex 147.87 -64.07 0
vertex 147.58 -64.10 0
vertex 144.16 -64.10 0
endloop
endfacet
facet normal 0 0 -1
outer loop
vertex 147.87 -64.07 0
vertex 144.16 -64.10 0
vertex 143.87 -64.07 0
endloop
endfacet
facet normal 0 0 -1
outer loop
vertex 151.87 -64.07 0
vertex 151.58 -64.10 0
vertex 148.16 -64.10 0
endloop
endfacet
facet normal 0 0 -1
outer loop
vertex 151.87 -64.07 0
vertex 148.16 -64.10 0
vertex 147.87 -64.07 0
endloop
endfacet
facet normal 0 0 -1
outer loop
vertex 170.47 -64.07 0
vertex 170.48 -64.10 0
vertex 152.16 -64.10 0
endloop
endfacet
facet normal 0 0 -1
outer loop
vertex 170.47 -64.07 0
vertex 152.16 -64.10 0
vertex 151.87 -64.07 0
endloop
endfacet
facet normal 0 0 -1
outer loop
vertex 139.58 -64.10 0
vertex 139.30 -64.18 0
vertex 133.22 -64.18 0
endloop
endfacet
facet normal 0 0 -1
outer loop
vertex 139.58 -64.10 0
vertex 133.22 -64.18 0
vertex 133.26 -64.10 0
endloop
endfacet
facet normal 0 0 -1
outer loop
vertex 143.58 -64.10 0
vertex 143.30 -64.18 0
vertex 140.44 -64.18 0
endloop
endfacet
facet normal 0 0 -1
outer loop
vertex 143.58 -64.10 0
vertex 140.44 -64.18 0
vertex 140.16 -64.10 0
endloop
endfacet
facet normal 0 0 -1
outer loop
vertex 147.58 -64.10 0
vertex 147.30 -64.18 0
vertex 144.44 -64.18 0
endloop
endfacet
facet normal 0 0 -1
outer loop
vertex 147.58 -64.10 0
vertex 144.44 -64.18 0
vertex 144.16 -64.10 0
endloop
endfacet
facet normal 0 0 -1
outer loop
vertex 151.58 -64.10 0
vertex 151.30 -64.18 0
vertex 148.44 -64.18 0
endloop
endfacet
facet normal 0 0 -1
outer loop
vertex 151.58 -64.10 0
vertex 148.44 -64.18 0
vertex 148.16 -64.10 0
endloop
endfacet
facet normal 0 0 -1
outer loop
vertex 170.48 -64.10 0
vertex 170.52 -64.18 0
vertex 152.44 -64.18 0
endloop
endfacet
facet normal 0 0 -1
outer loop
vertex 170.48 -64.10 0
vertex 152.44 -64.18 0
vertex 152.16 -64.10 0
endloop
endfacet
facet normal 0 0 -1
outer loop
vertex 139.30 -64.18 0
vertex 139.04 -64.32 0
vertex 133.17 -64.32 0
endloop
endfacet
facet normal 0 0 -1
outer loop
vertex 139.30 -64.18 0
vertex 133.17 -64.32 0
vertex 133.22 -64.18 0
endloop
endfacet
facet normal 0 0 -1
outer loop
vertex 143.30 -64.18 0
vertex 143.04 -64.32 0
vertex 140.70 -64.32 0
endloop
endfacet
facet normal 0 0 -1
outer loop
vertex 143.30 -64.18 0
vertex 140.70 -64.32 0
vertex 140.44 -64.18 0
endloop
endfacet
facet normal 0 0 -1
outer loop
vertex 147.30 -64.18 0
vertex 147.04 -64.32 0
vertex 144.70 -64.32 0
endloop
endfacet
facet normal 0 0 -1
outer loop
vertex 147.30 -64.18 0
vertex 144.70 -64.32 0
vertex 144.44 -64.18 0
endloop
endfacet
facet normal 0 0 -1
outer loop
vertex 151.30 -64.18 0
vertex 151.04 -64.32 0
vertex 148.70 -64.32 0
endloop
endfacet
facet normal 0 0 -1
outer loop
vertex 151.30 -64.18 0
vertex 148.70 -64.32 0
vertex 148.44 -64.18 0
endloop
endfacet
facet normal 0 0 -1
outer loop
vertex 170.52 -64.18 0
vertex 170.57 -64.32 0
vertex 152.70 -64.32 0
endloop
endfacet
facet normal 0 0 -1
outer loop
vertex 170.52 -64.18 0
vertex 152.70 -64.32 0
vertex 152.44 -64.18 0
endloop
endfacet
facet normal 0 0 -1
outer loop
vertex 139.04 -64.32 0
vertex 138.81 -64.51 0
vertex 133.09 -64.51 0
endloop
endfacet
facet normal 0 0 -1
outer loop
vertex 139.04 -64.32 0
vertex 133.09 -64.51 0
vertex 133.17 -64.32 0
endloop
endfacet
facet normal 0 0 -1
outer loop
vertex 143.04 -64.32 0
vertex 142.81 -64.51 0
vertex 140.93 -64.51 0
endloop
endfacet
facet normal 0 0 -1
outer loop
vertex 143.04 -64.32 0
vertex 140.93 -64.51 0
vertex 140.70 -64.32 0
endloop
endfacet
facet normal 0 0 -1
outer loop
vertex 147.04 -64.32 0
vertex 146.81 -64.51 0
vertex 144.93 -64.51 0
endloop
endfacet
facet normal 0 0 -1
outer loop
vertex 147.04 -64.32 0
vertex 144.93 -64.51 0
vertex 144.70 -64.32 0
endloop
endfacet
facet normal 0 0 -1
outer loop
vertex 151.04 -64.32 0
vertex 150.81 -64.51 0
vertex 148.93 -64.51 0
endloop
endfacet
facet normal 0 0 -1
outer loop
vertex 151.04 -64.32 0
vertex 148.93 -64.51 0
vertex 148.70 -64.32 0
endloop
endfacet
facet normal 0 0 -1
outer loop
vertex 170.57 -64.32 0
vertex 170.65 -64.51 0
vertex 152.93 -64.51 0
endloop
endfacet
facet normal 0 0 -1
outer loop
vertex 170.57 -64.32 0
vertex 152.93 -64.51 0
vertex 152.70 -64.32 0
endloop
endfacet
facet normal 0 0 -1
outer loop
vertex 138.81 -64.51 0
vertex 138.62 -64.74 0
vertex 133.00 -64.74 0
endloop
endfacet
facet normal 0 0 -1
outer loop
vertex 138.81 -64.51 0
vertex 133.00 -64.74 0
vertex 133.09 -64.51 0
endloop
endfacet
facet normal 0 0 -1
outer loop
vertex 142.81 -64.51 0
vertex 142.62 -64.74 0
vertex 141.12 -64.74 0
endloop
endfacet
facet normal 0 0 -1
outer loop
vertex 142.81 -64.51 0
vertex 141.12 -64.74 0
vertex 140.93 -64.51 0
endloop
endfacet
facet normal 0 0 -1
outer loop
vertex 146.81 -64.51 0
vertex 146.62 -64.74 0
vertex 145.12 -64.74 0
endloop
endfacet
facet normal 0 0 -1
outer loop
vertex 146.81 -64.51 0
vertex 145.12 -64.74 0
vertex 144.93 -64.51 0
endloop
endfacet
facet normal 0 0 -1
outer loop
vertex 150.81 -64.51 0
vertex 150.62 -64.74 0
vertex 149.12 -64.74 0
endloop
endfacet
facet normal 0 0 -1
outer loop
vertex 150.81 -64.51 0
vertex 149.12 -64.74 0
vertex 148.93 -64.51 0
endloop
endfacet
facet normal 0 0 -1
outer loop
vertex 170.65 -64.51 0
vertex 170.75 -64.74 0
vertex 153.12 -64.74 0
endloop
endfacet
facet normal 0 0 -1
outer loop
vertex 170.65 -64.51 0
vertex 153.12 -64.74 0
vertex 152.93 -64.51 0
endloop
endfacet
facet normal 0 0 -1
outer loop
vertex 138.62 -64.74 0
vertex 138.48 -65.00 0
vertex 132.89 -65.00 0
endloop
endfacet
facet normal 0 0 -1
outer loop
vertex 138.62 -64.74 0
vertex 132.89 -65.00 0
vertex 133.00 -64.74 0
endloop
endfacet
facet normal 0 0 -1
outer loop
vertex 142.62 -64.74 0
vertex 142.48 -65.00 0
vertex 141.26 -65.00 0
endloop
endfacet
facet normal 0 0 -1
outer loop
vertex 142.62 -64.74 0
vertex 141.26 -65.00 0
vertex 141.12 -64.74 0
endloop
endfacet
facet normal 0 0 -1
outer loop
vertex 146.62 -64.74 0
vertex 146.48 -65.00 0
vertex 145.26 -65.00 0
endloop
endfacet
facet normal 0 0 -1
outer loop
vertex 146.62 -64.74 0
vertex 145.26 -65.00 0
vertex 145.12 -64.74 0
endloop
endfacet
facet normal 0 0 -1
outer loop
vertex 150.62 -64.74 0
vertex 150.48 -65.00 0
vertex 149.26 -65.00 0
endloop
endfacet
facet normal 0 0 -1
outer loop
vertex 150.62 -64.74 0
vertex 149.26 -65.00 0
vertex 149.12 -64.74 0
endloop
endfacet
facet normal 0 0 -1
outer loop
vertex 170.75 -64.74 0
vertex 170.85 -65.00 0
vertex 153.26 -65.00 0
endloop
endfacet
facet normal 0 0 -1
outer loop
vertex 170.75 -64.74 0
vertex 153.26 -65.00 0
vertex 153.12 -64.74 0
endloop
endfacet
facet normal 0 0 -1
outer loop
vertex 138.48 -65.00 0
vertex 138.40 -65.28 0
vertex 132.77 -65.28 0
endloop
endfacet
facet normal 0 0 -1
outer loop
vertex 138.48 -65.00 0
vertex 132.77 -65.28 0
vertex 132.89 -65.00 0
endloop
endfacet
facet normal 0 0 -1
outer loop
vertex 142.48 -65.00 0
vertex 142.40 -65.28 0
vertex 141.34 -65.28 0
endloop
endfacet
facet normal 0 0 -1
outer loop
vertex 142.48 -65.00 0
vertex 141.34 -65.28 0
vertex 141.26 -65.00 0
endloop
endfacet
facet normal 0 0 -1
outer loop
vertex 146.48 -65.00 0
vertex 146.40 -65.28 0
vertex 145.34 -65.28 0
endloop
endfacet
facet normal 0 0 -1
outer loop
vertex 146.48 -65.00 0
vertex 145.34 -65.28 0
vertex 145.26 -65.00 0
endloop
endfacet
facet normal 0 0 -1
outer loop
vertex 150.48 -65.00 0
vertex 150.40 -65.28 0
vertex 149.34 -65.28 0
endloop
endfacet
facet normal 0 0 -1
outer loop
vertex 150.48 -65.00 0
vertex 149.34 -65.28 0
vertex 149.26 -65.00 0
endloop
endfacet
facet normal 0 0 -1
outer loop
vertex 170.85 -65.00 0
vertex 170.97 -65.28 0
vertex 153.34 -65.28 0
endloop
endfacet
facet normal 0 0 -1
outer loop
vertex 170.85 -65.00 0
vertex 153.34 -65.28 0
vertex 153.26 -65.00 0
endloop
endfacet
facet normal 0 0 -1
outer loop
vertex 138.40 -65.28 0
vertex 138.37 -65.57 0
vertex 132.65 -65.57 0
endloop
endfacet
facet normal 0 0 -1
outer loop
vertex 138.40 -65.28 0
vertex 132.65 -65.57 0
vertex 132.77 -65.28 0
endloop
endfacet
facet normal 0 0 -1
outer loop
vertex 142.40 -65.28 0
vertex 142.37 -65.57 0
vertex 141.37 -65.57 0
endloop
endfacet
facet normal 0 0 -1
outer loop
vertex 142.40 -65.28 0
vertex 141.37 -65.57 0
vertex 141.34 -65.28 0
endloop
endfacet
facet normal 0 0 -1
outer loop
vertex 146.40 -65.28 0
vertex 146.37 -65.57 0
vertex 145.37 -65.57 0
endloop
endfacet
facet normal 0 0 -1
outer loop
vertex 146.40 -65.28 0
vertex 145.37 -65.57 0
vertex 145.34 -65.28 0
endloop
endfacet
facet normal 0 0 -1
outer loop
vertex 150.40 -65.28 0
vertex 150.37 -65.57 0
vertex 149.37 -65.57 0
endloop
endfacet
facet normal 0 0 -1
outer loop
vertex 150.40 -65.28 0
vertex 149.37 -65.57 0
vertex 149.34 -65.28 0
endloop
endfacet
facet normal 0 0 -1
outer loop
vertex 170.97 -65.28 0
vertex 171.09 -65.57 0
vertex 153.37 -65.57 0
endloop
endfacet
facet normal 0 0 -1
outer loop
vertex 170.97 -65.28 0
vertex 153.37 -65.57 0
vertex 153.34 -65.28 0
endloop
endfacet
facet normal 0 0 -1
outer loop
vertex 138.37 -65.57 0
vertex 138.40 -65.86 0
vertex 132.53 -65.86 0
endloop
endfacet
facet normal 0 0 -1
outer loop
vertex 138.37 -65.57 0
vertex 132.53 -65.86 0
vertex 132.65 -65.57 0
endloop
endfacet
facet normal 0 0 -1
outer loop
vertex 142.37 -65.57 0
vertex 142.40 -65.86 0
vertex 141.34 -65.86 0
endloop
endfacet
facet normal 0 0 -1
outer loop
vertex 142.37 -65.57 0
vertex 141.34 -65.86 0
vertex 141.37 -65.57 0
endloop
endfacet
facet normal 0 0 -1
outer loop
vertex 146.37 -65.57 0
vertex 146.40 -65.86 0
vertex 145.34 -65.86 0
endloop
endfacet
facet normal 0 0 -1
outer loop
vertex 146.37 -65.57 0
vertex 145.34 -65.86 0
vertex 145.37 -65.57 0
endloop
endfacet
facet normal 0 0 -1
outer loop
vertex 150.37 -65.57 0
vertex 150.40 -65.86 0
vertex 149.34 -65.86 0
endloop
endfacet
facet normal 0 0 -1
outer loop
vertex 150.37 -65.57 0
vertex 149.34 -65.86 0
vertex 149.37 -65.57 0
endloop
endfacet
facet normal 0 0 -1
outer loop
vertex 171.09 -65.57 0
vertex 171.21 -65.86 0
vertex 153.34 -65.86 0
endloop
endfacet
facet normal 0 0 -1
outer loop
vertex 171.09 -65.57 0
vertex 153.34 -65.86 0
vertex 153.37 -65.57 0
endloop
endfacet
facet normal 0 0 -1
outer loop
vertex 138.40 -65.86 0
vertex 138.48 -66.14 0
vertex 132.41 -66.14 0
endloop
endfacet
facet normal 0 0 -1
outer loop
vertex 138.40 -65.86 0
vertex 132.41 -66.14 0
vertex 132.53 -65.86 0
endloop
endfacet
facet normal 0 0 -1
outer loop
vertex 142.40 -65.86 0
vertex 142.48 -66.14 0
vertex 141.26 -66.14 0
endloop
endfacet
facet normal 0 0 -1
outer loop
vertex 142.40 -65.86 0
vertex 141.26 -66.14 0
vertex 141.34 -65.86 0
endloop
endfacet
facet normal 0 0 -1
outer loop
vertex 146.40 -65.86 0
vertex 146.48 -66.14 0
vertex 145.26 -66.14 0
endloop
endfacet
facet normal 0 0 -1
outer loop
vertex 146.40 -65.86 0
vertex 145.26 -66.14 0
vertex 145.34 -65.86 0
endloop
endfacet
facet normal 0 0 -1
outer loop
vertex 150.40 -65.86 0
vertex 150.48 -66.14 0
vertex 149.26 -66.14 0
endloop
endfacet
facet normal 0 0 -1
outer loop
vertex 150.40 -65.86 0
vertex 149.26 -66.14 0
vertex 149.34 -65.86 0
endloop
endfacet
facet normal 0 0 -1
outer loop
vertex 171.21 -65.86 0
vertex 171.33 -66.14 0
vertex 153.26 -66.14 0
endloop
endfacet
facet normal 0 0 -1
outer loop
vertex 171.21 -65.86 0
vertex 153.26 -66.14 0
vertex 153.34 -65.86 0
endloop
endfacet
facet normal 0 0 -1
outer loop
vertex 138.48 -66.14 0
vertex 138.62 -66.40 0
vertex 132.30 -66.40 0
endloop
endfacet
facet normal 0 0 -1
outer loop
vertex 138.48 -66.14 0
vertex 132.30 -66.40 0
vertex 132.41 -66.14 0
endloop
endfacet
facet normal 0 0 -1
outer loop
vertex 142.48 -66.14 0
vertex 142.62 -66.40 0
vertex 141.12 -66.40 0
endloop
endfacet
facet normal 0 0 -1
outer loop
vertex 142.48 -66.14 0
vertex 141.12 -66.40 0
vertex 141.26 -66.14 0
endloop
endfacet
facet normal 0 0 -1
outer loop
vertex 146.48 -66.14 0
vertex 146.62 -66.40 0
vertex 145.12 -66.40 0
endloop
endfacet
facet normal 0 0 -1
outer loop
vertex 146.48 -66.14 0
vertex 145.12 -66.40 0
vertex 145.26 -66.14 0
endloop
endfacet
facet normal 0 0 -1
outer loop
vertex 150.48 -66.14 0
vertex 150.62 -66.40 0
vertex 149.12 -66.40 0
endloop
endfacet
facet normal 0 0 -1
outer loop
vertex 150.48 -66.14 0
vertex 149.12 -66.40 0
vertex 149.26 -66.14 0
endloop
endfacet
facet normal 0 0 -1
outer loop
vertex 171.33 -66.14 0
vertex 171.44 -66.40 0
vertex 153.12 -66.40 0
endloop
endfacet
facet normal 0 0 -1
outer loop
vertex 171.33 -66.14 0
vertex 153.12 -66.40 0
vertex 153.26 -66.14 0
endloop
endfacet
facet normal 0 0 -1
outer loop
vertex 138.62 -66.40 0
vertex 138.81 -66.63 0
vertex 132.21 -66.63 0
endloop
endfacet
facet normal 0 0 -1
outer loop
vertex 138.62 -66.40 0
vertex 132.21 -66.63 0
vertex 132.30 -66.40 0
endloop
endfacet
facet normal 0 0 -1
outer loop
vertex 142.62 -66.40 0
vertex 142.81 -66.63 0
vertex 140.93 -66.63 0
endloop
endfacet
facet normal 0 0 -1
outer loop
vertex 142.62 -66.40 0
vertex 140.93 -66.63 0
vertex 141.12 -66.40 0
endloop
endfacet
facet normal 0 0 -1
outer loop
vertex 146.62 -66.40 0
vertex 146.81 -66.63 0
vertex 144.93 -66.63 0
endloop
endfacet
facet normal 0 0 -1
outer loop
vertex 146.62 -66.40 0
vertex 144.93 -66.63 0
vertex 145.12 -66.40 0
endloop
endfacet
facet normal 0 0 -1
outer loop
vertex 150.62 -66.40 0
vertex 150.81 -66.63 0
vertex 148.93 -66.63 0
endloop
endfacet
facet normal 0 0 -1
outer loop
vertex 150.62 -66.40 0
vertex 148.93 -66.63 0
vertex 149.12 -66.40 0
endloop
endfacet
facet normal 0 0 -1
outer loop
vertex 171.44 -66.40 0
vertex 171.53 -66.63 0
vertex 152.93 -66.63 0
endloop
endfacet
facet normal 0 0 -1
outer loop
vertex 171.44 -66.40 0
vertex 152.93 -66.63 0
vertex 153.12 -66.40 0
endloop
endfacet
facet normal 0 0 -1
outer loop
vertex 138.81 -66.63 0
vertex 139.04 -66.82 0
vertex 132.13 -66.82 0
endloop
endfacet
facet normal 0 0 -1
outer loop
vertex 138.81 -66.63 0
vertex 132.13 -66.82 0
vertex 132.21 -66.63 0
endloop
endfacet
facet normal 0 0 -1
outer loop
vertex 142.81 -66.63 0
vertex 143.04 -66.82 0
vertex 140.70 -66.82 0
endloop
endfacet
facet normal 0 0 -1
outer loop
vertex 142.81 -66.63 0
vertex 140.70 -66.82 0
vertex 140.93 -66.63 0
endloop
endfacet
facet normal 0 0 -1
outer loop
vertex 146.81 -66.63 0
vertex 147.04 -66.82 0
vertex 144.70 -66.82 0
endloop
endfacet
facet normal 0 0 -1
outer loop
vertex 146.81 -66.63 0
vertex 144.70 -66.82 0
vertex 144.93 -66.63 0
endloop
endfacet
facet normal 0 0 -1
outer loop
vertex 150.81 -66.63 0
vertex 151.04 -66.82 0
vertex 148.70 -66.82 0
endloop
endfacet
facet normal 0 0 -1
outer loop
vertex 150.81 -66.63 0
vertex 148.70 -66.82 0
vertex 148.93 -66.63 0
endloop
endfacet
facet normal 0 0 -1
outer loop
vertex 171.53 -66.63 0
vertex 171.61 -66.82 0
vertex 152.70 -66.82 0
endloop
endfacet
facet normal 0 0 -1
outer loop
vertex 171.53 -66.63 0
vertex 152.70 -66.82 0
vertex 152.93 -66.63 0
endloop
endfacet
facet normal 0 0 -1
outer loop
vertex 139.04 -66.82 0
vertex 139.30 -66.96 0
vertex 132.08 -66.96 0
endloop
endfacet
facet normal 0 0 -1
outer loop
vertex 139.04 -66.82 0
vertex 132.08 -66.96 0
vertex 132.13 -66.82 0
endloop
endfacet
facet normal 0 0 -1
outer loop
vertex 143.04 -66.82 0
vertex 143.30 -66.96 0
vertex 140.44 -66.96 0
endloop
endfacet
facet normal 0 0 -1
outer loop
vertex 143.04 -66.82 0
vertex 140.44 -66.96 0
vertex 140.70 -66.82 0
endloop
endfacet
facet normal 0 0 -1
outer loop
vertex 147.04 -66.82 0
vertex 147.30 -66.96 0
vertex 144.44 -66.96 0
endloop
endfacet
facet normal 0 0 -1
outer loop
vertex 147.04 -66.82 0
vertex 144.44 -66.96 0
vertex 144.70 -66.82 0
endloop
endfacet
facet normal 0 0 -1
outer loop
vertex 151.04 -66.82 0
vertex 151.30 -66.96 0
vertex 148.44 -66.96 0
endloop
endfacet
facet normal 0 0 -1
outer loop
vertex 151.04 -66.82 0
vertex 148.44 -66.96 0
vertex 148.70 -66.82 0
endloop
endfacet
facet normal 0 0 -1
outer loop
vertex 171.61 -66.82 0
vertex 171.66 -66.96 0
vertex 152.44 -66.96 0
endloop
endfacet
facet normal 0 0 -1
outer loop
vertex 171.61 -66.82 0
vertex 152.44 -66.96 0
vertex 152.70 -66.82 0
endloop
endfacet
facet normal 0 0 -1
outer loop
vertex 139.30 -66.96 0
vertex 139.58 -67.04 0
vertex 132.04 -67.04 0
endloop
endfacet
facet normal 0 0 -1
outer loop
vertex 139.30 -66.96 0
vertex 132.04 -67.04 0
vertex 132.08 -66.96 0
endloop
endfacet
facet normal 0 0 -1
outer loop
vertex 143.30 -66.96 0
vertex 143.58 -67.04 0
vertex 140.16 -67.04 0
endloop
endfacet
facet normal 0 0 -1
outer loop
vertex 143.30 -66.96 0
vertex 140.16 -67.04 0
vertex 140.44 -66.96 0
endloop
endfacet
facet normal 0 0 -1
outer loop
vertex 147.30 -66.96 0
vertex 147.58 -67.04 0
vertex 144.16 -67.04 0
endloop
endfacet
facet normal 0 0 -1
outer loop
vertex 147.30 -66.96 0
vertex 144.16 -67.04 0
vertex 144.44 -66.96 0
endloop
endfacet
facet normal 0 0 -1
outer loop
vertex 151.30 -66.96 0
vertex 151.58 -67.04 0
vertex 148.16 -67.04 0
endloop
endfacet
facet normal 0 0 -1
outer loop
vertex 151.30 -66.96 0
vertex 148.16 -67.04 0
vertex 148.44 -66.96 0
endloop
endfacet
facet normal 0 0 -1
outer loop
vertex 171.66 -66.96 0
vertex 171.70 -67.04 0
vertex 152.16 -67.04 0
endloop
endfacet
facet normal 0 0 -1
outer loop
vertex 171.66 -66.96 0
vertex 152.16 -67.04 0
vertex 152.44 -66.96 0
endloop
endfacet
facet normal 0 0 -1
outer loop
vertex 139.58 -67.04 0
vertex 139.87 -67.07 0
vertex 132.03 -67.07 0
endloop
endfacet
facet normal 0 0 -1
outer loop
vertex 139.58 -67.04 0
vertex 132.03 -67.07 0
vertex 132.04 -67.04 0
endloop
endfacet
facet normal 0 0 -1
outer loop
vertex 143.58 -67.04 0
vertex 143.87 -67.07 0
vertex 139.87 -67.07 0
endloop
endfacet
facet normal 0 0 -1
outer loop
vertex 143.58 -67.04 0
vertex 139.87 -67.07 0
vertex 140.16 -67.04 0
endloop
endfacet
facet normal 0 0 -1
outer loop
vertex 147.58 -67.04 0
vertex 147.87 -67.07 0
vertex 143.87 -67.07 0
endloop
endfacet
facet normal 0 0 -1
outer loop
vertex 147.58 -67.04 0
vertex 143.87 -67.07 0
vertex 144.16 -67.04 0
endloop
endfacet
facet normal 0 0 -1
outer loop
vertex 151.58 -67.04 0
vertex 151.87 -67.07 0
vertex 147.87 -67.07 0
endloop
endfacet
facet normal 0 0 -1
outer loop
vertex 151.58 -67.04 0
vertex 147.87 -67.07 0
vertex 148.16 -67.04 0
endloop
endfacet
facet normal 0 0 -1
outer loop
vertex 171.70 -67.04 0
vertex 171.71 -67.07 0
vertex 151.87 -67.07 0
endloop
endfacet
facet normal 0 0 -1
outer loop
vertex 171.70 -67.04 0
vertex 151.87 -67.07 0
vertex 152.16 -67.04 0
endloop
endfacet
facet normal 0 0 -1
outer loop
vertex 139.87 -67.07 0
vertex 143.87 -67.07 0
vertex 147.87 -67.07 0
endloop
endfacet
facet normal 0 0 -1
outer loop
vertex 139.87 -67.07 0
vertex 147.87 -67.07 0
vertex 151.87 -67.07 0
endloop
endfacet
facet normal 0 0 -1
outer loop
vertex 139.87 -67.07 0
vertex 151.87 -67.07 0
vertex 171.71 -67.07 0
endloop
endfacet
facet normal 0 0 -1
outer loop
vertex 139.87 -67.07 0
vertex 171.71 -67.07 0
vertex 174.38 -73.50 0
endloop
endfacet
facet normal 0 0 -1
outer loop
vertex 139.87 -67.07 0
vertex 174.38 -73.50 0
vertex 173.38 -73.91 0
endloop
endfacet
facet normal 0 0 -1
outer loop
vertex 139.87 -67.07 0
vertex 173.38 -73.91 0
vertex 173.38 -73.91 0
endloop
endfacet
facet normal 0 0 -1
outer loop
vertex 139.87 -67.07 0
vertex 173.38 -73.91 0
vertex 129.31 -73.91 0
endloop
endfacet
facet normal 0 0 -1
outer loop
vertex 139.87 -67.07 0
vertex 129.31 -73.91 0
vertex 129.30 -73.77 0
endloop
endfacet
facet normal 0 0 -1
outer loop
vertex 139.87 -67.07 0
vertex 129.30 -73.77 0
vertex 129.32 -73.63 0
endloop
endfacet
facet normal 0 0 -1
outer loop
vertex 139.87 -67.07 0
vertex 129.32 -73.63 0
vertex 129.36 -73.50 0
endloop
endfacet
facet normal 0 0 -1
outer loop
vertex 139.87 -67.07 0
vertex 129.36 -73.50 0
vertex 132.03 -67.07 0
endloop
endfacet
facet normal 0 0 -1
outer loop
vertex 174.41 -73.62 0
vertex 174.43 -73.74 0
vertex 174.43 -73.87 0
endloop
endfacet
facet normal 0 0 -1
outer loop
vertex 174.41 -73.62 0
vertex 174.43 -73.87 0
vertex 174.43 -73.91 0
endloop
endfacet
facet normal 0 0 -1
outer loop
vertex 174.41 -73.62 0
vertex 174.43 -73.91 0
vertex 173.38 -73.91 0
endloop
endfacet
facet normal 0 0 -1
outer loop
vertex 174.41 -73.62 0
vertex 173.38 -73.91 0
vertex 174.38 -73.50 0
endloop
endfacet
facet normal 0 0 -1
outer loop
vertex 173.38 -73.91 0
vertex 173.38 -73.91 0
vertex 174.43 -73.91 0
endloop
endfacet
facet normal 0 0 -1
outer loop
vertex 173.38 -73.91 0
vertex 174.43 -73.91 0
vertex 174.41 -73.99 0
endloop
endfacet
facet normal 0 0 -1
outer loop
vertex 173.38 -73.91 0
vertex 174.41 -73.99 0
vertex 174.38 -74.11 0
endloop
endfacet
facet normal 0 0 -1
outer loop
vertex 173.38 -73.91 0
vertex 174.38 -74.11 0
vertex 174.32 -74.23 0
endloop
endfacet
facet normal 0 0 -1
outer loop
vertex 173.38 -73.91 0
vertex 174.32 -74.23 0
vertex 174.24 -74.33 0
endloop
endfacet
facet normal 0 0 -1
outer loop
vertex 173.38 -73.91 0
vertex 174.24 -74.33 0
vertex 174.16 -74.42 0
endloop
endfacet
facet normal 0 0 -1
outer loop
vertex 173.38 -73.91 0
vertex 174.16 -74.42 0
vertex 174.05 -74.49 0
endloop
endfacet
facet normal 0 0 -1
outer loop
vertex 173.38 -73.91 0
vertex 174.05 -74.49 0
vertex 173.94 -74.55 0
endloop
endfacet
facet normal 0 0 -1
outer loop
vertex 173.38 -73.91 0
vertex 173.94 -74.55 0
vertex 169.19 -76.52 0
endloop
endfacet
facet normal 0 0 -1
outer loop
vertex 173.38 -73.91 0
vertex 169.19 -76.52 0
vertex 151.87 -76.52 0
endloop
endfacet
facet normal 0 0 -1
outer loop
vertex 173.38 -73.91 0
vertex 151.87 -76.52 0
vertex 134.55 -76.52 0
endloop
endfacet
facet normal 0 0 -1
outer loop
vertex 173.38 -73.91 0
vertex 134.55 -76.52 0
vertex 129.80 -74.55 0
endloop
endfacet
facet normal 0 0 -1
outer loop
vertex 173.38 -73.91 0
vertex 129.80 -74.55 0
vertex 129.67 -74.48 0
endloop
endfacet
facet normal 0 0 -1
outer loop
vertex 173.38 -73.91 0
vertex 129.67 -74.48 0
vertex 129.56 -74.40 0
endloop
endfacet
facet normal 0 0 -1
outer loop
vertex 173.38 -73.91 0
vertex 129.56 -74.40 0
vertex 129.47 -74.29 0
endloop
endfacet
facet normal 0 0 -1
outer loop
vertex 173.38 -73.91 0
vertex 129.47 -74.29 0
vertex 129.39 -74.18 0
endloop
endfacet
facet normal 0 0 -1
outer loop
vertex 173.38 -73.91 0
vertex 129.39 -74.18 0
vertex 129.34 -74.05 0
endloop
endfacet
facet normal 0 0 -1
outer loop
vertex 173.38 -73.91 0
vertex 129.34 -74.05 0
vertex 129.31 -73.91 0
endloop
endfacet
facet normal 0 0 -1
outer loop
vertex 151.87 -76.52 0
vertex 151.64 -76.54 0
vertex 134.61 -76.54 0
endloop
endfacet
facet normal 0 0 -1
outer loop
vertex 151.87 -76.52 0
vertex 134.61 -76.54 0
vertex 134.55 -76.52 0
endloop
endfacet
facet normal 0 0 -1
outer loop
vertex 169.19 -76.52 0
vertex 169.13 -76.54 0
vertex 152.10 -76.54 0
endloop
endfacet
facet normal 0 0 -1
outer loop
vertex 169.19 -76.52 0
vertex 152.10 -76.54 0
vertex 151.87 -76.52 0
endloop
endfacet
facet normal 0 0 -1
outer loop
vertex 151.64 -76.54 0
vertex 151.41 -76.61 0
vertex 134.77 -76.61 0
endloop
endfacet
facet normal 0 0 -1
outer loop
vertex 151.64 -76.54 0
vertex 134.77 -76.61 0
vertex 134.61 -76.54 0
endloop
endfacet
facet normal 0 0 -1
outer loop
vertex 169.13 -76.54 0
vertex 168.97 -76.61 0
vertex 152.33 -76.61 0
endloop
endfacet
facet normal 0 0 -1
outer loop
vertex 169.13 -76.54 0
vertex 152.33 -76.61 0
vertex 152.10 -76.54 0
endloop
endfacet
facet normal 0 0 -1
outer loop
vertex 151.41 -76.61 0
vertex 151.20 -76.72 0
vertex 135.04 -76.72 0
endloop
endfacet
facet normal 0 0 -1
outer loop
vertex 151.41 -76.61 0
vertex 135.04 -76.72 0
vertex 134.77 -76.61 0
endloop
endfacet
facet normal 0 0 -1
outer loop
vertex 168.97 -76.61 0
vertex 168.70 -76.72 0
vertex 152.54 -76.72 0
endloop
endfacet
facet normal 0 0 -1
outer loop
vertex 168.97 -76.61 0
vertex 152.54 -76.72 0
vertex 152.33 -76.61 0
endloop
endfacet
facet normal 0 0 -1
outer loop
vertex 151.20 -76.72 0
vertex 151.02 -76.87 0
vertex 135.40 -76.87 0
endloop
endfacet
facet normal 0 0 -1
outer loop
vertex 151.20 -76.72 0
vertex 135.40 -76.87 0
vertex 135.04 -76.72 0
endloop
endfacet
facet normal 0 0 -1
outer loop
vertex 168.70 -76.72 0
vertex 168.34 -76.87 0
vertex 152.72 -76.87 0
endloop
endfacet
facet normal 0 0 -1
outer loop
vertex 168.70 -76.72 0
vertex 152.72 -76.87 0
vertex 152.54 -76.72 0
endloop
endfacet
facet normal 0 0 -1
outer loop
vertex 151.02 -76.87 0
vertex 150.87 -77.05 0
vertex 135.84 -77.05 0
endloop
endfacet
facet normal 0 0 -1
outer loop
vertex 151.02 -76.87 0
vertex 135.84 -77.05 0
vertex 135.40 -76.87 0
endloop
endfacet
facet normal 0 0 -1
outer loop
vertex 168.34 -76.87 0
vertex 167.90 -77.05 0
vertex 152.87 -77.05 0
endloop
endfacet
facet normal 0 0 -1
outer loop
vertex 168.34 -76.87 0
vertex 152.87 -77.05 0
vertex 152.72 -76.87 0
endloop
endfacet
facet normal 0 0 -1
outer loop
vertex 150.87 -77.05 0
vertex 150.76 -77.26 0
vertex 136.34 -77.26 0
endloop
endfacet
facet normal 0 0 -1
outer loop
vertex 150.87 -77.05 0
vertex 136.34 -77.26 0
vertex 135.84 -77.05 0
endloop
endfacet
facet normal 0 0 -1
outer loop
vertex 167.90 -77.05 0
vertex 167.40 -77.26 0
vertex 152.98 -77.26 0
endloop
endfacet
facet normal 0 0 -1
outer loop
vertex 167.90 -77.05 0
vertex 152.98 -77.26 0
vertex 152.87 -77.05 0
endloop
endfacet
facet normal 0 0 -1
outer loop
vertex 150.76 -77.26 0
vertex 150.69 -77.48 0
vertex 136.88 -77.48 0
endloop
endfacet
facet normal 0 0 -1
outer loop
vertex 150.76 -77.26 0
vertex 136.88 -77.48 0
vertex 136.34 -77.26 0
endloop
endfacet
facet normal 0 0 -1
outer loop
vertex 167.40 -77.26 0
vertex 166.86 -77.48 0
vertex 153.05 -77.48 0
endloop
endfacet
facet normal 0 0 -1
outer loop
vertex 167.40 -77.26 0
vertex 153.05 -77.48 0
vertex 152.98 -77.26 0
endloop
endfacet
facet normal 0 0 -1
outer loop
vertex 150.69 -77.48 0
vertex 150.67 -77.72 0
vertex 137.45 -77.72 0
endloop
endfacet
facet normal 0 0 -1
outer loop
vertex 150.69 -77.48 0
vertex 137.45 -77.72 0
vertex 136.88 -77.48 0
endloop
endfacet
facet normal 0 0 -1
outer loop
vertex 166.86 -77.48 0
vertex 166.29 -77.72 0
vertex 153.07 -77.72 0
endloop
endfacet
facet normal 0 0 -1
outer loop
vertex 166.86 -77.48 0
vertex 153.07 -77.72 0
vertex 153.05 -77.48 0
endloop
endfacet
facet normal 0 0 -1
outer loop
vertex 150.67 -77.72 0
vertex 150.69 -77.95 0
vertex 138.01 -77.95 0
endloop
endfacet
facet normal 0 0 -1
outer loop
vertex 150.67 -77.72 0
vertex 138.01 -77.95 0
vertex 137.45 -77.72 0
endloop
endfacet
facet normal 0 0 -1
outer loop
vertex 166.29 -77.72 0
vertex 165.73 -77.95 0
vertex 153.05 -77.95 0
endloop
endfacet
facet normal 0 0 -1
outer loop
vertex 166.29 -77.72 0
vertex 153.05 -77.95 0
vertex 153.07 -77.72 0
endloop
endfacet
facet normal 0 0 -1
outer loop
vertex 150.69 -77.95 0
vertex 150.76 -78.17 0
vertex 138.56 -78.17 0
endloop
endfacet
facet normal 0 0 -1
outer loop
vertex 150.69 -77.95 0
vertex 138.56 -78.17 0
vertex 138.01 -77.95 0
endloop
endfacet
facet normal 0 0 -1
outer loop
vertex 165.73 -77.95 0
vertex 165.18 -78.17 0
vertex 152.98 -78.17 0
endloop
endfacet
facet normal 0 0 -1
outer loop
vertex 165.73 -77.95 0
vertex 152.98 -78.17 0
vertex 153.05 -77.95 0
endloop
endfacet
facet normal 0 0 -1
outer loop
vertex 150.76 -78.17 0
vertex 150.87 -78.38 0
vertex 139.06 -78.38 0
endloop
endfacet
facet normal 0 0 -1
outer loop
vertex 150.76 -78.17 0
vertex 139.06 -78.38 0
vertex 138.56 -78.17 0
endloop
endfacet
facet normal 0 0 -1
outer loop
vertex 165.18 -78.17 0
vertex 164.68 -78.38 0
vertex 152.87 -78.38 0
endloop
endfacet
facet normal 0 0 -1
outer loop
vertex 165.18 -78.17 0
vertex 152.87 -78.38 0
vertex 152.98 -78.17 0
endloop
endfacet
facet normal 0 0 -1
outer loop
vertex 150.87 -78.38 0
vertex 151.02 -78.56 0
vertex 139.50 -78.56 0
endloop
endfacet
facet normal 0 0 -1
outer loop
vertex 150.87 -78.38 0
vertex 139.50 -78.56 0
vertex 139.06 -78.38 0
endloop
endfacet
facet normal 0 0 -1
outer loop
vertex 164.68 -78.38 0
vertex 164.24 -78.56 0
vertex 152.72 -78.56 0
endloop
endfacet
facet normal 0 0 -1
outer loop
vertex 164.68 -78.38 0
vertex 152.72 -78.56 0
vertex 152.87 -78.38 0
endloop
endfacet
facet normal 0 0 -1
outer loop
vertex 151.02 -78.56 0
vertex 151.20 -78.71 0
vertex 139.86 -78.71 0
endloop
endfacet
facet normal 0 0 -1
outer loop
vertex 151.02 -78.56 0
vertex 139.86 -78.71 0
vertex 139.50 -78.56 0
endloop
endfacet
facet normal 0 0 -1
outer loop
vertex 164.24 -78.56 0
vertex 163.88 -78.71 0
vertex 152.54 -78.71 0
endloop
endfacet
facet normal 0 0 -1
outer loop
vertex 164.24 -78.56 0
vertex 152.54 -78.71 0
vertex 152.72 -78.56 0
endloop
endfacet
facet normal 0 0 -1
outer loop
vertex 151.20 -78.71 0
vertex 151.41 -78.82 0
vertex 140.12 -78.82 0
endloop
endfacet
facet normal 0 0 -1
outer loop
vertex 151.20 -78.71 0
vertex 140.12 -78.82 0
vertex 139.86 -78.71 0
endloop
endfacet
facet normal 0 0 -1
outer loop
vertex 163.88 -78.71 0
vertex 163.62 -78.82 0
vertex 152.33 -78.82 0
endloop
endfacet
facet normal 0 0 -1
outer loop
vertex 163.88 -78.71 0
vertex 152.33 -78.82 0
vertex 152.54 -78.71 0
endloop
endfacet
facet normal 0 0 -1
outer loop
vertex 151.41 -78.82 0
vertex 151.64 -78.89 0
vertex 140.29 -78.89 0
endloop
endfacet
facet normal 0 0 -1
outer loop
vertex 151.41 -78.82 0
vertex 140.29 -78.89 0
vertex 140.12 -78.82 0
endloop
endfacet
facet normal 0 0 -1
outer loop
vertex 163.62 -78.82 0
vertex 163.45 -78.89 0
vertex 152.10 -78.89 0
endloop
endfacet
facet normal 0 0 -1
outer loop
vertex 163.62 -78.82 0
vertex 152.10 -78.89 0
vertex 152.33 -78.82 0
endloop
endfacet
facet normal 0 0 -1
outer loop
vertex 151.64 -78.89 0
vertex 151.87 -78.92 0
vertex 140.34 -78.92 0
endloop
endfacet
facet normal 0 0 -1
outer loop
vertex 151.64 -78.89 0
vertex 140.34 -78.92 0
vertex 140.29 -78.89 0
endloop
endfacet
facet normal 0 0 -1
outer loop
vertex 163.45 -78.89 0
vertex 163.40 -78.92 0
vertex 151.87 -78.92 0
endloop
endfacet
facet normal 0 0 -1
outer loop
vertex 163.45 -78.89 0
vertex 151.87 -78.92 0
vertex 152.10 -78.89 0
endloop
endfacet
facet normal 0 0 -1
outer loop
vertex 151.87 -78.92 0
vertex 163.40 -78.92 0
vertex 157.13 -81.51 0
endloop
endfacet
facet normal 0 0 -1
outer loop
vertex 151.87 -78.92 0
vertex 157.13 -81.51 0
vertex 146.61 -81.51 0
endloop
endfacet
facet normal 0 0 -1
outer loop
vertex 151.87 -78.92 0
vertex 146.61 -81.51 0
vertex 140.34 -78.92 0
endloop
endfacet
facet normal 0 0 -1
outer loop
vertex 157.13 -81.51 0
vertex 168.77 -109.62 0
vertex 152.00 -109.62 0
endloop
endfacet
facet normal 0 0 -1
outer loop
vertex 157.13 -81.51 0
vertex 152.00 -109.62 0
vertex 151.74 -109.62 0
endloop
endfacet
facet normal 0 0 -1
outer loop
vertex 157.13 -81.51 0
vertex 151.74 -109.62 0
vertex 134.97 -109.62 0
endloop
endfacet
facet normal 0 0 -1
outer loop
vertex 157.13 -81.51 0
vertex 134.97 -109.62 0
vertex 146.61 -81.51 0
endloop
endfacet
facet normal 0 0 -1
outer loop
vertex 151.74 -109.62 0
vertex 151.48 -109.67 0
vertex 134.95 -109.67 0
endloop
endfacet
facet normal 0 0 -1
outer loop
vertex 151.74 -109.62 0
vertex 134.95 -109.67 0
vertex 134.97 -109.62 0
endloop
endfacet
facet normal 0 0 -1
outer loop
vertex 168.77 -109.62 0
vertex 168.79 -109.67 0
vertex 152.26 -109.67 0
endloop
endfacet
facet normal 0 0 -1
outer loop
vertex 168.77 -109.62 0
vertex 152.26 -109.67 0
vertex 152.00 -109.62 0
endloop
endfacet
facet normal 0 0 -1
outer loop
vertex 151.48 -109.67 0
vertex 151.24 -109.76 0
vertex 134.91 -109.76 0
endloop
endfacet
facet normal 0 0 -1
outer loop
vertex 151.48 -109.67 0
vertex 134.91 -109.76 0
vertex 134.95 -109.67 0
endloop
endfacet
facet normal 0 0 -1
outer loop
vertex 168.79 -109.67 0
vertex 168.83 -109.76 0
vertex 152.50 -109.76 0
endloop
endfacet
facet normal 0 0 -1
outer loop
vertex 168.79 -109.67 0
vertex 152.50 -109.76 0
vertex 152.26 -109.67 0
endloop
endfacet
facet normal 0 0 -1
outer loop
vertex 151.24 -109.76 0
vertex 151.01 -109.89 0
vertex 134.86 -109.89 0
endloop
endfacet
facet normal 0 0 -1
outer loop
vertex 151.24 -109.76 0
vertex 134.86 -109.89 0
vertex 134.91 -109.76 0
endloop
endfacet
facet normal 0 0 -1
outer loop
vertex 168.83 -109.76 0
vertex 168.88 -109.89 0
vertex 152.73 -109.89 0
endloop
endfacet
facet normal 0 0 -1
outer loop
vertex 168.83 -109.76 0
vertex 152.73 -109.89 0
vertex 152.50 -109.76 0
endloop
endfacet
facet normal 0 0 -1
outer loop
vertex 151.01 -109.89 0
vertex 150.81 -110.06 0
vertex 134.79 -110.06 0
endloop
endfacet
facet normal 0 0 -1
outer loop
vertex 151.01 -109.89 0
vertex 134.79 -110.06 0
vertex 134.86 -109.89 0
endloop
endfacet
facet normal 0 0 -1
outer loop
vertex 168.88 -109.89 0
vertex 168.95 -110.06 0
vertex 155.41 -110.06 0
endloop
endfacet
facet normal 0 0 -1
outer loop
vertex 168.88 -109.89 0
vertex 155.41 -110.06 0
vertex 152.93 -110.06 0
endloop
endfacet
facet normal 0 0 -1
outer loop
vertex 168.88 -109.89 0
vertex 152.93 -110.06 0
vertex 152.73 -109.89 0
endloop
endfacet
facet normal 0 0 -1
outer loop
vertex 155.41 -110.06 0
vertex 154.17 -111.30 0
vertex 152.93 -110.06 0
endloop
endfacet
facet normal 0 0 -1
outer loop
vertex 168.95 -110.06 0
vertex 169.83 -112.18 0
vertex 157.53 -112.18 0
endloop
endfacet
facet normal 0 0 -1
outer loop
vertex 168.95 -110.06 0
vertex 157.53 -112.18 0
vertex 155.41 -110.06 0
endloop
endfacet
facet normal 0 0 -1
outer loop
vertex 150.81 -110.06 0
vertex 146.21 -114.65 0
vertex 132.88 -114.65 0
endloop
endfacet
facet normal 0 0 -1
outer loop
vertex 150.81 -110.06 0
vertex 132.88 -114.65 0
vertex 134.79 -110.06 0
endloop
endfacet
facet normal 0 0 -1
outer loop
vertex 169.83 -112.18 0
vertex 170.86 -114.65 0
vertex 157.53 -114.65 0
endloop
endfacet
facet normal 0 0 -1
outer loop
vertex 169.83 -112.18 0
vertex 157.53 -114.65 0
vertex 156.29 -113.42 0
endloop
endfacet
facet normal 0 0 -1
outer loop
vertex 169.83 -112.18 0
vertex 156.29 -113.42 0
vertex 157.53 -112.18 0
endloop
endfacet
facet normal 0 0 -1
outer loop
vertex 146.21 -114.65 0
vertex 146.05 -114.85 0
vertex 132.80 -114.85 0
endloop
endfacet
facet normal 0 0 -1
outer loop
vertex 146.21 -114.65 0
vertex 132.80 -114.85 0
vertex 132.88 -114.65 0
endloop
endfacet
facet normal 0 0 -1
outer loop
vertex 170.86 -114.65 0
vertex 170.94 -114.85 0
vertex 157.70 -114.85 0
endloop
endfacet
facet normal 0 0 -1
outer loop
vertex 170.86 -114.65 0
vertex 157.70 -114.85 0
vertex 157.53 -114.65 0
endloop
endfacet
facet normal 0 0 -1
outer loop
vertex 146.05 -114.85 0
vertex 145.91 -115.08 0
vertex 132.71 -115.08 0
endloop
endfacet
facet normal 0 0 -1
outer loop
vertex 146.05 -114.85 0
vertex 132.71 -115.08 0
vertex 132.80 -114.85 0
endloop
endfacet
facet normal 0 0 -1
outer loop
vertex 170.94 -114.85 0
vertex 171.03 -115.08 0
vertex 157.83 -115.08 0
endloop
endfacet
facet normal 0 0 -1
outer loop
vertex 170.94 -114.85 0
vertex 157.83 -115.08 0
vertex 157.70 -114.85 0
endloop
endfacet
facet normal 0 0 -1
outer loop
vertex 145.91 -115.08 0
vertex 145.83 -115.33 0
vertex 132.61 -115.33 0
endloop
endfacet
facet normal 0 0 -1
outer loop
vertex 145.91 -115.08 0
vertex 132.61 -115.33 0
vertex 132.71 -115.08 0
endloop
endfacet
facet normal 0 0 -1
outer loop
vertex 171.03 -115.08 0
vertex 171.14 -115.33 0
vertex 157.92 -115.33 0
endloop
endfacet
facet normal 0 0 -1
outer loop
vertex 171.03 -115.08 0
vertex 157.92 -115.33 0
vertex 157.83 -115.08 0
endloop
endfacet
facet normal 0 0 -1
outer loop
vertex 145.83 -115.33 0
vertex 145.78 -115.58 0
vertex 132.50 -115.58 0
endloop
endfacet
facet normal 0 0 -1
outer loop
vertex 145.83 -115.33 0
vertex 132.50 -115.58 0
vertex 132.61 -115.33 0
endloop
endfacet
facet normal 0 0 -1
outer loop
vertex 171.14 -115.33 0
vertex 171.24 -115.58 0
vertex 157.96 -115.58 0
endloop
endfacet
facet normal 0 0 -1
outer loop
vertex 171.14 -115.33 0
vertex 157.96 -115.58 0
vertex 157.92 -115.33 0
endloop
endfacet
facet normal 0 0 -1
outer loop
vertex 145.78 -115.58 0
vertex 145.78 -115.85 0
vertex 132.39 -115.85 0
endloop
endfacet
facet normal 0 0 -1
outer loop
vertex 145.78 -115.58 0
vertex 132.39 -115.85 0
vertex 132.50 -115.58 0
endloop
endfacet
facet normal 0 0 -1
outer loop
vertex 171.24 -115.58 0
vertex 171.35 -115.85 0
vertex 157.96 -115.85 0
endloop
endfacet
facet normal 0 0 -1
outer loop
vertex 171.24 -115.58 0
vertex 157.96 -115.85 0
vertex 157.96 -115.58 0
endloop
endfacet
facet normal 0 0 -1
outer loop
vertex 145.78 -115.85 0
vertex 145.83 -116.10 0
vertex 132.32 -116.10 0
endloop
endfacet
facet normal 0 0 -1
outer loop
vertex 145.78 -115.85 0
vertex 132.32 -116.10 0
vertex 132.33 -116.06 0
endloop
endfacet
facet normal 0 0 -1
outer loop
vertex 145.78 -115.85 0
vertex 132.33 -116.06 0
vertex 132.35 -115.97 0
endloop
endfacet
facet normal 0 0 -1
outer loop
vertex 145.78 -115.85 0
vertex 132.35 -115.97 0
vertex 132.38 -115.88 0
endloop
endfacet
facet normal 0 0 -1
outer loop
vertex 145.78 -115.85 0
vertex 132.38 -115.88 0
vertex 132.39 -115.85 0
endloop
endfacet
facet normal 0 0 -1
outer loop
vertex 171.35 -115.85 0
vertex 171.36 -115.88 0
vertex 171.39 -115.97 0
endloop
endfacet
facet normal 0 0 -1
outer loop
vertex 171.35 -115.85 0
vertex 171.39 -115.97 0
vertex 171.42 -116.06 0
endloop
endfacet
facet normal 0 0 -1
outer loop
vertex 171.35 -115.85 0
vertex 171.42 -116.06 0
vertex 171.42 -116.10 0
endloop
endfacet
facet normal 0 0 -1
outer loop
vertex 171.35 -115.85 0
vertex 171.42 -116.10 0
vertex 157.92 -116.10 0
endloop
endfacet
facet normal 0 0 -1
outer loop
vertex 171.35 -115.85 0
vertex 157.92 -116.10 0
vertex 157.96 -115.85 0
endloop
endfacet
facet normal 0 0 -1
outer loop
vertex 145.83 -116.10 0
vertex 145.91 -116.35 0
vertex 132.31 -116.35 0
endloop
endfacet
facet normal 0 0 -1
outer loop
vertex 145.83 -116.10 0
vertex 132.31 -116.35 0
vertex 132.32 -116.15 0
endloop
endfacet
facet normal 0 0 -1
outer loop
vertex 145.83 -116.10 0
vertex 132.32 -116.15 0
vertex 132.32 -116.10 0
endloop
endfacet
facet normal 0 0 -1
outer loop
vertex 171.42 -116.10 0
vertex 171.42 -116.15 0
vertex 171.43 -116.35 0
endloop
endfacet
facet normal 0 0 -1
outer loop
vertex 171.42 -116.10 0
vertex 171.43 -116.35 0
vertex 157.83 -116.35 0
endloop
endfacet
facet normal 0 0 -1
outer loop
vertex 171.42 -116.10 0
vertex 157.83 -116.35 0
vertex 157.92 -116.10 0
endloop
endfacet
facet normal 0 0 -1
outer loop
vertex 145.91 -116.35 0
vertex 146.05 -116.58 0
vertex 132.30 -116.58 0
endloop
endfacet
facet normal 0 0 -1
outer loop
vertex 145.91 -116.35 0
vertex 132.30 -116.58 0
vertex 132.31 -116.35 0
endloop
endfacet
facet normal 0 0 -1
outer loop
vertex 171.43 -116.35 0
vertex 171.44 -116.58 0
vertex 157.70 -116.58 0
endloop
endfacet
facet normal 0 0 -1
outer loop
vertex 171.43 -116.35 0
vertex 157.70 -116.58 0
vertex 157.83 -116.35 0
endloop
endfacet
facet normal 0 0 -1
outer loop
vertex 146.05 -116.58 0
vertex 146.21 -116.78 0
vertex 132.29 -116.78 0
endloop
endfacet
facet normal 0 0 -1
outer loop
vertex 146.05 -116.58 0
vertex 132.29 -116.78 0
vertex 132.30 -116.58 0
endloop
endfacet
facet normal 0 0 -1
outer loop
vertex 171.44 -116.58 0
vertex 171.45 -116.78 0
vertex 157.53 -116.78 0
endloop
endfacet
facet normal 0 0 -1
outer loop
vertex 171.44 -116.58 0
vertex 157.53 -116.78 0
vertex 157.70 -116.58 0
endloop
endfacet
facet normal 0 0 -1
outer loop
vertex 146.21 -116.78 0
vertex 147.45 -118.01 0
vertex 146.21 -119.25 0
endloop
endfacet
facet normal 0 0 -1
outer loop
vertex 146.21 -116.78 0
vertex 146.21 -119.25 0
vertex 132.20 -119.25 0
endloop
endfacet
facet normal 0 0 -1
outer loop
vertex 146.21 -116.78 0
vertex 132.20 -119.25 0
vertex 132.29 -116.78 0
endloop
endfacet
facet normal 0 0 -1
outer loop
vertex 146.21 -119.25 0
vertex 148.33 -121.37 0
vertex 132.11 -121.37 0
endloop
endfacet
facet normal 0 0 -1
outer loop
vertex 146.21 -119.25 0
vertex 132.11 -121.37 0
vertex 132.20 -119.25 0
endloop
endfacet
facet normal 0 0 -1
outer loop
vertex 150.81 -121.37 0
vertex 150.81 -121.37 0
vertex 148.33 -121.37 0
endloop
endfacet
facet normal 0 0 -1
outer loop
vertex 150.81 -121.37 0
vertex 148.33 -121.37 0
vertex 149.57 -120.13 0
endloop
endfacet
facet normal 0 0 -1
outer loop
vertex 171.45 -116.78 0
vertex 171.63 -121.37 0
vertex 152.93 -121.37 0
endloop
endfacet
facet normal 0 0 -1
outer loop
vertex 171.45 -116.78 0
vertex 152.93 -121.37 0
vertex 157.53 -116.78 0
endloop
endfacet
facet normal 0 0 -1
outer loop
vertex 148.33 -121.37 0
vertex 150.81 -121.37 0
vertex 151.01 -121.54 0
endloop
endfacet
facet normal 0 0 -1
outer loop
vertex 148.33 -121.37 0
vertex 151.01 -121.54 0
vertex 132.11 -121.54 0
endloop
endfacet
facet normal 0 0 -1
outer loop
vertex 148.33 -121.37 0
vertex 132.11 -121.54 0
vertex 132.11 -121.37 0
endloop
endfacet
facet normal 0 0 -1
outer loop
vertex 171.63 -121.37 0
vertex 171.63 -121.54 0
vertex 152.73 -121.54 0
endloop
endfacet
facet normal 0 0 -1
outer loop
vertex 171.63 -121.37 0
vertex 152.73 -121.54 0
vertex 152.93 -121.37 0
endloop
endfacet
facet normal 0 0 -1
outer loop
vertex 151.01 -121.54 0
vertex 151.24 -121.67 0
vertex 132.10 -121.67 0
endloop
endfacet
facet normal 0 0 -1
outer loop
vertex 151.01 -121.54 0
vertex 132.10 -121.67 0
vertex 132.11 -121.54 0
endloop
endfacet
facet normal 0 0 -1
outer loop
vertex 171.63 -121.54 0
vertex 171.64 -121.67 0
vertex 152.50 -121.67 0
endloop
endfacet
facet normal 0 0 -1
outer loop
vertex 171.63 -121.54 0
vertex 152.50 -121.67 0
vertex 152.73 -121.54 0
endloop
endfacet
facet normal 0 0 -1
outer loop
vertex 151.24 -121.67 0
vertex 151.48 -121.76 0
vertex 132.10 -121.76 0
endloop
endfacet
facet normal 0 0 -1
outer loop
vertex 151.24 -121.67 0
vertex 132.10 -121.76 0
vertex 132.10 -121.67 0
endloop
endfacet
facet normal 0 0 -1
outer loop
vertex 171.64 -121.67 0
vertex 171.64 -121.76 0
vertex 152.26 -121.76 0
endloop
endfacet
facet normal 0 0 -1
outer loop
vertex 171.64 -121.67 0
vertex 152.26 -121.76 0
vertex 152.50 -121.67 0
endloop
endfacet
facet normal 0 0 -1
outer loop
vertex 151.48 -121.76 0
vertex 151.74 -121.81 0
vertex 132.10 -121.81 0
endloop
endfacet
facet normal 0 0 -1
outer loop
vertex 151.48 -121.76 0
vertex 132.10 -121.81 0
vertex 132.10 -121.76 0
endloop
endfacet
facet normal 0 0 -1
outer loop
vertex 171.64 -121.76 0
vertex 171.64 -121.81 0
vertex 152.00 -121.81 0
endloop
endfacet
facet normal 0 0 -1
outer loop
vertex 171.64 -121.76 0
vertex 152.00 -121.81 0
vertex 152.26 -121.76 0
endloop
endfacet
facet normal 0 0 -1
outer loop
vertex 151.74 -121.81 0
vertex 152.00 -121.81 0
vertex 171.64 -121.81 0
endloop
endfacet
facet normal 0 0 -1
outer loop
vertex 151.74 -121.81 0
vertex 171.64 -121.81 0
vertex 171.66 -122.31 0
endloop
endfacet
facet normal 0 0 -1
outer loop
vertex 151.74 -121.81 0
vertex 171.66 -122.31 0
vertex 171.66 -122.44 0
endloop
endfacet
facet normal 0 0 -1
outer loop
vertex 151.74 -121.81 0
vertex 171.66 -122.44 0
vertex 171.63 -122.57 0
endloop
endfacet
facet normal 0 0 -1
outer loop
vertex 151.74 -121.81 0
vertex 171.63 -122.57 0
vertex 171.59 -122.68 0
endloop
endfacet
facet normal 0 0 -1
outer loop
vertex 151.74 -121.81 0
vertex 171.59 -122.68 0
vertex 171.53 -122.80 0
endloop
endfacet
facet normal 0 0 -1
outer loop
vertex 151.74 -121.81 0
vertex 171.53 -122.80 0
vertex 171.45 -122.89 0
endloop
endfacet
facet normal 0 0 -1
outer loop
vertex 151.74 -121.81 0
vertex 171.45 -122.89 0
vertex 171.35 -122.98 0
endloop
endfacet
facet normal 0 0 -1
outer loop
vertex 151.74 -121.81 0
vertex 171.35 -122.98 0
vertex 156.91 -134.06 0
endloop
endfacet
facet normal 0 0 -1
outer loop
vertex 151.74 -121.81 0
vertex 156.91 -134.06 0
vertex 146.83 -134.06 0
endloop
endfacet
facet normal 0 0 -1
outer loop
vertex 151.74 -121.81 0
vertex 146.83 -134.06 0
vertex 132.39 -122.98 0
endloop
endfacet
facet normal 0 0 -1
outer loop
vertex 151.74 -121.81 0
vertex 132.39 -122.98 0
vertex 132.29 -122.89 0
endloop
endfacet
facet normal 0 0 -1
outer loop
vertex 151.74 -121.81 0
vertex 132.29 -122.89 0
vertex 132.21 -122.80 0
endloop
endfacet
facet normal 0 0 -1
outer loop
vertex 151.74 -121.81 0
vertex 132.21 -122.80 0
vertex 132.15 -122.68 0
endloop
endfacet
facet normal 0 0 -1
outer loop
vertex 151.74 -121.81 0
vertex 132.15 -122.68 0
vertex 132.11 -122.57 0
endloop
endfacet
facet normal 0 0 -1
outer loop
vertex 151.74 -121.81 0
vertex 132.11 -122.57 0
vertex 132.08 -122.44 0
endloop
endfacet
facet normal 0 0 -1
outer loop
vertex 151.74 -121.81 0
vertex 132.08 -122.44 0
vertex 132.08 -122.31 0
endloop
endfacet
facet normal 0 0 -1
outer loop
vertex 151.74 -121.81 0
vertex 132.08 -122.31 0
vertex 132.10 -121.81 0
endloop
endfacet
facet normal 0 0 -1
outer loop
vertex 156.91 -134.06 0
vertex 169.22 -150.09 0
vertex 169.23 -150.11 0
endloop
endfacet
facet normal 0 0 -1
outer loop
vertex 156.91 -134.06 0
vertex 169.23 -150.11 0
vertex 169.24 -150.13 0
endloop
endfacet
facet normal 0 0 -1
outer loop
vertex 156.91 -134.06 0
vertex 169.24 -150.13 0
vertex 165.27 -152.51 0
endloop
endfacet
facet normal 0 0 -1
outer loop
vertex 156.91 -134.06 0
vertex 165.27 -152.51 0
vertex 160.99 -154.25 0
endloop
endfacet
facet normal 0 0 -1
outer loop
vertex 156.91 -134.06 0
vertex 160.99 -154.25 0
vertex 156.48 -155.31 0
endloop
endfacet
facet normal 0 0 -1
outer loop
vertex 156.91 -134.06 0
vertex 156.48 -155.31 0
vertex 151.87 -155.67 0
endloop
endfacet
facet normal 0 0 -1
outer loop
vertex 156.91 -134.06 0
vertex 151.87 -155.67 0
vertex 147.26 -155.31 0
endloop
endfacet
facet normal 0 0 -1
outer loop
vertex 156.91 -134.06 0
vertex 147.26 -155.31 0
vertex 142.75 -154.25 0
endloop
endfacet
facet normal 0 0 -1
outer loop
vertex 156.91 -134.06 0
vertex 142.75 -154.25 0
vertex 138.47 -152.51 0
endloop
endfacet
facet normal 0 0 -1
outer loop
vertex 156.91 -134.06 0
vertex 138.47 -152.51 0
vertex 134.50 -150.13 0
endloop
endfacet
facet normal 0 0 -1
outer loop
vertex 156.91 -134.06 0
vertex 134.50 -150.13 0
vertex 134.51 -150.11 0
endloop
endfacet
facet normal 0 0 -1
outer loop
vertex 156.91 -134.06 0
vertex 134.51 -150.11 0
vertex 134.52 -150.09 0
endloop
endfacet
facet normal 0 0 -1
outer loop
vertex 156.91 -134.06 0
vertex 134.52 -150.09 0
vertex 146.83 -134.06 0
endloop
endfacet
facet normal 0 0 1
outer loop
vertex 145.79 -154.96 0.44
vertex 147.26 -155.31 0.44
vertex 147.28 -155.31 0.44
endloop
endfacet
facet normal 0 0 1
outer loop
vertex 156.48 -155.31 0.44
vertex 157.95 -154.96 0.44
vertex 156.46 -155.31 0.44
endloop
endfacet
facet normal 0 0 1
outer loop
vertex 141.10 -153.57 0.44
vertex 142.75 -154.25 0.44
vertex 142.80 -154.26 0.44
endloop
endfacet
facet normal 0 0 1
outer loop
vertex 160.99 -154.25 0.44
vertex 162.65 -153.57 0.44
vertex 160.94 -154.26 0.44
endloop
endfacet
facet normal 0 0 1
outer loop
vertex 136.84 -151.53 0.44
vertex 138.47 -152.51 0.44
vertex 138.54 -152.53 0.44
endloop
endfacet
facet normal 0 0 1
outer loop
vertex 165.27 -152.51 0.44
vertex 166.90 -151.53 0.44
vertex 165.20 -152.53 0.44
endloop
endfacet
facet normal 0 0 1
outer loop
vertex 134.67 -150.23 0.44
vertex 134.67 -150.23 0.44
vertex 134.67 -150.23 0.44
endloop
endfacet
facet normal 0 0 1
outer loop
vertex 169.07 -150.23 0.44
vertex 169.07 -150.23 0.44
vertex 169.07 -150.23 0.44
endloop
endfacet
facet normal 0 0 1
outer loop
vertex 169.07 -150.23 0.44
vertex 169.09 -150.21 0.44
vertex 169.06 -150.21 0.44
endloop
endfacet
facet normal 0 0 1
outer loop
vertex 169.07 -150.23 0.44
vertex 169.06 -150.21 0.44
vertex 169.07 -150.23 0.44
endloop
endfacet
facet normal 0 0 1
outer loop
vertex 134.67 -150.23 0.44
vertex 134.68 -150.21 0.44
vertex 134.65 -150.21 0.44
endloop
endfacet
facet normal 0 0 1
outer loop
vertex 134.67 -150.23 0.44
vertex 134.65 -150.21 0.44
vertex 134.67 -150.23 0.44
endloop
endfacet
facet normal 0 0 1
outer loop
vertex 134.68 -150.21 0.44
vertex 147.08 -134.06 0.44
vertex 146.83 -134.06 0.44
endloop
endfacet
facet normal 0 0 1
outer loop
vertex 134.68 -150.21 0.44
vertex 146.83 -134.06 0.44
vertex 134.52 -150.09 0.44
endloop
endfacet
facet normal 0 0 1
outer loop
vertex 134.68 -150.21 0.44
vertex 134.52 -150.09 0.44
vertex 134.51 -150.11 0.44
endloop
endfacet
facet normal 0 0 1
outer loop
vertex 134.68 -150.21 0.44
vertex 134.51 -150.11 0.44
vertex 134.50 -150.13 0.44
endloop
endfacet
facet normal 0 0 1
outer loop
vertex 134.68 -150.21 0.44
vertex 134.50 -150.13 0.44
vertex 134.65 -150.21 0.44
endloop
endfacet
facet normal 0 0 1
outer loop
vertex 169.09 -150.21 0.44
vertex 169.24 -150.13 0.44
vertex 169.23 -150.11 0.44
endloop
endfacet
facet normal 0 0 1
outer loop
vertex 169.09 -150.21 0.44
vertex 169.23 -150.11 0.44
vertex 169.22 -150.09 0.44
endloop
endfacet
facet normal 0 0 1
outer loop
vertex 169.09 -150.21 0.44
vertex 169.22 -150.09 0.44
vertex 156.91 -134.06 0.44
endloop
endfacet
facet normal 0 0 1
outer loop
vertex 169.09 -150.21 0.44
vertex 156.91 -134.06 0.44
vertex 156.66 -134.06 0.44
endloop
endfacet
facet normal 0 0 1
outer loop
vertex 169.09 -150.21 0.44
vertex 156.66 -134.06 0.44
vertex 169.06 -150.21 0.44
endloop
endfacet
facet normal 0 0 1
outer loop
vertex 147.08 -134.06 0.44
vertex 147.11 -134.02 0.44
vertex 132.51 -122.82 0.44
endloop
endfacet
facet normal 0 0 1
outer loop
vertex 147.08 -134.06 0.44
vertex 132.51 -122.82 0.44
vertex 132.23 -122.82 0.44
endloop
endfacet
facet normal 0 0 1
outer loop
vertex 147.08 -134.06 0.44
vertex 132.23 -122.82 0.44
vertex 132.29 -122.89 0.44
endloop
endfacet
facet normal 0 0 1
outer loop
vertex 147.08 -134.06 0.44
vertex 132.29 -122.89 0.44
vertex 132.39 -122.98 0.44
endloop
endfacet
facet normal 0 0 1
outer loop
vertex 147.08 -134.06 0.44
vertex 132.39 -122.98 0.44
vertex 146.83 -134.06 0.44
endloop
endfacet
facet normal 0 0 1
outer loop
vertex 156.91 -134.06 0.44
vertex 171.35 -122.98 0.44
vertex 171.45 -122.89 0.44
endloop
endfacet
facet normal 0 0 1
outer loop
vertex 156.91 -134.06 0.44
vertex 171.45 -122.89 0.44
vertex 171.51 -122.82 0.44
endloop
endfacet
facet normal 0 0 1
outer loop
vertex 156.91 -134.06 0.44
vertex 171.51 -122.82 0.44
vertex 171.23 -122.82 0.44
endloop
endfacet
facet normal 0 0 1
outer loop
vertex 156.91 -134.06 0.44
vertex 171.23 -122.82 0.44
vertex 156.63 -134.02 0.44
endloop
endfacet
facet normal 0 0 1
outer loop
vertex 156.91 -134.06 0.44
vertex 156.63 -134.02 0.44
vertex 156.66 -134.06 0.44
endloop
endfacet
facet normal 0 0 1
outer loop
vertex 132.51 -122.82 0.44
vertex 132.44 -122.76 0.44
vertex 132.19 -122.76 0.44
endloop
endfacet
facet normal 0 0 1
outer loop
vertex 132.51 -122.82 0.44
vertex 132.19 -122.76 0.44
vertex 132.21 -122.80 0.44
endloop
endfacet
facet normal 0 0 1
outer loop
vertex 132.51 -122.82 0.44
vertex 132.21 -122.80 0.44
vertex 132.23 -122.82 0.44
endloop
endfacet
facet normal 0 0 1
outer loop
vertex 171.51 -122.82 0.44
vertex 171.53 -122.80 0.44
vertex 171.55 -122.76 0.44
endloop
endfacet
facet normal 0 0 1
outer loop
vertex 171.51 -122.82 0.44
vertex 171.55 -122.76 0.44
vertex 171.30 -122.76 0.44
endloop
endfacet
facet normal 0 0 1
outer loop
vertex 171.51 -122.82 0.44
vertex 171.30 -122.76 0.44
vertex 171.23 -122.82 0.44
endloop
endfacet
facet normal 0 0 1
outer loop
vertex 132.44 -122.76 0.44
vertex 132.38 -122.68 0.44
vertex 132.15 -122.68 0.44
endloop
endfacet
facet normal 0 0 1
outer loop
vertex 132.44 -122.76 0.44
vertex 132.15 -122.68 0.44
vertex 132.15 -122.68 0.44
endloop
endfacet
facet normal 0 0 1
outer loop
vertex 132.44 -122.76 0.44
vertex 132.15 -122.68 0.44
vertex 132.19 -122.76 0.44
endloop
endfacet
facet normal 0 0 1
outer loop
vertex 171.55 -122.76 0.44
vertex 171.59 -122.68 0.44
vertex 171.59 -122.68 0.44
endloop
endfacet
facet normal 0 0 1
outer loop
vertex 171.55 -122.76 0.44
vertex 171.59 -122.68 0.44
vertex 171.36 -122.68 0.44
endloop
endfacet
facet normal 0 0 1
outer loop
vertex 171.55 -122.76 0.44
vertex 171.36 -122.68 0.44
vertex 171.30 -122.76 0.44
endloop
endfacet
facet normal 0 0 1
outer loop
vertex 132.38 -122.68 0.44
vertex 132.33 -122.60 0.44
vertex 132.12 -122.60 0.44
endloop
endfacet
facet normal 0 0 1
outer loop
vertex 132.38 -122.68 0.44
vertex 132.12 -122.60 0.44
vertex 132.15 -122.68 0.44
endloop
endfacet
facet normal 0 0 1
outer loop
vertex 171.59 -122.68 0.44
vertex 171.62 -122.60 0.44
vertex 171.41 -122.60 0.44
endloop
endfacet
facet normal 0 0 1
outer loop
vertex 171.59 -122.68 0.44
vertex 171.41 -122.60 0.44
vertex 171.36 -122.68 0.44
endloop
endfacet
facet normal 0 0 1
outer loop
vertex 132.33 -122.60 0.44
vertex 132.30 -122.51 0.44
vertex 132.10 -122.51 0.44
endloop
endfacet
facet normal 0 0 1
outer loop
vertex 132.33 -122.60 0.44
vertex 132.10 -122.51 0.44
vertex 132.11 -122.57 0.44
endloop
endfacet
facet normal 0 0 1
outer loop
vertex 132.33 -122.60 0.44
vertex 132.11 -122.57 0.44
vertex 132.12 -122.60 0.44
endloop
endfacet
facet normal 0 0 1
outer loop
vertex 171.62 -122.60 0.44
vertex 171.63 -122.57 0.44
vertex 171.65 -122.51 0.44
endloop
endfacet
facet normal 0 0 1
outer loop
vertex 171.62 -122.60 0.44
vertex 171.65 -122.51 0.44
vertex 171.44 -122.51 0.44
endloop
endfacet
facet normal 0 0 1
outer loop
vertex 171.62 -122.60 0.44
vertex 171.44 -122.51 0.44
vertex 171.41 -122.60 0.44
endloop
endfacet
facet normal 0 0 1
outer loop
vertex 132.30 -122.51 0.44
vertex 132.28 -122.42 0.44
vertex 132.08 -122.42 0.44
endloop
endfacet
facet normal 0 0 1
outer loop
vertex 132.30 -122.51 0.44
vertex 132.08 -122.42 0.44
vertex 132.08 -122.44 0.44
endloop
endfacet
facet normal 0 0 1
outer loop
vertex 132.30 -122.51 0.44
vertex 132.08 -122.44 0.44
vertex 132.10 -122.51 0.44
endloop
endfacet
facet normal 0 0 1
outer loop
vertex 171.65 -122.51 0.44
vertex 171.66 -122.44 0.44
vertex 171.66 -122.42 0.44
endloop
endfacet
facet normal 0 0 1
outer loop
vertex 171.65 -122.51 0.44
vertex 171.66 -122.42 0.44
vertex 171.46 -122.42 0.44
endloop
endfacet
facet normal 0 0 1
outer loop
vertex 171.65 -122.51 0.44
vertex 171.46 -122.42 0.44
vertex 171.44 -122.51 0.44
endloop
endfacet
facet normal 0 0 1
outer loop
vertex 132.28 -122.42 0.44
vertex 132.28 -122.32 0.44
vertex 132.08 -122.32 0.44
endloop
endfacet
facet normal 0 0 1
outer loop
vertex 132.28 -122.42 0.44
vertex 132.08 -122.32 0.44
vertex 132.08 -122.42 0.44
endloop
endfacet
facet normal 0 0 1
outer loop
vertex 171.66 -122.42 0.44
vertex 171.66 -122.32 0.44
vertex 171.46 -122.32 0.44
endloop
endfacet
facet normal 0 0 1
outer loop
vertex 171.66 -122.42 0.44
vertex 171.46 -122.32 0.44
vertex 171.46 -122.42 0.44
endloop
endfacet
facet normal 0 0 1
outer loop
vertex 132.28 -122.32 0.44
vertex 132.52 -116.16 0.44
vertex 132.32 -116.16 0.44
endloop
endfacet
facet normal 0 0 1
outer loop
vertex 132.28 -122.32 0.44
vertex 132.32 -116.16 0.44
vertex 132.08 -122.31 0.44
endloop
endfacet
facet normal 0 0 1
outer loop
vertex 132.28 -122.32 0.44
vertex 132.08 -122.31 0.44
vertex 132.08 -122.32 0.44
endloop
endfacet
facet normal 0 0 1
outer loop
vertex 171.66 -122.32 0.44
vertex 171.66 -122.31 0.44
vertex 171.42 -116.16 0.44
endloop
endfacet
facet normal 0 0 1
outer loop
vertex 171.66 -122.32 0.44
vertex 171.42 -116.16 0.44
vertex 171.22 -116.16 0.44
endloop
endfacet
facet normal 0 0 1
outer loop
vertex 171.66 -122.32 0.44
vertex 171.22 -116.16 0.44
vertex 171.46 -122.32 0.44
endloop
endfacet
facet normal 0 0 1
outer loop
vertex 132.52 -116.16 0.44
vertex 132.52 -116.09 0.44
vertex 132.32 -116.09 0.44
endloop
endfacet
facet normal 0 0 1
outer loop
vertex 132.52 -116.16 0.44
vertex 132.32 -116.09 0.44
vertex 132.32 -116.15 0.44
endloop
endfacet
facet normal 0 0 1
outer loop
vertex 132.52 -116.16 0.44
vertex 132.32 -116.15 0.44
vertex 132.32 -116.16 0.44
endloop
endfacet
facet normal 0 0 1
outer loop
vertex 171.42 -116.16 0.44
vertex 171.42 -116.15 0.44
vertex 171.42 -116.09 0.44
endloop
endfacet
facet normal 0 0 1
outer loop
vertex 171.42 -116.16 0.44
vertex 171.42 -116.09 0.44
vertex 171.22 -116.09 0.44
endloop
endfacet
facet normal 0 0 1
outer loop
vertex 171.42 -116.16 0.44
vertex 171.22 -116.09 0.44
vertex 171.22 -116.16 0.44
endloop
endfacet
facet normal 0 0 1
outer loop
vertex 132.52 -116.09 0.44
vertex 132.54 -116.02 0.44
vertex 132.33 -116.02 0.44
endloop
endfacet
facet normal 0 0 1
outer loop
vertex 132.52 -116.09 0.44
vertex 132.33 -116.02 0.44
vertex 132.33 -116.06 0.44
endloop
endfacet
facet normal 0 0 1
outer loop
vertex 132.52 -116.09 0.44
vertex 132.33 -116.06 0.44
vertex 132.32 -116.09 0.44
endloop
endfacet
facet normal 0 0 1
outer loop
vertex 171.42 -116.09 0.44
vertex 171.42 -116.06 0.44
vertex 171.41 -116.02 0.44
endloop
endfacet
facet normal 0 0 1
outer loop
vertex 171.42 -116.09 0.44
vertex 171.41 -116.02 0.44
vertex 171.20 -116.02 0.44
endloop
endfacet
facet normal 0 0 1
outer loop
vertex 171.42 -116.09 0.44
vertex 171.20 -116.02 0.44
vertex 171.22 -116.09 0.44
endloop
endfacet
facet normal 0 0 1
outer loop
vertex 132.54 -116.02 0.44
vertex 132.56 -115.96 0.44
vertex 132.35 -115.96 0.44
endloop
endfacet
facet normal 0 0 1
outer loop
vertex 132.54 -116.02 0.44
vertex 132.35 -115.96 0.44
vertex 132.35 -115.97 0.44
endloop
endfacet
facet normal 0 0 1
outer loop
vertex 132.54 -116.02 0.44
vertex 132.35 -115.97 0.44
vertex 132.33 -116.02 0.44
endloop
endfacet
facet normal 0 0 1
outer loop
vertex 171.41 -116.02 0.44
vertex 171.39 -115.97 0.44
vertex 171.39 -115.96 0.44
endloop
endfacet
facet normal 0 0 1
outer loop
vertex 171.41 -116.02 0.44
vertex 171.39 -115.96 0.44
vertex 171.18 -115.96 0.44
endloop
endfacet
facet normal 0 0 1
outer loop
vertex 171.41 -116.02 0.44
vertex 171.18 -115.96 0.44
vertex 171.20 -116.02 0.44
endloop
endfacet
facet normal 0 0 1
outer loop
vertex 132.56 -115.96 0.44
vertex 146.83 -81.51 0.44
vertex 146.61 -81.51 0.44
endloop
endfacet
facet normal 0 0 1
outer loop
vertex 132.56 -115.96 0.44
vertex 146.61 -81.51 0.44
vertex 132.38 -115.88 0.44
endloop
endfacet
facet normal 0 0 1
outer loop
vertex 132.56 -115.96 0.44
vertex 132.38 -115.88 0.44
vertex 132.35 -115.96 0.44
endloop
endfacet
facet normal 0 0 1
outer loop
vertex 171.39 -115.96 0.44
vertex 171.36 -115.88 0.44
vertex 157.13 -81.51 0.44
endloop
endfacet
facet normal 0 0 1
outer loop
vertex 171.39 -115.96 0.44
vertex 157.13 -81.51 0.44
vertex 156.91 -81.51 0.44
endloop
endfacet
facet normal 0 0 1
outer loop
vertex 171.39 -115.96 0.44
vertex 156.91 -81.51 0.44
vertex 171.18 -115.96 0.44
endloop
endfacet
facet normal 0 0 1
outer loop
vertex 146.83 -81.51 0.44
vertex 146.87 -81.40 0.44
vertex 130.31 -74.54 0.44
endloop
endfacet
facet normal 0 0 1
outer loop
vertex 146.83 -81.51 0.44
vertex 130.31 -74.54 0.44
vertex 129.79 -74.54 0.44
endloop
endfacet
facet normal 0 0 1
outer loop
vertex 146.83 -81.51 0.44
vertex 129.79 -74.54 0.44
vertex 129.80 -74.55 0.44
endloop
endfacet
facet normal 0 0 1
outer loop
vertex 146.83 -81.51 0.44
vertex 129.80 -74.55 0.44
vertex 146.61 -81.51 0.44
endloop
endfacet
facet normal 0 0 1
outer loop
vertex 130.31 -74.54 0.44
vertex 129.87 -74.36 0.44
vertex 129.53 -74.36 0.44
endloop
endfacet
facet normal 0 0 1
outer loop
vertex 130.31 -74.54 0.44
vertex 129.53 -74.36 0.44
vertex 129.56 -74.40 0.44
endloop
endfacet
facet normal 0 0 1
outer loop
vertex 130.31 -74.54 0.44
vertex 129.56 -74.40 0.44
vertex 129.67 -74.48 0.44
endloop
endfacet
facet normal 0 0 1
outer loop
vertex 130.31 -74.54 0.44
vertex 129.67 -74.48 0.44
vertex 129.79 -74.54 0.44
endloop
endfacet
facet normal 0 0 1
outer loop
vertex 157.13 -81.51 0.44
vertex 173.94 -74.55 0.44
vertex 174.05 -74.49 0.44
endloop
endfacet
facet normal 0 0 1
outer loop
vertex 157.13 -81.51 0.44
vertex 174.05 -74.49 0.44
vertex 174.16 -74.42 0.44
endloop
endfacet
facet normal 0 0 1
outer loop
vertex 157.13 -81.51 0.44
vertex 174.16 -74.42 0.44
vertex 174.21 -74.36 0.44
endloop
endfacet
facet normal 0 0 1
outer loop
vertex 157.13 -81.51 0.44
vertex 174.21 -74.36 0.44
vertex 173.87 -74.36 0.44
endloop
endfacet
facet normal 0 0 1
outer loop
vertex 157.13 -81.51 0.44
vertex 173.87 -74.36 0.44
vertex 156.87 -81.40 0.44
endloop
endfacet
facet normal 0 0 1
outer loop
vertex 157.13 -81.51 0.44
vertex 156.87 -81.40 0.44
vertex 156.91 -81.51 0.44
endloop
endfacet
facet normal 0 0 1
outer loop
vertex 129.79 -74.32 0.44
vertex 129.49 -74.32 0.44
vertex 129.53 -74.36 0.44
endloop
endfacet
facet normal 0 0 1
outer loop
vertex 129.79 -74.32 0.44
vertex 129.53 -74.36 0.44
vertex 129.87 -74.36 0.44
endloop
endfacet
facet normal 0 0 1
outer loop
vertex 174.21 -74.36 0.44
vertex 174.24 -74.33 0.44
vertex 174.25 -74.32 0.44
endloop
endfacet
facet normal 0 0 1
outer loop
vertex 174.21 -74.36 0.44
vertex 174.25 -74.32 0.44
vertex 173.95 -74.32 0.44
endloop
endfacet
facet normal 0 0 1
outer loop
vertex 174.21 -74.36 0.44
vertex 173.95 -74.32 0.44
vertex 173.87 -74.36 0.44
endloop
endfacet
facet normal 0 0 1
outer loop
vertex 129.79 -74.32 0.44
vertex 129.71 -74.26 0.44
vertex 129.45 -74.26 0.44
endloop
endfacet
facet normal 0 0 1
outer loop
vertex 129.79 -74.32 0.44
vertex 129.45 -74.26 0.44
vertex 129.47 -74.29 0.44
endloop
endfacet
facet normal 0 0 1
outer loop
vertex 129.79 -74.32 0.44
vertex 129.47 -74.29 0.44
vertex 129.49 -74.32 0.44
endloop
endfacet
facet normal 0 0 1
outer loop
vertex 174.25 -74.32 0.44
vertex 174.29 -74.26 0.44
vertex 174.03 -74.26 0.44
endloop
endfacet
facet normal 0 0 1
outer loop
vertex 174.25 -74.32 0.44
vertex 174.03 -74.26 0.44
vertex 173.95 -74.32 0.44
endloop
endfacet
facet normal 0 0 1
outer loop
vertex 129.71 -74.26 0.44
vertex 129.65 -74.20 0.44
vertex 129.41 -74.20 0.44
endloop
endfacet
facet normal 0 0 1
outer loop
vertex 129.71 -74.26 0.44
vertex 129.41 -74.20 0.44
vertex 129.45 -74.26 0.44
endloop
endfacet
facet normal 0 0 1
outer loop
vertex 174.29 -74.26 0.44
vertex 174.32 -74.23 0.44
vertex 174.33 -74.20 0.44
endloop
endfacet
facet normal 0 0 1
outer loop
vertex 174.29 -74.26 0.44
vertex 174.33 -74.20 0.44
vertex 174.09 -74.20 0.44
endloop
endfacet
facet normal 0 0 1
outer loop
vertex 174.29 -74.26 0.44
vertex 174.09 -74.20 0.44
vertex 174.03 -74.26 0.44
endloop
endfacet
facet normal 0 0 1
outer loop
vertex 129.65 -74.20 0.44
vertex 129.59 -74.12 0.44
vertex 129.37 -74.12 0.44
endloop
endfacet
facet normal 0 0 1
outer loop
vertex 129.65 -74.20 0.44
vertex 129.37 -74.12 0.44
vertex 129.39 -74.18 0.44
endloop
endfacet
facet normal 0 0 1
outer loop
vertex 129.65 -74.20 0.44
vertex 129.39 -74.18 0.44
vertex 129.41 -74.20 0.44
endloop
endfacet
facet normal 0 0 1
outer loop
vertex 174.33 -74.20 0.44
vertex 174.37 -74.12 0.44
vertex 174.15 -74.12 0.44
endloop
endfacet
facet normal 0 0 1
outer loop
vertex 174.33 -74.20 0.44
vertex 174.15 -74.12 0.44
vertex 174.09 -74.20 0.44
endloop
endfacet
facet normal 0 0 1
outer loop
vertex 129.59 -74.12 0.44
vertex 129.55 -74.04 0.44
vertex 129.34 -74.04 0.44
endloop
endfacet
facet normal 0 0 1
outer loop
vertex 129.59 -74.12 0.44
vertex 129.34 -74.04 0.44
vertex 129.34 -74.05 0.44
endloop
endfacet
facet normal 0 0 1
outer loop
vertex 129.59 -74.12 0.44
vertex 129.34 -74.05 0.44
vertex 129.37 -74.12 0.44
endloop
endfacet
facet normal 0 0 1
outer loop
vertex 174.37 -74.12 0.44
vertex 174.38 -74.11 0.44
vertex 174.40 -74.04 0.44
endloop
endfacet
facet normal 0 0 1
outer loop
vertex 174.37 -74.12 0.44
vertex 174.40 -74.04 0.44
vertex 174.19 -74.04 0.44
endloop
endfacet
facet normal 0 0 1
outer loop
vertex 174.37 -74.12 0.44
vertex 174.19 -74.04 0.44
vertex 174.15 -74.12 0.44
endloop
endfacet
facet normal 0 0 1
outer loop
vertex 129.55 -74.04 0.44
vertex 129.52 -73.95 0.44
vertex 129.32 -73.95 0.44
endloop
endfacet
facet normal 0 0 1
outer loop
vertex 129.55 -74.04 0.44
vertex 129.32 -73.95 0.44
vertex 129.34 -74.04 0.44
endloop
endfacet
facet normal 0 0 1
outer loop
vertex 174.40 -74.04 0.44
vertex 174.41 -73.99 0.44
vertex 174.42 -73.95 0.44
endloop
endfacet
facet normal 0 0 1
outer loop
vertex 174.40 -74.04 0.44
vertex 174.42 -73.95 0.44
vertex 174.22 -73.95 0.44
endloop
endfacet
facet normal 0 0 1
outer loop
vertex 174.40 -74.04 0.44
vertex 174.22 -73.95 0.44
vertex 174.20 -74.01 0.44
endloop
endfacet
facet normal 0 0 1
outer loop
vertex 174.40 -74.04 0.44
vertex 174.20 -74.01 0.44
vertex 174.19 -74.04 0.44
endloop
endfacet
facet normal 0 0 1
outer loop
vertex 129.52 -73.95 0.44
vertex 129.51 -73.85 0.44
vertex 129.31 -73.85 0.44
endloop
endfacet
facet normal 0 0 1
outer loop
vertex 129.52 -73.95 0.44
vertex 129.31 -73.85 0.44
vertex 129.31 -73.91 0.44
endloop
endfacet
facet normal 0 0 1
outer loop
vertex 129.52 -73.95 0.44
vertex 129.31 -73.91 0.44
vertex 129.32 -73.95 0.44
endloop
endfacet
facet normal 0 0 1
outer loop
vertex 174.42 -73.95 0.44
vertex 174.43 -73.87 0.44
vertex 174.43 -73.85 0.44
endloop
endfacet
facet normal 0 0 1
outer loop
vertex 174.42 -73.95 0.44
vertex 174.43 -73.85 0.44
vertex 174.23 -73.85 0.44
endloop
endfacet
facet normal 0 0 1
outer loop
vertex 174.42 -73.95 0.44
vertex 174.23 -73.85 0.44
vertex 174.22 -73.95 0.44
endloop
endfacet
facet normal 0 0 1
outer loop
vertex 129.51 -73.85 0.44
vertex 129.51 -73.76 0.44
vertex 129.31 -73.76 0.44
endloop
endfacet
facet normal 0 0 1
outer loop
vertex 129.51 -73.85 0.44
vertex 129.31 -73.76 0.44
vertex 129.30 -73.77 0.44
endloop
endfacet
facet normal 0 0 1
outer loop
vertex 129.51 -73.85 0.44
vertex 129.30 -73.77 0.44
vertex 129.31 -73.85 0.44
endloop
endfacet
facet normal 0 0 1
outer loop
vertex 174.43 -73.85 0.44
vertex 174.43 -73.76 0.44
vertex 174.23 -73.76 0.44
endloop
endfacet
facet normal 0 0 1
outer loop
vertex 174.43 -73.85 0.44
vertex 174.23 -73.76 0.44
vertex 174.23 -73.85 0.44
endloop
endfacet
facet normal 0 0 1
outer loop
vertex 129.51 -73.76 0.44
vertex 129.52 -73.67 0.44
vertex 129.32 -73.67 0.44
endloop
endfacet
facet normal 0 0 1
outer loop
vertex 129.51 -73.76 0.44
vertex 129.32 -73.67 0.44
vertex 129.31 -73.76 0.44
endloop
endfacet
facet normal 0 0 1
outer loop
vertex 174.43 -73.76 0.44
vertex 174.43 -73.74 0.44
vertex 174.42 -73.67 0.44
endloop
endfacet
facet normal 0 0 1
outer loop
vertex 174.43 -73.76 0.44
vertex 174.42 -73.67 0.44
vertex 174.22 -73.67 0.44
endloop
endfacet
facet normal 0 0 1
outer loop
vertex 174.43 -73.76 0.44
vertex 174.22 -73.67 0.44
vertex 174.23 -73.76 0.44
endloop
endfacet
facet normal 0 0 1
outer loop
vertex 174.42 -73.67 0.44
vertex 174.42 -73.64 0.44
vertex 174.21 -73.64 0.44
endloop
endfacet
facet normal 0 0 1
outer loop
vertex 174.42 -73.67 0.44
vertex 174.21 -73.64 0.44
vertex 174.22 -73.67 0.44
endloop
endfacet
facet normal 0 0 1
outer loop
vertex 129.52 -73.67 0.44
vertex 129.55 -73.58 0.44
vertex 129.34 -73.58 0.44
endloop
endfacet
facet normal 0 0 1
outer loop
vertex 129.52 -73.67 0.44
vertex 129.34 -73.58 0.44
vertex 129.32 -73.63 0.44
endloop
endfacet
facet normal 0 0 1
outer loop
vertex 129.52 -73.67 0.44
vertex 129.32 -73.63 0.44
vertex 129.32 -73.67 0.44
endloop
endfacet
facet normal 0 0 1
outer loop
vertex 174.42 -73.64 0.44
vertex 174.41 -73.62 0.44
vertex 174.40 -73.58 0.44
endloop
endfacet
facet normal 0 0 1
outer loop
vertex 174.42 -73.64 0.44
vertex 174.40 -73.58 0.44
vertex 174.19 -73.58 0.44
endloop
endfacet
facet normal 0 0 1
outer loop
vertex 174.42 -73.64 0.44
vertex 174.19 -73.58 0.44
vertex 174.21 -73.64 0.44
endloop
endfacet
facet normal 0 0 1
outer loop
vertex 129.55 -73.58 0.44
vertex 134.12 -62.55 0.44
vertex 133.90 -62.55 0.44
endloop
endfacet
facet normal 0 0 1
outer loop
vertex 129.55 -73.58 0.44
vertex 133.90 -62.55 0.44
vertex 129.36 -73.50 0.44
endloop
endfacet
facet normal 0 0 1
outer loop
vertex 129.55 -73.58 0.44
vertex 129.36 -73.50 0.44
vertex 129.34 -73.58 0.44
endloop
endfacet
facet normal 0 0 1
outer loop
vertex 174.40 -73.58 0.44
vertex 174.38 -73.50 0.44
vertex 169.84 -62.55 0.44
endloop
endfacet
facet normal 0 0 1
outer loop
vertex 174.40 -73.58 0.44
vertex 169.84 -62.55 0.44
vertex 169.62 -62.55 0.44
endloop
endfacet
facet normal 0 0 1
outer loop
vertex 174.40 -73.58 0.44
vertex 169.62 -62.55 0.44
vertex 174.19 -73.58 0.44
endloop
endfacet
facet normal 0 0 1
outer loop
vertex 134.12 -62.55 0.44
vertex 134.16 -62.44 0.44
vertex 115.10 -55.03 0.44
endloop
endfacet
facet normal 0 0 1
outer loop
vertex 134.12 -62.55 0.44
vertex 115.10 -55.03 0.44
vertex 114.75 -55.03 0.44
endloop
endfacet
facet normal 0 0 1
outer loop
vertex 134.12 -62.55 0.44
vertex 114.75 -55.03 0.44
vertex 114.79 -55.07 0.44
endloop
endfacet
facet normal 0 0 1
outer loop
vertex 134.12 -62.55 0.44
vertex 114.79 -55.07 0.44
vertex 114.90 -55.15 0.44
endloop
endfacet
facet normal 0 0 1
outer loop
vertex 134.12 -62.55 0.44
vertex 114.90 -55.15 0.44
vertex 115.03 -55.21 0.44
endloop
endfacet
facet normal 0 0 1
outer loop
vertex 134.12 -62.55 0.44
vertex 115.03 -55.21 0.44
vertex 133.90 -62.55 0.44
endloop
endfacet
facet normal 0 0 1
outer loop
vertex 169.84 -62.55 0.44
vertex 188.71 -55.21 0.44
vertex 188.84 -55.15 0.44
endloop
endfacet
facet normal 0 0 1
outer loop
vertex 169.84 -62.55 0.44
vertex 188.84 -55.15 0.44
vertex 188.95 -55.07 0.44
endloop
endfacet
facet normal 0 0 1
outer loop
vertex 169.84 -62.55 0.44
vertex 188.95 -55.07 0.44
vertex 188.99 -55.03 0.44
endloop
endfacet
facet normal 0 0 1
outer loop
vertex 169.84 -62.55 0.44
vertex 188.99 -55.03 0.44
vertex 188.64 -55.03 0.44
endloop
endfacet
facet normal 0 0 1
outer loop
vertex 169.84 -62.55 0.44
vertex 188.64 -55.03 0.44
vertex 169.58 -62.44 0.44
endloop
endfacet
facet normal 0 0 1
outer loop
vertex 169.84 -62.55 0.44
vertex 169.58 -62.44 0.44
vertex 169.62 -62.55 0.44
endloop
endfacet
facet normal 0 0 1
outer loop
vertex 188.99 -55.03 0.44
vertex 189.04 -54.98 0.44
vertex 188.73 -54.98 0.44
endloop
endfacet
facet normal 0 0 1
outer loop
vertex 188.99 -55.03 0.44
vertex 188.73 -54.98 0.44
vertex 188.64 -55.03 0.44
endloop
endfacet
facet normal 0 0 1
outer loop
vertex 115.10 -55.03 0.44
vertex 115.01 -54.98 0.44
vertex 114.70 -54.98 0.44
endloop
endfacet
facet normal 0 0 1
outer loop
vertex 115.10 -55.03 0.44
vertex 114.70 -54.98 0.44
vertex 114.75 -55.03 0.44
endloop
endfacet
facet normal 0 0 1
outer loop
vertex 189.04 -54.98 0.44
vertex 189.04 -54.97 0.44
vertex 189.08 -54.92 0.44
endloop
endfacet
facet normal 0 0 1
outer loop
vertex 189.04 -54.98 0.44
vertex 189.08 -54.92 0.44
vertex 188.82 -54.92 0.44
endloop
endfacet
facet normal 0 0 1
outer loop
vertex 189.04 -54.98 0.44
vertex 188.82 -54.92 0.44
vertex 188.73 -54.98 0.44
endloop
endfacet
facet normal 0 0 1
outer loop
vertex 115.01 -54.98 0.44
vertex 114.92 -54.92 0.44
vertex 114.66 -54.92 0.44
endloop
endfacet
facet normal 0 0 1
outer loop
vertex 115.01 -54.98 0.44
vertex 114.66 -54.92 0.44
vertex 114.70 -54.97 0.44
endloop
endfacet
facet normal 0 0 1
outer loop
vertex 115.01 -54.98 0.44
vertex 114.70 -54.97 0.44
vertex 114.70 -54.98 0.44
endloop
endfacet
facet normal 0 0 1
outer loop
vertex 189.08 -54.92 0.44
vertex 189.12 -54.86 0.44
vertex 189.13 -54.85 0.44
endloop
endfacet
facet normal 0 0 1
outer loop
vertex 189.08 -54.92 0.44
vertex 189.13 -54.85 0.44
vertex 188.89 -54.85 0.44
endloop
endfacet
facet normal 0 0 1
outer loop
vertex 189.08 -54.92 0.44
vertex 188.89 -54.85 0.44
vertex 188.82 -54.92 0.44
endloop
endfacet
facet normal 0 0 1
outer loop
vertex 114.92 -54.92 0.44
vertex 114.85 -54.85 0.44
vertex 114.61 -54.85 0.44
endloop
endfacet
facet normal 0 0 1
outer loop
vertex 114.92 -54.92 0.44
vertex 114.61 -54.85 0.44
vertex 114.62 -54.86 0.44
endloop
endfacet
facet normal 0 0 1
outer loop
vertex 114.92 -54.92 0.44
vertex 114.62 -54.86 0.44
vertex 114.66 -54.92 0.44
endloop
endfacet
facet normal 0 0 1
outer loop
vertex 189.13 -54.85 0.44
vertex 189.17 -54.76 0.44
vertex 188.95 -54.76 0.44
endloop
endfacet
facet normal 0 0 1
outer loop
vertex 189.13 -54.85 0.44
vertex 188.95 -54.76 0.44
vertex 188.89 -54.85 0.44
endloop
endfacet
facet normal 0 0 1
outer loop
vertex 114.85 -54.85 0.44
vertex 114.79 -54.76 0.44
vertex 114.57 -54.76 0.44
endloop
endfacet
facet normal 0 0 1
outer loop
vertex 114.85 -54.85 0.44
vertex 114.57 -54.76 0.44
vertex 114.61 -54.85 0.44
endloop
endfacet
facet normal 0 0 1
outer loop
vertex 189.17 -54.76 0.44
vertex 189.18 -54.74 0.44
vertex 189.20 -54.67 0.44
endloop
endfacet
facet normal 0 0 1
outer loop
vertex 189.17 -54.76 0.44
vertex 189.20 -54.67 0.44
vertex 188.99 -54.67 0.44
endloop
endfacet
facet normal 0 0 1
outer loop
vertex 189.17 -54.76 0.44
vertex 188.99 -54.67 0.44
vertex 188.95 -54.76 0.44
endloop
endfacet
facet normal 0 0 1
outer loop
vertex 114.79 -54.76 0.44
vertex 114.75 -54.67 0.44
vertex 114.54 -54.67 0.44
endloop
endfacet
facet normal 0 0 1
outer loop
vertex 114.79 -54.76 0.44
vertex 114.54 -54.67 0.44
vertex 114.56 -54.74 0.44
endloop
endfacet
facet normal 0 0 1
outer loop
vertex 114.79 -54.76 0.44
vertex 114.56 -54.74 0.44
vertex 114.57 -54.76 0.44
endloop
endfacet
facet normal 0 0 1
outer loop
vertex 189.20 -54.67 0.44
vertex 189.21 -54.60 0.44
vertex 189.22 -54.57 0.44
endloop
endfacet
facet normal 0 0 1
outer loop
vertex 189.20 -54.67 0.44
vertex 189.22 -54.57 0.44
vertex 189.02 -54.57 0.44
endloop
endfacet
facet normal 0 0 1
outer loop
vertex 189.20 -54.67 0.44
vertex 189.02 -54.57 0.44
vertex 188.99 -54.67 0.44
endloop
endfacet
facet normal 0 0 1
outer loop
vertex 114.75 -54.67 0.44
vertex 114.72 -54.57 0.44
vertex 114.52 -54.57 0.44
endloop
endfacet
facet normal 0 0 1
outer loop
vertex 114.75 -54.67 0.44
vertex 114.52 -54.57 0.44
vertex 114.53 -54.60 0.44
endloop
endfacet
facet normal 0 0 1
outer loop
vertex 114.75 -54.67 0.44
vertex 114.53 -54.60 0.44
vertex 114.54 -54.67 0.44
endloop
endfacet
facet normal 0 0 1
outer loop
vertex 189.22 -54.57 0.44
vertex 189.22 -54.47 0.44
vertex 189.02 -54.47 0.44
endloop
endfacet
facet normal 0 0 1
outer loop
vertex 189.22 -54.57 0.44
vertex 189.02 -54.47 0.44
vertex 189.02 -54.57 0.44
endloop
endfacet
facet normal 0 0 1
outer loop
vertex 114.72 -54.57 0.44
vertex 114.72 -54.47 0.44
vertex 114.52 -54.47 0.44
endloop
endfacet
facet normal 0 0 1
outer loop
vertex 114.72 -54.57 0.44
vertex 114.52 -54.47 0.44
vertex 114.52 -54.57 0.44
endloop
endfacet
facet normal 0 0 1
outer loop
vertex 189.22 -54.47 0.44
vertex 189.22 -54.47 0.44
vertex 189.22 -54.36 0.44
endloop
endfacet
facet normal 0 0 1
outer loop
vertex 189.22 -54.47 0.44
vertex 189.22 -54.36 0.44
vertex 189.02 -54.36 0.44
endloop
endfacet
facet normal 0 0 1
outer loop
vertex 189.22 -54.47 0.44
vertex 189.02 -54.36 0.44
vertex 189.02 -54.47 0.44
endloop
endfacet
facet normal 0 0 1
outer loop
vertex 114.72 -54.47 0.44
vertex 114.73 -54.36 0.44
vertex 114.53 -54.36 0.44
endloop
endfacet
facet normal 0 0 1
outer loop
vertex 114.72 -54.47 0.44
vertex 114.53 -54.36 0.44
vertex 114.52 -54.47 0.44
endloop
endfacet
facet normal 0 0 1
outer loop
vertex 114.72 -54.47 0.44
vertex 114.52 -54.47 0.44
vertex 114.52 -54.47 0.44
endloop
endfacet
facet normal 0 0 1
outer loop
vertex 114.73 -54.36 0.44
vertex 114.75 -54.26 0.44
vertex 114.55 -54.26 0.44
endloop
endfacet
facet normal 0 0 1
outer loop
vertex 114.73 -54.36 0.44
vertex 114.55 -54.26 0.44
vertex 114.53 -54.33 0.44
endloop
endfacet
facet normal 0 0 1
outer loop
vertex 114.73 -54.36 0.44
vertex 114.53 -54.33 0.44
vertex 114.53 -54.36 0.44
endloop
endfacet
facet normal 0 0 1
outer loop
vertex 189.22 -54.36 0.44
vertex 189.21 -54.33 0.44
vertex 189.19 -54.26 0.44
endloop
endfacet
facet normal 0 0 1
outer loop
vertex 189.22 -54.36 0.44
vertex 189.19 -54.26 0.44
vertex 188.99 -54.26 0.44
endloop
endfacet
facet normal 0 0 1
outer loop
vertex 189.22 -54.36 0.44
vertex 188.99 -54.26 0.44
vertex 189.02 -54.36 0.44
endloop
endfacet
facet normal 0 0 1
outer loop
vertex 189.19 -54.26 0.44
vertex 189.19 -54.25 0.44
vertex 188.98 -54.25 0.44
endloop
endfacet
facet normal 0 0 1
outer loop
vertex 189.19 -54.26 0.44
vertex 188.98 -54.25 0.44
vertex 188.99 -54.26 0.44
endloop
endfacet
facet normal 0 0 1
outer loop
vertex 114.75 -54.26 0.44
vertex 120.72 -37.87 0.44
vertex 120.50 -37.87 0.44
endloop
endfacet
facet normal 0 0 1
outer loop
vertex 114.75 -54.26 0.44
vertex 120.50 -37.87 0.44
vertex 114.56 -54.20 0.44
endloop
endfacet
facet normal 0 0 1
outer loop
vertex 114.75 -54.26 0.44
vertex 114.56 -54.20 0.44
vertex 114.55 -54.26 0.44
endloop
endfacet
facet normal 0 0 1
outer loop
vertex 189.19 -54.25 0.44
vertex 189.18 -54.20 0.44
vertex 189.17 -54.18 0.44
endloop
endfacet
facet normal 0 0 1
outer loop
vertex 189.19 -54.25 0.44
vertex 189.17 -54.18 0.44
vertex 183.24 -37.87 0.44
endloop
endfacet
facet normal 0 0 1
outer loop
vertex 189.19 -54.25 0.44
vertex 183.24 -37.87 0.44
vertex 183.02 -37.87 0.44
endloop
endfacet
facet normal 0 0 1
outer loop
vertex 189.19 -54.25 0.44
vertex 183.02 -37.87 0.44
vertex 188.98 -54.25 0.44
endloop
endfacet
facet normal -0.94 0.34 0
outer loop
vertex 114.56 -54.20 0.44
vertex 120.50 -37.87 0.44
vertex 120.50 -37.87 0
endloop
endfacet
facet normal -0.94 0.34 0
outer loop
vertex 114.56 -54.20 0.44
vertex 120.50 -37.87 0
vertex 118.07 -44.57 0
endloop
endfacet
facet normal -0.94 0.34 0
outer loop
vertex 114.56 -54.20 0.44
vertex 118.07 -44.57 0
vertex 114.56 -54.20 0
endloop
endfacet
facet normal 0 0 -1
outer loop
vertex 114.53 -54.33 0.44
vertex 114.55 -54.26 0.44
vertex 114.56 -54.20 0.44
endloop
endfacet
facet normal 0 0 -1
outer loop
vertex 114.53 -54.33 0.44
vertex 114.56 -54.20 0.44
vertex 114.56 -54.20 0
endloop
endfacet
facet normal 0 0 -1
outer loop
vertex 114.53 -54.33 0.44
vertex 114.56 -54.20 0
vertex 114.53 -54.33 0
endloop
endfacet
facet normal 0 0 1
outer loop
vertex 114.52 -54.47 0.44
vertex 114.53 -54.36 0.44
vertex 114.53 -54.33 0.44
endloop
endfacet
facet normal 0 0 1
outer loop
vertex 114.52 -54.47 0.44
vertex 114.53 -54.33 0.44
vertex 114.53 -54.33 0
endloop
endfacet
facet normal 0 0 1
outer loop
vertex 114.52 -54.47 0.44
vertex 114.53 -54.33 0
vertex 114.52 -54.47 0
endloop
endfacet
facet normal 0 0 1
outer loop
vertex 114.53 -54.60 0.44
vertex 114.52 -54.57 0.44
vertex 114.52 -54.47 0.44
endloop
endfacet
facet normal 0 0 1
outer loop
vertex 114.53 -54.60 0.44
vertex 114.52 -54.47 0.44
vertex 114.52 -54.47 0.44
endloop
endfacet
facet normal 0 0 1
outer loop
vertex 114.53 -54.60 0.44
vertex 114.52 -54.47 0.44
vertex 114.52 -54.47 0
endloop
endfacet
facet normal 0 0 1
outer loop
vertex 114.53 -54.60 0.44
vertex 114.52 -54.47 0
vertex 114.53 -54.60 0
endloop
endfacet
facet normal 0 0 1
outer loop
vertex 114.56 -54.74 0.44
vertex 114.54 -54.67 0.44
vertex 114.53 -54.60 0.44
endloop
endfacet
facet normal 0 0 1
outer loop
vertex 114.56 -54.74 0.44
vertex 114.53 -54.60 0.44
vertex 114.53 -54.60 0
endloop
endfacet
facet normal 0 0 1
outer loop
vertex 114.56 -54.74 0.44
vertex 114.53 -54.60 0
vertex 114.56 -54.74 0
endloop
endfacet
facet normal 0 0 -1
outer loop
vertex 114.62 -54.86 0.44
vertex 114.61 -54.85 0.44
vertex 114.57 -54.76 0.44
endloop
endfacet
facet normal 0 0 -1
outer loop
vertex 114.62 -54.86 0.44
vertex 114.57 -54.76 0.44
vertex 114.56 -54.74 0.44
endloop
endfacet
facet normal 0 0 -1
outer loop
vertex 114.62 -54.86 0.44
vertex 114.56 -54.74 0.44
vertex 114.56 -54.74 0
endloop
endfacet
facet normal 0 0 -1
outer loop
vertex 114.62 -54.86 0.44
vertex 114.56 -54.74 0
vertex 114.62 -54.86 0
endloop
endfacet
facet normal 0 0 -1
outer loop
vertex 114.70 -54.97 0.44
vertex 114.66 -54.92 0.44
vertex 114.62 -54.86 0.44
endloop
endfacet
facet normal 0 0 -1
outer loop
vertex 114.70 -54.97 0.44
vertex 114.62 -54.86 0.44
vertex 114.62 -54.86 0
endloop
endfacet
facet normal 0 0 -1
outer loop
vertex 114.70 -54.97 0.44
vertex 114.62 -54.86 0
vertex 114.70 -54.97 0
endloop
endfacet
facet normal 0 0 1
outer loop
vertex 114.79 -55.07 0.44
vertex 114.75 -55.03 0.44
vertex 114.70 -54.98 0.44
endloop
endfacet
facet normal 0 0 1
outer loop
vertex 114.79 -55.07 0.44
vertex 114.70 -54.98 0.44
vertex 114.70 -54.97 0.44
endloop
endfacet
facet normal 0 0 1
outer loop
vertex 114.79 -55.07 0.44
vertex 114.70 -54.97 0.44
vertex 114.70 -54.97 0
endloop
endfacet
facet normal 0 0 1
outer loop
vertex 114.79 -55.07 0.44
vertex 114.70 -54.97 0
vertex 114.79 -55.07 0
endloop
endfacet
facet normal -0.59 -0.81 0
outer loop
vertex 114.90 -55.15 0.44
vertex 114.79 -55.07 0.44
vertex 114.79 -55.07 0
endloop
endfacet
facet normal -0.59 -0.81 0
outer loop
vertex 114.90 -55.15 0.44
vertex 114.79 -55.07 0
vertex 114.90 -55.15 0
endloop
endfacet
facet normal -0.44 -0.90 0
outer loop
vertex 115.03 -55.21 0.44
vertex 114.90 -55.15 0.44
vertex 114.90 -55.15 0
endloop
endfacet
facet normal -0.44 -0.90 0
outer loop
vertex 115.03 -55.21 0.44
vertex 114.90 -55.15 0
vertex 115.03 -55.21 0
endloop
endfacet
facet normal -0.36 -0.93 0.00
outer loop
vertex 133.90 -62.55 0.44
vertex 115.03 -55.21 0.44
vertex 115.03 -55.21 0
endloop
endfacet
facet normal -0.36 -0.93 0.00
outer loop
vertex 133.90 -62.55 0.44
vertex 115.03 -55.21 0
vertex 118.51 -56.57 0
endloop
endfacet
facet normal -0.36 -0.93 0.00
outer loop
vertex 133.90 -62.55 0.44
vertex 118.51 -56.57 0
vertex 133.90 -62.55 0
endloop
endfacet
facet normal -0.92 0.38 0
outer loop
vertex 129.36 -73.50 0.44
vertex 133.90 -62.55 0.44
vertex 133.90 -62.55 0
endloop
endfacet
facet normal -0.92 0.38 0
outer loop
vertex 129.36 -73.50 0.44
vertex 133.90 -62.55 0
vertex 133.27 -64.07 0
endloop
endfacet
facet normal -0.92 0.38 0
outer loop
vertex 129.36 -73.50 0.44
vertex 133.27 -64.07 0
vertex 133.26 -64.10 0
endloop
endfacet
facet normal -0.92 0.38 0
outer loop
vertex 129.36 -73.50 0.44
vertex 133.26 -64.10 0
vertex 133.22 -64.18 0
endloop
endfacet
facet normal -0.92 0.38 0
outer loop
vertex 129.36 -73.50 0.44
vertex 133.22 -64.18 0
vertex 133.17 -64.32 0
endloop
endfacet
facet normal -0.92 0.38 0
outer loop
vertex 129.36 -73.50 0.44
vertex 133.17 -64.32 0
vertex 133.09 -64.51 0
endloop
endfacet
facet normal -0.92 0.38 0
outer loop
vertex 129.36 -73.50 0.44
vertex 133.09 -64.51 0
vertex 133.00 -64.74 0
endloop
endfacet
facet normal -0.92 0.38 0
outer loop
vertex 129.36 -73.50 0.44
vertex 133.00 -64.74 0
vertex 132.89 -65.00 0
endloop
endfacet
facet normal -0.92 0.38 0
outer loop
vertex 129.36 -73.50 0.44
vertex 132.89 -65.00 0
vertex 132.77 -65.28 0
endloop
endfacet
facet normal -0.92 0.38 0
outer loop
vertex 129.36 -73.50 0.44
vertex 132.77 -65.28 0
vertex 132.65 -65.57 0
endloop
endfacet
facet normal -0.92 0.38 0
outer loop
vertex 129.36 -73.50 0.44
vertex 132.65 -65.57 0
vertex 132.53 -65.86 0
endloop
endfacet
facet normal -0.92 0.38 0
outer loop
vertex 129.36 -73.50 0.44
vertex 132.53 -65.86 0
vertex 132.41 -66.14 0
endloop
endfacet
facet normal -0.92 0.38 0
outer loop
vertex 129.36 -73.50 0.44
vertex 132.41 -66.14 0
vertex 132.30 -66.40 0
endloop
endfacet
facet normal -0.92 0.38 0
outer loop
vertex 129.36 -73.50 0.44
vertex 132.30 -66.40 0
vertex 132.21 -66.63 0
endloop
endfacet
facet normal -0.92 0.38 0
outer loop
vertex 129.36 -73.50 0.44
vertex 132.21 -66.63 0
vertex 132.13 -66.82 0
endloop
endfacet
facet normal -0.92 0.38 0
outer loop
vertex 129.36 -73.50 0.44
vertex 132.13 -66.82 0
vertex 132.08 -66.96 0
endloop
endfacet
facet normal -0.92 0.38 0
outer loop
vertex 129.36 -73.50 0.44
vertex 132.08 -66.96 0
vertex 132.04 -67.04 0
endloop
endfacet
facet normal -0.92 0.38 0
outer loop
vertex 129.36 -73.50 0.44
vertex 132.04 -67.04 0
vertex 132.03 -67.07 0
endloop
endfacet
facet normal -0.92 0.38 0
outer loop
vertex 129.36 -73.50 0.44
vertex 132.03 -67.07 0
vertex 129.36 -73.50 0
endloop
endfacet
facet normal 0 0 -1
outer loop
vertex 129.32 -73.63 0.44
vertex 129.34 -73.58 0.44
vertex 129.36 -73.50 0.44
endloop
endfacet
facet normal 0 0 -1
outer loop
vertex 129.32 -73.63 0.44
vertex 129.36 -73.50 0.44
vertex 129.36 -73.50 0
endloop
endfacet
facet normal 0 0 -1
outer loop
vertex 129.32 -73.63 0.44
vertex 129.36 -73.50 0
vertex 129.32 -73.63 0
endloop
endfacet
facet normal 0 0 -1
outer loop
vertex 129.30 -73.77 0.44
vertex 129.31 -73.76 0.44
vertex 129.32 -73.67 0.44
endloop
endfacet
facet normal 0 0 -1
outer loop
vertex 129.30 -73.77 0.44
vertex 129.32 -73.67 0.44
vertex 129.32 -73.63 0.44
endloop
endfacet
facet normal 0 0 -1
outer loop
vertex 129.30 -73.77 0.44
vertex 129.32 -73.63 0.44
vertex 129.32 -73.63 0
endloop
endfacet
facet normal 0 0 -1
outer loop
vertex 129.30 -73.77 0.44
vertex 129.32 -73.63 0
vertex 129.30 -73.77 0
endloop
endfacet
facet normal 0 0 -1
outer loop
vertex 129.31 -73.91 0.44
vertex 129.31 -73.85 0.44
vertex 129.30 -73.77 0.44
endloop
endfacet
facet normal 0 0 -1
outer loop
vertex 129.31 -73.91 0.44
vertex 129.30 -73.77 0.44
vertex 129.30 -73.77 0
endloop
endfacet
facet normal 0 0 -1
outer loop
vertex 129.31 -73.91 0.44
vertex 129.30 -73.77 0
vertex 129.31 -73.91 0
endloop
endfacet
facet normal 0 0 1
outer loop
vertex 129.34 -74.05 0.44
vertex 129.34 -74.04 0.44
vertex 129.32 -73.95 0.44
endloop
endfacet
facet normal 0 0 1
outer loop
vertex 129.34 -74.05 0.44
vertex 129.32 -73.95 0.44
vertex 129.31 -73.91 0.44
endloop
endfacet
facet normal 0 0 1
outer loop
vertex 129.34 -74.05 0.44
vertex 129.31 -73.91 0.44
vertex 129.31 -73.91 0
endloop
endfacet
facet normal 0 0 1
outer loop
vertex 129.34 -74.05 0.44
vertex 129.31 -73.91 0
vertex 129.34 -74.05 0
endloop
endfacet
facet normal 0 0 -1
outer loop
vertex 129.39 -74.18 0.44
vertex 129.37 -74.12 0.44
vertex 129.34 -74.05 0.44
endloop
endfacet
facet normal 0 0 -1
outer loop
vertex 129.39 -74.18 0.44
vertex 129.34 -74.05 0.44
vertex 129.34 -74.05 0
endloop
endfacet
facet normal 0 0 -1
outer loop
vertex 129.39 -74.18 0.44
vertex 129.34 -74.05 0
vertex 129.39 -74.18 0
endloop
endfacet
facet normal 0 0 1
outer loop
vertex 129.47 -74.29 0.44
vertex 129.45 -74.26 0.44
vertex 129.41 -74.20 0.44
endloop
endfacet
facet normal 0 0 1
outer loop
vertex 129.47 -74.29 0.44
vertex 129.41 -74.20 0.44
vertex 129.39 -74.18 0.44
endloop
endfacet
facet normal 0 0 1
outer loop
vertex 129.47 -74.29 0.44
vertex 129.39 -74.18 0.44
vertex 129.39 -74.18 0
endloop
endfacet
facet normal 0 0 1
outer loop
vertex 129.47 -74.29 0.44
vertex 129.39 -74.18 0
vertex 129.47 -74.29 0
endloop
endfacet
facet normal 0 0 -1
outer loop
vertex 129.56 -74.40 0.44
vertex 129.53 -74.36 0.44
vertex 129.49 -74.32 0.44
endloop
endfacet
facet normal 0 0 -1
outer loop
vertex 129.56 -74.40 0.44
vertex 129.49 -74.32 0.44
vertex 129.47 -74.29 0.44
endloop
endfacet
facet normal 0 0 -1
outer loop
vertex 129.56 -74.40 0.44
vertex 129.47 -74.29 0.44
vertex 129.47 -74.29 0
endloop
endfacet
facet normal 0 0 -1
outer loop
vertex 129.56 -74.40 0.44
vertex 129.47 -74.29 0
vertex 129.56 -74.40 0
endloop
endfacet
facet normal -0.61 -0.79 0
outer loop
vertex 129.67 -74.48 0.44
vertex 129.56 -74.40 0.44
vertex 129.56 -74.40 0
endloop
endfacet
facet normal -0.61 -0.79 0
outer loop
vertex 129.67 -74.48 0.44
vertex 129.56 -74.40 0
vertex 129.67 -74.48 0
endloop
endfacet
facet normal 0 0 1
outer loop
vertex 129.80 -74.55 0.44
vertex 129.79 -74.54 0.44
vertex 129.67 -74.48 0.44
endloop
endfacet
facet normal 0 0 1
outer loop
vertex 129.80 -74.55 0.44
vertex 129.67 -74.48 0.44
vertex 129.67 -74.48 0
endloop
endfacet
facet normal 0 0 1
outer loop
vertex 129.80 -74.55 0.44
vertex 129.67 -74.48 0
vertex 129.80 -74.55 0
endloop
endfacet
facet normal -0.38 -0.92 -0.00
outer loop
vertex 146.61 -81.51 0.44
vertex 129.80 -74.55 0.44
vertex 129.80 -74.55 0
endloop
endfacet
facet normal -0.38 -0.92 -0.00
outer loop
vertex 146.61 -81.51 0.44
vertex 129.80 -74.55 0
vertex 134.55 -76.52 0
endloop
endfacet
facet normal -0.38 -0.92 -0.00
outer loop
vertex 146.61 -81.51 0.44
vertex 134.55 -76.52 0
vertex 134.61 -76.54 0
endloop
endfacet
facet normal -0.38 -0.92 -0.00
outer loop
vertex 146.61 -81.51 0.44
vertex 134.61 -76.54 0
vertex 134.77 -76.61 0
endloop
endfacet
facet normal -0.38 -0.92 -0.00
outer loop
vertex 146.61 -81.51 0.44
vertex 134.77 -76.61 0
vertex 135.04 -76.72 0
endloop
endfacet
facet normal -0.38 -0.92 -0.00
outer loop
vertex 146.61 -81.51 0.44
vertex 135.04 -76.72 0
vertex 135.40 -76.87 0
endloop
endfacet
facet normal -0.38 -0.92 -0.00
outer loop
vertex 146.61 -81.51 0.44
vertex 135.40 -76.87 0
vertex 135.84 -77.05 0
endloop
endfacet
facet normal -0.38 -0.92 -0.00
outer loop
vertex 146.61 -81.51 0.44
vertex 135.84 -77.05 0
vertex 136.34 -77.26 0
endloop
endfacet
facet normal -0.38 -0.92 -0.00
outer loop
vertex 146.61 -81.51 0.44
vertex 136.34 -77.26 0
vertex 136.88 -77.48 0
endloop
endfacet
facet normal -0.38 -0.92 -0.00
outer loop
vertex 146.61 -81.51 0.44
vertex 136.88 -77.48 0
vertex 137.45 -77.72 0
endloop
endfacet
facet normal -0.38 -0.92 -0.00
outer loop
vertex 146.61 -81.51 0.44
vertex 137.45 -77.72 0
vertex 138.01 -77.95 0
endloop
endfacet
facet normal -0.38 -0.92 -0.00
outer loop
vertex 146.61 -81.51 0.44
vertex 138.01 -77.95 0
vertex 138.56 -78.17 0
endloop
endfacet
facet normal -0.38 -0.92 -0.00
outer loop
vertex 146.61 -81.51 0.44
vertex 138.56 -78.17 0
vertex 139.06 -78.38 0
endloop
endfacet
facet normal -0.38 -0.92 -0.00
outer loop
vertex 146.61 -81.51 0.44
vertex 139.06 -78.38 0
vertex 139.50 -78.56 0
endloop
endfacet
facet normal -0.38 -0.92 -0.00
outer loop
vertex 146.61 -81.51 0.44
vertex 139.50 -78.56 0
vertex 139.86 -78.71 0
endloop
endfacet
facet normal -0.38 -0.92 -0.00
outer loop
vertex 146.61 -81.51 0.44
vertex 139.86 -78.71 0
vertex 140.12 -78.82 0
endloop
endfacet
facet normal -0.38 -0.92 -0.00
outer loop
vertex 146.61 -81.51 0.44
vertex 140.12 -78.82 0
vertex 140.29 -78.89 0
endloop
endfacet
facet normal -0.38 -0.92 -0.00
outer loop
vertex 146.61 -81.51 0.44
vertex 140.29 -78.89 0
vertex 140.34 -78.92 0
endloop
endfacet
facet normal -0.38 -0.92 -0.00
outer loop
vertex 146.61 -81.51 0.44
vertex 140.34 -78.92 0
vertex 146.61 -81.51 0
endloop
endfacet
facet normal -0.92 0.38 2.4309868711202754e-14
outer loop
vertex 132.38 -115.88 0.44
vertex 146.61 -81.51 0.44
vertex 146.61 -81.51 0
endloop
endfacet
facet normal -0.92 0.38 2.4309868711202754e-14
outer loop
vertex 132.38 -115.88 0.44
vertex 146.61 -81.51 0
vertex 134.97 -109.62 0
endloop
endfacet
facet normal -0.92 0.38 2.4309868711202754e-14
outer loop
vertex 132.38 -115.88 0.44
vertex 134.97 -109.62 0
vertex 134.95 -109.67 0
endloop
endfacet
facet normal -0.92 0.38 2.4309868711202754e-14
outer loop
vertex 132.38 -115.88 0.44
vertex 134.95 -109.67 0
vertex 134.91 -109.76 0
endloop
endfacet
facet normal -0.92 0.38 2.4309868711202754e-14
outer loop
vertex 132.38 -115.88 0.44
vertex 134.91 -109.76 0
vertex 134.86 -109.89 0
endloop
endfacet
facet normal -0.92 0.38 2.4309868711202754e-14
outer loop
vertex 132.38 -115.88 0.44
vertex 134.86 -109.89 0
vertex 134.79 -110.06 0
endloop
endfacet
facet normal -0.92 0.38 2.4309868711202754e-14
outer loop
vertex 132.38 -115.88 0.44
vertex 134.79 -110.06 0
vertex 132.88 -114.65 0
endloop
endfacet
facet normal -0.92 0.38 2.4309868711202754e-14
outer loop
vertex 132.38 -115.88 0.44
vertex 132.88 -114.65 0
vertex 132.80 -114.85 0
endloop
endfacet
facet normal -0.92 0.38 2.4309868711202754e-14
outer loop
vertex 132.38 -115.88 0.44
vertex 132.80 -114.85 0
vertex 132.71 -115.08 0
endloop
endfacet
facet normal -0.92 0.38 2.4309868711202754e-14
outer loop
vertex 132.38 -115.88 0.44
vertex 132.71 -115.08 0
vertex 132.61 -115.33 0
endloop
endfacet
facet normal -0.92 0.38 2.4309868711202754e-14
outer loop
vertex 132.38 -115.88 0.44
vertex 132.61 -115.33 0
vertex 132.50 -115.58 0
endloop
endfacet
facet normal -0.92 0.38 2.4309868711202754e-14
outer loop
vertex 132.38 -115.88 0.44
vertex 132.50 -115.58 0
vertex 132.39 -115.85 0
endloop
endfacet
facet normal -0.92 0.38 2.4309868711202754e-14
outer loop
vertex 132.38 -115.88 0.44
vertex 132.39 -115.85 0
vertex 132.38 -115.88 0
endloop
endfacet
facet normal 0 0 1
outer loop
vertex 132.35 -115.97 0.44
vertex 132.35 -115.96 0.44
vertex 132.38 -115.88 0.44
endloop
endfacet
facet normal 0 0 1
outer loop
vertex 132.35 -115.97 0.44
vertex 132.38 -115.88 0.44
vertex 132.38 -115.88 0
endloop
endfacet
facet normal 0 0 1
outer loop
vertex 132.35 -115.97 0.44
vertex 132.38 -115.88 0
vertex 132.35 -115.97 0
endloop
endfacet
facet normal 0 0 1
outer loop
vertex 132.33 -116.06 0.44
vertex 132.33 -116.02 0.44
vertex 132.35 -115.97 0.44
endloop
endfacet
facet normal 0 0 1
outer loop
vertex 132.33 -116.06 0.44
vertex 132.35 -115.97 0.44
vertex 132.35 -115.97 0
endloop
endfacet
facet normal 0 0 1
outer loop
vertex 132.33 -116.06 0.44
vertex 132.35 -115.97 0
vertex 132.33 -116.06 0
endloop
endfacet
facet normal 0 0 1
outer loop
vertex 132.32 -116.15 0.44
vertex 132.32 -116.09 0.44
vertex 132.33 -116.06 0.44
endloop
endfacet
facet normal 0 0 1
outer loop
vertex 132.32 -116.15 0.44
vertex 132.33 -116.06 0.44
vertex 132.33 -116.06 0
endloop
endfacet
facet normal 0 0 1
outer loop
vertex 132.32 -116.15 0.44
vertex 132.33 -116.06 0
vertex 132.32 -116.10 0
endloop
endfacet
facet normal 0 0 1
outer loop
vertex 132.32 -116.15 0.44
vertex 132.32 -116.10 0
vertex 132.32 -116.15 0
endloop
endfacet
facet normal 0 0 -1
outer loop
vertex 132.08 -122.31 0.44
vertex 132.32 -116.16 0.44
vertex 132.32 -116.15 0.44
endloop
endfacet
facet normal 0 0 -1
outer loop
vertex 132.08 -122.31 0.44
vertex 132.32 -116.15 0.44
vertex 132.32 -116.15 0
endloop
endfacet
facet normal 0 0 -1
outer loop
vertex 132.08 -122.31 0.44
vertex 132.32 -116.15 0
vertex 132.31 -116.35 0
endloop
endfacet
facet normal 0 0 -1
outer loop
vertex 132.08 -122.31 0.44
vertex 132.31 -116.35 0
vertex 132.30 -116.58 0
endloop
endfacet
facet normal 0 0 -1
outer loop
vertex 132.08 -122.31 0.44
vertex 132.30 -116.58 0
vertex 132.29 -116.78 0
endloop
endfacet
facet normal 0 0 -1
outer loop
vertex 132.08 -122.31 0.44
vertex 132.29 -116.78 0
vertex 132.20 -119.25 0
endloop
endfacet
facet normal 0 0 -1
outer loop
vertex 132.08 -122.31 0.44
vertex 132.20 -119.25 0
vertex 132.11 -121.37 0
endloop
endfacet
facet normal 0 0 -1
outer loop
vertex 132.08 -122.31 0.44
vertex 132.11 -121.37 0
vertex 132.11 -121.54 0
endloop
endfacet
facet normal 0 0 -1
outer loop
vertex 132.08 -122.31 0.44
vertex 132.11 -121.54 0
vertex 132.10 -121.67 0
endloop
endfacet
facet normal 0 0 -1
outer loop
vertex 132.08 -122.31 0.44
vertex 132.10 -121.67 0
vertex 132.10 -121.76 0
endloop
endfacet
facet normal 0 0 -1
outer loop
vertex 132.08 -122.31 0.44
vertex 132.10 -121.76 0
vertex 132.10 -121.81 0
endloop
endfacet
facet normal 0 0 -1
outer loop
vertex 132.08 -122.31 0.44
vertex 132.10 -121.81 0
vertex 132.08 -122.31 0
endloop
endfacet
facet normal 0 0 1
outer loop
vertex 132.08 -122.44 0.44
vertex 132.08 -122.42 0.44
vertex 132.08 -122.32 0.44
endloop
endfacet
facet normal 0 0 1
outer loop
vertex 132.08 -122.44 0.44
vertex 132.08 -122.32 0.44
vertex 132.08 -122.31 0.44
endloop
endfacet
facet normal 0 0 1
outer loop
vertex 132.08 -122.44 0.44
vertex 132.08 -122.31 0.44
vertex 132.08 -122.31 0
endloop
endfacet
facet normal 0 0 1
outer loop
vertex 132.08 -122.44 0.44
vertex 132.08 -122.31 0
vertex 132.08 -122.44 0
endloop
endfacet
facet normal 0 0 1
outer loop
vertex 132.11 -122.57 0.44
vertex 132.10 -122.51 0.44
vertex 132.08 -122.44 0.44
endloop
endfacet
facet normal 0 0 1
outer loop
vertex 132.11 -122.57 0.44
vertex 132.08 -122.44 0.44
vertex 132.08 -122.44 0
endloop
endfacet
facet normal 0 0 1
outer loop
vertex 132.11 -122.57 0.44
vertex 132.08 -122.44 0
vertex 132.11 -122.57 0
endloop
endfacet
facet normal 0 0 1
outer loop
vertex 132.15 -122.68 0.44
vertex 132.15 -122.68 0.44
vertex 132.12 -122.60 0.44
endloop
endfacet
facet normal 0 0 1
outer loop
vertex 132.15 -122.68 0.44
vertex 132.12 -122.60 0.44
vertex 132.11 -122.57 0.44
endloop
endfacet
facet normal 0 0 1
outer loop
vertex 132.15 -122.68 0.44
vertex 132.11 -122.57 0.44
vertex 132.11 -122.57 0
endloop
endfacet
facet normal 0 0 1
outer loop
vertex 132.15 -122.68 0.44
vertex 132.11 -122.57 0
vertex 132.15 -122.68 0
endloop
endfacet
facet normal 0 0 1
outer loop
vertex 132.21 -122.80 0.44
vertex 132.19 -122.76 0.44
vertex 132.15 -122.68 0.44
endloop
endfacet
facet normal 0 0 1
outer loop
vertex 132.21 -122.80 0.44
vertex 132.15 -122.68 0.44
vertex 132.15 -122.68 0
endloop
endfacet
facet normal 0 0 1
outer loop
vertex 132.21 -122.80 0.44
vertex 132.15 -122.68 0
vertex 132.21 -122.80 0
endloop
endfacet
facet normal 0 0 1
outer loop
vertex 132.29 -122.89 0.44
vertex 132.23 -122.82 0.44
vertex 132.21 -122.80 0.44
endloop
endfacet
facet normal 0 0 1
outer loop
vertex 132.29 -122.89 0.44
vertex 132.21 -122.80 0.44
vertex 132.21 -122.80 0
endloop
endfacet
facet normal 0 0 1
outer loop
vertex 132.29 -122.89 0.44
vertex 132.21 -122.80 0
vertex 132.29 -122.89 0
endloop
endfacet
facet normal -0.67 -0.74 0
outer loop
vertex 132.39 -122.98 0.44
vertex 132.29 -122.89 0.44
vertex 132.29 -122.89 0
endloop
endfacet
facet normal -0.67 -0.74 0
outer loop
vertex 132.39 -122.98 0.44
vertex 132.29 -122.89 0
vertex 132.39 -122.98 0
endloop
endfacet
facet normal -0.61 -0.79 0
outer loop
vertex 146.83 -134.06 0.44
vertex 132.39 -122.98 0.44
vertex 132.39 -122.98 0
endloop
endfacet
facet normal -0.61 -0.79 0
outer loop
vertex 146.83 -134.06 0.44
vertex 132.39 -122.98 0
vertex 146.83 -134.06 0
endloop
endfacet
facet normal -0.79 0.61 0
outer loop
vertex 134.52 -150.09 0.44
vertex 146.83 -134.06 0.44
vertex 146.83 -134.06 0
endloop
endfacet
facet normal -0.79 0.61 0
outer loop
vertex 134.52 -150.09 0.44
vertex 146.83 -134.06 0
vertex 134.52 -150.09 0
endloop
endfacet
facet normal -0.80 0.60 0
outer loop
vertex 134.51 -150.11 0.44
vertex 134.52 -150.09 0.44
vertex 134.52 -150.09 0
endloop
endfacet
facet normal -0.80 0.60 0
outer loop
vertex 134.51 -150.11 0.44
vertex 134.52 -150.09 0
vertex 134.51 -150.11 0
endloop
endfacet
facet normal -0.82 0.58 0
outer loop
vertex 134.50 -150.13 0.44
vertex 134.51 -150.11 0.44
vertex 134.51 -150.11 0
endloop
endfacet
facet normal -0.82 0.58 0
outer loop
vertex 134.50 -150.13 0.44
vertex 134.51 -150.11 0
vertex 134.50 -150.13 0
endloop
endfacet
facet normal 0 0 -1
outer loop
vertex 138.47 -152.51 0.44
vertex 136.84 -151.53 0.44
vertex 134.67 -150.23 0.44
endloop
endfacet
facet normal 0 0 -1
outer loop
vertex 138.47 -152.51 0.44
vertex 134.67 -150.23 0.44
vertex 134.67 -150.23 0.44
endloop
endfacet
facet normal 0 0 -1
outer loop
vertex 138.47 -152.51 0.44
vertex 134.67 -150.23 0.44
vertex 134.65 -150.21 0.44
endloop
endfacet
facet normal 0 0 -1
outer loop
vertex 138.47 -152.51 0.44
vertex 134.65 -150.21 0.44
vertex 134.50 -150.13 0.44
endloop
endfacet
facet normal 0 0 -1
outer loop
vertex 138.47 -152.51 0.44
vertex 134.50 -150.13 0.44
vertex 134.50 -150.13 0
endloop
endfacet
facet normal 0 0 -1
outer loop
vertex 138.47 -152.51 0.44
vertex 134.50 -150.13 0
vertex 138.47 -152.51 0
endloop
endfacet
facet normal 0 0 -1
outer loop
vertex 142.75 -154.25 0.44
vertex 141.10 -153.57 0.44
vertex 138.54 -152.53 0.44
endloop
endfacet
facet normal 0 0 -1
outer loop
vertex 142.75 -154.25 0.44
vertex 138.54 -152.53 0.44
vertex 138.47 -152.51 0.44
endloop
endfacet
facet normal 0 0 -1
outer loop
vertex 142.75 -154.25 0.44
vertex 138.47 -152.51 0.44
vertex 138.47 -152.51 0
endloop
endfacet
facet normal 0 0 -1
outer loop
vertex 142.75 -154.25 0.44
vertex 138.47 -152.51 0
vertex 142.75 -154.25 0
endloop
endfacet
facet normal 0 0 1
outer loop
vertex 147.26 -155.31 0.44
vertex 145.79 -154.96 0.44
vertex 142.80 -154.26 0.44
endloop
endfacet
facet normal 0 0 1
outer loop
vertex 147.26 -155.31 0.44
vertex 142.80 -154.26 0.44
vertex 142.75 -154.25 0.44
endloop
endfacet
facet normal 0 0 1
outer loop
vertex 147.26 -155.31 0.44
vertex 142.75 -154.25 0.44
vertex 142.75 -154.25 0
endloop
endfacet
facet normal 0 0 1
outer loop
vertex 147.26 -155.31 0.44
vertex 142.75 -154.25 0
vertex 147.26 -155.31 0
endloop
endfacet
facet normal 0 0 1
outer loop
vertex 151.87 -155.67 0.44
vertex 147.28 -155.31 0.44
vertex 147.26 -155.31 0.44
endloop
endfacet
facet normal 0 0 1
outer loop
vertex 151.87 -155.67 0.44
vertex 147.26 -155.31 0.44
vertex 147.26 -155.31 0
endloop
endfacet
facet normal 0 0 1
outer loop
vertex 151.87 -155.67 0.44
vertex 147.26 -155.31 0
vertex 151.87 -155.67 0
endloop
endfacet
facet normal 0 0 1
outer loop
vertex 156.48 -155.31 0.44
vertex 156.46 -155.31 0.44
vertex 151.87 -155.67 0.44
endloop
endfacet
facet normal 0 0 1
outer loop
vertex 156.48 -155.31 0.44
vertex 151.87 -155.67 0.44
vertex 151.87 -155.67 0.44
endloop
endfacet
facet normal 0 0 1
outer loop
vertex 156.48 -155.31 0.44
vertex 151.87 -155.67 0.44
vertex 151.87 -155.67 0
endloop
endfacet
facet normal 0 0 1
outer loop
vertex 156.48 -155.31 0.44
vertex 151.87 -155.67 0
vertex 156.48 -155.31 0
endloop
endfacet
facet normal 0 0 1
outer loop
vertex 160.99 -154.25 0.44
vertex 160.94 -154.26 0.44
vertex 157.95 -154.96 0.44
endloop
endfacet
facet normal 0 0 1
outer loop
vertex 160.99 -154.25 0.44
vertex 157.95 -154.96 0.44
vertex 156.48 -155.31 0.44
endloop
endfacet
facet normal 0 0 1
outer loop
vertex 160.99 -154.25 0.44
vertex 156.48 -155.31 0.44
vertex 156.48 -155.31 0
endloop
endfacet
facet normal 0 0 1
outer loop
vertex 160.99 -154.25 0.44
vertex 156.48 -155.31 0
vertex 160.99 -154.25 0
endloop
endfacet
facet normal 0 0 1
outer loop
vertex 165.27 -152.51 0.44
vertex 165.20 -152.53 0.44
vertex 162.65 -153.57 0.44
endloop
endfacet
facet normal 0 0 1
outer loop
vertex 165.27 -152.51 0.44
vertex 162.65 -153.57 0.44
vertex 160.99 -154.25 0.44
endloop
endfacet
facet normal 0 0 1
outer loop
vertex 165.27 -152.51 0.44
vertex 160.99 -154.25 0.44
vertex 160.99 -154.25 0
endloop
endfacet
facet normal 0 0 1
outer loop
vertex 165.27 -152.51 0.44
vertex 160.99 -154.25 0
vertex 165.27 -152.51 0
endloop
endfacet
facet normal 0 0 -1
outer loop
vertex 169.24 -150.13 0.44
vertex 169.09 -150.21 0.44
vertex 169.07 -150.23 0.44
endloop
endfacet
facet normal 0 0 -1
outer loop
vertex 169.24 -150.13 0.44
vertex 169.07 -150.23 0.44
vertex 169.07 -150.23 0.44
endloop
endfacet
facet normal 0 0 -1
outer loop
vertex 169.24 -150.13 0.44
vertex 169.07 -150.23 0.44
vertex 168.88 -150.34 0.44
endloop
endfacet
facet normal 0 0 -1
outer loop
vertex 169.24 -150.13 0.44
vertex 168.88 -150.34 0.44
vertex 168.71 -150.45 0.44
endloop
endfacet
facet normal 0 0 -1
outer loop
vertex 169.24 -150.13 0.44
vertex 168.71 -150.45 0.44
vertex 166.90 -151.53 0.44
endloop
endfacet
facet normal 0 0 -1
outer loop
vertex 169.24 -150.13 0.44
vertex 166.90 -151.53 0.44
vertex 165.27 -152.51 0.44
endloop
endfacet
facet normal 0 0 -1
outer loop
vertex 169.24 -150.13 0.44
vertex 165.27 -152.51 0.44
vertex 165.27 -152.51 0
endloop
endfacet
facet normal 0 0 -1
outer loop
vertex 169.24 -150.13 0.44
vertex 165.27 -152.51 0
vertex 169.24 -150.13 0
endloop
endfacet
facet normal 0.82 0.58 0
outer loop
vertex 169.23 -150.11 0.44
vertex 169.24 -150.13 0.44
vertex 169.24 -150.13 0
endloop
endfacet
facet normal 0.82 0.58 0
outer loop
vertex 169.23 -150.11 0.44
vertex 169.24 -150.13 0
vertex 169.23 -150.11 0
endloop
endfacet
facet normal 0.80 0.60 0
outer loop
vertex 169.22 -150.09 0.44
vertex 169.23 -150.11 0.44
vertex 169.23 -150.11 0
endloop
endfacet
facet normal 0.80 0.60 0
outer loop
vertex 169.22 -150.09 0.44
vertex 169.23 -150.11 0
vertex 169.22 -150.09 0
endloop
endfacet
facet normal 0.79 0.61 0
outer loop
vertex 156.91 -134.06 0.44
vertex 169.22 -150.09 0.44
vertex 169.22 -150.09 0
endloop
endfacet
facet normal 0.79 0.61 0
outer loop
vertex 156.91 -134.06 0.44
vertex 169.22 -150.09 0
vertex 156.91 -134.06 0
endloop
endfacet
facet normal 0.61 -0.79 0
outer loop
vertex 171.35 -122.98 0.44
vertex 156.91 -134.06 0.44
vertex 156.91 -134.06 0
endloop
endfacet
facet normal 0.61 -0.79 0
outer loop
vertex 171.35 -122.98 0.44
vertex 156.91 -134.06 0
vertex 171.35 -122.98 0
endloop
endfacet
facet normal 0.67 -0.74 0
outer loop
vertex 171.45 -122.89 0.44
vertex 171.35 -122.98 0.44
vertex 171.35 -122.98 0
endloop
endfacet
facet normal 0.67 -0.74 0
outer loop
vertex 171.45 -122.89 0.44
vertex 171.35 -122.98 0
vertex 171.45 -122.89 0
endloop
endfacet
facet normal 0 0 1
outer loop
vertex 171.53 -122.80 0.44
vertex 171.51 -122.82 0.44
vertex 171.45 -122.89 0.44
endloop
endfacet
facet normal 0 0 1
outer loop
vertex 171.53 -122.80 0.44
vertex 171.45 -122.89 0.44
vertex 171.45 -122.89 0
endloop
endfacet
facet normal 0 0 1
outer loop
vertex 171.53 -122.80 0.44
vertex 171.45 -122.89 0
vertex 171.53 -122.80 0
endloop
endfacet
facet normal 0 0 -1
outer loop
vertex 171.59 -122.68 0.44
vertex 171.55 -122.76 0.44
vertex 171.53 -122.80 0.44
endloop
endfacet
facet normal 0 0 -1
outer loop
vertex 171.59 -122.68 0.44
vertex 171.53 -122.80 0.44
vertex 171.53 -122.80 0
endloop
endfacet
facet normal 0 0 -1
outer loop
vertex 171.59 -122.68 0.44
vertex 171.53 -122.80 0
vertex 171.59 -122.68 0
endloop
endfacet
facet normal 0 0 -1
outer loop
vertex 171.63 -122.57 0.44
vertex 171.62 -122.60 0.44
vertex 171.59 -122.68 0.44
endloop
endfacet
facet normal 0 0 -1
outer loop
vertex 171.63 -122.57 0.44
vertex 171.59 -122.68 0.44
vertex 171.59 -122.68 0.44
endloop
endfacet
facet normal 0 0 -1
outer loop
vertex 171.63 -122.57 0.44
vertex 171.59 -122.68 0.44
vertex 171.59 -122.68 0
endloop
endfacet
facet normal 0 0 -1
outer loop
vertex 171.63 -122.57 0.44
vertex 171.59 -122.68 0
vertex 171.63 -122.57 0
endloop
endfacet
facet normal 0 0 -1
outer loop
vertex 171.66 -122.44 0.44
vertex 171.65 -122.51 0.44
vertex 171.63 -122.57 0.44
endloop
endfacet
facet normal 0 0 -1
outer loop
vertex 171.66 -122.44 0.44
vertex 171.63 -122.57 0.44
vertex 171.63 -122.57 0
endloop
endfacet
facet normal 0 0 -1
outer loop
vertex 171.66 -122.44 0.44
vertex 171.63 -122.57 0
vertex 171.66 -122.44 0
endloop
endfacet
facet normal 0 0 1
outer loop
vertex 171.66 -122.31 0.44
vertex 171.66 -122.32 0.44
vertex 171.66 -122.42 0.44
endloop
endfacet
facet normal 0 0 1
outer loop
vertex 171.66 -122.31 0.44
vertex 171.66 -122.42 0.44
vertex 171.66 -122.44 0.44
endloop
endfacet
facet normal 0 0 1
outer loop
vertex 171.66 -122.31 0.44
vertex 171.66 -122.44 0.44
vertex 171.66 -122.44 0
endloop
endfacet
facet normal 0 0 1
outer loop
vertex 171.66 -122.31 0.44
vertex 171.66 -122.44 0
vertex 171.66 -122.31 0
endloop
endfacet
facet normal 0 0 -1
outer loop
vertex 171.42 -116.15 0.44
vertex 171.42 -116.16 0.44
vertex 171.66 -122.31 0.44
endloop
endfacet
facet normal 0 0 -1
outer loop
vertex 171.42 -116.15 0.44
vertex 171.66 -122.31 0.44
vertex 171.66 -122.31 0
endloop
endfacet
facet normal 0 0 -1
outer loop
vertex 171.42 -116.15 0.44
vertex 171.66 -122.31 0
vertex 171.64 -121.81 0
endloop
endfacet
facet normal 0 0 -1
outer loop
vertex 171.42 -116.15 0.44
vertex 171.64 -121.81 0
vertex 171.64 -121.76 0
endloop
endfacet
facet normal 0 0 -1
outer loop
vertex 171.42 -116.15 0.44
vertex 171.64 -121.76 0
vertex 171.64 -121.67 0
endloop
endfacet
facet normal 0 0 -1
outer loop
vertex 171.42 -116.15 0.44
vertex 171.64 -121.67 0
vertex 171.63 -121.54 0
endloop
endfacet
facet normal 0 0 -1
outer loop
vertex 171.42 -116.15 0.44
vertex 171.63 -121.54 0
vertex 171.63 -121.37 0
endloop
endfacet
facet normal 0 0 -1
outer loop
vertex 171.42 -116.15 0.44
vertex 171.63 -121.37 0
vertex 171.45 -116.78 0
endloop
endfacet
facet normal 0 0 -1
outer loop
vertex 171.42 -116.15 0.44
vertex 171.45 -116.78 0
vertex 171.44 -116.58 0
endloop
endfacet
facet normal 0 0 -1
outer loop
vertex 171.42 -116.15 0.44
vertex 171.44 -116.58 0
vertex 171.43 -116.35 0
endloop
endfacet
facet normal 0 0 -1
outer loop
vertex 171.42 -116.15 0.44
vertex 171.43 -116.35 0
vertex 171.42 -116.15 0
endloop
endfacet
facet normal 0 0 1
outer loop
vertex 171.42 -116.06 0.44
vertex 171.42 -116.09 0.44
vertex 171.42 -116.15 0.44
endloop
endfacet
facet normal 0 0 1
outer loop
vertex 171.42 -116.06 0.44
vertex 171.42 -116.15 0.44
vertex 171.42 -116.15 0
endloop
endfacet
facet normal 0 0 1
outer loop
vertex 171.42 -116.06 0.44
vertex 171.42 -116.15 0
vertex 171.42 -116.10 0
endloop
endfacet
facet normal 0 0 1
outer loop
vertex 171.42 -116.06 0.44
vertex 171.42 -116.10 0
vertex 171.42 -116.06 0
endloop
endfacet
facet normal 0 0 1
outer loop
vertex 171.39 -115.97 0.44
vertex 171.41 -116.02 0.44
vertex 171.42 -116.06 0.44
endloop
endfacet
facet normal 0 0 1
outer loop
vertex 171.39 -115.97 0.44
vertex 171.42 -116.06 0.44
vertex 171.42 -116.06 0
endloop
endfacet
facet normal 0 0 1
outer loop
vertex 171.39 -115.97 0.44
vertex 171.42 -116.06 0
vertex 171.39 -115.97 0
endloop
endfacet
facet normal 0 0 1
outer loop
vertex 171.36 -115.88 0.44
vertex 171.39 -115.96 0.44
vertex 171.39 -115.97 0.44
endloop
endfacet
facet normal 0 0 1
outer loop
vertex 171.36 -115.88 0.44
vertex 171.39 -115.97 0.44
vertex 171.39 -115.97 0
endloop
endfacet
facet normal 0 0 1
outer loop
vertex 171.36 -115.88 0.44
vertex 171.39 -115.97 0
vertex 171.36 -115.88 0
endloop
endfacet
facet normal 0.92 0.38 -3.299196257524278e-13
outer loop
vertex 157.13 -81.51 0.44
vertex 171.36 -115.88 0.44
vertex 171.36 -115.88 0
endloop
endfacet
facet normal 0.92 0.38 -3.299196257524278e-13
outer loop
vertex 157.13 -81.51 0.44
vertex 171.36 -115.88 0
vertex 171.35 -115.85 0
endloop
endfacet
facet normal 0.92 0.38 -3.299196257524278e-13
outer loop
vertex 157.13 -81.51 0.44
vertex 171.35 -115.85 0
vertex 171.24 -115.58 0
endloop
endfacet
facet normal 0.92 0.38 -3.299196257524278e-13
outer loop
vertex 157.13 -81.51 0.44
vertex 171.24 -115.58 0
vertex 171.14 -115.33 0
endloop
endfacet
facet normal 0.92 0.38 -3.299196257524278e-13
outer loop
vertex 157.13 -81.51 0.44
vertex 171.14 -115.33 0
vertex 171.03 -115.08 0
endloop
endfacet
facet normal 0.92 0.38 -3.299196257524278e-13
outer loop
vertex 157.13 -81.51 0.44
vertex 171.03 -115.08 0
vertex 170.94 -114.85 0
endloop
endfacet
facet normal 0.92 0.38 -3.299196257524278e-13
outer loop
vertex 157.13 -81.51 0.44
vertex 170.94 -114.85 0
vertex 170.86 -114.65 0
endloop
endfacet
facet normal 0.92 0.38 -3.299196257524278e-13
outer loop
vertex 157.13 -81.51 0.44
vertex 170.86 -114.65 0
vertex 169.83 -112.18 0
endloop
endfacet
facet normal 0.92 0.38 -3.299196257524278e-13
outer loop
vertex 157.13 -81.51 0.44
vertex 169.83 -112.18 0
vertex 168.95 -110.06 0
endloop
endfacet
facet normal 0.92 0.38 -3.299196257524278e-13
outer loop
vertex 157.13 -81.51 0.44
vertex 168.95 -110.06 0
vertex 168.88 -109.89 0
endloop
endfacet
facet normal 0.92 0.38 -3.299196257524278e-13
outer loop
vertex 157.13 -81.51 0.44
vertex 168.88 -109.89 0
vertex 168.83 -109.76 0
endloop
endfacet
facet normal 0.92 0.38 -3.299196257524278e-13
outer loop
vertex 157.13 -81.51 0.44
vertex 168.83 -109.76 0
vertex 168.79 -109.67 0
endloop
endfacet
facet normal 0.92 0.38 -3.299196257524278e-13
outer loop
vertex 157.13 -81.51 0.44
vertex 168.79 -109.67 0
vertex 168.77 -109.62 0
endloop
endfacet
facet normal 0.92 0.38 -3.299196257524278e-13
outer loop
vertex 157.13 -81.51 0.44
vertex 168.77 -109.62 0
vertex 157.13 -81.51 0
endloop
endfacet
facet normal 0.38 -0.92 -3.54916449246529e-14
outer loop
vertex 173.94 -74.55 0.44
vertex 157.13 -81.51 0.44
vertex 157.13 -81.51 0
endloop
endfacet
facet normal 0.38 -0.92 -3.54916449246529e-14
outer loop
vertex 173.94 -74.55 0.44
vertex 157.13 -81.51 0
vertex 163.40 -78.92 0
endloop
endfacet
facet normal 0.38 -0.92 -3.54916449246529e-14
outer loop
vertex 173.94 -74.55 0.44
vertex 163.40 -78.92 0
vertex 163.45 -78.89 0
endloop
endfacet
facet normal 0.38 -0.92 -3.54916449246529e-14
outer loop
vertex 173.94 -74.55 0.44
vertex 163.45 -78.89 0
vertex 163.62 -78.82 0
endloop
endfacet
facet normal 0.38 -0.92 -3.54916449246529e-14
outer loop
vertex 173.94 -74.55 0.44
vertex 163.62 -78.82 0
vertex 163.88 -78.71 0
endloop
endfacet
facet normal 0.38 -0.92 -3.54916449246529e-14
outer loop
vertex 173.94 -74.55 0.44
vertex 163.88 -78.71 0
vertex 164.24 -78.56 0
endloop
endfacet
facet normal 0.38 -0.92 -3.54916449246529e-14
outer loop
vertex 173.94 -74.55 0.44
vertex 164.24 -78.56 0
vertex 164.68 -78.38 0
endloop
endfacet
facet normal 0.38 -0.92 -3.54916449246529e-14
outer loop
vertex 173.94 -74.55 0.44
vertex 164.68 -78.38 0
vertex 165.18 -78.17 0
endloop
endfacet
facet normal 0.38 -0.92 -3.54916449246529e-14
outer loop
vertex 173.94 -74.55 0.44
vertex 165.18 -78.17 0
vertex 165.73 -77.95 0
endloop
endfacet
facet normal 0.38 -0.92 -3.54916449246529e-14
outer loop
vertex 173.94 -74.55 0.44
vertex 165.73 -77.95 0
vertex 166.29 -77.72 0
endloop
endfacet
facet normal 0.38 -0.92 -3.54916449246529e-14
outer loop
vertex 173.94 -74.55 0.44
vertex 166.29 -77.72 0
vertex 166.86 -77.48 0
endloop
endfacet
facet normal 0.38 -0.92 -3.54916449246529e-14
outer loop
vertex 173.94 -74.55 0.44
vertex 166.86 -77.48 0
vertex 167.40 -77.26 0
endloop
endfacet
facet normal 0.38 -0.92 -3.54916449246529e-14
outer loop
vertex 173.94 -74.55 0.44
vertex 167.40 -77.26 0
vertex 167.90 -77.05 0
endloop
endfacet
facet normal 0.38 -0.92 -3.54916449246529e-14
outer loop
vertex 173.94 -74.55 0.44
vertex 167.90 -77.05 0
vertex 168.34 -76.87 0
endloop
endfacet
facet normal 0.38 -0.92 -3.54916449246529e-14
outer loop
vertex 173.94 -74.55 0.44
vertex 168.34 -76.87 0
vertex 168.70 -76.72 0
endloop
endfacet
facet normal 0.38 -0.92 -3.54916449246529e-14
outer loop
vertex 173.94 -74.55 0.44
vertex 168.70 -76.72 0
vertex 168.97 -76.61 0
endloop
endfacet
facet normal 0.38 -0.92 -3.54916449246529e-14
outer loop
vertex 173.94 -74.55 0.44
vertex 168.97 -76.61 0
vertex 169.13 -76.54 0
endloop
endfacet
facet normal 0.38 -0.92 -3.54916449246529e-14
outer loop
vertex 173.94 -74.55 0.44
vertex 169.13 -76.54 0
vertex 169.19 -76.52 0
endloop
endfacet
facet normal 0.38 -0.92 -3.54916449246529e-14
outer loop
vertex 173.94 -74.55 0.44
vertex 169.19 -76.52 0
vertex 173.94 -74.55 0
endloop
endfacet
facet normal 0.45 -0.89 0
outer loop
vertex 174.05 -74.49 0.44
vertex 173.94 -74.55 0.44
vertex 173.94 -74.55 0
endloop
endfacet
facet normal 0.45 -0.89 0
outer loop
vertex 174.05 -74.49 0.44
vertex 173.94 -74.55 0
vertex 174.05 -74.49 0
endloop
endfacet
facet normal 0.59 -0.81 0
outer loop
vertex 174.16 -74.42 0.44
vertex 174.05 -74.49 0.44
vertex 174.05 -74.49 0
endloop
endfacet
facet normal 0.59 -0.81 0
outer loop
vertex 174.16 -74.42 0.44
vertex 174.05 -74.49 0
vertex 174.16 -74.42 0
endloop
endfacet
facet normal 0 0 -1
outer loop
vertex 174.24 -74.33 0.44
vertex 174.21 -74.36 0.44
vertex 174.16 -74.42 0.44
endloop
endfacet
facet normal 0 0 -1
outer loop
vertex 174.24 -74.33 0.44
vertex 174.16 -74.42 0.44
vertex 174.16 -74.42 0
endloop
endfacet
facet normal 0 0 -1
outer loop
vertex 174.24 -74.33 0.44
vertex 174.16 -74.42 0
vertex 174.24 -74.33 0
endloop
endfacet
facet normal 0 0 1
outer loop
vertex 174.32 -74.23 0.44
vertex 174.29 -74.26 0.44
vertex 174.25 -74.32 0.44
endloop
endfacet
facet normal 0 0 1
outer loop
vertex 174.32 -74.23 0.44
vertex 174.25 -74.32 0.44
vertex 174.24 -74.33 0.44
endloop
endfacet
facet normal 0 0 1
outer loop
vertex 174.32 -74.23 0.44
vertex 174.24 -74.33 0.44
vertex 174.24 -74.33 0
endloop
endfacet
facet normal 0 0 1
outer loop
vertex 174.32 -74.23 0.44
vertex 174.24 -74.33 0
vertex 174.32 -74.23 0
endloop
endfacet
facet normal 0 0 -1
outer loop
vertex 174.38 -74.11 0.44
vertex 174.37 -74.12 0.44
vertex 174.33 -74.20 0.44
endloop
endfacet
facet normal 0 0 -1
outer loop
vertex 174.38 -74.11 0.44
vertex 174.33 -74.20 0.44
vertex 174.32 -74.23 0.44
endloop
endfacet
facet normal 0 0 -1
outer loop
vertex 174.38 -74.11 0.44
vertex 174.32 -74.23 0.44
vertex 174.32 -74.23 0
endloop
endfacet
facet normal 0 0 -1
outer loop
vertex 174.38 -74.11 0.44
vertex 174.32 -74.23 0
vertex 174.38 -74.11 0
endloop
endfacet
facet normal 0 0 1
outer loop
vertex 174.41 -73.99 0.44
vertex 174.40 -74.04 0.44
vertex 174.38 -74.11 0.44
endloop
endfacet
facet normal 0 0 1
outer loop
vertex 174.41 -73.99 0.44
vertex 174.38 -74.11 0.44
vertex 174.38 -74.11 0
endloop
endfacet
facet normal 0 0 1
outer loop
vertex 174.41 -73.99 0.44
vertex 174.38 -74.11 0
vertex 174.41 -73.99 0
endloop
endfacet
facet normal 0 0 -1
outer loop
vertex 174.43 -73.87 0.44
vertex 174.42 -73.95 0.44
vertex 174.41 -73.99 0.44
endloop
endfacet
facet normal 0 0 -1
outer loop
vertex 174.43 -73.87 0.44
vertex 174.41 -73.99 0.44
vertex 174.41 -73.99 0
endloop
endfacet
facet normal 0 0 -1
outer loop
vertex 174.43 -73.87 0.44
vertex 174.41 -73.99 0
vertex 174.43 -73.91 0
endloop
endfacet
facet normal 0 0 -1
outer loop
vertex 174.43 -73.87 0.44
vertex 174.43 -73.91 0
vertex 174.43 -73.87 0
endloop
endfacet
facet normal 0 0 -1
outer loop
vertex 174.43 -73.74 0.44
vertex 174.43 -73.76 0.44
vertex 174.43 -73.85 0.44
endloop
endfacet
facet normal 0 0 -1
outer loop
vertex 174.43 -73.74 0.44
vertex 174.43 -73.85 0.44
vertex 174.43 -73.87 0.44
endloop
endfacet
facet normal 0 0 -1
outer loop
vertex 174.43 -73.74 0.44
vertex 174.43 -73.87 0.44
vertex 174.43 -73.87 0
endloop
endfacet
facet normal 0 0 -1
outer loop
vertex 174.43 -73.74 0.44
vertex 174.43 -73.87 0
vertex 174.43 -73.74 0
endloop
endfacet
facet normal 0 0 -1
outer loop
vertex 174.41 -73.62 0.44
vertex 174.42 -73.64 0.44
vertex 174.42 -73.67 0.44
endloop
endfacet
facet normal 0 0 -1
outer loop
vertex 174.41 -73.62 0.44
vertex 174.42 -73.67 0.44
vertex 174.43 -73.74 0.44
endloop
endfacet
facet normal 0 0 -1
outer loop
vertex 174.41 -73.62 0.44
vertex 174.43 -73.74 0.44
vertex 174.43 -73.74 0
endloop
endfacet
facet normal 0 0 -1
outer loop
vertex 174.41 -73.62 0.44
vertex 174.43 -73.74 0
vertex 174.41 -73.62 0
endloop
endfacet
facet normal 0 0 -1
outer loop
vertex 174.38 -73.50 0.44
vertex 174.40 -73.58 0.44
vertex 174.41 -73.62 0.44
endloop
endfacet
facet normal 0 0 -1
outer loop
vertex 174.38 -73.50 0.44
vertex 174.41 -73.62 0.44
vertex 174.41 -73.62 0
endloop
endfacet
facet normal 0 0 -1
outer loop
vertex 174.38 -73.50 0.44
vertex 174.41 -73.62 0
vertex 174.38 -73.50 0
endloop
endfacet
facet normal 0.92 0.38 8.461249913206307e-7
outer loop
vertex 169.84 -62.55 0.44
vertex 174.38 -73.50 0.44
vertex 174.38 -73.50 0
endloop
endfacet
facet normal 0.92 0.38 8.461249913206307e-7
outer loop
vertex 169.84 -62.55 0.44
vertex 174.38 -73.50 0
vertex 171.71 -67.07 0
endloop
endfacet
facet normal 0.92 0.38 8.461249913206307e-7
outer loop
vertex 169.84 -62.55 0.44
vertex 171.71 -67.07 0
vertex 171.70 -67.04 0
endloop
endfacet
facet normal 0.92 0.38 8.461249913206307e-7
outer loop
vertex 169.84 -62.55 0.44
vertex 171.70 -67.04 0
vertex 171.66 -66.96 0
endloop
endfacet
facet normal 0.92 0.38 8.461249913206307e-7
outer loop
vertex 169.84 -62.55 0.44
vertex 171.66 -66.96 0
vertex 171.61 -66.82 0
endloop
endfacet
facet normal 0.92 0.38 8.461249913206307e-7
outer loop
vertex 169.84 -62.55 0.44
vertex 171.61 -66.82 0
vertex 171.53 -66.63 0
endloop
endfacet
facet normal 0.92 0.38 8.461249913206307e-7
outer loop
vertex 169.84 -62.55 0.44
vertex 171.53 -66.63 0
vertex 171.44 -66.40 0
endloop
endfacet
facet normal 0.92 0.38 8.461249913206307e-7
outer loop
vertex 169.84 -62.55 0.44
vertex 171.44 -66.40 0
vertex 171.33 -66.14 0
endloop
endfacet
facet normal 0.92 0.38 8.461249913206307e-7
outer loop
vertex 169.84 -62.55 0.44
vertex 171.33 -66.14 0
vertex 171.21 -65.86 0
endloop
endfacet
facet normal 0.92 0.38 8.461249913206307e-7
outer loop
vertex 169.84 -62.55 0.44
vertex 171.21 -65.86 0
vertex 171.09 -65.57 0
endloop
endfacet
facet normal 0.92 0.38 8.461249913206307e-7
outer loop
vertex 169.84 -62.55 0.44
vertex 171.09 -65.57 0
vertex 170.97 -65.28 0
endloop
endfacet
facet normal 0.92 0.38 8.461249913206307e-7
outer loop
vertex 169.84 -62.55 0.44
vertex 170.97 -65.28 0
vertex 170.85 -65.00 0
endloop
endfacet
facet normal 0.92 0.38 8.461249913206307e-7
outer loop
vertex 169.84 -62.55 0.44
vertex 170.85 -65.00 0
vertex 170.75 -64.74 0
endloop
endfacet
facet normal 0.92 0.38 8.461249913206307e-7
outer loop
vertex 169.84 -62.55 0.44
vertex 170.75 -64.74 0
vertex 170.65 -64.51 0
endloop
endfacet
facet normal 0.92 0.38 8.461249913206307e-7
outer loop
vertex 169.84 -62.55 0.44
vertex 170.65 -64.51 0
vertex 170.57 -64.32 0
endloop
endfacet
facet normal 0.92 0.38 8.461249913206307e-7
outer loop
vertex 169.84 -62.55 0.44
vertex 170.57 -64.32 0
vertex 170.52 -64.18 0
endloop
endfacet
facet normal 0.92 0.38 8.461249913206307e-7
outer loop
vertex 169.84 -62.55 0.44
vertex 170.52 -64.18 0
vertex 170.48 -64.10 0
endloop
endfacet
facet normal 0.92 0.38 8.461249913206307e-7
outer loop
vertex 169.84 -62.55 0.44
vertex 170.48 -64.10 0
vertex 170.47 -64.07 0
endloop
endfacet
facet normal 0.92 0.38 8.461249913206307e-7
outer loop
vertex 169.84 -62.55 0.44
vertex 170.47 -64.07 0
vertex 169.84 -62.55 0
endloop
endfacet
facet normal 0.36 -0.93 1.9880640515170543e-7
outer loop
vertex 188.71 -55.21 0.44
vertex 169.84 -62.55 0.44
vertex 169.84 -62.55 0
endloop
endfacet
facet normal 0.36 -0.93 1.9880640515170543e-7
outer loop
vertex 188.71 -55.21 0.44
vertex 169.84 -62.55 0
vertex 185.23 -56.57 0
endloop
endfacet
facet normal 0.36 -0.93 1.9880640515170543e-7
outer loop
vertex 188.71 -55.21 0.44
vertex 185.23 -56.57 0
vertex 187.42 -55.72 0
endloop
endfacet
facet normal 0.36 -0.93 1.9880640515170543e-7
outer loop
vertex 188.71 -55.21 0.44
vertex 187.42 -55.72 0
vertex 187.51 -55.68 0
endloop
endfacet
facet normal 0.36 -0.93 1.9880640515170543e-7
outer loop
vertex 188.71 -55.21 0.44
vertex 187.51 -55.68 0
vertex 187.78 -55.58 0
endloop
endfacet
facet normal 0.36 -0.93 1.9880640515170543e-7
outer loop
vertex 188.71 -55.21 0.44
vertex 187.78 -55.58 0
vertex 188.22 -55.41 0
endloop
endfacet
facet normal 0.36 -0.93 1.9880640515170543e-7
outer loop
vertex 188.71 -55.21 0.44
vertex 188.22 -55.41 0
vertex 188.71 -55.21 0
endloop
endfacet
facet normal 0.44 -0.90 0.00
outer loop
vertex 188.84 -55.15 0.44
vertex 188.71 -55.21 0.44
vertex 188.71 -55.21 0
endloop
endfacet
facet normal 0.44 -0.90 0.00
outer loop
vertex 188.84 -55.15 0.44
vertex 188.71 -55.21 0
vertex 188.81 -55.17 0
endloop
endfacet
facet normal 0.44 -0.90 0.00
outer loop
vertex 188.84 -55.15 0.44
vertex 188.81 -55.17 0
vertex 188.84 -55.15 0
endloop
endfacet
facet normal 0.59 -0.81 0
outer loop
vertex 188.95 -55.07 0.44
vertex 188.84 -55.15 0.44
vertex 188.84 -55.15 0
endloop
endfacet
facet normal 0.59 -0.81 0
outer loop
vertex 188.95 -55.07 0.44
vertex 188.84 -55.15 0
vertex 188.95 -55.07 0
endloop
endfacet
facet normal 0 0 -1
outer loop
vertex 189.04 -54.97 0.44
vertex 189.04 -54.98 0.44
vertex 188.99 -55.03 0.44
endloop
endfacet
facet normal 0 0 -1
outer loop
vertex 189.04 -54.97 0.44
vertex 188.99 -55.03 0.44
vertex 188.95 -55.07 0.44
endloop
endfacet
facet normal 0 0 -1
outer loop
vertex 189.04 -54.97 0.44
vertex 188.95 -55.07 0.44
vertex 188.95 -55.07 0
endloop
endfacet
facet normal 0 0 -1
outer loop
vertex 189.04 -54.97 0.44
vertex 188.95 -55.07 0
vertex 189.04 -54.97 0
endloop
endfacet
facet normal 0 0 1
outer loop
vertex 189.12 -54.86 0.44
vertex 189.08 -54.92 0.44
vertex 189.04 -54.97 0.44
endloop
endfacet
facet normal 0 0 1
outer loop
vertex 189.12 -54.86 0.44
vertex 189.04 -54.97 0.44
vertex 189.04 -54.97 0
endloop
endfacet
facet normal 0 0 1
outer loop
vertex 189.12 -54.86 0.44
vertex 189.04 -54.97 0
vertex 189.11 -54.87 0
endloop
endfacet
facet normal 0 0 1
outer loop
vertex 189.12 -54.86 0.44
vertex 189.11 -54.87 0
vertex 189.12 -54.86 0
endloop
endfacet
facet normal 0 0 1
outer loop
vertex 189.18 -54.74 0.44
vertex 189.17 -54.76 0.44
vertex 189.13 -54.85 0.44
endloop
endfacet
facet normal 0 0 1
outer loop
vertex 189.18 -54.74 0.44
vertex 189.13 -54.85 0.44
vertex 189.12 -54.86 0.44
endloop
endfacet
facet normal 0 0 1
outer loop
vertex 189.18 -54.74 0.44
vertex 189.12 -54.86 0.44
vertex 189.12 -54.86 0
endloop
endfacet
facet normal 0 0 1
outer loop
vertex 189.18 -54.74 0.44
vertex 189.12 -54.86 0
vertex 189.18 -54.74 0
endloop
endfacet
facet normal 0 0 -1
outer loop
vertex 189.21 -54.60 0.44
vertex 189.20 -54.67 0.44
vertex 189.18 -54.74 0.44
endloop
endfacet
facet normal 0 0 -1
outer loop
vertex 189.21 -54.60 0.44
vertex 189.18 -54.74 0.44
vertex 189.18 -54.74 0
endloop
endfacet
facet normal 0 0 -1
outer loop
vertex 189.21 -54.60 0.44
vertex 189.18 -54.74 0
vertex 189.21 -54.60 0
endloop
endfacet
facet normal 0 0 1
outer loop
vertex 189.22 -54.47 0.44
vertex 189.22 -54.47 0.44
vertex 189.22 -54.57 0.44
endloop
endfacet
facet normal 0 0 1
outer loop
vertex 189.22 -54.47 0.44
vertex 189.22 -54.57 0.44
vertex 189.21 -54.60 0.44
endloop
endfacet
facet normal 0 0 1
outer loop
vertex 189.22 -54.47 0.44
vertex 189.21 -54.60 0.44
vertex 189.21 -54.60 0
endloop
endfacet
facet normal 0 0 1
outer loop
vertex 189.22 -54.47 0.44
vertex 189.21 -54.60 0
vertex 189.22 -54.53 0
endloop
endfacet
facet normal 0 0 1
outer loop
vertex 189.22 -54.47 0.44
vertex 189.22 -54.53 0
vertex 189.22 -54.47 0
endloop
endfacet
facet normal 0 0 -1
outer loop
vertex 189.21 -54.33 0.44
vertex 189.22 -54.36 0.44
vertex 189.22 -54.47 0.44
endloop
endfacet
facet normal 0 0 -1
outer loop
vertex 189.21 -54.33 0.44
vertex 189.22 -54.47 0.44
vertex 189.22 -54.47 0
endloop
endfacet
facet normal 0 0 -1
outer loop
vertex 189.21 -54.33 0.44
vertex 189.22 -54.47 0
vertex 189.21 -54.33 0
endloop
endfacet
facet normal 0 0 1
outer loop
vertex 189.18 -54.20 0.44
vertex 189.19 -54.25 0.44
vertex 189.19 -54.26 0.44
endloop
endfacet
facet normal 0 0 1
outer loop
vertex 189.18 -54.20 0.44
vertex 189.19 -54.26 0.44
vertex 189.21 -54.33 0.44
endloop
endfacet
facet normal 0 0 1
outer loop
vertex 189.18 -54.20 0.44
vertex 189.21 -54.33 0.44
vertex 189.21 -54.33 0
endloop
endfacet
facet normal 0 0 1
outer loop
vertex 189.18 -54.20 0.44
vertex 189.21 -54.33 0
vertex 189.18 -54.20 0
endloop
endfacet
facet normal 0 0 -1
outer loop
vertex 183.24 -37.87 0.44
vertex 189.17 -54.18 0.44
vertex 189.18 -54.20 0.44
endloop
endfacet
facet normal 0 0 -1
outer loop
vertex 183.24 -37.87 0.44
vertex 189.18 -54.20 0.44
vertex 189.18 -54.20 0
endloop
endfacet
facet normal 0 0 -1
outer loop
vertex 183.24 -37.87 0.44
vertex 189.18 -54.20 0
vertex 189.16 -54.14 0
endloop
endfacet
facet normal 0 0 -1
outer loop
vertex 183.24 -37.87 0.44
vertex 189.16 -54.14 0
vertex 189.00 -53.72 0
endloop
endfacet
facet normal 0 0 -1
outer loop
vertex 183.24 -37.87 0.44
vertex 189.00 -53.72 0
vertex 189.00 -53.70 0
endloop
endfacet
facet normal 0 0 -1
outer loop
vertex 183.24 -37.87 0.44
vertex 189.00 -53.70 0
vertex 188.98 -53.66 0
endloop
endfacet
facet normal 0 0 -1
outer loop
vertex 183.24 -37.87 0.44
vertex 188.98 -53.66 0
vertex 188.95 -53.59 0
endloop
endfacet
facet normal 0 0 -1
outer loop
vertex 183.24 -37.87 0.44
vertex 188.95 -53.59 0
vertex 188.92 -53.49 0
endloop
endfacet
facet normal 0 0 -1
outer loop
vertex 183.24 -37.87 0.44
vertex 188.92 -53.49 0
vertex 188.87 -53.36 0
endloop
endfacet
facet normal 0 0 -1
outer loop
vertex 183.24 -37.87 0.44
vertex 188.87 -53.36 0
vertex 188.82 -53.22 0
endloop
endfacet
facet normal 0 0 -1
outer loop
vertex 183.24 -37.87 0.44
vertex 188.82 -53.22 0
vertex 188.76 -53.06 0
endloop
endfacet
facet normal 0 0 -1
outer loop
vertex 183.24 -37.87 0.44
vertex 188.76 -53.06 0
vertex 188.70 -52.89 0
endloop
endfacet
facet normal 0 0 -1
outer loop
vertex 183.24 -37.87 0.44
vertex 188.70 -52.89 0
vertex 188.64 -52.72 0
endloop
endfacet
facet normal 0 0 -1
outer loop
vertex 183.24 -37.87 0.44
vertex 188.64 -52.72 0
vertex 186.46 -46.72 0
endloop
endfacet
facet normal 0 0 -1
outer loop
vertex 183.24 -37.87 0.44
vertex 186.46 -46.72 0
vertex 186.39 -46.55 0
endloop
endfacet
facet normal 0 0 -1
outer loop
vertex 183.24 -37.87 0.44
vertex 186.39 -46.55 0
vertex 186.33 -46.38 0
endloop
endfacet
facet normal 0 0 -1
outer loop
vertex 183.24 -37.87 0.44
vertex 186.33 -46.38 0
vertex 186.27 -46.22 0
endloop
endfacet
facet normal 0 0 -1
outer loop
vertex 183.24 -37.87 0.44
vertex 186.27 -46.22 0
vertex 186.22 -46.08 0
endloop
endfacet
facet normal 0 0 -1
outer loop
vertex 183.24 -37.87 0.44
vertex 186.22 -46.08 0
vertex 186.18 -45.95 0
endloop
endfacet
facet normal 0 0 -1
outer loop
vertex 183.24 -37.87 0.44
vertex 186.18 -45.95 0
vertex 186.14 -45.85 0
endloop
endfacet
facet normal 0 0 -1
outer loop
vertex 183.24 -37.87 0.44
vertex 186.14 -45.85 0
vertex 186.11 -45.78 0
endloop
endfacet
facet normal 0 0 -1
outer loop
vertex 183.24 -37.87 0.44
vertex 186.11 -45.78 0
vertex 186.10 -45.73 0
endloop
endfacet
facet normal 0 0 -1
outer loop
vertex 183.24 -37.87 0.44
vertex 186.10 -45.73 0
vertex 186.09 -45.72 0
endloop
endfacet
facet normal 0 0 -1
outer loop
vertex 183.24 -37.87 0.44
vertex 186.09 -45.72 0
vertex 185.94 -45.30 0
endloop
endfacet
facet normal 0 0 -1
outer loop
vertex 183.24 -37.87 0.44
vertex 185.94 -45.30 0
vertex 185.80 -44.91 0
endloop
endfacet
facet normal 0 0 -1
outer loop
vertex 183.24 -37.87 0.44
vertex 185.80 -44.91 0
vertex 185.67 -44.56 0
endloop
endfacet
facet normal 0 0 -1
outer loop
vertex 183.24 -37.87 0.44
vertex 185.67 -44.56 0
vertex 185.56 -44.27 0
endloop
endfacet
facet normal 0 0 -1
outer loop
vertex 183.24 -37.87 0.44
vertex 185.56 -44.27 0
vertex 185.48 -44.03 0
endloop
endfacet
facet normal 0 0 -1
outer loop
vertex 183.24 -37.87 0.44
vertex 185.48 -44.03 0
vertex 185.41 -43.86 0
endloop
endfacet
facet normal 0 0 -1
outer loop
vertex 183.24 -37.87 0.44
vertex 185.41 -43.86 0
vertex 185.38 -43.76 0
endloop
endfacet
facet normal 0 0 -1
outer loop
vertex 183.24 -37.87 0.44
vertex 185.38 -43.76 0
vertex 185.36 -43.72 0
endloop
endfacet
facet normal 0 0 -1
outer loop
vertex 183.24 -37.87 0.44
vertex 185.36 -43.72 0
vertex 184.78 -42.12 0
endloop
endfacet
facet normal 0 0 -1
outer loop
vertex 183.24 -37.87 0.44
vertex 184.78 -42.12 0
vertex 184.77 -42.10 0
endloop
endfacet
facet normal 0 0 -1
outer loop
vertex 183.24 -37.87 0.44
vertex 184.77 -42.10 0
vertex 184.75 -42.04 0
endloop
endfacet
facet normal 0 0 -1
outer loop
vertex 183.24 -37.87 0.44
vertex 184.75 -42.04 0
vertex 184.72 -41.94 0
endloop
endfacet
facet normal 0 0 -1
outer loop
vertex 183.24 -37.87 0.44
vertex 184.72 -41.94 0
vertex 184.67 -41.81 0
endloop
endfacet
facet normal 0 0 -1
outer loop
vertex 183.24 -37.87 0.44
vertex 184.67 -41.81 0
vertex 184.61 -41.65 0
endloop
endfacet
facet normal 0 0 -1
outer loop
vertex 183.24 -37.87 0.44
vertex 184.61 -41.65 0
vertex 184.55 -41.47 0
endloop
endfacet
facet normal 0 0 -1
outer loop
vertex 183.24 -37.87 0.44
vertex 184.55 -41.47 0
vertex 184.47 -41.27 0
endloop
endfacet
facet normal 0 0 -1
outer loop
vertex 183.24 -37.87 0.44
vertex 184.47 -41.27 0
vertex 184.40 -41.07 0
endloop
endfacet
facet normal 0 0 -1
outer loop
vertex 183.24 -37.87 0.44
vertex 184.40 -41.07 0
vertex 184.32 -40.86 0
endloop
endfacet
facet normal 0 0 -1
outer loop
vertex 183.24 -37.87 0.44
vertex 184.32 -40.86 0
vertex 184.25 -40.67 0
endloop
endfacet
facet normal 0 0 -1
outer loop
vertex 183.24 -37.87 0.44
vertex 184.25 -40.67 0
vertex 184.19 -40.49 0
endloop
endfacet
facet normal 0 0 -1
outer loop
vertex 183.24 -37.87 0.44
vertex 184.19 -40.49 0
vertex 184.13 -40.33 0
endloop
endfacet
facet normal 0 0 -1
outer loop
vertex 183.24 -37.87 0.44
vertex 184.13 -40.33 0
vertex 184.08 -40.20 0
endloop
endfacet
facet normal 0 0 -1
outer loop
vertex 183.24 -37.87 0.44
vertex 184.08 -40.20 0
vertex 184.05 -40.10 0
endloop
endfacet
facet normal 0 0 -1
outer loop
vertex 183.24 -37.87 0.44
vertex 184.05 -40.10 0
vertex 184.02 -40.04 0
endloop
endfacet
facet normal 0 0 -1
outer loop
vertex 183.24 -37.87 0.44
vertex 184.02 -40.04 0
vertex 184.02 -40.02 0
endloop
endfacet
facet normal 0 0 -1
outer loop
vertex 183.24 -37.87 0.44
vertex 184.02 -40.02 0
vertex 183.24 -37.87 0
endloop
endfacet
facet normal -1.00 0.10 0
outer loop
vertex 152.92 -41.07 0
vertex 152.90 -41.27 0
vertex 152.90 -41.27 2.2
endloop
endfacet
facet normal -1.00 0.10 0
outer loop
vertex 152.92 -41.07 0
vertex 152.90 -41.27 2.2
vertex 152.92 -41.07 2.2
endloop
endfacet
facet normal -1.00 -0.10 0
outer loop
vertex 152.90 -40.86 0
vertex 152.92 -41.07 0
vertex 152.92 -41.07 2.2
endloop
endfacet
facet normal -1.00 -0.10 0
outer loop
vertex 152.90 -40.86 0
vertex 152.92 -41.07 2.2
vertex 152.90 -40.86 2.2
endloop
endfacet
facet normal -0.96 -0.29 0
outer loop
vertex 152.84 -40.67 0
vertex 152.90 -40.86 0
vertex 152.90 -40.86 2.2
endloop
endfacet
facet normal -0.96 -0.29 0
outer loop
vertex 152.84 -40.67 0
vertex 152.90 -40.86 2.2
vertex 152.84 -40.67 2.2
endloop
endfacet
facet normal -0.88 -0.47 0
outer loop
vertex 152.74 -40.49 0
vertex 152.84 -40.67 0
vertex 152.84 -40.67 2.2
endloop
endfacet
facet normal -0.88 -0.47 0
outer loop
vertex 152.74 -40.49 0
vertex 152.84 -40.67 2.2
vertex 152.74 -40.49 2.2
endloop
endfacet
facet normal -0.77 -0.63 0
outer loop
vertex 152.61 -40.33 0
vertex 152.74 -40.49 0
vertex 152.74 -40.49 2.2
endloop
endfacet
facet normal -0.77 -0.63 0
outer loop
vertex 152.61 -40.33 0
vertex 152.74 -40.49 2.2
vertex 152.61 -40.33 2.2
endloop
endfacet
facet normal -0.63 -0.77 0
outer loop
vertex 152.45 -40.20 0
vertex 152.61 -40.33 0
vertex 152.61 -40.33 2.2
endloop
endfacet
facet normal -0.63 -0.77 0
outer loop
vertex 152.45 -40.20 0
vertex 152.61 -40.33 2.2
vertex 152.45 -40.20 2.2
endloop
endfacet
facet normal -0.47 -0.88 0
outer loop
vertex 152.27 -40.10 0
vertex 152.45 -40.20 0
vertex 152.45 -40.20 2.2
endloop
endfacet
facet normal -0.47 -0.88 0
outer loop
vertex 152.27 -40.10 0
vertex 152.45 -40.20 2.2
vertex 152.27 -40.10 2.2
endloop
endfacet
facet normal -0.29 -0.96 0
outer loop
vertex 152.08 -40.04 0
vertex 152.27 -40.10 0
vertex 152.27 -40.10 2.2
endloop
endfacet
facet normal -0.29 -0.96 0
outer loop
vertex 152.08 -40.04 0
vertex 152.27 -40.10 2.2
vertex 152.08 -40.04 2.2
endloop
endfacet
facet normal -0.10 -1.00 0
outer loop
vertex 151.87 -40.02 0
vertex 152.08 -40.04 0
vertex 152.08 -40.04 2.2
endloop
endfacet
facet normal -0.10 -1.00 0
outer loop
vertex 151.87 -40.02 0
vertex 152.08 -40.04 2.2
vertex 151.87 -40.02 2.2
endloop
endfacet
facet normal 0.10 -1.00 0
outer loop
vertex 151.67 -40.04 0
vertex 151.87 -40.02 0
vertex 151.87 -40.02 2.2
endloop
endfacet
facet normal 0.10 -1.00 0
outer loop
vertex 151.67 -40.04 0
vertex 151.87 -40.02 2.2
vertex 151.67 -40.04 2.2
endloop
endfacet
facet normal 0.29 -0.96 0
outer loop
vertex 151.47 -40.10 0
vertex 151.67 -40.04 0
vertex 151.67 -40.04 2.2
endloop
endfacet
facet normal 0.29 -0.96 0
outer loop
vertex 151.47 -40.10 0
vertex 151.67 -40.04 2.2
vertex 151.47 -40.10 2.2
endloop
endfacet
facet normal 0.47 -0.88 0
outer loop
vertex 151.29 -40.20 0
vertex 151.47 -40.10 0
vertex 151.47 -40.10 2.2
endloop
endfacet
facet normal 0.47 -0.88 0
outer loop
vertex 151.29 -40.20 0
vertex 151.47 -40.10 2.2
vertex 151.29 -40.20 2.2
endloop
endfacet
facet normal 0.63 -0.77 0
outer loop
vertex 151.13 -40.33 0
vertex 151.29 -40.20 0
vertex 151.29 -40.20 2.2
endloop
endfacet
facet normal 0.63 -0.77 0
outer loop
vertex 151.13 -40.33 0
vertex 151.29 -40.20 2.2
vertex 151.13 -40.33 2.2
endloop
endfacet
facet normal 0.77 -0.63 0
outer loop
vertex 151.00 -40.49 0
vertex 151.13 -40.33 0
vertex 151.13 -40.33 2.2
endloop
endfacet
facet normal 0.77 -0.63 0
outer loop
vertex 151.00 -40.49 0
vertex 151.13 -40.33 2.2
vertex 151.00 -40.49 2.2
endloop
endfacet
facet normal 0.88 -0.47 0
outer loop
vertex 150.90 -40.67 0
vertex 151.00 -40.49 0
vertex 151.00 -40.49 2.2
endloop
endfacet
facet normal 0.88 -0.47 0
outer loop
vertex 150.90 -40.67 0
vertex 151.00 -40.49 2.2
vertex 150.90 -40.67 2.2
endloop
endfacet
facet normal 0.96 -0.29 0
outer loop
vertex 150.84 -40.86 0
vertex 150.90 -40.67 0
vertex 150.90 -40.67 2.2
endloop
endfacet
facet normal 0.96 -0.29 0
outer loop
vertex 150.84 -40.86 0
vertex 150.90 -40.67 2.2
vertex 150.84 -40.86 2.2
endloop
endfacet
facet normal 1.00 -0.10 0
outer loop
vertex 150.82 -41.07 0
vertex 150.84 -40.86 0
vertex 150.84 -40.86 2.2
endloop
endfacet
facet normal 1.00 -0.10 0
outer loop
vertex 150.82 -41.07 0
vertex 150.84 -40.86 2.2
vertex 150.82 -41.07 2.2
endloop
endfacet
facet normal 1.00 0.10 0
outer loop
vertex 150.84 -41.27 0
vertex 150.82 -41.07 0
vertex 150.82 -41.07 2.2
endloop
endfacet
facet normal 1.00 0.10 0
outer loop
vertex 150.84 -41.27 0
vertex 150.82 -41.07 2.2
vertex 150.84 -41.27 2.2
endloop
endfacet
facet normal 0.96 0.29 0
outer loop
vertex 150.90 -41.47 0
vertex 150.84 -41.27 0
vertex 150.84 -41.27 2.2
endloop
endfacet
facet normal 0.96 0.29 0
outer loop
vertex 150.90 -41.47 0
vertex 150.84 -41.27 2.2
vertex 150.90 -41.47 2.2
endloop
endfacet
facet normal 0.88 0.47 0
outer loop
vertex 151.00 -41.65 0
vertex 150.90 -41.47 0
vertex 150.90 -41.47 2.2
endloop
endfacet
facet normal 0.88 0.47 0
outer loop
vertex 151.00 -41.65 0
vertex 150.90 -41.47 2.2
vertex 151.00 -41.65 2.2
endloop
endfacet
facet normal 0.77 0.63 0
outer loop
vertex 151.13 -41.81 0
vertex 151.00 -41.65 0
vertex 151.00 -41.65 2.2
endloop
endfacet
facet normal 0.77 0.63 0
outer loop
vertex 151.13 -41.81 0
vertex 151.00 -41.65 2.2
vertex 151.13 -41.81 2.2
endloop
endfacet
facet normal 0.63 0.77 0
outer loop
vertex 151.29 -41.94 0
vertex 151.13 -41.81 0
vertex 151.13 -41.81 2.2
endloop
endfacet
facet normal 0.63 0.77 0
outer loop
vertex 151.29 -41.94 0
vertex 151.13 -41.81 2.2
vertex 151.29 -41.94 2.2
endloop
endfacet
facet normal 0.47 0.88 0
outer loop
vertex 151.47 -42.04 0
vertex 151.29 -41.94 0
vertex 151.29 -41.94 2.2
endloop
endfacet
facet normal 0.47 0.88 0
outer loop
vertex 151.47 -42.04 0
vertex 151.29 -41.94 2.2
vertex 151.47 -42.04 2.2
endloop
endfacet
facet normal 0.29 0.96 0
outer loop
vertex 151.67 -42.10 0
vertex 151.47 -42.04 0
vertex 151.47 -42.04 2.2
endloop
endfacet
facet normal 0.29 0.96 0
outer loop
vertex 151.67 -42.10 0
vertex 151.47 -42.04 2.2
vertex 151.67 -42.10 2.2
endloop
endfacet
facet normal 0.10 1.00 0
outer loop
vertex 151.87 -42.12 0
vertex 151.67 -42.10 0
vertex 151.67 -42.10 2.2
endloop
endfacet
facet normal 0.10 1.00 0
outer loop
vertex 151.87 -42.12 0
vertex 151.67 -42.10 2.2
vertex 151.87 -42.12 2.2
endloop
endfacet
facet normal -0.10 1.00 0
outer loop
vertex 152.08 -42.10 0
vertex 151.87 -42.12 0
vertex 151.87 -42.12 2.2
endloop
endfacet
facet normal -0.10 1.00 0
outer loop
vertex 152.08 -42.10 0
vertex 151.87 -42.12 2.2
vertex 152.08 -42.10 2.2
endloop
endfacet
facet normal -0.29 0.96 0
outer loop
vertex 152.27 -42.04 0
vertex 152.08 -42.10 0
vertex 152.08 -42.10 2.2
endloop
endfacet
facet normal -0.29 0.96 0
outer loop
vertex 152.27 -42.04 0
vertex 152.08 -42.10 2.2
vertex 152.27 -42.04 2.2
endloop
endfacet
facet normal -0.47 0.88 0
outer loop
vertex 152.45 -41.94 0
vertex 152.27 -42.04 0
vertex 152.27 -42.04 2.2
endloop
endfacet
facet normal -0.47 0.88 0
outer loop
vertex 152.45 -41.94 0
vertex 152.27 -42.04 2.2
vertex 152.45 -41.94 2.2
endloop
endfacet
facet normal -0.63 0.77 0
outer loop
vertex 152.61 -41.81 0
vertex 152.45 -41.94 0
vertex 152.45 -41.94 2.2
endloop
endfacet
facet normal -0.63 0.77 0
outer loop
vertex 152.61 -41.81 0
vertex 152.45 -41.94 2.2
vertex 152.61 -41.81 2.2
endloop
endfacet
facet normal -0.77 0.63 0
outer loop
vertex 152.74 -41.65 0
vertex 152.61 -41.81 0
vertex 152.61 -41.81 2.2
endloop
endfacet
facet normal -0.77 0.63 0
outer loop
vertex 152.74 -41.65 0
vertex 152.61 -41.81 2.2
vertex 152.74 -41.65 2.2
endloop
endfacet
facet normal -0.88 0.47 0
outer loop
vertex 152.84 -41.47 0
vertex 152.74 -41.65 0
vertex 152.74 -41.65 2.2
endloop
endfacet
facet normal -0.88 0.47 0
outer loop
vertex 152.84 -41.47 0
vertex 152.74 -41.65 2.2
vertex 152.84 -41.47 2.2
endloop
endfacet
facet normal -0.96 0.29 0
outer loop
vertex 152.90 -41.27 0
vertex 152.84 -41.47 0
vertex 152.84 -41.47 2.2
endloop
endfacet
facet normal -0.96 0.29 0
outer loop
vertex 152.90 -41.27 0
vertex 152.84 -41.47 2.2
vertex 152.90 -41.27 2.2
endloop
endfacet
facet normal 0.65 0.76 0
outer loop
vertex 150.84 -120.67 1
vertex 150.63 -120.49 1
vertex 150.63 -120.49 2.2
endloop
endfacet
facet normal 0.65 0.76 0
outer loop
vertex 150.84 -120.67 1
vertex 150.63 -120.49 2.2
vertex 150.84 -120.67 2.2
endloop
endfacet
facet normal 0.52 0.85 0
outer loop
vertex 151.08 -120.81 1
vertex 150.84 -120.67 1
vertex 150.84 -120.67 2.2
endloop
endfacet
facet normal 0.52 0.85 0
outer loop
vertex 151.08 -120.81 1
vertex 150.84 -120.67 2.2
vertex 151.08 -120.81 2.2
endloop
endfacet
facet normal 0.38 0.92 0
outer loop
vertex 151.33 -120.91 1
vertex 151.08 -120.81 1
vertex 151.08 -120.81 2.2
endloop
endfacet
facet normal 0.38 0.92 0
outer loop
vertex 151.33 -120.91 1
vertex 151.08 -120.81 2.2
vertex 151.33 -120.91 2.2
endloop
endfacet
facet normal 0.23 0.97 0
outer loop
vertex 151.60 -120.98 1
vertex 151.33 -120.91 1
vertex 151.33 -120.91 2.2
endloop
endfacet
facet normal 0.23 0.97 0
outer loop
vertex 151.60 -120.98 1
vertex 151.33 -120.91 2.2
vertex 151.60 -120.98 2.2
endloop
endfacet
facet normal 0.08 1.00 0
outer loop
vertex 151.87 -121.00 1
vertex 151.60 -120.98 1
vertex 151.60 -120.98 2.2
endloop
endfacet
facet normal 0.08 1.00 0
outer loop
vertex 151.87 -121.00 1
vertex 151.60 -120.98 2.2
vertex 151.87 -121.00 2.2
endloop
endfacet
facet normal -0.08 1.00 0
outer loop
vertex 152.14 -120.98 1
vertex 151.87 -121.00 1
vertex 151.87 -121.00 2.2
endloop
endfacet
facet normal -0.08 1.00 0
outer loop
vertex 152.14 -120.98 1
vertex 151.87 -121.00 2.2
vertex 152.14 -120.98 2.2
endloop
endfacet
facet normal -0.23 0.97 0
outer loop
vertex 152.41 -120.91 1
vertex 152.14 -120.98 1
vertex 152.14 -120.98 2.2
endloop
endfacet
facet normal -0.23 0.97 0
outer loop
vertex 152.41 -120.91 1
vertex 152.14 -120.98 2.2
vertex 152.41 -120.91 2.2
endloop
endfacet
facet normal -0.38 0.92 0
outer loop
vertex 152.66 -120.81 1
vertex 152.41 -120.91 1
vertex 152.41 -120.91 2.2
endloop
endfacet
facet normal -0.38 0.92 0
outer loop
vertex 152.66 -120.81 1
vertex 152.41 -120.91 2.2
vertex 152.66 -120.81 2.2
endloop
endfacet
facet normal -0.52 0.85 0
outer loop
vertex 152.90 -120.67 1
vertex 152.66 -120.81 1
vertex 152.66 -120.81 2.2
endloop
endfacet
facet normal -0.52 0.85 0
outer loop
vertex 152.90 -120.67 1
vertex 152.66 -120.81 2.2
vertex 152.90 -120.67 2.2
endloop
endfacet
facet normal -0.65 0.76 0
outer loop
vertex 153.11 -120.49 1
vertex 152.90 -120.67 1
vertex 152.90 -120.67 2.2
endloop
endfacet
facet normal -0.65 0.76 0
outer loop
vertex 153.11 -120.49 1
vertex 152.90 -120.67 2.2
vertex 153.11 -120.49 2.2
endloop
endfacet
facet normal -0.76 0.65 0
outer loop
vertex 156.82 -116.74 1
vertex 156.64 -116.95 1
vertex 156.64 -116.95 2.2
endloop
endfacet
facet normal -0.76 0.65 0
outer loop
vertex 156.82 -116.74 1
vertex 156.64 -116.95 2.2
vertex 156.82 -116.74 2.2
endloop
endfacet
facet normal -0.85 0.52 0
outer loop
vertex 156.97 -116.51 1
vertex 156.82 -116.74 1
vertex 156.82 -116.74 2.2
endloop
endfacet
facet normal -0.85 0.52 0
outer loop
vertex 156.97 -116.51 1
vertex 156.82 -116.74 2.2
vertex 156.97 -116.51 2.2
endloop
endfacet
facet normal -0.92 0.38 0
outer loop
vertex 157.07 -116.26 1
vertex 156.97 -116.51 1
vertex 156.97 -116.51 2.2
endloop
endfacet
facet normal -0.92 0.38 0
outer loop
vertex 157.07 -116.26 1
vertex 156.97 -116.51 2.2
vertex 157.07 -116.26 2.2
endloop
endfacet
facet normal -0.97 0.23 0
outer loop
vertex 157.13 -115.99 1
vertex 157.07 -116.26 1
vertex 157.07 -116.26 2.2
endloop
endfacet
facet normal -0.97 0.23 0
outer loop
vertex 157.13 -115.99 1
vertex 157.07 -116.26 2.2
vertex 157.13 -115.99 2.2
endloop
endfacet
facet normal -1.00 0.08 0
outer loop
vertex 157.16 -115.72 1
vertex 157.13 -115.99 1
vertex 157.13 -115.99 2.2
endloop
endfacet
facet normal -1.00 0.08 0
outer loop
vertex 157.16 -115.72 1
vertex 157.13 -115.99 2.2
vertex 157.16 -115.72 2.2
endloop
endfacet
facet normal -1.00 -0.08 0
outer loop
vertex 157.13 -115.44 1
vertex 157.16 -115.72 1
vertex 157.16 -115.72 2.2
endloop
endfacet
facet normal -1.00 -0.08 0
outer loop
vertex 157.13 -115.44 1
vertex 157.16 -115.72 2.2
vertex 157.13 -115.44 2.2
endloop
endfacet
facet normal -0.97 -0.23 0
outer loop
vertex 157.07 -115.17 1
vertex 157.13 -115.44 1
vertex 157.13 -115.44 2.2
endloop
endfacet
facet normal -0.97 -0.23 0
outer loop
vertex 157.07 -115.17 1
vertex 157.13 -115.44 2.2
vertex 157.07 -115.17 2.2
endloop
endfacet
facet normal -0.92 -0.38 0
outer loop
vertex 156.97 -114.92 1
vertex 157.07 -115.17 1
vertex 157.07 -115.17 2.2
endloop
endfacet
facet normal -0.92 -0.38 0
outer loop
vertex 156.97 -114.92 1
vertex 157.07 -115.17 2.2
vertex 156.97 -114.92 2.2
endloop
endfacet
facet normal -0.85 -0.52 0
outer loop
vertex 156.82 -114.69 1
vertex 156.97 -114.92 1
vertex 156.97 -114.92 2.2
endloop
endfacet
facet normal -0.85 -0.52 0
outer loop
vertex 156.82 -114.69 1
vertex 156.97 -114.92 2.2
vertex 156.82 -114.69 2.2
endloop
endfacet
facet normal -0.76 -0.65 0
outer loop
vertex 156.64 -114.48 1
vertex 156.82 -114.69 1
vertex 156.82 -114.69 2.2
endloop
endfacet
facet normal -0.76 -0.65 0
outer loop
vertex 156.64 -114.48 1
vertex 156.82 -114.69 2.2
vertex 156.64 -114.48 2.2
endloop
endfacet
facet normal 0 0 1
outer loop
vertex 153.11 -110.94 1
vertex 153.46 -111.30 1
vertex 155.58 -113.42 1
endloop
endfacet
facet normal 0 0 1
outer loop
vertex 153.11 -110.94 1
vertex 155.58 -113.42 1
vertex 156.64 -114.48 1
endloop
endfacet
facet normal 0 0 1
outer loop
vertex 153.11 -110.94 1
vertex 156.64 -114.48 1
vertex 156.64 -114.48 2.2
endloop
endfacet
facet normal 0 0 1
outer loop
vertex 153.11 -110.94 1
vertex 156.64 -114.48 2.2
vertex 153.11 -110.94 2.2
endloop
endfacet
facet normal -0.65 -0.76 0
outer loop
vertex 152.90 -110.76 1
vertex 153.11 -110.94 1
vertex 153.11 -110.94 2.2
endloop
endfacet
facet normal -0.65 -0.76 0
outer loop
vertex 152.90 -110.76 1
vertex 153.11 -110.94 2.2
vertex 152.90 -110.76 2.2
endloop
endfacet
facet normal -0.38 -0.92 0
outer loop
vertex 152.41 -110.52 1
vertex 152.66 -110.62 1
vertex 152.66 -110.62 2.2
endloop
endfacet
facet normal -0.38 -0.92 0
outer loop
vertex 152.41 -110.52 1
vertex 152.66 -110.62 2.2
vertex 152.41 -110.52 2.2
endloop
endfacet
facet normal -0.23 -0.97 0
outer loop
vertex 152.14 -110.45 1
vertex 152.41 -110.52 1
vertex 152.41 -110.52 2.2
endloop
endfacet
facet normal -0.23 -0.97 0
outer loop
vertex 152.14 -110.45 1
vertex 152.41 -110.52 2.2
vertex 152.14 -110.45 2.2
endloop
endfacet
facet normal -0.08 -1.00 0
outer loop
vertex 151.87 -110.43 1
vertex 152.14 -110.45 1
vertex 152.14 -110.45 2.2
endloop
endfacet
facet normal -0.08 -1.00 0
outer loop
vertex 151.87 -110.43 1
vertex 152.14 -110.45 2.2
vertex 151.87 -110.43 2.2
endloop
endfacet
facet normal 0.08 -1.00 0
outer loop
vertex 151.60 -110.45 1
vertex 151.87 -110.43 1
vertex 151.87 -110.43 2.2
endloop
endfacet
facet normal 0.08 -1.00 0
outer loop
vertex 151.60 -110.45 1
vertex 151.87 -110.43 2.2
vertex 151.60 -110.45 2.2
endloop
endfacet
facet normal 0.23 -0.97 0
outer loop
vertex 151.33 -110.52 1
vertex 151.60 -110.45 1
vertex 151.60 -110.45 2.2
endloop
endfacet
facet normal 0.23 -0.97 0
outer loop
vertex 151.33 -110.52 1
vertex 151.60 -110.45 2.2
vertex 151.33 -110.52 2.2
endloop
endfacet
facet normal 0.38 -0.92 0
outer loop
vertex 151.08 -110.62 1
vertex 151.33 -110.52 1
vertex 151.33 -110.52 2.2
endloop
endfacet
facet normal 0.38 -0.92 0
outer loop
vertex 151.08 -110.62 1
vertex 151.33 -110.52 2.2
vertex 151.08 -110.62 2.2
endloop
endfacet
facet normal 0.52 -0.85 0
outer loop
vertex 150.84 -110.76 1
vertex 151.08 -110.62 1
vertex 151.08 -110.62 2.2
endloop
endfacet
facet normal 0.52 -0.85 0
outer loop
vertex 150.84 -110.76 1
vertex 151.08 -110.62 2.2
vertex 150.84 -110.76 2.2
endloop
endfacet
facet normal 0.65 -0.76 0
outer loop
vertex 150.63 -110.94 1
vertex 150.84 -110.76 1
vertex 150.84 -110.76 2.2
endloop
endfacet
facet normal 0.65 -0.76 0
outer loop
vertex 150.63 -110.94 1
vertex 150.84 -110.76 2.2
vertex 150.63 -110.94 2.2
endloop
endfacet
facet normal 0.76 -0.65 0
outer loop
vertex 146.92 -114.69 1
vertex 147.10 -114.48 1
vertex 147.10 -114.48 2.2
endloop
endfacet
facet normal 0.76 -0.65 0
outer loop
vertex 146.92 -114.69 1
vertex 147.10 -114.48 2.2
vertex 146.92 -114.69 2.2
endloop
endfacet
facet normal 0.85 -0.52 0
outer loop
vertex 146.78 -114.92 1
vertex 146.92 -114.69 1
vertex 146.92 -114.69 2.2
endloop
endfacet
facet normal 0.85 -0.52 0
outer loop
vertex 146.78 -114.92 1
vertex 146.92 -114.69 2.2
vertex 146.78 -114.92 2.2
endloop
endfacet
facet normal 0.92 -0.38 0
outer loop
vertex 146.67 -115.17 1
vertex 146.78 -114.92 1
vertex 146.78 -114.92 2.2
endloop
endfacet
facet normal 0.92 -0.38 0
outer loop
vertex 146.67 -115.17 1
vertex 146.78 -114.92 2.2
vertex 146.67 -115.17 2.2
endloop
endfacet
facet normal 0.97 -0.23 0
outer loop
vertex 146.61 -115.44 1
vertex 146.67 -115.17 1
vertex 146.67 -115.17 2.2
endloop
endfacet
facet normal 0.97 -0.23 0
outer loop
vertex 146.61 -115.44 1
vertex 146.67 -115.17 2.2
vertex 146.61 -115.44 2.2
endloop
endfacet
facet normal 1.00 -0.08 0
outer loop
vertex 146.58 -115.72 1
vertex 146.61 -115.44 1
vertex 146.61 -115.44 2.2
endloop
endfacet
facet normal 1.00 -0.08 0
outer loop
vertex 146.58 -115.72 1
vertex 146.61 -115.44 2.2
vertex 146.58 -115.72 2.2
endloop
endfacet
facet normal 1.00 0.08 0
outer loop
vertex 146.61 -115.99 1
vertex 146.58 -115.72 1
vertex 146.58 -115.72 2.2
endloop
endfacet
facet normal 1.00 0.08 0
outer loop
vertex 146.61 -115.99 1
vertex 146.58 -115.72 2.2
vertex 146.61 -115.99 2.2
endloop
endfacet
facet normal 0.97 0.23 0
outer loop
vertex 146.67 -116.26 1
vertex 146.61 -115.99 1
vertex 146.61 -115.99 2.2
endloop
endfacet
facet normal 0.97 0.23 0
outer loop
vertex 146.67 -116.26 1
vertex 146.61 -115.99 2.2
vertex 146.67 -116.26 2.2
endloop
endfacet
facet normal 0.92 0.38 0
outer loop
vertex 146.78 -116.51 1
vertex 146.67 -116.26 1
vertex 146.67 -116.26 2.2
endloop
endfacet
facet normal 0.92 0.38 0
outer loop
vertex 146.78 -116.51 1
vertex 146.67 -116.26 2.2
vertex 146.78 -116.51 2.2
endloop
endfacet
facet normal 0.85 0.52 0
outer loop
vertex 146.92 -116.74 1
vertex 146.78 -116.51 1
vertex 146.78 -116.51 2.2
endloop
endfacet
facet normal 0.85 0.52 0
outer loop
vertex 146.92 -116.74 1
vertex 146.78 -116.51 2.2
vertex 146.92 -116.74 2.2
endloop
endfacet
facet normal 0.76 0.65 0
outer loop
vertex 147.10 -116.95 1
vertex 146.92 -116.74 1
vertex 146.92 -116.74 2.2
endloop
endfacet
facet normal 0.76 0.65 0
outer loop
vertex 147.10 -116.95 1
vertex 146.92 -116.74 2.2
vertex 147.10 -116.95 2.2
endloop
endfacet
facet normal 0 0 -1
outer loop
vertex 150.63 -120.49 1
vertex 150.28 -120.13 1
vertex 148.16 -118.01 1
endloop
endfacet
facet normal 0 0 -1
outer loop
vertex 150.63 -120.49 1
vertex 148.16 -118.01 1
vertex 147.10 -116.95 1
endloop
endfacet
facet normal 0 0 -1
outer loop
vertex 150.63 -120.49 1
vertex 147.10 -116.95 1
vertex 147.10 -116.95 2.2
endloop
endfacet
facet normal 0 0 -1
outer loop
vertex 150.63 -120.49 1
vertex 147.10 -116.95 2.2
vertex 150.63 -120.49 2.2
endloop
endfacet
facet normal -0.71 0.71 0
outer loop
vertex 156.64 -116.95 1
vertex 153.11 -120.49 1
vertex 153.11 -120.49 2.2
endloop
endfacet
facet normal -0.71 0.71 0
outer loop
vertex 156.64 -116.95 1
vertex 153.11 -120.49 2.2
vertex 156.64 -116.95 2.2
endloop
endfacet
facet normal -0.52 -0.85 0
outer loop
vertex 152.66 -110.62 1
vertex 152.90 -110.76 1
vertex 152.90 -110.76 2.2
endloop
endfacet
facet normal -0.52 -0.85 0
outer loop
vertex 152.66 -110.62 1
vertex 152.90 -110.76 2.2
vertex 152.66 -110.62 2.2
endloop
endfacet
facet normal 0.71 -0.71 0
outer loop
vertex 147.10 -114.48 1
vertex 150.63 -110.94 1
vertex 150.63 -110.94 2.2
endloop
endfacet
facet normal 0.71 -0.71 0
outer loop
vertex 147.10 -114.48 1
vertex 150.63 -110.94 2.2
vertex 147.10 -114.48 2.2
endloop
endfacet
facet normal 0 0 -1
outer loop
vertex 140.16 -64.10 1
vertex 140.44 -64.18 1
vertex 140.70 -64.32 1
endloop
endfacet
facet normal 0 0 -1
outer loop
vertex 140.16 -64.10 1
vertex 140.70 -64.32 1
vertex 140.93 -64.51 1
endloop
endfacet
facet normal 0 0 -1
outer loop
vertex 140.16 -64.10 1
vertex 140.93 -64.51 1
vertex 141.12 -64.74 1
endloop
endfacet
facet normal 0 0 -1
outer loop
vertex 140.16 -64.10 1
vertex 141.12 -64.74 1
vertex 141.26 -65.00 1
endloop
endfacet
facet normal 0 0 -1
outer loop
vertex 140.16 -64.10 1
vertex 141.26 -65.00 1
vertex 141.34 -65.28 1
endloop
endfacet
facet normal 0 0 -1
outer loop
vertex 140.16 -64.10 1
vertex 141.34 -65.28 1
vertex 141.37 -65.57 1
endloop
endfacet
facet normal 0 0 -1
outer loop
vertex 140.16 -64.10 1
vertex 141.37 -65.57 1
vertex 141.34 -65.86 1
endloop
endfacet
facet normal 0 0 -1
outer loop
vertex 140.16 -64.10 1
vertex 141.34 -65.86 1
vertex 141.26 -66.14 1
endloop
endfacet
facet normal 0 0 -1
outer loop
vertex 140.16 -64.10 1
vertex 141.26 -66.14 1
vertex 141.12 -66.40 1
endloop
endfacet
facet normal 0 0 -1
outer loop
vertex 140.16 -64.10 1
vertex 141.12 -66.40 1
vertex 140.93 -66.63 1
endloop
endfacet
facet normal 0 0 -1
outer loop
vertex 140.16 -64.10 1
vertex 140.93 -66.63 1
vertex 140.70 -66.82 1
endloop
endfacet
facet normal 0 0 -1
outer loop
vertex 140.16 -64.10 1
vertex 140.70 -66.82 1
vertex 140.44 -66.96 1
endloop
endfacet
facet normal 0 0 -1
outer loop
vertex 140.16 -64.10 1
vertex 140.44 -66.96 1
vertex 140.16 -67.04 1
endloop
endfacet
facet normal 0 0 -1
outer loop
vertex 140.16 -64.10 1
vertex 140.16 -67.04 1
vertex 139.87 -67.07 1
endloop
endfacet
facet normal 0 0 -1
outer loop
vertex 140.16 -64.10 1
vertex 139.87 -67.07 1
vertex 139.58 -67.04 1
endloop
endfacet
facet normal 0 0 -1
outer loop
vertex 140.16 -64.10 1
vertex 139.58 -67.04 1
vertex 139.30 -66.96 1
endloop
endfacet
facet normal 0 0 -1
outer loop
vertex 140.16 -64.10 1
vertex 139.30 -66.96 1
vertex 139.04 -66.82 1
endloop
endfacet
facet normal 0 0 -1
outer loop
vertex 140.16 -64.10 1
vertex 139.04 -66.82 1
vertex 138.81 -66.63 1
endloop
endfacet
facet normal 0 0 -1
outer loop
vertex 140.16 -64.10 1
vertex 138.81 -66.63 1
vertex 138.62 -66.40 1
endloop
endfacet
facet normal 0 0 -1
outer loop
vertex 140.16 -64.10 1
vertex 138.62 -66.40 1
vertex 138.48 -66.14 1
endloop
endfacet
facet normal 0 0 -1
outer loop
vertex 140.16 -64.10 1
vertex 138.48 -66.14 1
vertex 138.40 -65.86 1
endloop
endfacet
facet normal 0 0 -1
outer loop
vertex 140.16 -64.10 1
vertex 138.40 -65.86 1
vertex 138.37 -65.57 1
endloop
endfacet
facet normal 0 0 -1
outer loop
vertex 140.16 -64.10 1
vertex 138.37 -65.57 1
vertex 138.40 -65.28 1
endloop
endfacet
facet normal 0 0 -1
outer loop
vertex 140.16 -64.10 1
vertex 138.40 -65.28 1
vertex 138.48 -65.00 1
endloop
endfacet
facet normal 0 0 -1
outer loop
vertex 140.16 -64.10 1
vertex 138.48 -65.00 1
vertex 138.62 -64.74 1
endloop
endfacet
facet normal 0 0 -1
outer loop
vertex 140.16 -64.10 1
vertex 138.62 -64.74 1
vertex 138.81 -64.51 1
endloop
endfacet
facet normal 0 0 -1
outer loop
vertex 140.16 -64.10 1
vertex 138.81 -64.51 1
vertex 139.04 -64.32 1
endloop
endfacet
facet normal 0 0 -1
outer loop
vertex 140.16 -64.10 1
vertex 139.04 -64.32 1
vertex 139.30 -64.18 1
endloop
endfacet
facet normal 0 0 -1
outer loop
vertex 140.16 -64.10 1
vertex 139.30 -64.18 1
vertex 139.58 -64.10 1
endloop
endfacet
facet normal 0 0 -1
outer loop
vertex 140.16 -64.10 1
vertex 139.58 -64.10 1
vertex 139.87 -64.07 1
endloop
endfacet
facet normal 0 0 -1
outer loop
vertex 144.16 -64.10 1
vertex 144.44 -64.18 1
vertex 144.70 -64.32 1
endloop
endfacet
facet normal 0 0 -1
outer loop
vertex 144.16 -64.10 1
vertex 144.70 -64.32 1
vertex 144.93 -64.51 1
endloop
endfacet
facet normal 0 0 -1
outer loop
vertex 144.16 -64.10 1
vertex 144.93 -64.51 1
vertex 145.12 -64.74 1
endloop
endfacet
facet normal 0 0 -1
outer loop
vertex 144.16 -64.10 1
vertex 145.12 -64.74 1
vertex 145.26 -65.00 1
endloop
endfacet
facet normal 0 0 -1
outer loop
vertex 144.16 -64.10 1
vertex 145.26 -65.00 1
vertex 145.34 -65.28 1
endloop
endfacet
facet normal 0 0 -1
outer loop
vertex 144.16 -64.10 1
vertex 145.34 -65.28 1
vertex 145.37 -65.57 1
endloop
endfacet
facet normal 0 0 -1
outer loop
vertex 144.16 -64.10 1
vertex 145.37 -65.57 1
vertex 145.34 -65.86 1
endloop
endfacet
facet normal 0 0 -1
outer loop
vertex 144.16 -64.10 1
vertex 145.34 -65.86 1
vertex 145.26 -66.14 1
endloop
endfacet
facet normal 0 0 -1
outer loop
vertex 144.16 -64.10 1
vertex 145.26 -66.14 1
vertex 145.12 -66.40 1
endloop
endfacet
facet normal 0 0 -1
outer loop
vertex 144.16 -64.10 1
vertex 145.12 -66.40 1
vertex 144.93 -66.63 1
endloop
endfacet
facet normal 0 0 -1
outer loop
vertex 144.16 -64.10 1
vertex 144.93 -66.63 1
vertex 144.70 -66.82 1
endloop
endfacet
facet normal 0 0 -1
outer loop
vertex 144.16 -64.10 1
vertex 144.70 -66.82 1
vertex 144.44 -66.96 1
endloop
endfacet
facet normal 0 0 -1
outer loop
vertex 144.16 -64.10 1
vertex 144.44 -66.96 1
vertex 144.16 -67.04 1
endloop
endfacet
facet normal 0 0 -1
outer loop
vertex 144.16 -64.10 1
vertex 144.16 -67.04 1
vertex 143.87 -67.07 1
endloop
endfacet
facet normal 0 0 -1
outer loop
vertex 144.16 -64.10 1
vertex 143.87 -67.07 1
vertex 143.58 -67.04 1
endloop
endfacet
facet normal 0 0 -1
outer loop
vertex 144.16 -64.10 1
vertex 143.58 -67.04 1
vertex 143.30 -66.96 1
endloop
endfacet
facet normal 0 0 -1
outer loop
vertex 144.16 -64.10 1
vertex 143.30 -66.96 1
vertex 143.04 -66.82 1
endloop
endfacet
facet normal 0 0 -1
outer loop
vertex 144.16 -64.10 1
vertex 143.04 -66.82 1
vertex 142.81 -66.63 1
endloop
endfacet
facet normal 0 0 -1
outer loop
vertex 144.16 -64.10 1
vertex 142.81 -66.63 1
vertex 142.62 -66.40 1
endloop
endfacet
facet normal 0 0 -1
outer loop
vertex 144.16 -64.10 1
vertex 142.62 -66.40 1
vertex 142.48 -66.14 1
endloop
endfacet
facet normal 0 0 -1
outer loop
vertex 144.16 -64.10 1
vertex 142.48 -66.14 1
vertex 142.40 -65.86 1
endloop
endfacet
facet normal 0 0 -1
outer loop
vertex 144.16 -64.10 1
vertex 142.40 -65.86 1
vertex 142.37 -65.57 1
endloop
endfacet
facet normal 0 0 -1
outer loop
vertex 144.16 -64.10 1
vertex 142.37 -65.57 1
vertex 142.40 -65.28 1
endloop
endfacet
facet normal 0 0 -1
outer loop
vertex 144.16 -64.10 1
vertex 142.40 -65.28 1
vertex 142.48 -65.00 1
endloop
endfacet
facet normal 0 0 -1
outer loop
vertex 144.16 -64.10 1
vertex 142.48 -65.00 1
vertex 142.62 -64.74 1
endloop
endfacet
facet normal 0 0 -1
outer loop
vertex 144.16 -64.10 1
vertex 142.62 -64.74 1
vertex 142.81 -64.51 1
endloop
endfacet
facet normal 0 0 -1
outer loop
vertex 144.16 -64.10 1
vertex 142.81 -64.51 1
vertex 143.04 -64.32 1
endloop
endfacet
facet normal 0 0 -1
outer loop
vertex 144.16 -64.10 1
vertex 143.04 -64.32 1
vertex 143.30 -64.18 1
endloop
endfacet
facet normal 0 0 -1
outer loop
vertex 144.16 -64.10 1
vertex 143.30 -64.18 1
vertex 143.58 -64.10 1
endloop
endfacet
facet normal 0 0 -1
outer loop
vertex 144.16 -64.10 1
vertex 143.58 -64.10 1
vertex 143.87 -64.07 1
endloop
endfacet
facet normal 0 0 -1
outer loop
vertex 148.16 -64.10 1
vertex 148.44 -64.18 1
vertex 148.70 -64.32 1
endloop
endfacet
facet normal 0 0 -1
outer loop
vertex 148.16 -64.10 1
vertex 148.70 -64.32 1
vertex 148.93 -64.51 1
endloop
endfacet
facet normal 0 0 -1
outer loop
vertex 148.16 -64.10 1
vertex 148.93 -64.51 1
vertex 149.12 -64.74 1
endloop
endfacet
facet normal 0 0 -1
outer loop
vertex 148.16 -64.10 1
vertex 149.12 -64.74 1
vertex 149.26 -65.00 1
endloop
endfacet
facet normal 0 0 -1
outer loop
vertex 148.16 -64.10 1
vertex 149.26 -65.00 1
vertex 149.34 -65.28 1
endloop
endfacet
facet normal 0 0 -1
outer loop
vertex 148.16 -64.10 1
vertex 149.34 -65.28 1
vertex 149.37 -65.57 1
endloop
endfacet
facet normal 0 0 -1
outer loop
vertex 148.16 -64.10 1
vertex 149.37 -65.57 1
vertex 149.34 -65.86 1
endloop
endfacet
facet normal 0 0 -1
outer loop
vertex 148.16 -64.10 1
vertex 149.34 -65.86 1
vertex 149.26 -66.14 1
endloop
endfacet
facet normal 0 0 -1
outer loop
vertex 148.16 -64.10 1
vertex 149.26 -66.14 1
vertex 149.12 -66.40 1
endloop
endfacet
facet normal 0 0 -1
outer loop
vertex 148.16 -64.10 1
vertex 149.12 -66.40 1
vertex 148.93 -66.63 1
endloop
endfacet
facet normal 0 0 -1
outer loop
vertex 148.16 -64.10 1
vertex 148.93 -66.63 1
vertex 148.70 -66.82 1
endloop
endfacet
facet normal 0 0 -1
outer loop
vertex 148.16 -64.10 1
vertex 148.70 -66.82 1
vertex 148.44 -66.96 1
endloop
endfacet
facet normal 0 0 -1
outer loop
vertex 148.16 -64.10 1
vertex 148.44 -66.96 1
vertex 148.16 -67.04 1
endloop
endfacet
facet normal 0 0 -1
outer loop
vertex 148.16 -64.10 1
vertex 148.16 -67.04 1
vertex 147.87 -67.07 1
endloop
endfacet
facet normal 0 0 -1
outer loop
vertex 148.16 -64.10 1
vertex 147.87 -67.07 1
vertex 147.58 -67.04 1
endloop
endfacet
facet normal 0 0 -1
outer loop
vertex 148.16 -64.10 1
vertex 147.58 -67.04 1
vertex 147.30 -66.96 1
endloop
endfacet
facet normal 0 0 -1
outer loop
vertex 148.16 -64.10 1
vertex 147.30 -66.96 1
vertex 147.04 -66.82 1
endloop
endfacet
facet normal 0 0 -1
outer loop
vertex 148.16 -64.10 1
vertex 147.04 -66.82 1
vertex 146.81 -66.63 1
endloop
endfacet
facet normal 0 0 -1
outer loop
vertex 148.16 -64.10 1
vertex 146.81 -66.63 1
vertex 146.62 -66.40 1
endloop
endfacet
facet normal 0 0 -1
outer loop
vertex 148.16 -64.10 1
vertex 146.62 -66.40 1
vertex 146.48 -66.14 1
endloop
endfacet
facet normal 0 0 -1
outer loop
vertex 148.16 -64.10 1
vertex 146.48 -66.14 1
vertex 146.40 -65.86 1
endloop
endfacet
facet normal 0 0 -1
outer loop
vertex 148.16 -64.10 1
vertex 146.40 -65.86 1
vertex 146.37 -65.57 1
endloop
endfacet
facet normal 0 0 -1
outer loop
vertex 148.16 -64.10 1
vertex 146.37 -65.57 1
vertex 146.40 -65.28 1
endloop
endfacet
facet normal 0 0 -1
outer loop
vertex 148.16 -64.10 1
vertex 146.40 -65.28 1
vertex 146.48 -65.00 1
endloop
endfacet
facet normal 0 0 -1
outer loop
vertex 148.16 -64.10 1
vertex 146.48 -65.00 1
vertex 146.62 -64.74 1
endloop
endfacet
facet normal 0 0 -1
outer loop
vertex 148.16 -64.10 1
vertex 146.62 -64.74 1
vertex 146.81 -64.51 1
endloop
endfacet
facet normal 0 0 -1
outer loop
vertex 148.16 -64.10 1
vertex 146.81 -64.51 1
vertex 147.04 -64.32 1
endloop
endfacet
facet normal 0 0 -1
outer loop
vertex 148.16 -64.10 1
vertex 147.04 -64.32 1
vertex 147.30 -64.18 1
endloop
endfacet
facet normal 0 0 -1
outer loop
vertex 148.16 -64.10 1
vertex 147.30 -64.18 1
vertex 147.58 -64.10 1
endloop
endfacet
facet normal 0 0 -1
outer loop
vertex 148.16 -64.10 1
vertex 147.58 -64.10 1
vertex 147.87 -64.07 1
endloop
endfacet
facet normal 0 0 -1
outer loop
vertex 152.16 -64.10 1
vertex 152.44 -64.18 1
vertex 152.70 -64.32 1
endloop
endfacet
facet normal 0 0 -1
outer loop
vertex 152.16 -64.10 1
vertex 152.70 -64.32 1
vertex 152.93 -64.51 1
endloop
endfacet
facet normal 0 0 -1
outer loop
vertex 152.16 -64.10 1
vertex 152.93 -64.51 1
vertex 153.12 -64.74 1
endloop
endfacet
facet normal 0 0 -1
outer loop
vertex 152.16 -64.10 1
vertex 153.12 -64.74 1
vertex 153.26 -65.00 1
endloop
endfacet
facet normal 0 0 -1
outer loop
vertex 152.16 -64.10 1
vertex 153.26 -65.00 1
vertex 153.34 -65.28 1
endloop
endfacet
facet normal 0 0 -1
outer loop
vertex 152.16 -64.10 1
vertex 153.34 -65.28 1
vertex 153.37 -65.57 1
endloop
endfacet
facet normal 0 0 -1
outer loop
vertex 152.16 -64.10 1
vertex 153.37 -65.57 1
vertex 153.34 -65.86 1
endloop
endfacet
facet normal 0 0 -1
outer loop
vertex 152.16 -64.10 1
vertex 153.34 -65.86 1
vertex 153.26 -66.14 1
endloop
endfacet
facet normal 0 0 -1
outer loop
vertex 152.16 -64.10 1
vertex 153.26 -66.14 1
vertex 153.12 -66.40 1
endloop
endfacet
facet normal 0 0 -1
outer loop
vertex 152.16 -64.10 1
vertex 153.12 -66.40 1
vertex 152.93 -66.63 1
endloop
endfacet
facet normal 0 0 -1
outer loop
vertex 152.16 -64.10 1
vertex 152.93 -66.63 1
vertex 152.70 -66.82 1
endloop
endfacet
facet normal 0 0 -1
outer loop
vertex 152.16 -64.10 1
vertex 152.70 -66.82 1
vertex 152.44 -66.96 1
endloop
endfacet
facet normal 0 0 -1
outer loop
vertex 152.16 -64.10 1
vertex 152.44 -66.96 1
vertex 152.16 -67.04 1
endloop
endfacet
facet normal 0 0 -1
outer loop
vertex 152.16 -64.10 1
vertex 152.16 -67.04 1
vertex 151.87 -67.07 1
endloop
endfacet
facet normal 0 0 -1
outer loop
vertex 152.16 -64.10 1
vertex 151.87 -67.07 1
vertex 151.58 -67.04 1
endloop
endfacet
facet normal 0 0 -1
outer loop
vertex 152.16 -64.10 1
vertex 151.58 -67.04 1
vertex 151.30 -66.96 1
endloop
endfacet
facet normal 0 0 -1
outer loop
vertex 152.16 -64.10 1
vertex 151.30 -66.96 1
vertex 151.04 -66.82 1
endloop
endfacet
facet normal 0 0 -1
outer loop
vertex 152.16 -64.10 1
vertex 151.04 -66.82 1
vertex 150.81 -66.63 1
endloop
endfacet
facet normal 0 0 -1
outer loop
vertex 152.16 -64.10 1
vertex 150.81 -66.63 1
vertex 150.62 -66.40 1
endloop
endfacet
facet normal 0 0 -1
outer loop
vertex 152.16 -64.10 1
vertex 150.62 -66.40 1
vertex 150.48 -66.14 1
endloop
endfacet
facet normal 0 0 -1
outer loop
vertex 152.16 -64.10 1
vertex 150.48 -66.14 1
vertex 150.40 -65.86 1
endloop
endfacet
facet normal 0 0 -1
outer loop
vertex 152.16 -64.10 1
vertex 150.40 -65.86 1
vertex 150.37 -65.57 1
endloop
endfacet
facet normal 0 0 -1
outer loop
vertex 152.16 -64.10 1
vertex 150.37 -65.57 1
vertex 150.40 -65.28 1
endloop
endfacet
facet normal 0 0 -1
outer loop
vertex 152.16 -64.10 1
vertex 150.40 -65.28 1
vertex 150.48 -65.00 1
endloop
endfacet
facet normal 0 0 -1
outer loop
vertex 152.16 -64.10 1
vertex 150.48 -65.00 1
vertex 150.62 -64.74 1
endloop
endfacet
facet normal 0 0 -1
outer loop
vertex 152.16 -64.10 1
vertex 150.62 -64.74 1
vertex 150.81 -64.51 1
endloop
endfacet
facet normal 0 0 -1
outer loop
vertex 152.16 -64.10 1
vertex 150.81 -64.51 1
vertex 151.04 -64.32 1
endloop
endfacet
facet normal 0 0 -1
outer loop
vertex 152.16 -64.10 1
vertex 151.04 -64.32 1
vertex 151.30 -64.18 1
endloop
endfacet
facet normal 0 0 -1
outer loop
vertex 152.16 -64.10 1
vertex 151.30 -64.18 1
vertex 151.58 -64.10 1
endloop
endfacet
facet normal 0 0 -1
outer loop
vertex 152.16 -64.10 1
vertex 151.58 -64.10 1
vertex 151.87 -64.07 1
endloop
endfacet
facet normal 0 0 -1
outer loop
vertex 152.00 -109.62 1
vertex 152.26 -109.67 1
vertex 152.50 -109.76 1
endloop
endfacet
facet normal 0 0 -1
outer loop
vertex 152.00 -109.62 1
vertex 152.50 -109.76 1
vertex 152.73 -109.89 1
endloop
endfacet
facet normal 0 0 -1
outer loop
vertex 152.00 -109.62 1
vertex 152.73 -109.89 1
vertex 152.93 -110.06 1
endloop
endfacet
facet normal 0 0 -1
outer loop
vertex 152.00 -109.62 1
vertex 152.93 -110.06 1
vertex 152.93 -110.06 1
endloop
endfacet
facet normal 0 0 -1
outer loop
vertex 152.00 -109.62 1
vertex 152.93 -110.06 1
vertex 153.30 -110.43 1
endloop
endfacet
facet normal 0 0 -1
outer loop
vertex 152.00 -109.62 1
vertex 153.30 -110.43 1
vertex 151.87 -110.43 1
endloop
endfacet
facet normal 0 0 -1
outer loop
vertex 152.00 -109.62 1
vertex 151.87 -110.43 1
vertex 150.44 -110.43 1
endloop
endfacet
facet normal 0 0 -1
outer loop
vertex 152.00 -109.62 1
vertex 150.44 -110.43 1
vertex 150.81 -110.06 1
endloop
endfacet
facet normal 0 0 -1
outer loop
vertex 152.00 -109.62 1
vertex 150.81 -110.06 1
vertex 151.01 -109.89 1
endloop
endfacet
facet normal 0 0 -1
outer loop
vertex 152.00 -109.62 1
vertex 151.01 -109.89 1
vertex 151.24 -109.76 1
endloop
endfacet
facet normal 0 0 -1
outer loop
vertex 152.00 -109.62 1
vertex 151.24 -109.76 1
vertex 151.48 -109.67 1
endloop
endfacet
facet normal 0 0 -1
outer loop
vertex 152.00 -109.62 1
vertex 151.48 -109.67 1
vertex 151.74 -109.62 1
endloop
endfacet
facet normal 0 0 -1
outer loop
vertex 151.87 -110.43 1
vertex 151.60 -110.45 1
vertex 150.42 -110.45 1
endloop
endfacet
facet normal 0 0 -1
outer loop
vertex 151.87 -110.43 1
vertex 150.42 -110.45 1
vertex 150.44 -110.43 1
endloop
endfacet
facet normal 0 0 -1
outer loop
vertex 153.30 -110.43 1
vertex 153.32 -110.45 1
vertex 152.14 -110.45 1
endloop
endfacet
facet normal 0 0 -1
outer loop
vertex 153.30 -110.43 1
vertex 152.14 -110.45 1
vertex 151.87 -110.43 1
endloop
endfacet
facet normal 0 0 -1
outer loop
vertex 151.60 -110.45 1
vertex 151.33 -110.52 1
vertex 150.35 -110.52 1
endloop
endfacet
facet normal 0 0 -1
outer loop
vertex 151.60 -110.45 1
vertex 150.35 -110.52 1
vertex 150.42 -110.45 1
endloop
endfacet
facet normal 0 0 -1
outer loop
vertex 153.32 -110.45 1
vertex 153.39 -110.52 1
vertex 152.41 -110.52 1
endloop
endfacet
facet normal 0 0 -1
outer loop
vertex 153.32 -110.45 1
vertex 152.41 -110.52 1
vertex 152.14 -110.45 1
endloop
endfacet
facet normal 0 0 -1
outer loop
vertex 151.33 -110.52 1
vertex 151.08 -110.62 1
vertex 150.25 -110.62 1
endloop
endfacet
facet normal 0 0 -1
outer loop
vertex 151.33 -110.52 1
vertex 150.25 -110.62 1
vertex 150.35 -110.52 1
endloop
endfacet
facet normal 0 0 -1
outer loop
vertex 153.39 -110.52 1
vertex 153.49 -110.62 1
vertex 152.66 -110.62 1
endloop
endfacet
facet normal 0 0 -1
outer loop
vertex 153.39 -110.52 1
vertex 152.66 -110.62 1
vertex 152.41 -110.52 1
endloop
endfacet
facet normal 0 0 -1
outer loop
vertex 151.08 -110.62 1
vertex 150.84 -110.76 1
vertex 150.10 -110.76 1
endloop
endfacet
facet normal 0 0 -1
outer loop
vertex 151.08 -110.62 1
vertex 150.10 -110.76 1
vertex 150.25 -110.62 1
endloop
endfacet
facet normal 0 0 -1
outer loop
vertex 153.49 -110.62 1
vertex 153.64 -110.76 1
vertex 152.90 -110.76 1
endloop
endfacet
facet normal 0 0 -1
outer loop
vertex 153.49 -110.62 1
vertex 152.90 -110.76 1
vertex 152.66 -110.62 1
endloop
endfacet
facet normal 0 0 -1
outer loop
vertex 153.64 -110.76 1
vertex 153.81 -110.94 1
vertex 153.11 -110.94 1
endloop
endfacet
facet normal 0 0 -1
outer loop
vertex 153.64 -110.76 1
vertex 153.11 -110.94 1
vertex 152.90 -110.76 1
endloop
endfacet
facet normal 0 0 -1
outer loop
vertex 150.84 -110.76 1
vertex 150.63 -110.94 1
vertex 149.93 -110.94 1
endloop
endfacet
facet normal 0 0 -1
outer loop
vertex 150.84 -110.76 1
vertex 149.93 -110.94 1
vertex 150.10 -110.76 1
endloop
endfacet
facet normal 0 0 -1
outer loop
vertex 153.81 -110.94 1
vertex 154.17 -111.30 1
vertex 153.46 -111.30 1
endloop
endfacet
facet normal 0 0 -1
outer loop
vertex 153.81 -110.94 1
vertex 153.46 -111.30 1
vertex 153.11 -110.94 1
endloop
endfacet
facet normal 0 0 -1
outer loop
vertex 156.64 -111.30 1
vertex 154.17 -111.30 1
vertex 155.41 -110.06 1
endloop
endfacet
facet normal 0 0 -1
outer loop
vertex 154.17 -111.30 1
vertex 156.64 -111.30 1
vertex 157.53 -112.18 1
endloop
endfacet
facet normal 0 0 -1
outer loop
vertex 154.17 -111.30 1
vertex 157.53 -112.18 1
vertex 156.29 -113.42 1
endloop
endfacet
facet normal 0 0 -1
outer loop
vertex 154.17 -111.30 1
vertex 156.29 -113.42 1
vertex 155.58 -113.42 1
endloop
endfacet
facet normal 0 0 -1
outer loop
vertex 154.17 -111.30 1
vertex 155.58 -113.42 1
vertex 153.46 -111.30 1
endloop
endfacet
facet normal 0 0 -1
outer loop
vertex 156.29 -113.42 1
vertex 157.35 -114.48 1
vertex 156.64 -114.48 1
endloop
endfacet
facet normal 0 0 -1
outer loop
vertex 156.29 -113.42 1
vertex 156.64 -114.48 1
vertex 155.58 -113.42 1
endloop
endfacet
facet normal 0 0 -1
outer loop
vertex 150.63 -110.94 1
vertex 147.10 -114.48 1
vertex 146.39 -114.48 1
endloop
endfacet
facet normal 0 0 -1
outer loop
vertex 150.63 -110.94 1
vertex 146.39 -114.48 1
vertex 149.93 -110.94 1
endloop
endfacet
facet normal 0 0 -1
outer loop
vertex 147.10 -114.48 1
vertex 146.92 -114.69 1
vertex 146.19 -114.69 1
endloop
endfacet
facet normal 0 0 -1
outer loop
vertex 147.10 -114.48 1
vertex 146.19 -114.69 1
vertex 146.21 -114.65 1
endloop
endfacet
facet normal 0 0 -1
outer loop
vertex 147.10 -114.48 1
vertex 146.21 -114.65 1
vertex 146.39 -114.48 1
endloop
endfacet
facet normal 0 0 -1
outer loop
vertex 157.35 -114.48 1
vertex 157.53 -114.65 1
vertex 157.55 -114.69 1
endloop
endfacet
facet normal 0 0 -1
outer loop
vertex 157.35 -114.48 1
vertex 157.55 -114.69 1
vertex 156.82 -114.69 1
endloop
endfacet
facet normal 0 0 -1
outer loop
vertex 157.35 -114.48 1
vertex 156.82 -114.69 1
vertex 156.64 -114.48 1
endloop
endfacet
facet normal 0 0 -1
outer loop
vertex 146.92 -114.69 1
vertex 146.78 -114.92 1
vertex 146.01 -114.92 1
endloop
endfacet
facet normal 0 0 -1
outer loop
vertex 146.92 -114.69 1
vertex 146.01 -114.92 1
vertex 146.05 -114.85 1
endloop
endfacet
facet normal 0 0 -1
outer loop
vertex 146.92 -114.69 1
vertex 146.05 -114.85 1
vertex 146.19 -114.69 1
endloop
endfacet
facet normal 0 0 -1
outer loop
vertex 157.55 -114.69 1
vertex 157.70 -114.85 1
vertex 157.73 -114.92 1
endloop
endfacet
facet normal 0 0 -1
outer loop
vertex 157.55 -114.69 1
vertex 157.73 -114.92 1
vertex 156.97 -114.92 1
endloop
endfacet
facet normal 0 0 -1
outer loop
vertex 157.55 -114.69 1
vertex 156.97 -114.92 1
vertex 156.82 -114.69 1
endloop
endfacet
facet normal 0 0 -1
outer loop
vertex 146.78 -114.92 1
vertex 146.67 -115.17 1
vertex 145.88 -115.17 1
endloop
endfacet
facet normal 0 0 -1
outer loop
vertex 146.78 -114.92 1
vertex 145.88 -115.17 1
vertex 145.91 -115.08 1
endloop
endfacet
facet normal 0 0 -1
outer loop
vertex 146.78 -114.92 1
vertex 145.91 -115.08 1
vertex 146.01 -114.92 1
endloop
endfacet
facet normal 0 0 -1
outer loop
vertex 157.73 -114.92 1
vertex 157.83 -115.08 1
vertex 157.86 -115.17 1
endloop
endfacet
facet normal 0 0 -1
outer loop
vertex 157.73 -114.92 1
vertex 157.86 -115.17 1
vertex 157.07 -115.17 1
endloop
endfacet
facet normal 0 0 -1
outer loop
vertex 157.73 -114.92 1
vertex 157.07 -115.17 1
vertex 156.97 -114.92 1
endloop
endfacet
facet normal 0 0 -1
outer loop
vertex 146.67 -115.17 1
vertex 146.61 -115.44 1
vertex 145.80 -115.44 1
endloop
endfacet
facet normal 0 0 -1
outer loop
vertex 146.67 -115.17 1
vertex 145.80 -115.44 1
vertex 145.83 -115.33 1
endloop
endfacet
facet normal 0 0 -1
outer loop
vertex 146.67 -115.17 1
vertex 145.83 -115.33 1
vertex 145.88 -115.17 1
endloop
endfacet
facet normal 0 0 -1
outer loop
vertex 157.86 -115.17 1
vertex 157.92 -115.33 1
vertex 157.94 -115.44 1
endloop
endfacet
facet normal 0 0 -1
outer loop
vertex 157.86 -115.17 1
vertex 157.94 -115.44 1
vertex 157.13 -115.44 1
endloop
endfacet
facet normal 0 0 -1
outer loop
vertex 157.86 -115.17 1
vertex 157.13 -115.44 1
vertex 157.07 -115.17 1
endloop
endfacet
facet normal 0 0 -1
outer loop
vertex 146.61 -115.44 1
vertex 146.58 -115.72 1
vertex 145.78 -115.72 1
endloop
endfacet
facet normal 0 0 -1
outer loop
vertex 146.61 -115.44 1
vertex 145.78 -115.72 1
vertex 145.78 -115.58 1
endloop
endfacet
facet normal 0 0 -1
outer loop
vertex 146.61 -115.44 1
vertex 145.78 -115.58 1
vertex 145.80 -115.44 1
endloop
endfacet
facet normal 0 0 -1
outer loop
vertex 157.94 -115.44 1
vertex 157.96 -115.58 1
vertex 157.96 -115.72 1
endloop
endfacet
facet normal 0 0 -1
outer loop
vertex 157.94 -115.44 1
vertex 157.96 -115.72 1
vertex 157.16 -115.72 1
endloop
endfacet
facet normal 0 0 -1
outer loop
vertex 157.94 -115.44 1
vertex 157.16 -115.72 1
vertex 157.13 -115.44 1
endloop
endfacet
facet normal 0 0 -1
outer loop
vertex 146.58 -115.72 1
vertex 146.61 -115.99 1
vertex 145.80 -115.99 1
endloop
endfacet
facet normal 0 0 -1
outer loop
vertex 146.58 -115.72 1
vertex 145.80 -115.99 1
vertex 145.78 -115.85 1
endloop
endfacet
facet normal 0 0 -1
outer loop
vertex 146.58 -115.72 1
vertex 145.78 -115.85 1
vertex 145.78 -115.72 1
endloop
endfacet
facet normal 0 0 -1
outer loop
vertex 157.96 -115.72 1
vertex 157.96 -115.85 1
vertex 157.94 -115.99 1
endloop
endfacet
facet normal 0 0 -1
outer loop
vertex 157.96 -115.72 1
vertex 157.94 -115.99 1
vertex 157.13 -115.99 1
endloop
endfacet
facet normal 0 0 -1
outer loop
vertex 157.96 -115.72 1
vertex 157.13 -115.99 1
vertex 157.16 -115.72 1
endloop
endfacet
facet normal 0 0 -1
outer loop
vertex 146.61 -115.99 1
vertex 146.67 -116.26 1
vertex 145.88 -116.26 1
endloop
endfacet
facet normal 0 0 -1
outer loop
vertex 146.61 -115.99 1
vertex 145.88 -116.26 1
vertex 145.83 -116.10 1
endloop
endfacet
facet normal 0 0 -1
outer loop
vertex 146.61 -115.99 1
vertex 145.83 -116.10 1
vertex 145.80 -115.99 1
endloop
endfacet
facet normal 0 0 -1
outer loop
vertex 157.94 -115.99 1
vertex 157.92 -116.10 1
vertex 157.86 -116.26 1
endloop
endfacet
facet normal 0 0 -1
outer loop
vertex 157.94 -115.99 1
vertex 157.86 -116.26 1
vertex 157.07 -116.26 1
endloop
endfacet
facet normal 0 0 -1
outer loop
vertex 157.94 -115.99 1
vertex 157.07 -116.26 1
vertex 157.13 -115.99 1
endloop
endfacet
facet normal 0 0 -1
outer loop
vertex 146.67 -116.26 1
vertex 146.78 -116.51 1
vertex 146.01 -116.51 1
endloop
endfacet
facet normal 0 0 -1
outer loop
vertex 146.67 -116.26 1
vertex 146.01 -116.51 1
vertex 145.91 -116.35 1
endloop
endfacet
facet normal 0 0 -1
outer loop
vertex 146.67 -116.26 1
vertex 145.91 -116.35 1
vertex 145.88 -116.26 1
endloop
endfacet
facet normal 0 0 -1
outer loop
vertex 157.86 -116.26 1
vertex 157.83 -116.35 1
vertex 157.73 -116.51 1
endloop
endfacet
facet normal 0 0 -1
outer loop
vertex 157.86 -116.26 1
vertex 157.73 -116.51 1
vertex 156.97 -116.51 1
endloop
endfacet
facet normal 0 0 -1
outer loop
vertex 157.86 -116.26 1
vertex 156.97 -116.51 1
vertex 157.07 -116.26 1
endloop
endfacet
facet normal 0 0 -1
outer loop
vertex 146.78 -116.51 1
vertex 146.92 -116.74 1
vertex 146.19 -116.74 1
endloop
endfacet
facet normal 0 0 -1
outer loop
vertex 146.78 -116.51 1
vertex 146.19 -116.74 1
vertex 146.05 -116.58 1
endloop
endfacet
facet normal 0 0 -1
outer loop
vertex 146.78 -116.51 1
vertex 146.05 -116.58 1
vertex 146.01 -116.51 1
endloop
endfacet
facet normal 0 0 -1
outer loop
vertex 157.73 -116.51 1
vertex 157.70 -116.58 1
vertex 157.55 -116.74 1
endloop
endfacet
facet normal 0 0 -1
outer loop
vertex 157.73 -116.51 1
vertex 157.55 -116.74 1
vertex 156.82 -116.74 1
endloop
endfacet
facet normal 0 0 -1
outer loop
vertex 157.73 -116.51 1
vertex 156.82 -116.74 1
vertex 156.97 -116.51 1
endloop
endfacet
facet normal 0 0 -1
outer loop
vertex 146.92 -116.74 1
vertex 147.10 -116.95 1
vertex 146.39 -116.95 1
endloop
endfacet
facet normal 0 0 -1
outer loop
vertex 146.92 -116.74 1
vertex 146.39 -116.95 1
vertex 146.21 -116.78 1
endloop
endfacet
facet normal 0 0 -1
outer loop
vertex 146.92 -116.74 1
vertex 146.21 -116.78 1
vertex 146.19 -116.74 1
endloop
endfacet
facet normal 0 0 -1
outer loop
vertex 157.55 -116.74 1
vertex 157.53 -116.78 1
vertex 157.35 -116.95 1
endloop
endfacet
facet normal 0 0 -1
outer loop
vertex 157.55 -116.74 1
vertex 157.35 -116.95 1
vertex 156.64 -116.95 1
endloop
endfacet
facet normal 0 0 -1
outer loop
vertex 157.55 -116.74 1
vertex 156.64 -116.95 1
vertex 156.82 -116.74 1
endloop
endfacet
facet normal 0 0 -1
outer loop
vertex 147.10 -116.95 1
vertex 148.16 -118.01 1
vertex 147.45 -118.01 1
endloop
endfacet
facet normal 0 0 -1
outer loop
vertex 147.10 -116.95 1
vertex 147.45 -118.01 1
vertex 146.39 -116.95 1
endloop
endfacet
facet normal 0 0 -1
outer loop
vertex 148.16 -118.01 1
vertex 150.28 -120.13 1
vertex 149.57 -120.13 1
endloop
endfacet
facet normal 0 0 -1
outer loop
vertex 148.16 -118.01 1
vertex 149.57 -120.13 1
vertex 147.10 -120.13 1
endloop
endfacet
facet normal 0 0 -1
outer loop
vertex 148.16 -118.01 1
vertex 147.10 -120.13 1
vertex 146.21 -119.25 1
endloop
endfacet
facet normal 0 0 -1
outer loop
vertex 148.16 -118.01 1
vertex 146.21 -119.25 1
vertex 147.45 -118.01 1
endloop
endfacet
facet normal 0 0 -1
outer loop
vertex 150.28 -120.13 1
vertex 150.63 -120.49 1
vertex 149.93 -120.49 1
endloop
endfacet
facet normal 0 0 -1
outer loop
vertex 150.28 -120.13 1
vertex 149.93 -120.49 1
vertex 149.57 -120.13 1
endloop
endfacet
facet normal 0 0 -1
outer loop
vertex 157.35 -116.95 1
vertex 153.81 -120.49 1
vertex 153.11 -120.49 1
endloop
endfacet
facet normal 0 0 -1
outer loop
vertex 157.35 -116.95 1
vertex 153.11 -120.49 1
vertex 156.64 -116.95 1
endloop
endfacet
facet normal 0 0 -1
outer loop
vertex 150.63 -120.49 1
vertex 150.84 -120.67 1
vertex 150.10 -120.67 1
endloop
endfacet
facet normal 0 0 -1
outer loop
vertex 150.63 -120.49 1
vertex 150.10 -120.67 1
vertex 149.93 -120.49 1
endloop
endfacet
facet normal 0 0 -1
outer loop
vertex 153.81 -120.49 1
vertex 153.64 -120.67 1
vertex 152.90 -120.67 1
endloop
endfacet
facet normal 0 0 -1
outer loop
vertex 153.81 -120.49 1
vertex 152.90 -120.67 1
vertex 153.11 -120.49 1
endloop
endfacet
facet normal 0 0 -1
outer loop
vertex 150.84 -120.67 1
vertex 151.08 -120.81 1
vertex 150.25 -120.81 1
endloop
endfacet
facet normal 0 0 -1
outer loop
vertex 150.84 -120.67 1
vertex 150.25 -120.81 1
vertex 150.10 -120.67 1
endloop
endfacet
facet normal 0 0 -1
outer loop
vertex 153.64 -120.67 1
vertex 153.49 -120.81 1
vertex 152.66 -120.81 1
endloop
endfacet
facet normal 0 0 -1
outer loop
vertex 153.64 -120.67 1
vertex 152.66 -120.81 1
vertex 152.90 -120.67 1
endloop
endfacet
facet normal 0 0 -1
outer loop
vertex 151.08 -120.81 1
vertex 151.33 -120.91 1
vertex 150.35 -120.91 1
endloop
endfacet
facet normal 0 0 -1
outer loop
vertex 151.08 -120.81 1
vertex 150.35 -120.91 1
vertex 150.25 -120.81 1
endloop
endfacet
facet normal 0 0 -1
outer loop
vertex 153.49 -120.81 1
vertex 153.39 -120.91 1
vertex 152.41 -120.91 1
endloop
endfacet
facet normal 0 0 -1
outer loop
vertex 153.49 -120.81 1
vertex 152.41 -120.91 1
vertex 152.66 -120.81 1
endloop
endfacet
facet normal 0 0 -1
outer loop
vertex 151.33 -120.91 1
vertex 151.60 -120.98 1
vertex 150.42 -120.98 1
endloop
endfacet
facet normal 0 0 -1
outer loop
vertex 151.33 -120.91 1
vertex 150.42 -120.98 1
vertex 150.35 -120.91 1
endloop
endfacet
facet normal 0 0 -1
outer loop
vertex 153.39 -120.91 1
vertex 153.32 -120.98 1
vertex 152.14 -120.98 1
endloop
endfacet
facet normal 0 0 -1
outer loop
vertex 153.39 -120.91 1
vertex 152.14 -120.98 1
vertex 152.41 -120.91 1
endloop
endfacet
facet normal 0 0 -1
outer loop
vertex 151.60 -120.98 1
vertex 151.87 -121.00 1
vertex 150.44 -121.00 1
endloop
endfacet
facet normal 0 0 -1
outer loop
vertex 151.60 -120.98 1
vertex 150.44 -121.00 1
vertex 150.42 -120.98 1
endloop
endfacet
facet normal 0 0 -1
outer loop
vertex 153.32 -120.98 1
vertex 153.30 -121.00 1
vertex 151.87 -121.00 1
endloop
endfacet
facet normal 0 0 -1
outer loop
vertex 153.32 -120.98 1
vertex 151.87 -121.00 1
vertex 152.14 -120.98 1
endloop
endfacet
facet normal 0 0 -1
outer loop
vertex 149.57 -120.13 1
vertex 148.33 -121.37 1
vertex 147.10 -120.13 1
endloop
endfacet
facet normal 0 0 -1
outer loop
vertex 151.87 -121.00 1
vertex 153.30 -121.00 1
vertex 152.93 -121.37 1
endloop
endfacet
facet normal 0 0 -1
outer loop
vertex 151.87 -121.00 1
vertex 152.93 -121.37 1
vertex 152.73 -121.54 1
endloop
endfacet
facet normal 0 0 -1
outer loop
vertex 151.87 -121.00 1
vertex 152.73 -121.54 1
vertex 152.50 -121.67 1
endloop
endfacet
facet normal 0 0 -1
outer loop
vertex 151.87 -121.00 1
vertex 152.50 -121.67 1
vertex 152.26 -121.76 1
endloop
endfacet
facet normal 0 0 -1
outer loop
vertex 151.87 -121.00 1
vertex 152.26 -121.76 1
vertex 152.00 -121.81 1
endloop
endfacet
facet normal 0 0 -1
outer loop
vertex 151.87 -121.00 1
vertex 152.00 -121.81 1
vertex 151.74 -121.81 1
endloop
endfacet
facet normal 0 0 -1
outer loop
vertex 151.87 -121.00 1
vertex 151.74 -121.81 1
vertex 151.48 -121.76 1
endloop
endfacet
facet normal 0 0 -1
outer loop
vertex 151.87 -121.00 1
vertex 151.48 -121.76 1
vertex 151.24 -121.67 1
endloop
endfacet
facet normal 0 0 -1
outer loop
vertex 151.87 -121.00 1
vertex 151.24 -121.67 1
vertex 151.01 -121.54 1
endloop
endfacet
facet normal 0 0 -1
outer loop
vertex 151.87 -121.00 1
vertex 151.01 -121.54 1
vertex 150.81 -121.37 1
endloop
endfacet
facet normal 0 0 -1
outer loop
vertex 151.87 -121.00 1
vertex 150.81 -121.37 1
vertex 150.44 -121.00 1
endloop
endfacet
facet normal 0.71 0.71 0.00
outer loop
vertex 147.45 -118.01 0
vertex 146.21 -116.78 0
vertex 146.21 -116.78 1
endloop
endfacet
facet normal 0.71 0.71 0.00
outer loop
vertex 147.45 -118.01 0
vertex 146.21 -116.78 1
vertex 146.39 -116.95 1
endloop
endfacet
facet normal 0.71 0.71 0.00
outer loop
vertex 147.45 -118.01 0
vertex 146.39 -116.95 1
vertex 147.45 -118.01 1
endloop
endfacet
facet normal 0.71 -0.71 0
outer loop
vertex 155.41 -110.06 1
vertex 154.17 -111.30 1
vertex 154.17 -111.30 0
endloop
endfacet
facet normal 0.71 -0.71 0
outer loop
vertex 155.41 -110.06 1
vertex 154.17 -111.30 0
vertex 155.41 -110.06 0
endloop
endfacet
facet normal 0.71 -0.71 0
outer loop
vertex 147.45 -118.01 1
vertex 146.21 -119.25 1
vertex 146.21 -119.25 0
endloop
endfacet
facet normal 0.71 -0.71 0
outer loop
vertex 147.45 -118.01 1
vertex 146.21 -119.25 0
vertex 147.45 -118.01 0
endloop
endfacet
facet normal 0.71 0.71 9.447258652863855e-13
outer loop
vertex 148.33 -121.37 0
vertex 146.21 -119.25 0
vertex 146.21 -119.25 1
endloop
endfacet
facet normal 0.71 0.71 9.447258652863855e-13
outer loop
vertex 148.33 -121.37 0
vertex 146.21 -119.25 1
vertex 147.10 -120.13 1
endloop
endfacet
facet normal 0.71 0.71 9.447258652863855e-13
outer loop
vertex 148.33 -121.37 0
vertex 147.10 -120.13 1
vertex 148.33 -121.37 1
endloop
endfacet
facet normal -0.71 0.71 0
outer loop
vertex 148.33 -121.37 1
vertex 149.57 -120.13 1
vertex 149.57 -120.13 0
endloop
endfacet
facet normal -0.71 0.71 0
outer loop
vertex 148.33 -121.37 1
vertex 149.57 -120.13 0
vertex 148.33 -121.37 0
endloop
endfacet
facet normal -0.71 0.71 0
outer loop
vertex 156.29 -113.42 1
vertex 157.53 -112.18 1
vertex 157.53 -112.18 0
endloop
endfacet
facet normal -0.71 0.71 0
outer loop
vertex 156.29 -113.42 1
vertex 157.53 -112.18 0
vertex 156.29 -113.42 0
endloop
endfacet
facet normal 0.71 0.71 5.454858126622873e-7
outer loop
vertex 150.81 -121.37 0
vertex 149.57 -120.13 0
vertex 149.57 -120.13 1
endloop
endfacet
facet normal 0.71 0.71 5.454858126622873e-7
outer loop
vertex 150.81 -121.37 0
vertex 149.57 -120.13 1
vertex 149.93 -120.49 1
endloop
endfacet
facet normal 0.71 0.71 5.454858126622873e-7
outer loop
vertex 150.81 -121.37 0
vertex 149.93 -120.49 1
vertex 150.10 -120.67 1
endloop
endfacet
facet normal 0.71 0.71 5.454858126622873e-7
outer loop
vertex 150.81 -121.37 0
vertex 150.10 -120.67 1
vertex 150.25 -120.81 1
endloop
endfacet
facet normal 0.71 0.71 5.454858126622873e-7
outer loop
vertex 150.81 -121.37 0
vertex 150.25 -120.81 1
vertex 150.35 -120.91 1
endloop
endfacet
facet normal 0.71 0.71 5.454858126622873e-7
outer loop
vertex 150.81 -121.37 0
vertex 150.35 -120.91 1
vertex 150.42 -120.98 1
endloop
endfacet
facet normal 0.71 0.71 5.454858126622873e-7
outer loop
vertex 150.81 -121.37 0
vertex 150.42 -120.98 1
vertex 150.44 -121.00 1
endloop
endfacet
facet normal 0.71 0.71 5.454858126622873e-7
outer loop
vertex 150.81 -121.37 0
vertex 150.44 -121.00 1
vertex 150.81 -121.37 1
endloop
endfacet
facet normal 0 0 1
outer loop
vertex 151.01 -121.54 0
vertex 150.81 -121.37 0
vertex 150.81 -121.37 0
endloop
endfacet
facet normal 0 0 1
outer loop
vertex 151.01 -121.54 0
vertex 150.81 -121.37 0
vertex 150.81 -121.37 1
endloop
endfacet
facet normal 0 0 1
outer loop
vertex 151.01 -121.54 0
vertex 150.81 -121.37 1
vertex 151.01 -121.54 1
endloop
endfacet
facet normal 0.50 0.87 0
outer loop
vertex 151.24 -121.67 0
vertex 151.01 -121.54 0
vertex 151.01 -121.54 1
endloop
endfacet
facet normal 0.50 0.87 0
outer loop
vertex 151.24 -121.67 0
vertex 151.01 -121.54 1
vertex 151.24 -121.67 1
endloop
endfacet
facet normal 0.34 0.94 0
outer loop
vertex 151.48 -121.76 0
vertex 151.24 -121.67 0
vertex 151.24 -121.67 1
endloop
endfacet
facet normal 0.34 0.94 0
outer loop
vertex 151.48 -121.76 0
vertex 151.24 -121.67 1
vertex 151.48 -121.76 1
endloop
endfacet
facet normal 0.17 0.98 0
outer loop
vertex 151.74 -121.81 0
vertex 151.48 -121.76 0
vertex 151.48 -121.76 1
endloop
endfacet
facet normal 0.17 0.98 0
outer loop
vertex 151.74 -121.81 0
vertex 151.48 -121.76 1
vertex 151.74 -121.81 1
endloop
endfacet
facet normal 0 1 0
outer loop
vertex 151.74 -121.81 0
vertex 151.74 -121.81 1
vertex 152.00 -121.81 1
endloop
endfacet
facet normal 0 1 0
outer loop
vertex 151.74 -121.81 0
vertex 152.00 -121.81 1
vertex 152.00 -121.81 0
endloop
endfacet
facet normal -0.17 0.98 0
outer loop
vertex 152.26 -121.76 0
vertex 152.00 -121.81 0
vertex 152.00 -121.81 1
endloop
endfacet
facet normal -0.17 0.98 0
outer loop
vertex 152.26 -121.76 0
vertex 152.00 -121.81 1
vertex 152.26 -121.76 1
endloop
endfacet
facet normal -0.34 0.94 0
outer loop
vertex 152.50 -121.67 0
vertex 152.26 -121.76 0
vertex 152.26 -121.76 1
endloop
endfacet
facet normal -0.34 0.94 0
outer loop
vertex 152.50 -121.67 0
vertex 152.26 -121.76 1
vertex 152.50 -121.67 1
endloop
endfacet
facet normal -0.50 0.87 0
outer loop
vertex 152.73 -121.54 0
vertex 152.50 -121.67 0
vertex 152.50 -121.67 1
endloop
endfacet
facet normal -0.50 0.87 0
outer loop
vertex 152.73 -121.54 0
vertex 152.50 -121.67 1
vertex 152.73 -121.54 1
endloop
endfacet
facet normal -0.64 0.77 0
outer loop
vertex 152.93 -121.37 0
vertex 152.73 -121.54 0
vertex 152.73 -121.54 1
endloop
endfacet
facet normal -0.64 0.77 0
outer loop
vertex 152.93 -121.37 0
vertex 152.73 -121.54 1
vertex 152.93 -121.37 1
endloop
endfacet
facet normal -0.71 0.71 1.0606620682012256e-7
outer loop
vertex 157.53 -116.78 0
vertex 152.93 -121.37 0
vertex 152.93 -121.37 1
endloop
endfacet
facet normal -0.71 0.71 1.0606620682012256e-7
outer loop
vertex 157.53 -116.78 0
vertex 152.93 -121.37 1
vertex 153.30 -121.00 1
endloop
endfacet
facet normal -0.71 0.71 1.0606620682012256e-7
outer loop
vertex 157.53 -116.78 0
vertex 153.30 -121.00 1
vertex 153.32 -120.98 1
endloop
endfacet
facet normal -0.71 0.71 1.0606620682012256e-7
outer loop
vertex 157.53 -116.78 0
vertex 153.32 -120.98 1
vertex 153.39 -120.91 1
endloop
endfacet
facet normal -0.71 0.71 1.0606620682012256e-7
outer loop
vertex 157.53 -116.78 0
vertex 153.39 -120.91 1
vertex 153.49 -120.81 1
endloop
endfacet
facet normal -0.71 0.71 1.0606620682012256e-7
outer loop
vertex 157.53 -116.78 0
vertex 153.49 -120.81 1
vertex 153.64 -120.67 1
endloop
endfacet
facet normal -0.71 0.71 1.0606620682012256e-7
outer loop
vertex 157.53 -116.78 0
vertex 153.64 -120.67 1
vertex 153.81 -120.49 1
endloop
endfacet
facet normal -0.71 0.71 1.0606620682012256e-7
outer loop
vertex 157.53 -116.78 0
vertex 153.81 -120.49 1
vertex 157.35 -116.95 1
endloop
endfacet
facet normal -0.71 0.71 1.0606620682012256e-7
outer loop
vertex 157.53 -116.78 0
vertex 157.35 -116.95 1
vertex 157.53 -116.78 1
endloop
endfacet
facet normal -0.77 0.64 0.00
outer loop
vertex 157.70 -116.58 0
vertex 157.53 -116.78 0
vertex 157.53 -116.78 1
endloop
endfacet
facet normal -0.77 0.64 0.00
outer loop
vertex 157.70 -116.58 0
vertex 157.53 -116.78 1
vertex 157.55 -116.74 1
endloop
endfacet
facet normal -0.77 0.64 0.00
outer loop
vertex 157.70 -116.58 0
vertex 157.55 -116.74 1
vertex 157.70 -116.58 1
endloop
endfacet
facet normal -0.87 0.50 -1.0000032858698489e-7
outer loop
vertex 157.83 -116.35 0
vertex 157.70 -116.58 0
vertex 157.70 -116.58 1
endloop
endfacet
facet normal -0.87 0.50 -1.0000032858698489e-7
outer loop
vertex 157.83 -116.35 0
vertex 157.70 -116.58 1
vertex 157.73 -116.51 1
endloop
endfacet
facet normal -0.87 0.50 -1.0000032858698489e-7
outer loop
vertex 157.83 -116.35 0
vertex 157.73 -116.51 1
vertex 157.83 -116.35 1
endloop
endfacet
facet normal -0.94 0.34 -6.840481398245837e-8
outer loop
vertex 157.92 -116.10 0
vertex 157.83 -116.35 0
vertex 157.83 -116.35 1
endloop
endfacet
facet normal -0.94 0.34 -6.840481398245837e-8
outer loop
vertex 157.92 -116.10 0
vertex 157.83 -116.35 1
vertex 157.86 -116.26 1
endloop
endfacet
facet normal -0.94 0.34 -6.840481398245837e-8
outer loop
vertex 157.92 -116.10 0
vertex 157.86 -116.26 1
vertex 157.92 -116.10 1
endloop
endfacet
facet normal -0.98 0.17 -3.4729918985159187e-8
outer loop
vertex 157.96 -115.85 0
vertex 157.92 -116.10 0
vertex 157.92 -116.10 1
endloop
endfacet
facet normal -0.98 0.17 -3.4729918985159187e-8
outer loop
vertex 157.96 -115.85 0
vertex 157.92 -116.10 1
vertex 157.94 -115.99 1
endloop
endfacet
facet normal -0.98 0.17 -3.4729918985159187e-8
outer loop
vertex 157.96 -115.85 0
vertex 157.94 -115.99 1
vertex 157.96 -115.85 1
endloop
endfacet
facet normal -1 0 0
outer loop
vertex 157.96 -115.85 0
vertex 157.96 -115.85 1
vertex 157.96 -115.72 1
endloop
endfacet
facet normal -1 0 0
outer loop
vertex 157.96 -115.85 0
vertex 157.96 -115.72 1
vertex 157.96 -115.58 1
endloop
endfacet
facet normal -1 0 0
outer loop
vertex 157.96 -115.85 0
vertex 157.96 -115.58 1
vertex 157.96 -115.58 0
endloop
endfacet
facet normal -0.98 -0.17 2.1222013791670135e-13
outer loop
vertex 157.92 -115.33 0
vertex 157.96 -115.58 0
vertex 157.96 -115.58 1
endloop
endfacet
facet normal -0.98 -0.17 2.1222013791670135e-13
outer loop
vertex 157.92 -115.33 0
vertex 157.96 -115.58 1
vertex 157.94 -115.44 1
endloop
endfacet
facet normal -0.98 -0.17 2.1222013791670135e-13
outer loop
vertex 157.92 -115.33 0
vertex 157.94 -115.44 1
vertex 157.92 -115.33 1
endloop
endfacet
facet normal -0.94 -0.34 -2.192992290234873e-13
outer loop
vertex 157.83 -115.08 0
vertex 157.92 -115.33 0
vertex 157.92 -115.33 1
endloop
endfacet
facet normal -0.94 -0.34 -2.192992290234873e-13
outer loop
vertex 157.83 -115.08 0
vertex 157.92 -115.33 1
vertex 157.86 -115.17 1
endloop
endfacet
facet normal -0.94 -0.34 -2.192992290234873e-13
outer loop
vertex 157.83 -115.08 0
vertex 157.86 -115.17 1
vertex 157.83 -115.08 1
endloop
endfacet
facet normal -0.87 -0.50 -8.722342543505814e-13
outer loop
vertex 157.70 -114.85 0
vertex 157.83 -115.08 0
vertex 157.83 -115.08 1
endloop
endfacet
facet normal -0.87 -0.50 -8.722342543505814e-13
outer loop
vertex 157.70 -114.85 0
vertex 157.83 -115.08 1
vertex 157.73 -114.92 1
endloop
endfacet
facet normal -0.87 -0.50 -8.722342543505814e-13
outer loop
vertex 157.70 -114.85 0
vertex 157.73 -114.92 1
vertex 157.70 -114.85 1
endloop
endfacet
facet normal -0.77 -0.64 1.6751504731933364e-12
outer loop
vertex 157.53 -114.65 0
vertex 157.70 -114.85 0
vertex 157.70 -114.85 1
endloop
endfacet
facet normal -0.77 -0.64 1.6751504731933364e-12
outer loop
vertex 157.53 -114.65 0
vertex 157.70 -114.85 1
vertex 157.55 -114.69 1
endloop
endfacet
facet normal -0.77 -0.64 1.6751504731933364e-12
outer loop
vertex 157.53 -114.65 0
vertex 157.55 -114.69 1
vertex 157.53 -114.65 1
endloop
endfacet
facet normal -0.71 -0.71 4.150077991023553e-12
outer loop
vertex 156.29 -113.42 0
vertex 157.53 -114.65 0
vertex 157.53 -114.65 1
endloop
endfacet
facet normal -0.71 -0.71 4.150077991023553e-12
outer loop
vertex 156.29 -113.42 0
vertex 157.53 -114.65 1
vertex 157.35 -114.48 1
endloop
endfacet
facet normal -0.71 -0.71 4.150077991023553e-12
outer loop
vertex 156.29 -113.42 0
vertex 157.35 -114.48 1
vertex 156.29 -113.42 1
endloop
endfacet
facet normal -0.71 -0.71 3.80821174881712e-12
outer loop
vertex 155.41 -110.06 0
vertex 157.53 -112.18 0
vertex 157.53 -112.18 1
endloop
endfacet
facet normal -0.71 -0.71 3.80821174881712e-12
outer loop
vertex 155.41 -110.06 0
vertex 157.53 -112.18 1
vertex 156.64 -111.30 1
endloop
endfacet
facet normal -0.71 -0.71 3.80821174881712e-12
outer loop
vertex 155.41 -110.06 0
vertex 156.64 -111.30 1
vertex 155.41 -110.06 1
endloop
endfacet
facet normal -0.71 -0.71 0.00
outer loop
vertex 152.93 -110.06 0
vertex 154.17 -111.30 0
vertex 154.17 -111.30 1
endloop
endfacet
facet normal -0.71 -0.71 0.00
outer loop
vertex 152.93 -110.06 0
vertex 154.17 -111.30 1
vertex 153.81 -110.94 1
endloop
endfacet
facet normal -0.71 -0.71 0.00
outer loop
vertex 152.93 -110.06 0
vertex 153.81 -110.94 1
vertex 153.64 -110.76 1
endloop
endfacet
facet normal -0.71 -0.71 0.00
outer loop
vertex 152.93 -110.06 0
vertex 153.64 -110.76 1
vertex 153.49 -110.62 1
endloop
endfacet
facet normal -0.71 -0.71 0.00
outer loop
vertex 152.93 -110.06 0
vertex 153.49 -110.62 1
vertex 153.39 -110.52 1
endloop
endfacet
facet normal -0.71 -0.71 0.00
outer loop
vertex 152.93 -110.06 0
vertex 153.39 -110.52 1
vertex 153.32 -110.45 1
endloop
endfacet
facet normal -0.71 -0.71 0.00
outer loop
vertex 152.93 -110.06 0
vertex 153.32 -110.45 1
vertex 153.30 -110.43 1
endloop
endfacet
facet normal -0.71 -0.71 0.00
outer loop
vertex 152.93 -110.06 0
vertex 153.30 -110.43 1
vertex 152.93 -110.06 1
endloop
endfacet
facet normal -0.71 -0.71 0.00
outer loop
vertex 152.93 -110.06 0
vertex 152.93 -110.06 1
vertex 152.93 -110.06 1
endloop
endfacet
facet normal -0.64 -0.77 0
outer loop
vertex 152.73 -109.89 0
vertex 152.93 -110.06 0
vertex 152.93 -110.06 1
endloop
endfacet
facet normal -0.64 -0.77 0
outer loop
vertex 152.73 -109.89 0
vertex 152.93 -110.06 1
vertex 152.73 -109.89 1
endloop
endfacet
facet normal -0.50 -0.87 0
outer loop
vertex 152.50 -109.76 0
vertex 152.73 -109.89 0
vertex 152.73 -109.89 1
endloop
endfacet
facet normal -0.50 -0.87 0
outer loop
vertex 152.50 -109.76 0
vertex 152.73 -109.89 1
vertex 152.50 -109.76 1
endloop
endfacet
facet normal -0.34 -0.94 0
outer loop
vertex 152.26 -109.67 0
vertex 152.50 -109.76 0
vertex 152.50 -109.76 1
endloop
endfacet
facet normal -0.34 -0.94 0
outer loop
vertex 152.26 -109.67 0
vertex 152.50 -109.76 1
vertex 152.26 -109.67 1
endloop
endfacet
facet normal -0.17 -0.98 0
outer loop
vertex 152.00 -109.62 0
vertex 152.26 -109.67 0
vertex 152.26 -109.67 1
endloop
endfacet
facet normal -0.17 -0.98 0
outer loop
vertex 152.00 -109.62 0
vertex 152.26 -109.67 1
vertex 152.00 -109.62 1
endloop
endfacet
facet normal 0 -1 0
outer loop
vertex 151.74 -109.62 1
vertex 151.74 -109.62 0
vertex 152.00 -109.62 0
endloop
endfacet
facet normal 0 -1 0
outer loop
vertex 151.74 -109.62 1
vertex 152.00 -109.62 0
vertex 152.00 -109.62 1
endloop
endfacet
facet normal 0.17 -0.98 0
outer loop
vertex 151.48 -109.67 0
vertex 151.74 -109.62 0
vertex 151.74 -109.62 1
endloop
endfacet
facet normal 0.17 -0.98 0
outer loop
vertex 151.48 -109.67 0
vertex 151.74 -109.62 1
vertex 151.48 -109.67 1
endloop
endfacet
facet normal 0.34 -0.94 0
outer loop
vertex 151.24 -109.76 0
vertex 151.48 -109.67 0
vertex 151.48 -109.67 1
endloop
endfacet
facet normal 0.34 -0.94 0
outer loop
vertex 151.24 -109.76 0
vertex 151.48 -109.67 1
vertex 151.24 -109.76 1
endloop
endfacet
facet normal 0.50 -0.87 0
outer loop
vertex 151.01 -109.89 0
vertex 151.24 -109.76 0
vertex 151.24 -109.76 1
endloop
endfacet
facet normal 0.50 -0.87 0
outer loop
vertex 151.01 -109.89 0
vertex 151.24 -109.76 1
vertex 151.01 -109.89 1
endloop
endfacet
facet normal 0.64 -0.77 0
outer loop
vertex 150.81 -110.06 0
vertex 151.01 -109.89 0
vertex 151.01 -109.89 1
endloop
endfacet
facet normal 0.64 -0.77 0
outer loop
vertex 150.81 -110.06 0
vertex 151.01 -109.89 1
vertex 150.81 -110.06 1
endloop
endfacet
facet normal 0.71 -0.71 -7.501998420256291e-7
outer loop
vertex 146.21 -114.65 0
vertex 150.81 -110.06 0
vertex 150.81 -110.06 1
endloop
endfacet
facet normal 0.71 -0.71 -7.501998420256291e-7
outer loop
vertex 146.21 -114.65 0
vertex 150.81 -110.06 1
vertex 150.44 -110.43 1
endloop
endfacet
facet normal 0.71 -0.71 -7.501998420256291e-7
outer loop
vertex 146.21 -114.65 0
vertex 150.44 -110.43 1
vertex 150.42 -110.45 1
endloop
endfacet
facet normal 0.71 -0.71 -7.501998420256291e-7
outer loop
vertex 146.21 -114.65 0
vertex 150.42 -110.45 1
vertex 150.35 -110.52 1
endloop
endfacet
facet normal 0.71 -0.71 -7.501998420256291e-7
outer loop
vertex 146.21 -114.65 0
vertex 150.35 -110.52 1
vertex 150.25 -110.62 1
endloop
endfacet
facet normal 0.71 -0.71 -7.501998420256291e-7
outer loop
vertex 146.21 -114.65 0
vertex 150.25 -110.62 1
vertex 150.10 -110.76 1
endloop
endfacet
facet normal 0.71 -0.71 -7.501998420256291e-7
outer loop
vertex 146.21 -114.65 0
vertex 150.10 -110.76 1
vertex 149.93 -110.94 1
endloop
endfacet
facet normal 0.71 -0.71 -7.501998420256291e-7
outer loop
vertex 146.21 -114.65 0
vertex 149.93 -110.94 1
vertex 146.39 -114.48 1
endloop
endfacet
facet normal 0.71 -0.71 -7.501998420256291e-7
outer loop
vertex 146.21 -114.65 0
vertex 146.39 -114.48 1
vertex 146.21 -114.65 1
endloop
endfacet
facet normal 0.77 -0.64 -3.741893184923974e-14
outer loop
vertex 146.05 -114.85 0
vertex 146.21 -114.65 0
vertex 146.21 -114.65 1
endloop
endfacet
facet normal 0.77 -0.64 -3.741893184923974e-14
outer loop
vertex 146.05 -114.85 0
vertex 146.21 -114.65 1
vertex 146.19 -114.69 1
endloop
endfacet
facet normal 0.77 -0.64 -3.741893184923974e-14
outer loop
vertex 146.05 -114.85 0
vertex 146.19 -114.69 1
vertex 146.05 -114.85 1
endloop
endfacet
facet normal 0.87 -0.50 -1.453357289331159e-7
outer loop
vertex 145.91 -115.08 0
vertex 146.05 -114.85 0
vertex 146.05 -114.85 1
endloop
endfacet
facet normal 0.87 -0.50 -1.453357289331159e-7
outer loop
vertex 145.91 -115.08 0
vertex 146.05 -114.85 1
vertex 146.01 -114.92 1
endloop
endfacet
facet normal 0.87 -0.50 -1.453357289331159e-7
outer loop
vertex 145.91 -115.08 0
vertex 146.01 -114.92 1
vertex 145.91 -115.08 1
endloop
endfacet
facet normal 0.94 -0.34 -1.0850512084400641e-7
outer loop
vertex 145.83 -115.33 0
vertex 145.91 -115.08 0
vertex 145.91 -115.08 1
endloop
endfacet
facet normal 0.94 -0.34 -1.0850512084400641e-7
outer loop
vertex 145.83 -115.33 0
vertex 145.91 -115.08 1
vertex 145.88 -115.17 1
endloop
endfacet
facet normal 0.94 -0.34 -1.0850512084400641e-7
outer loop
vertex 145.83 -115.33 0
vertex 145.88 -115.17 1
vertex 145.83 -115.33 1
endloop
endfacet
facet normal 0.98 -0.17 -1.6474799918131476e-8
outer loop
vertex 145.78 -115.58 0
vertex 145.83 -115.33 0
vertex 145.83 -115.33 1
endloop
endfacet
facet normal 0.98 -0.17 -1.6474799918131476e-8
outer loop
vertex 145.78 -115.58 0
vertex 145.83 -115.33 1
vertex 145.80 -115.44 1
endloop
endfacet
facet normal 0.98 -0.17 -1.6474799918131476e-8
outer loop
vertex 145.78 -115.58 0
vertex 145.80 -115.44 1
vertex 145.78 -115.58 1
endloop
endfacet
facet normal 1 0 0
outer loop
vertex 145.78 -115.72 1
vertex 145.78 -115.85 1
vertex 145.78 -115.85 0
endloop
endfacet
facet normal 1 0 0
outer loop
vertex 145.78 -115.72 1
vertex 145.78 -115.85 0
vertex 145.78 -115.58 0
endloop
endfacet
facet normal 1 0 0
outer loop
vertex 145.78 -115.72 1
vertex 145.78 -115.58 0
vertex 145.78 -115.58 1
endloop
endfacet
facet normal 0.98 0.17 -3.472992399027348e-8
outer loop
vertex 145.83 -116.10 0
vertex 145.78 -115.85 0
vertex 145.78 -115.85 1
endloop
endfacet
facet normal 0.98 0.17 -3.472992399027348e-8
outer loop
vertex 145.83 -116.10 0
vertex 145.78 -115.85 1
vertex 145.80 -115.99 1
endloop
endfacet
facet normal 0.98 0.17 -3.472992399027348e-8
outer loop
vertex 145.83 -116.10 0
vertex 145.80 -115.99 1
vertex 145.83 -116.10 1
endloop
endfacet
facet normal 0.94 0.34 -3.52660467196058e-8
outer loop
vertex 145.91 -116.35 0
vertex 145.83 -116.10 0
vertex 145.83 -116.10 1
endloop
endfacet
facet normal 0.94 0.34 -3.52660467196058e-8
outer loop
vertex 145.91 -116.35 0
vertex 145.83 -116.10 1
vertex 145.88 -116.26 1
endloop
endfacet
facet normal 0.94 0.34 -3.52660467196058e-8
outer loop
vertex 145.91 -116.35 0
vertex 145.88 -116.26 1
vertex 145.91 -116.35 1
endloop
endfacet
facet normal 0.87 0.50 -3.6957232616068416e-8
outer loop
vertex 146.05 -116.58 0
vertex 145.91 -116.35 0
vertex 145.91 -116.35 1
endloop
endfacet
facet normal 0.87 0.50 -3.6957232616068416e-8
outer loop
vertex 146.05 -116.58 0
vertex 145.91 -116.35 1
vertex 146.01 -116.51 1
endloop
endfacet
facet normal 0.87 0.50 -3.6957232616068416e-8
outer loop
vertex 146.05 -116.58 0
vertex 146.01 -116.51 1
vertex 146.05 -116.58 1
endloop
endfacet
facet normal 0.77 0.64 -5.477663514693541e-8
outer loop
vertex 146.21 -116.78 0
vertex 146.05 -116.58 0
vertex 146.05 -116.58 1
endloop
endfacet
facet normal 0.77 0.64 -5.477663514693541e-8
outer loop
vertex 146.21 -116.78 0
vertex 146.05 -116.58 1
vertex 146.19 -116.74 1
endloop
endfacet
facet normal 0.77 0.64 -5.477663514693541e-8
outer loop
vertex 146.21 -116.78 0
vertex 146.19 -116.74 1
vertex 146.21 -116.78 1
endloop
endfacet
facet normal 0.13 -0.99 -9.168509478312742e-13
outer loop
vertex 178.48 -58.27 1.20
vertex 178.66 -58.25 1.20
vertex 178.66 -58.25 2.2
endloop
endfacet
facet normal 0.13 -0.99 -9.168509478312742e-13
outer loop
vertex 178.48 -58.27 1.20
vertex 178.66 -58.25 2.2
vertex 178.66 -58.25 2.2
endloop
endfacet
facet normal 0.13 -0.99 -9.168509478312742e-13
outer loop
vertex 178.48 -58.27 1.20
vertex 178.66 -58.25 2.2
vertex 178.48 -58.27 2.2
endloop
endfacet
facet normal 0.30 -0.95 0
outer loop
vertex 178.32 -58.32 1.20
vertex 178.48 -58.27 1.20
vertex 178.48 -58.27 2.2
endloop
endfacet
facet normal 0.30 -0.95 0
outer loop
vertex 178.32 -58.32 1.20
vertex 178.48 -58.27 2.2
vertex 178.32 -58.32 2.2
endloop
endfacet
facet normal 0.38 -0.92 0
outer loop
vertex 176.93 -58.89 1.20
vertex 178.32 -58.32 1.20
vertex 178.32 -58.32 2.2
endloop
endfacet
facet normal 0.38 -0.92 0
outer loop
vertex 176.93 -58.89 1.20
vertex 178.32 -58.32 2.2
vertex 176.93 -58.89 2.2
endloop
endfacet
facet normal 0.46 -0.89 0
outer loop
vertex 176.78 -58.98 1.20
vertex 176.93 -58.89 1.20
vertex 176.93 -58.89 2.2
endloop
endfacet
facet normal 0.46 -0.89 0
outer loop
vertex 176.78 -58.98 1.20
vertex 176.93 -58.89 2.2
vertex 176.78 -58.98 2.2
endloop
endfacet
facet normal -0.46 -0.89 4.2787241492364983e-7
outer loop
vertex 126.81 -58.89 1.20
vertex 126.96 -58.98 1.20
vertex 126.96 -58.98 2.2
endloop
endfacet
facet normal -0.46 -0.89 4.2787241492364983e-7
outer loop
vertex 126.81 -58.89 1.20
vertex 126.96 -58.98 2.2
vertex 126.81 -58.89 2.2
endloop
endfacet
facet normal -0.46 -0.89 4.2787241492364983e-7
outer loop
vertex 126.81 -58.89 1.20
vertex 126.81 -58.89 2.2
vertex 126.81 -58.89 2.2
endloop
endfacet
facet normal -0.38 -0.92 -1.2498165611158837e-12
outer loop
vertex 125.42 -58.32 1.20
vertex 126.81 -58.89 1.20
vertex 126.81 -58.89 2.2
endloop
endfacet
facet normal -0.38 -0.92 -1.2498165611158837e-12
outer loop
vertex 125.42 -58.32 1.20
vertex 126.81 -58.89 2.2
vertex 125.42 -58.32 2.2
endloop
endfacet
facet normal -0.38 -0.92 -1.2498165611158837e-12
outer loop
vertex 125.42 -58.32 1.20
vertex 125.42 -58.32 2.2
vertex 125.42 -58.32 2.2
endloop
endfacet
facet normal -0.30 -0.95 0
outer loop
vertex 125.26 -58.27 1.20
vertex 125.42 -58.32 1.20
vertex 125.42 -58.32 2.2
endloop
endfacet
facet normal -0.30 -0.95 0
outer loop
vertex 125.26 -58.27 1.20
vertex 125.42 -58.32 2.2
vertex 125.26 -58.27 2.2
endloop
endfacet
facet normal -0.13 -0.99 -3.961839846864653e-14
outer loop
vertex 125.08 -58.25 1.20
vertex 125.26 -58.27 1.20
vertex 125.26 -58.27 2.2
endloop
endfacet
facet normal -0.13 -0.99 -3.961839846864653e-14
outer loop
vertex 125.08 -58.25 1.20
vertex 125.26 -58.27 2.2
vertex 125.26 -58.27 2.2
endloop
endfacet
facet normal -0.13 -0.99 -3.961839846864653e-14
outer loop
vertex 125.08 -58.25 1.20
vertex 125.26 -58.27 2.2
vertex 125.08 -58.25 2.2
endloop
endfacet
facet normal 0 1 0
outer loop
vertex 141.12 -44.57 0.20
vertex 141.12 -44.57 1.7
vertex 150.62 -44.57 1.7
endloop
endfacet
facet normal 0 1 0
outer loop
vertex 141.12 -44.57 0.20
vertex 150.62 -44.57 1.7
vertex 150.62 -44.57 0.20
endloop
endfacet
facet normal 0 1 0
outer loop
vertex 139.37 -56.57 0
vertex 139.37 -56.57 0.2
vertex 152.37 -56.57 0.2
endloop
endfacet
facet normal 0 1 0
outer loop
vertex 139.37 -56.57 0
vertex 152.37 -56.57 0.2
vertex 152.37 -56.57 0
endloop
endfacet
facet normal 1 0 0
outer loop
vertex 139.37 -46.84 0.2
vertex 139.37 -46.99 0.2
vertex 139.37 -47.19 0.2
endloop
endfacet
facet normal 1 0 0
outer loop
vertex 139.37 -46.84 0.2
vertex 139.37 -47.19 0.2
vertex 139.37 -47.43 0.2
endloop
endfacet
facet normal 1 0 0
outer loop
vertex 139.37 -46.84 0.2
vertex 139.37 -47.43 0.2
vertex 139.37 -47.72 0.2
endloop
endfacet
facet normal 1 0 0
outer loop
vertex 139.37 -46.84 0.2
vertex 139.37 -47.72 0.2
vertex 139.37 -48.04 0.2
endloop
endfacet
facet normal 1 0 0
outer loop
vertex 139.37 -46.84 0.2
vertex 139.37 -48.04 0.2
vertex 139.37 -48.37 0.2
endloop
endfacet
facet normal 1 0 0
outer loop
vertex 139.37 -46.84 0.2
vertex 139.37 -48.37 0.2
vertex 139.37 -48.72 0.2
endloop
endfacet
facet normal 1 0 0
outer loop
vertex 139.37 -46.84 0.2
vertex 139.37 -48.72 0.2
vertex 139.37 -50.72 0.2
endloop
endfacet
facet normal 1 0 0
outer loop
vertex 139.37 -46.84 0.2
vertex 139.37 -50.72 0.2
vertex 139.37 -51.07 0.2
endloop
endfacet
facet normal 1 0 0
outer loop
vertex 139.37 -46.84 0.2
vertex 139.37 -51.07 0.2
vertex 139.37 -51.40 0.2
endloop
endfacet
facet normal 1 0 0
outer loop
vertex 139.37 -46.84 0.2
vertex 139.37 -51.40 0.2
vertex 139.37 -51.72 0.2
endloop
endfacet
facet normal 1 0 0
outer loop
vertex 139.37 -46.84 0.2
vertex 139.37 -51.72 0.2
vertex 139.37 -52.01 0.2
endloop
endfacet
facet normal 1 0 0
outer loop
vertex 139.37 -46.84 0.2
vertex 139.37 -52.01 0.2
vertex 139.37 -52.25 0.2
endloop
endfacet
facet normal 1 0 0
outer loop
vertex 139.37 -46.84 0.2
vertex 139.37 -52.25 0.2
vertex 139.37 -52.45 0.2
endloop
endfacet
facet normal 1 0 0
outer loop
vertex 139.37 -46.84 0.2
vertex 139.37 -52.45 0.2
vertex 139.37 -52.60 0.2
endloop
endfacet
facet normal 1 0 0
outer loop
vertex 139.37 -46.84 0.2
vertex 139.37 -52.60 0.2
vertex 139.37 -56.57 0.2
endloop
endfacet
facet normal 1 0 0
outer loop
vertex 139.37 -46.84 0.2
vertex 139.37 -56.57 0.2
vertex 139.37 -56.57 0
endloop
endfacet
facet normal 1 0 0
outer loop
vertex 139.37 -46.84 0.2
vertex 139.37 -56.57 0
vertex 139.37 -44.57 0
endloop
endfacet
facet normal 1 0 0
outer loop
vertex 139.37 -46.84 0.2
vertex 139.37 -44.57 0
vertex 139.37 -44.57 0.2
endloop
endfacet
facet normal 0 -1 0
outer loop
vertex 141.12 -44.57 0
vertex 141.12 -44.57 0.20
vertex 139.37 -44.57 0.2
endloop
endfacet
facet normal 0 -1 0
outer loop
vertex 141.12 -44.57 0
vertex 139.37 -44.57 0.2
vertex 139.37 -44.57 0
endloop
endfacet
facet normal 0 -1 0
outer loop
vertex 152.37 -44.57 0
vertex 152.37 -44.57 0.2
vertex 150.62 -44.57 0.20
endloop
endfacet
facet normal 0 -1 0
outer loop
vertex 152.37 -44.57 0
vertex 150.62 -44.57 0.20
vertex 150.62 -44.57 0
endloop
endfacet
facet normal -1.00 0.10 0
outer loop
vertex 141.37 -65.57 0
vertex 141.34 -65.86 0
vertex 141.34 -65.86 1
endloop
endfacet
facet normal -1.00 0.10 0
outer loop
vertex 141.37 -65.57 0
vertex 141.34 -65.86 1
vertex 141.37 -65.57 1
endloop
endfacet
facet normal -1.00 -0.10 0
outer loop
vertex 141.34 -65.28 0
vertex 141.37 -65.57 0
vertex 141.37 -65.57 1
endloop
endfacet
facet normal -1.00 -0.10 0
outer loop
vertex 141.34 -65.28 0
vertex 141.37 -65.57 1
vertex 141.34 -65.28 1
endloop
endfacet
facet normal -0.96 -0.29 0
outer loop
vertex 141.26 -65.00 0
vertex 141.34 -65.28 0
vertex 141.34 -65.28 1
endloop
endfacet
facet normal -0.96 -0.29 0
outer loop
vertex 141.26 -65.00 0
vertex 141.34 -65.28 1
vertex 141.26 -65.00 1
endloop
endfacet
facet normal -0.88 -0.47 0
outer loop
vertex 141.12 -64.74 0
vertex 141.26 -65.00 0
vertex 141.26 -65.00 1
endloop
endfacet
facet normal -0.88 -0.47 0
outer loop
vertex 141.12 -64.74 0
vertex 141.26 -65.00 1
vertex 141.12 -64.74 1
endloop
endfacet
facet normal -0.77 -0.63 0
outer loop
vertex 140.93 -64.51 0
vertex 141.12 -64.74 0
vertex 141.12 -64.74 1
endloop
endfacet
facet normal -0.77 -0.63 0
outer loop
vertex 140.93 -64.51 0
vertex 141.12 -64.74 1
vertex 140.93 -64.51 1
endloop
endfacet
facet normal -0.63 -0.77 0
outer loop
vertex 140.70 -64.32 0
vertex 140.93 -64.51 0
vertex 140.93 -64.51 1
endloop
endfacet
facet normal -0.63 -0.77 0
outer loop
vertex 140.70 -64.32 0
vertex 140.93 -64.51 1
vertex 140.70 -64.32 1
endloop
endfacet
facet normal -0.47 -0.88 0
outer loop
vertex 140.44 -64.18 0
vertex 140.70 -64.32 0
vertex 140.70 -64.32 1
endloop
endfacet
facet normal -0.47 -0.88 0
outer loop
vertex 140.44 -64.18 0
vertex 140.70 -64.32 1
vertex 140.44 -64.18 1
endloop
endfacet
facet normal -0.29 -0.96 0
outer loop
vertex 140.16 -64.10 0
vertex 140.44 -64.18 0
vertex 140.44 -64.18 1
endloop
endfacet
facet normal -0.29 -0.96 0
outer loop
vertex 140.16 -64.10 0
vertex 140.44 -64.18 1
vertex 140.16 -64.10 1
endloop
endfacet
facet normal -0.10 -1.00 0
outer loop
vertex 139.87 -64.07 0
vertex 140.16 -64.10 0
vertex 140.16 -64.10 1
endloop
endfacet
facet normal -0.10 -1.00 0
outer loop
vertex 139.87 -64.07 0
vertex 140.16 -64.10 1
vertex 139.87 -64.07 1
endloop
endfacet
facet normal 0.10 -1.00 0
outer loop
vertex 139.58 -64.10 0
vertex 139.87 -64.07 0
vertex 139.87 -64.07 1
endloop
endfacet
facet normal 0.10 -1.00 0
outer loop
vertex 139.58 -64.10 0
vertex 139.87 -64.07 1
vertex 139.58 -64.10 1
endloop
endfacet
facet normal 0.29 -0.96 0
outer loop
vertex 139.30 -64.18 0
vertex 139.58 -64.10 0
vertex 139.58 -64.10 1
endloop
endfacet
facet normal 0.29 -0.96 0
outer loop
vertex 139.30 -64.18 0
vertex 139.58 -64.10 1
vertex 139.30 -64.18 1
endloop
endfacet
facet normal 0.47 -0.88 0
outer loop
vertex 139.04 -64.32 0
vertex 139.30 -64.18 0
vertex 139.30 -64.18 1
endloop
endfacet
facet normal 0.47 -0.88 0
outer loop
vertex 139.04 -64.32 0
vertex 139.30 -64.18 1
vertex 139.04 -64.32 1
endloop
endfacet
facet normal 0.63 -0.77 0
outer loop
vertex 138.81 -64.51 0
vertex 139.04 -64.32 0
vertex 139.04 -64.32 1
endloop
endfacet
facet normal 0.63 -0.77 0
outer loop
vertex 138.81 -64.51 0
vertex 139.04 -64.32 1
vertex 138.81 -64.51 1
endloop
endfacet
facet normal 0.77 -0.63 0
outer loop
vertex 138.62 -64.74 0
vertex 138.81 -64.51 0
vertex 138.81 -64.51 1
endloop
endfacet
facet normal 0.77 -0.63 0
outer loop
vertex 138.62 -64.74 0
vertex 138.81 -64.51 1
vertex 138.62 -64.74 1
endloop
endfacet
facet normal 0.88 -0.47 0
outer loop
vertex 138.48 -65.00 0
vertex 138.62 -64.74 0
vertex 138.62 -64.74 1
endloop
endfacet
facet normal 0.88 -0.47 0
outer loop
vertex 138.48 -65.00 0
vertex 138.62 -64.74 1
vertex 138.48 -65.00 1
endloop
endfacet
facet normal 0.96 -0.29 0
outer loop
vertex 138.40 -65.28 0
vertex 138.48 -65.00 0
vertex 138.48 -65.00 1
endloop
endfacet
facet normal 0.96 -0.29 0
outer loop
vertex 138.40 -65.28 0
vertex 138.48 -65.00 1
vertex 138.40 -65.28 1
endloop
endfacet
facet normal 1.00 -0.10 0
outer loop
vertex 138.37 -65.57 0
vertex 138.40 -65.28 0
vertex 138.40 -65.28 1
endloop
endfacet
facet normal 1.00 -0.10 0
outer loop
vertex 138.37 -65.57 0
vertex 138.40 -65.28 1
vertex 138.37 -65.57 1
endloop
endfacet
facet normal 1.00 0.10 0
outer loop
vertex 138.40 -65.86 0
vertex 138.37 -65.57 0
vertex 138.37 -65.57 1
endloop
endfacet
facet normal 1.00 0.10 0
outer loop
vertex 138.40 -65.86 0
vertex 138.37 -65.57 1
vertex 138.40 -65.86 1
endloop
endfacet
facet normal 0.96 0.29 0
outer loop
vertex 138.48 -66.14 0
vertex 138.40 -65.86 0
vertex 138.40 -65.86 1
endloop
endfacet
facet normal 0.96 0.29 0
outer loop
vertex 138.48 -66.14 0
vertex 138.40 -65.86 1
vertex 138.48 -66.14 1
endloop
endfacet
facet normal 0.88 0.47 0
outer loop
vertex 138.62 -66.40 0
vertex 138.48 -66.14 0
vertex 138.48 -66.14 1
endloop
endfacet
facet normal 0.88 0.47 0
outer loop
vertex 138.62 -66.40 0
vertex 138.48 -66.14 1
vertex 138.62 -66.40 1
endloop
endfacet
facet normal 0.77 0.63 0
outer loop
vertex 138.81 -66.63 0
vertex 138.62 -66.40 0
vertex 138.62 -66.40 1
endloop
endfacet
facet normal 0.77 0.63 0
outer loop
vertex 138.81 -66.63 0
vertex 138.62 -66.40 1
vertex 138.81 -66.63 1
endloop
endfacet
facet normal 0.63 0.77 0
outer loop
vertex 139.04 -66.82 0
vertex 138.81 -66.63 0
vertex 138.81 -66.63 1
endloop
endfacet
facet normal 0.63 0.77 0
outer loop
vertex 139.04 -66.82 0
vertex 138.81 -66.63 1
vertex 139.04 -66.82 1
endloop
endfacet
facet normal 0.47 0.88 0
outer loop
vertex 139.30 -66.96 0
vertex 139.04 -66.82 0
vertex 139.04 -66.82 1
endloop
endfacet
facet normal 0.47 0.88 0
outer loop
vertex 139.30 -66.96 0
vertex 139.04 -66.82 1
vertex 139.30 -66.96 1
endloop
endfacet
facet normal 0.29 0.96 0
outer loop
vertex 139.58 -67.04 0
vertex 139.30 -66.96 0
vertex 139.30 -66.96 1
endloop
endfacet
facet normal 0.29 0.96 0
outer loop
vertex 139.58 -67.04 0
vertex 139.30 -66.96 1
vertex 139.58 -67.04 1
endloop
endfacet
facet normal 0.10 1.00 0
outer loop
vertex 139.87 -67.07 0
vertex 139.58 -67.04 0
vertex 139.58 -67.04 1
endloop
endfacet
facet normal 0.10 1.00 0
outer loop
vertex 139.87 -67.07 0
vertex 139.58 -67.04 1
vertex 139.87 -67.07 1
endloop
endfacet
facet normal -0.10 1.00 0
outer loop
vertex 140.16 -67.04 0
vertex 139.87 -67.07 0
vertex 139.87 -67.07 1
endloop
endfacet
facet normal -0.10 1.00 0
outer loop
vertex 140.16 -67.04 0
vertex 139.87 -67.07 1
vertex 140.16 -67.04 1
endloop
endfacet
facet normal -0.29 0.96 0
outer loop
vertex 140.44 -66.96 0
vertex 140.16 -67.04 0
vertex 140.16 -67.04 1
endloop
endfacet
facet normal -0.29 0.96 0
outer loop
vertex 140.44 -66.96 0
vertex 140.16 -67.04 1
vertex 140.44 -66.96 1
endloop
endfacet
facet normal -0.47 0.88 0
outer loop
vertex 140.70 -66.82 0
vertex 140.44 -66.96 0
vertex 140.44 -66.96 1
endloop
endfacet
facet normal -0.47 0.88 0
outer loop
vertex 140.70 -66.82 0
vertex 140.44 -66.96 1
vertex 140.70 -66.82 1
endloop
endfacet
facet normal -0.63 0.77 0
outer loop
vertex 140.93 -66.63 0
vertex 140.70 -66.82 0
vertex 140.70 -66.82 1
endloop
endfacet
facet normal -0.63 0.77 0
outer loop
vertex 140.93 -66.63 0
vertex 140.70 -66.82 1
vertex 140.93 -66.63 1
endloop
endfacet
facet normal -0.77 0.63 0
outer loop
vertex 141.12 -66.40 0
vertex 140.93 -66.63 0
vertex 140.93 -66.63 1
endloop
endfacet
facet normal -0.77 0.63 0
outer loop
vertex 141.12 -66.40 0
vertex 140.93 -66.63 1
vertex 141.12 -66.40 1
endloop
endfacet
facet normal -0.88 0.47 0
outer loop
vertex 141.26 -66.14 0
vertex 141.12 -66.40 0
vertex 141.12 -66.40 1
endloop
endfacet
facet normal -0.88 0.47 0
outer loop
vertex 141.26 -66.14 0
vertex 141.12 -66.40 1
vertex 141.26 -66.14 1
endloop
endfacet
facet normal -0.96 0.29 0
outer loop
vertex 141.34 -65.86 0
vertex 141.26 -66.14 0
vertex 141.26 -66.14 1
endloop
endfacet
facet normal -0.96 0.29 0
outer loop
vertex 141.34 -65.86 0
vertex 141.26 -66.14 1
vertex 141.34 -65.86 1
endloop
endfacet
facet normal -1.00 0.10 0
outer loop
vertex 145.37 -65.57 0
vertex 145.34 -65.86 0
vertex 145.34 -65.86 1
endloop
endfacet
facet normal -1.00 0.10 0
outer loop
vertex 145.37 -65.57 0
vertex 145.34 -65.86 1
vertex 145.37 -65.57 1
endloop
endfacet
facet normal -1.00 -0.10 0
outer loop
vertex 145.34 -65.28 0
vertex 145.37 -65.57 0
vertex 145.37 -65.57 1
endloop
endfacet
facet normal -1.00 -0.10 0
outer loop
vertex 145.34 -65.28 0
vertex 145.37 -65.57 1
vertex 145.34 -65.28 1
endloop
endfacet
facet normal -0.96 -0.29 0
outer loop
vertex 145.26 -65.00 0
vertex 145.34 -65.28 0
vertex 145.34 -65.28 1
endloop
endfacet
facet normal -0.96 -0.29 0
outer loop
vertex 145.26 -65.00 0
vertex 145.34 -65.28 1
vertex 145.26 -65.00 1
endloop
endfacet
facet normal -0.88 -0.47 0
outer loop
vertex 145.12 -64.74 0
vertex 145.26 -65.00 0
vertex 145.26 -65.00 1
endloop
endfacet
facet normal -0.88 -0.47 0
outer loop
vertex 145.12 -64.74 0
vertex 145.26 -65.00 1
vertex 145.12 -64.74 1
endloop
endfacet
facet normal -0.77 -0.63 0
outer loop
vertex 144.93 -64.51 0
vertex 145.12 -64.74 0
vertex 145.12 -64.74 1
endloop
endfacet
facet normal -0.77 -0.63 0
outer loop
vertex 144.93 -64.51 0
vertex 145.12 -64.74 1
vertex 144.93 -64.51 1
endloop
endfacet
facet normal -0.63 -0.77 0
outer loop
vertex 144.70 -64.32 0
vertex 144.93 -64.51 0
vertex 144.93 -64.51 1
endloop
endfacet
facet normal -0.63 -0.77 0
outer loop
vertex 144.70 -64.32 0
vertex 144.93 -64.51 1
vertex 144.70 -64.32 1
endloop
endfacet
facet normal -0.47 -0.88 0
outer loop
vertex 144.44 -64.18 0
vertex 144.70 -64.32 0
vertex 144.70 -64.32 1
endloop
endfacet
facet normal -0.47 -0.88 0
outer loop
vertex 144.44 -64.18 0
vertex 144.70 -64.32 1
vertex 144.44 -64.18 1
endloop
endfacet
facet normal -0.29 -0.96 0
outer loop
vertex 144.16 -64.10 0
vertex 144.44 -64.18 0
vertex 144.44 -64.18 1
endloop
endfacet
facet normal -0.29 -0.96 0
outer loop
vertex 144.16 -64.10 0
vertex 144.44 -64.18 1
vertex 144.16 -64.10 1
endloop
endfacet
facet normal -0.10 -1.00 0
outer loop
vertex 143.87 -64.07 0
vertex 144.16 -64.10 0
vertex 144.16 -64.10 1
endloop
endfacet
facet normal -0.10 -1.00 0
outer loop
vertex 143.87 -64.07 0
vertex 144.16 -64.10 1
vertex 143.87 -64.07 1
endloop
endfacet
facet normal 0.10 -1.00 0
outer loop
vertex 143.58 -64.10 0
vertex 143.87 -64.07 0
vertex 143.87 -64.07 1
endloop
endfacet
facet normal 0.10 -1.00 0
outer loop
vertex 143.58 -64.10 0
vertex 143.87 -64.07 1
vertex 143.58 -64.10 1
endloop
endfacet
facet normal 0.29 -0.96 0
outer loop
vertex 143.30 -64.18 0
vertex 143.58 -64.10 0
vertex 143.58 -64.10 1
endloop
endfacet
facet normal 0.29 -0.96 0
outer loop
vertex 143.30 -64.18 0
vertex 143.58 -64.10 1
vertex 143.30 -64.18 1
endloop
endfacet
facet normal 0.47 -0.88 0
outer loop
vertex 143.04 -64.32 0
vertex 143.30 -64.18 0
vertex 143.30 -64.18 1
endloop
endfacet
facet normal 0.47 -0.88 0
outer loop
vertex 143.04 -64.32 0
vertex 143.30 -64.18 1
vertex 143.04 -64.32 1
endloop
endfacet
facet normal 0.63 -0.77 0
outer loop
vertex 142.81 -64.51 0
vertex 143.04 -64.32 0
vertex 143.04 -64.32 1
endloop
endfacet
facet normal 0.63 -0.77 0
outer loop
vertex 142.81 -64.51 0
vertex 143.04 -64.32 1
vertex 142.81 -64.51 1
endloop
endfacet
facet normal 0.77 -0.63 0
outer loop
vertex 142.62 -64.74 0
vertex 142.81 -64.51 0
vertex 142.81 -64.51 1
endloop
endfacet
facet normal 0.77 -0.63 0
outer loop
vertex 142.62 -64.74 0
vertex 142.81 -64.51 1
vertex 142.62 -64.74 1
endloop
endfacet
facet normal 0.88 -0.47 0
outer loop
vertex 142.48 -65.00 0
vertex 142.62 -64.74 0
vertex 142.62 -64.74 1
endloop
endfacet
facet normal 0.88 -0.47 0
outer loop
vertex 142.48 -65.00 0
vertex 142.62 -64.74 1
vertex 142.48 -65.00 1
endloop
endfacet
facet normal 0.96 -0.29 0
outer loop
vertex 142.40 -65.28 0
vertex 142.48 -65.00 0
vertex 142.48 -65.00 1
endloop
endfacet
facet normal 0.96 -0.29 0
outer loop
vertex 142.40 -65.28 0
vertex 142.48 -65.00 1
vertex 142.40 -65.28 1
endloop
endfacet
facet normal 1.00 -0.10 0
outer loop
vertex 142.37 -65.57 0
vertex 142.40 -65.28 0
vertex 142.40 -65.28 1
endloop
endfacet
facet normal 1.00 -0.10 0
outer loop
vertex 142.37 -65.57 0
vertex 142.40 -65.28 1
vertex 142.37 -65.57 1
endloop
endfacet
facet normal 1.00 0.10 0
outer loop
vertex 142.40 -65.86 0
vertex 142.37 -65.57 0
vertex 142.37 -65.57 1
endloop
endfacet
facet normal 1.00 0.10 0
outer loop
vertex 142.40 -65.86 0
vertex 142.37 -65.57 1
vertex 142.40 -65.86 1
endloop
endfacet
facet normal 0.96 0.29 0
outer loop
vertex 142.48 -66.14 0
vertex 142.40 -65.86 0
vertex 142.40 -65.86 1
endloop
endfacet
facet normal 0.96 0.29 0
outer loop
vertex 142.48 -66.14 0
vertex 142.40 -65.86 1
vertex 142.48 -66.14 1
endloop
endfacet
facet normal 0.88 0.47 0
outer loop
vertex 142.62 -66.40 0
vertex 142.48 -66.14 0
vertex 142.48 -66.14 1
endloop
endfacet
facet normal 0.88 0.47 0
outer loop
vertex 142.62 -66.40 0
vertex 142.48 -66.14 1
vertex 142.62 -66.40 1
endloop
endfacet
facet normal 0.77 0.63 0
outer loop
vertex 142.81 -66.63 0
vertex 142.62 -66.40 0
vertex 142.62 -66.40 1
endloop
endfacet
facet normal 0.77 0.63 0
outer loop
vertex 142.81 -66.63 0
vertex 142.62 -66.40 1
vertex 142.81 -66.63 1
endloop
endfacet
facet normal 0.63 0.77 0
outer loop
vertex 143.04 -66.82 0
vertex 142.81 -66.63 0
vertex 142.81 -66.63 1
endloop
endfacet
facet normal 0.63 0.77 0
outer loop
vertex 143.04 -66.82 0
vertex 142.81 -66.63 1
vertex 143.04 -66.82 1
endloop
endfacet
facet normal 0.47 0.88 0
outer loop
vertex 143.30 -66.96 0
vertex 143.04 -66.82 0
vertex 143.04 -66.82 1
endloop
endfacet
facet normal 0.47 0.88 0
outer loop
vertex 143.30 -66.96 0
vertex 143.04 -66.82 1
vertex 143.30 -66.96 1
endloop
endfacet
facet normal 0.29 0.96 0
outer loop
vertex 143.58 -67.04 0
vertex 143.30 -66.96 0
vertex 143.30 -66.96 1
endloop
endfacet
facet normal 0.29 0.96 0
outer loop
vertex 143.58 -67.04 0
vertex 143.30 -66.96 1
vertex 143.58 -67.04 1
endloop
endfacet
facet normal 0.10 1.00 0
outer loop
vertex 143.87 -67.07 0
vertex 143.58 -67.04 0
vertex 143.58 -67.04 1
endloop
endfacet
facet normal 0.10 1.00 0
outer loop
vertex 143.87 -67.07 0
vertex 143.58 -67.04 1
vertex 143.87 -67.07 1
endloop
endfacet
facet normal -0.10 1.00 0
outer loop
vertex 144.16 -67.04 0
vertex 143.87 -67.07 0
vertex 143.87 -67.07 1
endloop
endfacet
facet normal -0.10 1.00 0
outer loop
vertex 144.16 -67.04 0
vertex 143.87 -67.07 1
vertex 144.16 -67.04 1
endloop
endfacet
facet normal -0.29 0.96 0
outer loop
vertex 144.44 -66.96 0
vertex 144.16 -67.04 0
vertex 144.16 -67.04 1
endloop
endfacet
facet normal -0.29 0.96 0
outer loop
vertex 144.44 -66.96 0
vertex 144.16 -67.04 1
vertex 144.44 -66.96 1
endloop
endfacet
facet normal -0.47 0.88 0
outer loop
vertex 144.70 -66.82 0
vertex 144.44 -66.96 0
vertex 144.44 -66.96 1
endloop
endfacet
facet normal -0.47 0.88 0
outer loop
vertex 144.70 -66.82 0
vertex 144.44 -66.96 1
vertex 144.70 -66.82 1
endloop
endfacet
facet normal -0.63 0.77 0
outer loop
vertex 144.93 -66.63 0
vertex 144.70 -66.82 0
vertex 144.70 -66.82 1
endloop
endfacet
facet normal -0.63 0.77 0
outer loop
vertex 144.93 -66.63 0
vertex 144.70 -66.82 1
vertex 144.93 -66.63 1
endloop
endfacet
facet normal -0.77 0.63 0
outer loop
vertex 145.12 -66.40 0
vertex 144.93 -66.63 0
vertex 144.93 -66.63 1
endloop
endfacet
facet normal -0.77 0.63 0
outer loop
vertex 145.12 -66.40 0
vertex 144.93 -66.63 1
vertex 145.12 -66.40 1
endloop
endfacet
facet normal -0.88 0.47 0
outer loop
vertex 145.26 -66.14 0
vertex 145.12 -66.40 0
vertex 145.12 -66.40 1
endloop
endfacet
facet normal -0.88 0.47 0
outer loop
vertex 145.26 -66.14 0
vertex 145.12 -66.40 1
vertex 145.26 -66.14 1
endloop
endfacet
facet normal -0.96 0.29 0
outer loop
vertex 145.34 -65.86 0
vertex 145.26 -66.14 0
vertex 145.26 -66.14 1
endloop
endfacet
facet normal -0.96 0.29 0
outer loop
vertex 145.34 -65.86 0
vertex 145.26 -66.14 1
vertex 145.34 -65.86 1
endloop
endfacet
facet normal -1.00 0.10 0
outer loop
vertex 149.37 -65.57 0
vertex 149.34 -65.86 0
vertex 149.34 -65.86 1
endloop
endfacet
facet normal -1.00 0.10 0
outer loop
vertex 149.37 -65.57 0
vertex 149.34 -65.86 1
vertex 149.37 -65.57 1
endloop
endfacet
facet normal -1.00 -0.10 0
outer loop
vertex 149.34 -65.28 0
vertex 149.37 -65.57 0
vertex 149.37 -65.57 1
endloop
endfacet
facet normal -1.00 -0.10 0
outer loop
vertex 149.34 -65.28 0
vertex 149.37 -65.57 1
vertex 149.34 -65.28 1
endloop
endfacet
facet normal -0.96 -0.29 0
outer loop
vertex 149.26 -65.00 0
vertex 149.34 -65.28 0
vertex 149.34 -65.28 1
endloop
endfacet
facet normal -0.96 -0.29 0
outer loop
vertex 149.26 -65.00 0
vertex 149.34 -65.28 1
vertex 149.26 -65.00 1
endloop
endfacet
facet normal -0.88 -0.47 0
outer loop
vertex 149.12 -64.74 0
vertex 149.26 -65.00 0
vertex 149.26 -65.00 1
endloop
endfacet
facet normal -0.88 -0.47 0
outer loop
vertex 149.12 -64.74 0
vertex 149.26 -65.00 1
vertex 149.12 -64.74 1
endloop
endfacet
facet normal -0.77 -0.63 0
outer loop
vertex 148.93 -64.51 0
vertex 149.12 -64.74 0
vertex 149.12 -64.74 1
endloop
endfacet
facet normal -0.77 -0.63 0
outer loop
vertex 148.93 -64.51 0
vertex 149.12 -64.74 1
vertex 148.93 -64.51 1
endloop
endfacet
facet normal -0.63 -0.77 0
outer loop
vertex 148.70 -64.32 0
vertex 148.93 -64.51 0
vertex 148.93 -64.51 1
endloop
endfacet
facet normal -0.63 -0.77 0
outer loop
vertex 148.70 -64.32 0
vertex 148.93 -64.51 1
vertex 148.70 -64.32 1
endloop
endfacet
facet normal -0.47 -0.88 0
outer loop
vertex 148.44 -64.18 0
vertex 148.70 -64.32 0
vertex 148.70 -64.32 1
endloop
endfacet
facet normal -0.47 -0.88 0
outer loop
vertex 148.44 -64.18 0
vertex 148.70 -64.32 1
vertex 148.44 -64.18 1
endloop
endfacet
facet normal -0.29 -0.96 0
outer loop
vertex 148.16 -64.10 0
vertex 148.44 -64.18 0
vertex 148.44 -64.18 1
endloop
endfacet
facet normal -0.29 -0.96 0
outer loop
vertex 148.16 -64.10 0
vertex 148.44 -64.18 1
vertex 148.16 -64.10 1
endloop
endfacet
facet normal -0.10 -1.00 0
outer loop
vertex 147.87 -64.07 0
vertex 148.16 -64.10 0
vertex 148.16 -64.10 1
endloop
endfacet
facet normal -0.10 -1.00 0
outer loop
vertex 147.87 -64.07 0
vertex 148.16 -64.10 1
vertex 147.87 -64.07 1
endloop
endfacet
facet normal 0.10 -1.00 0
outer loop
vertex 147.58 -64.10 0
vertex 147.87 -64.07 0
vertex 147.87 -64.07 1
endloop
endfacet
facet normal 0.10 -1.00 0
outer loop
vertex 147.58 -64.10 0
vertex 147.87 -64.07 1
vertex 147.58 -64.10 1
endloop
endfacet
facet normal 0.29 -0.96 0
outer loop
vertex 147.30 -64.18 0
vertex 147.58 -64.10 0
vertex 147.58 -64.10 1
endloop
endfacet
facet normal 0.29 -0.96 0
outer loop
vertex 147.30 -64.18 0
vertex 147.58 -64.10 1
vertex 147.30 -64.18 1
endloop
endfacet
facet normal 0.47 -0.88 0
outer loop
vertex 147.04 -64.32 0
vertex 147.30 -64.18 0
vertex 147.30 -64.18 1
endloop
endfacet
facet normal 0.47 -0.88 0
outer loop
vertex 147.04 -64.32 0
vertex 147.30 -64.18 1
vertex 147.04 -64.32 1
endloop
endfacet
facet normal 0.63 -0.77 0
outer loop
vertex 146.81 -64.51 0
vertex 147.04 -64.32 0
vertex 147.04 -64.32 1
endloop
endfacet
facet normal 0.63 -0.77 0
outer loop
vertex 146.81 -64.51 0
vertex 147.04 -64.32 1
vertex 146.81 -64.51 1
endloop
endfacet
facet normal 0.77 -0.63 0
outer loop
vertex 146.62 -64.74 0
vertex 146.81 -64.51 0
vertex 146.81 -64.51 1
endloop
endfacet
facet normal 0.77 -0.63 0
outer loop
vertex 146.62 -64.74 0
vertex 146.81 -64.51 1
vertex 146.62 -64.74 1
endloop
endfacet
facet normal 0.88 -0.47 0
outer loop
vertex 146.48 -65.00 0
vertex 146.62 -64.74 0
vertex 146.62 -64.74 1
endloop
endfacet
facet normal 0.88 -0.47 0
outer loop
vertex 146.48 -65.00 0
vertex 146.62 -64.74 1
vertex 146.48 -65.00 1
endloop
endfacet
facet normal 0.96 -0.29 0
outer loop
vertex 146.40 -65.28 0
vertex 146.48 -65.00 0
vertex 146.48 -65.00 1
endloop
endfacet
facet normal 0.96 -0.29 0
outer loop
vertex 146.40 -65.28 0
vertex 146.48 -65.00 1
vertex 146.40 -65.28 1
endloop
endfacet
facet normal 1.00 -0.10 0
outer loop
vertex 146.37 -65.57 0
vertex 146.40 -65.28 0
vertex 146.40 -65.28 1
endloop
endfacet
facet normal 1.00 -0.10 0
outer loop
vertex 146.37 -65.57 0
vertex 146.40 -65.28 1
vertex 146.37 -65.57 1
endloop
endfacet
facet normal 1.00 0.10 0
outer loop
vertex 146.40 -65.86 0
vertex 146.37 -65.57 0
vertex 146.37 -65.57 1
endloop
endfacet
facet normal 1.00 0.10 0
outer loop
vertex 146.40 -65.86 0
vertex 146.37 -65.57 1
vertex 146.40 -65.86 1
endloop
endfacet
facet normal 0.96 0.29 0
outer loop
vertex 146.48 -66.14 0
vertex 146.40 -65.86 0
vertex 146.40 -65.86 1
endloop
endfacet
facet normal 0.96 0.29 0
outer loop
vertex 146.48 -66.14 0
vertex 146.40 -65.86 1
vertex 146.48 -66.14 1
endloop
endfacet
facet normal 0.88 0.47 0
outer loop
vertex 146.62 -66.40 0
vertex 146.48 -66.14 0
vertex 146.48 -66.14 1
endloop
endfacet
facet normal 0.88 0.47 0
outer loop
vertex 146.62 -66.40 0
vertex 146.48 -66.14 1
vertex 146.62 -66.40 1
endloop
endfacet
facet normal 0.77 0.63 0
outer loop
vertex 146.81 -66.63 0
vertex 146.62 -66.40 0
vertex 146.62 -66.40 1
endloop
endfacet
facet normal 0.77 0.63 0
outer loop
vertex 146.81 -66.63 0
vertex 146.62 -66.40 1
vertex 146.81 -66.63 1
endloop
endfacet
facet normal 0.63 0.77 0
outer loop
vertex 147.04 -66.82 0
vertex 146.81 -66.63 0
vertex 146.81 -66.63 1
endloop
endfacet
facet normal 0.63 0.77 0
outer loop
vertex 147.04 -66.82 0
vertex 146.81 -66.63 1
vertex 147.04 -66.82 1
endloop
endfacet
facet normal 0.47 0.88 0
outer loop
vertex 147.30 -66.96 0
vertex 147.04 -66.82 0
vertex 147.04 -66.82 1
endloop
endfacet
facet normal 0.47 0.88 0
outer loop
vertex 147.30 -66.96 0
vertex 147.04 -66.82 1
vertex 147.30 -66.96 1
endloop
endfacet
facet normal 0.29 0.96 0
outer loop
vertex 147.58 -67.04 0
vertex 147.30 -66.96 0
vertex 147.30 -66.96 1
endloop
endfacet
facet normal 0.29 0.96 0
outer loop
vertex 147.58 -67.04 0
vertex 147.30 -66.96 1
vertex 147.58 -67.04 1
endloop
endfacet
facet normal 0.10 1.00 0
outer loop
vertex 147.87 -67.07 0
vertex 147.58 -67.04 0
vertex 147.58 -67.04 1
endloop
endfacet
facet normal 0.10 1.00 0
outer loop
vertex 147.87 -67.07 0
vertex 147.58 -67.04 1
vertex 147.87 -67.07 1
endloop
endfacet
facet normal -0.10 1.00 0
outer loop
vertex 148.16 -67.04 0
vertex 147.87 -67.07 0
vertex 147.87 -67.07 1
endloop
endfacet
facet normal -0.10 1.00 0
outer loop
vertex 148.16 -67.04 0
vertex 147.87 -67.07 1
vertex 148.16 -67.04 1
endloop
endfacet
facet normal -0.29 0.96 0
outer loop
vertex 148.44 -66.96 0
vertex 148.16 -67.04 0
vertex 148.16 -67.04 1
endloop
endfacet
facet normal -0.29 0.96 0
outer loop
vertex 148.44 -66.96 0
vertex 148.16 -67.04 1
vertex 148.44 -66.96 1
endloop
endfacet
facet normal -0.47 0.88 0
outer loop
vertex 148.70 -66.82 0
vertex 148.44 -66.96 0
vertex 148.44 -66.96 1
endloop
endfacet
facet normal -0.47 0.88 0
outer loop
vertex 148.70 -66.82 0
vertex 148.44 -66.96 1
vertex 148.70 -66.82 1
endloop
endfacet
facet normal -0.63 0.77 0
outer loop
vertex 148.93 -66.63 0
vertex 148.70 -66.82 0
vertex 148.70 -66.82 1
endloop
endfacet
facet normal -0.63 0.77 0
outer loop
vertex 148.93 -66.63 0
vertex 148.70 -66.82 1
vertex 148.93 -66.63 1
endloop
endfacet
facet normal -0.77 0.63 0
outer loop
vertex 149.12 -66.40 0
vertex 148.93 -66.63 0
vertex 148.93 -66.63 1
endloop
endfacet
facet normal -0.77 0.63 0
outer loop
vertex 149.12 -66.40 0
vertex 148.93 -66.63 1
vertex 149.12 -66.40 1
endloop
endfacet
facet normal -0.88 0.47 0
outer loop
vertex 149.26 -66.14 0
vertex 149.12 -66.40 0
vertex 149.12 -66.40 1
endloop
endfacet
facet normal -0.88 0.47 0
outer loop
vertex 149.26 -66.14 0
vertex 149.12 -66.40 1
vertex 149.26 -66.14 1
endloop
endfacet
facet normal -0.96 0.29 0
outer loop
vertex 149.34 -65.86 0
vertex 149.26 -66.14 0
vertex 149.26 -66.14 1
endloop
endfacet
facet normal -0.96 0.29 0
outer loop
vertex 149.34 -65.86 0
vertex 149.26 -66.14 1
vertex 149.34 -65.86 1
endloop
endfacet
facet normal -1.00 0.10 0
outer loop
vertex 153.37 -65.57 0
vertex 153.34 -65.86 0
vertex 153.34 -65.86 1
endloop
endfacet
facet normal -1.00 0.10 0
outer loop
vertex 153.37 -65.57 0
vertex 153.34 -65.86 1
vertex 153.37 -65.57 1
endloop
endfacet
facet normal -1.00 -0.10 0
outer loop
vertex 153.34 -65.28 0
vertex 153.37 -65.57 0
vertex 153.37 -65.57 1
endloop
endfacet
facet normal -1.00 -0.10 0
outer loop
vertex 153.34 -65.28 0
vertex 153.37 -65.57 1
vertex 153.34 -65.28 1
endloop
endfacet
facet normal -0.96 -0.29 0
outer loop
vertex 153.26 -65.00 0
vertex 153.34 -65.28 0
vertex 153.34 -65.28 1
endloop
endfacet
facet normal -0.96 -0.29 0
outer loop
vertex 153.26 -65.00 0
vertex 153.34 -65.28 1
vertex 153.26 -65.00 1
endloop
endfacet
facet normal -0.88 -0.47 0
outer loop
vertex 153.12 -64.74 0
vertex 153.26 -65.00 0
vertex 153.26 -65.00 1
endloop
endfacet
facet normal -0.88 -0.47 0
outer loop
vertex 153.12 -64.74 0
vertex 153.26 -65.00 1
vertex 153.12 -64.74 1
endloop
endfacet
facet normal -0.77 -0.63 0
outer loop
vertex 152.93 -64.51 0
vertex 153.12 -64.74 0
vertex 153.12 -64.74 1
endloop
endfacet
facet normal -0.77 -0.63 0
outer loop
vertex 152.93 -64.51 0
vertex 153.12 -64.74 1
vertex 152.93 -64.51 1
endloop
endfacet
facet normal -0.63 -0.77 0
outer loop
vertex 152.70 -64.32 0
vertex 152.93 -64.51 0
vertex 152.93 -64.51 1
endloop
endfacet
facet normal -0.63 -0.77 0
outer loop
vertex 152.70 -64.32 0
vertex 152.93 -64.51 1
vertex 152.70 -64.32 1
endloop
endfacet
facet normal -0.47 -0.88 0
outer loop
vertex 152.44 -64.18 0
vertex 152.70 -64.32 0
vertex 152.70 -64.32 1
endloop
endfacet
facet normal -0.47 -0.88 0
outer loop
vertex 152.44 -64.18 0
vertex 152.70 -64.32 1
vertex 152.44 -64.18 1
endloop
endfacet
facet normal -0.29 -0.96 0
outer loop
vertex 152.16 -64.10 0
vertex 152.44 -64.18 0
vertex 152.44 -64.18 1
endloop
endfacet
facet normal -0.29 -0.96 0
outer loop
vertex 152.16 -64.10 0
vertex 152.44 -64.18 1
vertex 152.16 -64.10 1
endloop
endfacet
facet normal -0.10 -1.00 0
outer loop
vertex 151.87 -64.07 0
vertex 152.16 -64.10 0
vertex 152.16 -64.10 1
endloop
endfacet
facet normal -0.10 -1.00 0
outer loop
vertex 151.87 -64.07 0
vertex 152.16 -64.10 1
vertex 151.87 -64.07 1
endloop
endfacet
facet normal 0.10 -1.00 0
outer loop
vertex 151.58 -64.10 0
vertex 151.87 -64.07 0
vertex 151.87 -64.07 1
endloop
endfacet
facet normal 0.10 -1.00 0
outer loop
vertex 151.58 -64.10 0
vertex 151.87 -64.07 1
vertex 151.58 -64.10 1
endloop
endfacet
facet normal 0.29 -0.96 0
outer loop
vertex 151.30 -64.18 0
vertex 151.58 -64.10 0
vertex 151.58 -64.10 1
endloop
endfacet
facet normal 0.29 -0.96 0
outer loop
vertex 151.30 -64.18 0
vertex 151.58 -64.10 1
vertex 151.30 -64.18 1
endloop
endfacet
facet normal 0.47 -0.88 0
outer loop
vertex 151.04 -64.32 0
vertex 151.30 -64.18 0
vertex 151.30 -64.18 1
endloop
endfacet
facet normal 0.47 -0.88 0
outer loop
vertex 151.04 -64.32 0
vertex 151.30 -64.18 1
vertex 151.04 -64.32 1
endloop
endfacet
facet normal 0.63 -0.77 0
outer loop
vertex 150.81 -64.51 0
vertex 151.04 -64.32 0
vertex 151.04 -64.32 1
endloop
endfacet
facet normal 0.63 -0.77 0
outer loop
vertex 150.81 -64.51 0
vertex 151.04 -64.32 1
vertex 150.81 -64.51 1
endloop
endfacet
facet normal 0.77 -0.63 0
outer loop
vertex 150.62 -64.74 0
vertex 150.81 -64.51 0
vertex 150.81 -64.51 1
endloop
endfacet
facet normal 0.77 -0.63 0
outer loop
vertex 150.62 -64.74 0
vertex 150.81 -64.51 1
vertex 150.62 -64.74 1
endloop
endfacet
facet normal 0.88 -0.47 0
outer loop
vertex 150.48 -65.00 0
vertex 150.62 -64.74 0
vertex 150.62 -64.74 1
endloop
endfacet
facet normal 0.88 -0.47 0
outer loop
vertex 150.48 -65.00 0
vertex 150.62 -64.74 1
vertex 150.48 -65.00 1
endloop
endfacet
facet normal 0.96 -0.29 0
outer loop
vertex 150.40 -65.28 0
vertex 150.48 -65.00 0
vertex 150.48 -65.00 1
endloop
endfacet
facet normal 0.96 -0.29 0
outer loop
vertex 150.40 -65.28 0
vertex 150.48 -65.00 1
vertex 150.40 -65.28 1
endloop
endfacet
facet normal 1.00 -0.10 0
outer loop
vertex 150.37 -65.57 0
vertex 150.40 -65.28 0
vertex 150.40 -65.28 1
endloop
endfacet
facet normal 1.00 -0.10 0
outer loop
vertex 150.37 -65.57 0
vertex 150.40 -65.28 1
vertex 150.37 -65.57 1
endloop
endfacet
facet normal 1.00 0.10 0
outer loop
vertex 150.40 -65.86 0
vertex 150.37 -65.57 0
vertex 150.37 -65.57 1
endloop
endfacet
facet normal 1.00 0.10 0
outer loop
vertex 150.40 -65.86 0
vertex 150.37 -65.57 1
vertex 150.40 -65.86 1
endloop
endfacet
facet normal 0.96 0.29 0
outer loop
vertex 150.48 -66.14 0
vertex 150.40 -65.86 0
vertex 150.40 -65.86 1
endloop
endfacet
facet normal 0.96 0.29 0
outer loop
vertex 150.48 -66.14 0
vertex 150.40 -65.86 1
vertex 150.48 -66.14 1
endloop
endfacet
facet normal 0.88 0.47 0
outer loop
vertex 150.62 -66.40 0
vertex 150.48 -66.14 0
vertex 150.48 -66.14 1
endloop
endfacet
facet normal 0.88 0.47 0
outer loop
vertex 150.62 -66.40 0
vertex 150.48 -66.14 1
vertex 150.62 -66.40 1
endloop
endfacet
facet normal 0.77 0.63 0
outer loop
vertex 150.81 -66.63 0
vertex 150.62 -66.40 0
vertex 150.62 -66.40 1
endloop
endfacet
facet normal 0.77 0.63 0
outer loop
vertex 150.81 -66.63 0
vertex 150.62 -66.40 1
vertex 150.81 -66.63 1
endloop
endfacet
facet normal 0.63 0.77 0
outer loop
vertex 151.04 -66.82 0
vertex 150.81 -66.63 0
vertex 150.81 -66.63 1
endloop
endfacet
facet normal 0.63 0.77 0
outer loop
vertex 151.04 -66.82 0
vertex 150.81 -66.63 1
vertex 151.04 -66.82 1
endloop
endfacet
facet normal 0.47 0.88 0
outer loop
vertex 151.30 -66.96 0
vertex 151.04 -66.82 0
vertex 151.04 -66.82 1
endloop
endfacet
facet normal 0.47 0.88 0
outer loop
vertex 151.30 -66.96 0
vertex 151.04 -66.82 1
vertex 151.30 -66.96 1
endloop
endfacet
facet normal 0.29 0.96 0
outer loop
vertex 151.58 -67.04 0
vertex 151.30 -66.96 0
vertex 151.30 -66.96 1
endloop
endfacet
facet normal 0.29 0.96 0
outer loop
vertex 151.58 -67.04 0
vertex 151.30 -66.96 1
vertex 151.58 -67.04 1
endloop
endfacet
facet normal 0.10 1.00 0
outer loop
vertex 151.87 -67.07 0
vertex 151.58 -67.04 0
vertex 151.58 -67.04 1
endloop
endfacet
facet normal 0.10 1.00 0
outer loop
vertex 151.87 -67.07 0
vertex 151.58 -67.04 1
vertex 151.87 -67.07 1
endloop
endfacet
facet normal -0.10 1.00 0
outer loop
vertex 152.16 -67.04 0
vertex 151.87 -67.07 0
vertex 151.87 -67.07 1
endloop
endfacet
facet normal -0.10 1.00 0
outer loop
vertex 152.16 -67.04 0
vertex 151.87 -67.07 1
vertex 152.16 -67.04 1
endloop
endfacet
facet normal -0.29 0.96 0
outer loop
vertex 152.44 -66.96 0
vertex 152.16 -67.04 0
vertex 152.16 -67.04 1
endloop
endfacet
facet normal -0.29 0.96 0
outer loop
vertex 152.44 -66.96 0
vertex 152.16 -67.04 1
vertex 152.44 -66.96 1
endloop
endfacet
facet normal -0.47 0.88 0
outer loop
vertex 152.70 -66.82 0
vertex 152.44 -66.96 0
vertex 152.44 -66.96 1
endloop
endfacet
facet normal -0.47 0.88 0
outer loop
vertex 152.70 -66.82 0
vertex 152.44 -66.96 1
vertex 152.70 -66.82 1
endloop
endfacet
facet normal -0.63 0.77 0
outer loop
vertex 152.93 -66.63 0
vertex 152.70 -66.82 0
vertex 152.70 -66.82 1
endloop
endfacet
facet normal -0.63 0.77 0
outer loop
vertex 152.93 -66.63 0
vertex 152.70 -66.82 1
vertex 152.93 -66.63 1
endloop
endfacet
facet normal -0.77 0.63 0
outer loop
vertex 153.12 -66.40 0
vertex 152.93 -66.63 0
vertex 152.93 -66.63 1
endloop
endfacet
facet normal -0.77 0.63 0
outer loop
vertex 153.12 -66.40 0
vertex 152.93 -66.63 1
vertex 153.12 -66.40 1
endloop
endfacet
facet normal -0.88 0.47 0
outer loop
vertex 153.26 -66.14 0
vertex 153.12 -66.40 0
vertex 153.12 -66.40 1
endloop
endfacet
facet normal -0.88 0.47 0
outer loop
vertex 153.26 -66.14 0
vertex 153.12 -66.40 1
vertex 153.26 -66.14 1
endloop
endfacet
facet normal -0.96 0.29 0
outer loop
vertex 153.34 -65.86 0
vertex 153.26 -66.14 0
vertex 153.26 -66.14 1
endloop
endfacet
facet normal -0.96 0.29 0
outer loop
vertex 153.34 -65.86 0
vertex 153.26 -66.14 1
vertex 153.34 -65.86 1
endloop
endfacet
facet normal -1.00 0.10 0
outer loop
vertex 153.07 -77.72 0
vertex 153.05 -77.95 0
vertex 153.05 -77.95 2.2
endloop
endfacet
facet normal -1.00 0.10 0
outer loop
vertex 153.07 -77.72 0
vertex 153.05 -77.95 2.2
vertex 153.07 -77.72 2.2
endloop
endfacet
facet normal -1.00 -0.10 0
outer loop
vertex 153.05 -77.48 0
vertex 153.07 -77.72 0
vertex 153.07 -77.72 2.2
endloop
endfacet
facet normal -1.00 -0.10 0
outer loop
vertex 153.05 -77.48 0
vertex 153.07 -77.72 2.2
vertex 153.05 -77.48 2.2
endloop
endfacet
facet normal -0.96 -0.29 0
outer loop
vertex 152.98 -77.26 0
vertex 153.05 -77.48 0
vertex 153.05 -77.48 2.2
endloop
endfacet
facet normal -0.96 -0.29 0
outer loop
vertex 152.98 -77.26 0
vertex 153.05 -77.48 2.2
vertex 152.98 -77.26 2.2
endloop
endfacet
facet normal -0.88 -0.47 0
outer loop
vertex 152.87 -77.05 0
vertex 152.98 -77.26 0
vertex 152.98 -77.26 2.2
endloop
endfacet
facet normal -0.88 -0.47 0
outer loop
vertex 152.87 -77.05 0
vertex 152.98 -77.26 2.2
vertex 152.87 -77.05 2.2
endloop
endfacet
facet normal -0.77 -0.63 0
outer loop
vertex 152.72 -76.87 0
vertex 152.87 -77.05 0
vertex 152.87 -77.05 2.2
endloop
endfacet
facet normal -0.77 -0.63 0
outer loop
vertex 152.72 -76.87 0
vertex 152.87 -77.05 2.2
vertex 152.72 -76.87 2.2
endloop
endfacet
facet normal -0.63 -0.77 0
outer loop
vertex 152.54 -76.72 0
vertex 152.72 -76.87 0
vertex 152.72 -76.87 2.2
endloop
endfacet
facet normal -0.63 -0.77 0
outer loop
vertex 152.54 -76.72 0
vertex 152.72 -76.87 2.2
vertex 152.54 -76.72 2.2
endloop
endfacet
facet normal -0.47 -0.88 0
outer loop
vertex 152.33 -76.61 0
vertex 152.54 -76.72 0
vertex 152.54 -76.72 2.2
endloop
endfacet
facet normal -0.47 -0.88 0
outer loop
vertex 152.33 -76.61 0
vertex 152.54 -76.72 2.2
vertex 152.33 -76.61 2.2
endloop
endfacet
facet normal -0.29 -0.96 0
outer loop
vertex 152.10 -76.54 0
vertex 152.33 -76.61 0
vertex 152.33 -76.61 2.2
endloop
endfacet
facet normal -0.29 -0.96 0
outer loop
vertex 152.10 -76.54 0
vertex 152.33 -76.61 2.2
vertex 152.10 -76.54 2.2
endloop
endfacet
facet normal -0.10 -1.00 0
outer loop
vertex 151.87 -76.52 0
vertex 152.10 -76.54 0
vertex 152.10 -76.54 2.2
endloop
endfacet
facet normal -0.10 -1.00 0
outer loop
vertex 151.87 -76.52 0
vertex 152.10 -76.54 2.2
vertex 151.87 -76.52 2.2
endloop
endfacet
facet normal 0.10 -1.00 0
outer loop
vertex 151.64 -76.54 0
vertex 151.87 -76.52 0
vertex 151.87 -76.52 2.2
endloop
endfacet
facet normal 0.10 -1.00 0
outer loop
vertex 151.64 -76.54 0
vertex 151.87 -76.52 2.2
vertex 151.64 -76.54 2.2
endloop
endfacet
facet normal 0.29 -0.96 0
outer loop
vertex 151.41 -76.61 0
vertex 151.64 -76.54 0
vertex 151.64 -76.54 2.2
endloop
endfacet
facet normal 0.29 -0.96 0
outer loop
vertex 151.41 -76.61 0
vertex 151.64 -76.54 2.2
vertex 151.41 -76.61 2.2
endloop
endfacet
facet normal 0.47 -0.88 0
outer loop
vertex 151.20 -76.72 0
vertex 151.41 -76.61 0
vertex 151.41 -76.61 2.2
endloop
endfacet
facet normal 0.47 -0.88 0
outer loop
vertex 151.20 -76.72 0
vertex 151.41 -76.61 2.2
vertex 151.20 -76.72 2.2
endloop
endfacet
facet normal 0.63 -0.77 0
outer loop
vertex 151.02 -76.87 0
vertex 151.20 -76.72 0
vertex 151.20 -76.72 2.2
endloop
endfacet
facet normal 0.63 -0.77 0
outer loop
vertex 151.02 -76.87 0
vertex 151.20 -76.72 2.2
vertex 151.02 -76.87 2.2
endloop
endfacet
facet normal 0.77 -0.63 0
outer loop
vertex 150.87 -77.05 0
vertex 151.02 -76.87 0
vertex 151.02 -76.87 2.2
endloop
endfacet
facet normal 0.77 -0.63 0
outer loop
vertex 150.87 -77.05 0
vertex 151.02 -76.87 2.2
vertex 150.87 -77.05 2.2
endloop
endfacet
facet normal 0.88 -0.47 0
outer loop
vertex 150.76 -77.26 0
vertex 150.87 -77.05 0
vertex 150.87 -77.05 2.2
endloop
endfacet
facet normal 0.88 -0.47 0
outer loop
vertex 150.76 -77.26 0
vertex 150.87 -77.05 2.2
vertex 150.76 -77.26 2.2
endloop
endfacet
facet normal 0.96 -0.29 0
outer loop
vertex 150.69 -77.48 0
vertex 150.76 -77.26 0
vertex 150.76 -77.26 2.2
endloop
endfacet
facet normal 0.96 -0.29 0
outer loop
vertex 150.69 -77.48 0
vertex 150.76 -77.26 2.2
vertex 150.69 -77.48 2.2
endloop
endfacet
facet normal 1.00 -0.10 0
outer loop
vertex 150.67 -77.72 0
vertex 150.69 -77.48 0
vertex 150.69 -77.48 2.2
endloop
endfacet
facet normal 1.00 -0.10 0
outer loop
vertex 150.67 -77.72 0
vertex 150.69 -77.48 2.2
vertex 150.67 -77.72 2.2
endloop
endfacet
facet normal 1.00 0.10 0
outer loop
vertex 150.69 -77.95 0
vertex 150.67 -77.72 0
vertex 150.67 -77.72 2.2
endloop
endfacet
facet normal 1.00 0.10 0
outer loop
vertex 150.69 -77.95 0
vertex 150.67 -77.72 2.2
vertex 150.69 -77.95 2.2
endloop
endfacet
facet normal 0.96 0.29 0
outer loop
vertex 150.76 -78.17 0
vertex 150.69 -77.95 0
vertex 150.69 -77.95 2.2
endloop
endfacet
facet normal 0.96 0.29 0
outer loop
vertex 150.76 -78.17 0
vertex 150.69 -77.95 2.2
vertex 150.76 -78.17 2.2
endloop
endfacet
facet normal 0.88 0.47 0
outer loop
vertex 150.87 -78.38 0
vertex 150.76 -78.17 0
vertex 150.76 -78.17 2.2
endloop
endfacet
facet normal 0.88 0.47 0
outer loop
vertex 150.87 -78.38 0
vertex 150.76 -78.17 2.2
vertex 150.87 -78.38 2.2
endloop
endfacet
facet normal 0.77 0.63 0
outer loop
vertex 151.02 -78.56 0
vertex 150.87 -78.38 0
vertex 150.87 -78.38 2.2
endloop
endfacet
facet normal 0.77 0.63 0
outer loop
vertex 151.02 -78.56 0
vertex 150.87 -78.38 2.2
vertex 151.02 -78.56 2.2
endloop
endfacet
facet normal 0.63 0.77 0
outer loop
vertex 151.20 -78.71 0
vertex 151.02 -78.56 0
vertex 151.02 -78.56 2.2
endloop
endfacet
facet normal 0.63 0.77 0
outer loop
vertex 151.20 -78.71 0
vertex 151.02 -78.56 2.2
vertex 151.20 -78.71 2.2
endloop
endfacet
facet normal 0.47 0.88 0
outer loop
vertex 151.41 -78.82 0
vertex 151.20 -78.71 0
vertex 151.20 -78.71 2.2
endloop
endfacet
facet normal 0.47 0.88 0
outer loop
vertex 151.41 -78.82 0
vertex 151.20 -78.71 2.2
vertex 151.41 -78.82 2.2
endloop
endfacet
facet normal 0.29 0.96 0
outer loop
vertex 151.64 -78.89 0
vertex 151.41 -78.82 0
vertex 151.41 -78.82 2.2
endloop
endfacet
facet normal 0.29 0.96 0
outer loop
vertex 151.64 -78.89 0
vertex 151.41 -78.82 2.2
vertex 151.64 -78.89 2.2
endloop
endfacet
facet normal 0.10 1.00 0
outer loop
vertex 151.87 -78.92 0
vertex 151.64 -78.89 0
vertex 151.64 -78.89 2.2
endloop
endfacet
facet normal 0.10 1.00 0
outer loop
vertex 151.87 -78.92 0
vertex 151.64 -78.89 2.2
vertex 151.87 -78.92 2.2
endloop
endfacet
facet normal -0.10 1.00 0
outer loop
vertex 152.10 -78.89 0
vertex 151.87 -78.92 0
vertex 151.87 -78.92 2.2
endloop
endfacet
facet normal -0.10 1.00 0
outer loop
vertex 152.10 -78.89 0
vertex 151.87 -78.92 2.2
vertex 152.10 -78.89 2.2
endloop
endfacet
facet normal -0.29 0.96 0
outer loop
vertex 152.33 -78.82 0
vertex 152.10 -78.89 0
vertex 152.10 -78.89 2.2
endloop
endfacet
facet normal -0.29 0.96 0
outer loop
vertex 152.33 -78.82 0
vertex 152.10 -78.89 2.2
vertex 152.33 -78.82 2.2
endloop
endfacet
facet normal -0.47 0.88 0
outer loop
vertex 152.54 -78.71 0
vertex 152.33 -78.82 0
vertex 152.33 -78.82 2.2
endloop
endfacet
facet normal -0.47 0.88 0
outer loop
vertex 152.54 -78.71 0
vertex 152.33 -78.82 2.2
vertex 152.54 -78.71 2.2
endloop
endfacet
facet normal -0.63 0.77 0
outer loop
vertex 152.72 -78.56 0
vertex 152.54 -78.71 0
vertex 152.54 -78.71 2.2
endloop
endfacet
facet normal -0.63 0.77 0
outer loop
vertex 152.72 -78.56 0
vertex 152.54 -78.71 2.2
vertex 152.72 -78.56 2.2
endloop
endfacet
facet normal -0.77 0.63 0
outer loop
vertex 152.87 -78.38 0
vertex 152.72 -78.56 0
vertex 152.72 -78.56 2.2
endloop
endfacet
facet normal -0.77 0.63 0
outer loop
vertex 152.87 -78.38 0
vertex 152.72 -78.56 2.2
vertex 152.87 -78.38 2.2
endloop
endfacet
facet normal -0.88 0.47 0
outer loop
vertex 152.98 -78.17 0
vertex 152.87 -78.38 0
vertex 152.87 -78.38 2.2
endloop
endfacet
facet normal -0.88 0.47 0
outer loop
vertex 152.98 -78.17 0
vertex 152.87 -78.38 2.2
vertex 152.98 -78.17 2.2
endloop
endfacet
facet normal -0.96 0.29 0
outer loop
vertex 153.05 -77.95 0
vertex 152.98 -78.17 0
vertex 152.98 -78.17 2.2
endloop
endfacet
facet normal -0.96 0.29 0
outer loop
vertex 153.05 -77.95 0
vertex 152.98 -78.17 2.2
vertex 153.05 -77.95 2.2
endloop
endfacet
facet normal -1 0 0
outer loop
vertex 152.37 -52.65 0.2
vertex 152.37 -52.65 0
vertex 152.37 -52.69 0
endloop
endfacet
facet normal -1 0 0
outer loop
vertex 152.37 -52.65 0.2
vertex 152.37 -52.69 0
vertex 152.37 -52.72 0
endloop
endfacet
facet normal -1 0 0
outer loop
vertex 152.37 -52.65 0.2
vertex 152.37 -52.72 0
vertex 152.37 -53.24 0
endloop
endfacet
facet normal -1 0 0
outer loop
vertex 152.37 -52.65 0.2
vertex 152.37 -53.24 0
vertex 152.37 -53.75 0
endloop
endfacet
facet normal -1 0 0
outer loop
vertex 152.37 -52.65 0.2
vertex 152.37 -53.75 0
vertex 152.37 -54.22 0
endloop
endfacet
facet normal -1 0 0
outer loop
vertex 152.37 -52.65 0.2
vertex 152.37 -54.22 0
vertex 152.37 -54.65 0
endloop
endfacet
facet normal -1 0 0
outer loop
vertex 152.37 -52.65 0.2
vertex 152.37 -54.65 0
vertex 152.37 -55.02 0
endloop
endfacet
facet normal -1 0 0
outer loop
vertex 152.37 -52.65 0.2
vertex 152.37 -55.02 0
vertex 152.37 -55.32 0
endloop
endfacet
facet normal -1 0 0
outer loop
vertex 152.37 -52.65 0.2
vertex 152.37 -55.32 0
vertex 152.37 -55.54 0
endloop
endfacet
facet normal -1 0 0
outer loop
vertex 152.37 -52.65 0.2
vertex 152.37 -55.54 0
vertex 152.37 -55.67 0
endloop
endfacet
facet normal -1 0 0
outer loop
vertex 152.37 -52.65 0.2
vertex 152.37 -55.67 0
vertex 152.37 -55.72 0
endloop
endfacet
facet normal -1 0 0
outer loop
vertex 152.37 -52.65 0.2
vertex 152.37 -55.72 0
vertex 152.37 -56.57 0
endloop
endfacet
facet normal -1 0 0
outer loop
vertex 152.37 -52.65 0.2
vertex 152.37 -56.57 0
vertex 152.37 -56.57 0.2
endloop
endfacet
facet normal -1 0 0
outer loop
vertex 152.37 -44.57 0.2
vertex 152.37 -44.57 0
vertex 152.37 -44.79 0
endloop
endfacet
facet normal -1 0 0
outer loop
vertex 152.37 -44.57 0.2
vertex 152.37 -44.79 0
vertex 152.37 -45.22 0
endloop
endfacet
facet normal -1 0 0
outer loop
vertex 152.37 -44.57 0.2
vertex 152.37 -45.22 0
vertex 152.37 -45.69 0
endloop
endfacet
facet normal -1 0 0
outer loop
vertex 152.37 -44.57 0.2
vertex 152.37 -45.69 0
vertex 152.37 -46.20 0
endloop
endfacet
facet normal -1 0 0
outer loop
vertex 152.37 -44.57 0.2
vertex 152.37 -46.20 0
vertex 152.37 -46.72 0
endloop
endfacet
facet normal -1 0 0
outer loop
vertex 152.37 -44.57 0.2
vertex 152.37 -46.72 0
vertex 152.37 -46.75 0
endloop
endfacet
facet normal -1 0 0
outer loop
vertex 152.37 -44.57 0.2
vertex 152.37 -46.75 0
vertex 152.37 -46.79 0
endloop
endfacet
facet normal -1 0 0
outer loop
vertex 152.37 -44.57 0.2
vertex 152.37 -46.79 0
vertex 152.37 -46.79 0.2
endloop
endfacet
facet normal 0 -1 0
outer loop
vertex 141.12 -44.57 0.20
vertex 150.62 -44.57 0.20
vertex 152.37 -44.57 0.2
endloop
endfacet
facet normal 0 -1 0
outer loop
vertex 141.12 -44.57 0.20
vertex 152.37 -44.57 0.2
vertex 152.37 -46.79 0.2
endloop
endfacet
facet normal 0 -1 0
outer loop
vertex 141.12 -44.57 0.20
vertex 152.37 -46.79 0.2
vertex 152.19 -46.84 0.2
endloop
endfacet
facet normal 0 -1 0
outer loop
vertex 141.12 -44.57 0.20
vertex 152.19 -46.84 0.2
vertex 139.37 -46.84 0.2
endloop
endfacet
facet normal 0 -1 0
outer loop
vertex 141.12 -44.57 0.20
vertex 139.37 -46.84 0.2
vertex 139.37 -44.57 0.2
endloop
endfacet
facet normal 0 0 -1
outer loop
vertex 152.19 -46.84 0.2
vertex 151.87 -46.99 0.2
vertex 139.37 -46.99 0.2
endloop
endfacet
facet normal 0 0 -1
outer loop
vertex 152.19 -46.84 0.2
vertex 139.37 -46.99 0.2
vertex 139.37 -46.84 0.2
endloop
endfacet
facet normal 0 0 -1
outer loop
vertex 151.87 -46.99 0.2
vertex 151.58 -47.19 0.2
vertex 139.37 -47.19 0.2
endloop
endfacet
facet normal 0 0 -1
outer loop
vertex 151.87 -46.99 0.2
vertex 139.37 -47.19 0.2
vertex 139.37 -46.99 0.2
endloop
endfacet
facet normal 0 0 -1
outer loop
vertex 151.58 -47.19 0.2
vertex 151.34 -47.43 0.2
vertex 139.37 -47.43 0.2
endloop
endfacet
facet normal 0 0 -1
outer loop
vertex 151.58 -47.19 0.2
vertex 139.37 -47.43 0.2
vertex 139.37 -47.19 0.2
endloop
endfacet
facet normal 0 0 -1
outer loop
vertex 151.34 -47.43 0.2
vertex 151.14 -47.72 0.2
vertex 139.37 -47.72 0.2
endloop
endfacet
facet normal 0 0 -1
outer loop
vertex 151.34 -47.43 0.2
vertex 139.37 -47.72 0.2
vertex 139.37 -47.43 0.2
endloop
endfacet
facet normal 0 0 -1
outer loop
vertex 151.14 -47.72 0.2
vertex 150.99 -48.04 0.2
vertex 139.37 -48.04 0.2
endloop
endfacet
facet normal 0 0 -1
outer loop
vertex 151.14 -47.72 0.2
vertex 139.37 -48.04 0.2
vertex 139.37 -47.72 0.2
endloop
endfacet
facet normal 0 0 -1
outer loop
vertex 150.99 -48.04 0.2
vertex 150.90 -48.37 0.2
vertex 139.37 -48.37 0.2
endloop
endfacet
facet normal 0 0 -1
outer loop
vertex 150.99 -48.04 0.2
vertex 139.37 -48.37 0.2
vertex 139.37 -48.04 0.2
endloop
endfacet
facet normal 0 0 -1
outer loop
vertex 150.90 -48.37 0.2
vertex 150.87 -48.72 0.2
vertex 139.37 -48.72 0.2
endloop
endfacet
facet normal 0 0 -1
outer loop
vertex 150.90 -48.37 0.2
vertex 139.37 -48.72 0.2
vertex 139.37 -48.37 0.2
endloop
endfacet
facet normal 0 0 -1
outer loop
vertex 150.87 -48.72 0.2
vertex 150.87 -50.72 0.2
vertex 139.37 -50.72 0.2
endloop
endfacet
facet normal 0 0 -1
outer loop
vertex 150.87 -48.72 0.2
vertex 139.37 -50.72 0.2
vertex 139.37 -48.72 0.2
endloop
endfacet
facet normal 0 0 -1
outer loop
vertex 150.87 -50.72 0.2
vertex 150.90 -51.07 0.2
vertex 139.37 -51.07 0.2
endloop
endfacet
facet normal 0 0 -1
outer loop
vertex 150.87 -50.72 0.2
vertex 139.37 -51.07 0.2
vertex 139.37 -50.72 0.2
endloop
endfacet
facet normal 0 0 -1
outer loop
vertex 150.90 -51.07 0.2
vertex 150.99 -51.40 0.2
vertex 139.37 -51.40 0.2
endloop
endfacet
facet normal 0 0 -1
outer loop
vertex 150.90 -51.07 0.2
vertex 139.37 -51.40 0.2
vertex 139.37 -51.07 0.2
endloop
endfacet
facet normal 0 0 -1
outer loop
vertex 150.99 -51.40 0.2
vertex 151.14 -51.72 0.2
vertex 139.37 -51.72 0.2
endloop
endfacet
facet normal 0 0 -1
outer loop
vertex 150.99 -51.40 0.2
vertex 139.37 -51.72 0.2
vertex 139.37 -51.40 0.2
endloop
endfacet
facet normal 0 0 -1
outer loop
vertex 151.14 -51.72 0.2
vertex 151.34 -52.01 0.2
vertex 139.37 -52.01 0.2
endloop
endfacet
facet normal 0 0 -1
outer loop
vertex 151.14 -51.72 0.2
vertex 139.37 -52.01 0.2
vertex 139.37 -51.72 0.2
endloop
endfacet
facet normal 0 0 -1
outer loop
vertex 151.34 -52.01 0.2
vertex 151.58 -52.25 0.2
vertex 139.37 -52.25 0.2
endloop
endfacet
facet normal 0 0 -1
outer loop
vertex 151.34 -52.01 0.2
vertex 139.37 -52.25 0.2
vertex 139.37 -52.01 0.2
endloop
endfacet
facet normal 0 0 -1
outer loop
vertex 151.58 -52.25 0.2
vertex 151.87 -52.45 0.2
vertex 139.37 -52.45 0.2
endloop
endfacet
facet normal 0 0 -1
outer loop
vertex 151.58 -52.25 0.2
vertex 139.37 -52.45 0.2
vertex 139.37 -52.25 0.2
endloop
endfacet
facet normal 0 0 -1
outer loop
vertex 151.87 -52.45 0.2
vertex 152.19 -52.60 0.2
vertex 139.37 -52.60 0.2
endloop
endfacet
facet normal 0 0 -1
outer loop
vertex 151.87 -52.45 0.2
vertex 139.37 -52.60 0.2
vertex 139.37 -52.45 0.2
endloop
endfacet
facet normal 0 0 -1
outer loop
vertex 152.19 -52.60 0.2
vertex 152.37 -52.65 0.2
vertex 152.37 -56.57 0.2
endloop
endfacet
facet normal 0 0 -1
outer loop
vertex 152.19 -52.60 0.2
vertex 152.37 -56.57 0.2
vertex 139.37 -56.57 0.2
endloop
endfacet
facet normal 0 0 -1
outer loop
vertex 152.19 -52.60 0.2
vertex 139.37 -56.57 0.2
vertex 139.37 -52.60 0.2
endloop
endfacet
facet normal -1.06350583450876e-7 1.00 0
outer loop
vertex 179.87 -53.72 0
vertex 174.70 -53.72 0
vertex 174.70 -53.72 2.2
endloop
endfacet
facet normal -1.06350583450876e-7 1.00 0
outer loop
vertex 179.87 -53.72 0
vertex 174.70 -53.72 2.2
vertex 179.87 -53.72 2.2
endloop
endfacet
facet normal -0.09 1.00 0
outer loop
vertex 180.04 -53.70 0
vertex 179.87 -53.72 0
vertex 179.87 -53.72 2.2
endloop
endfacet
facet normal -0.09 1.00 0
outer loop
vertex 180.04 -53.70 0
vertex 179.87 -53.72 2.2
vertex 180.04 -53.70 2.2
endloop
endfacet
facet normal -0.26 0.97 0
outer loop
vertex 180.21 -53.66 0
vertex 180.04 -53.70 0
vertex 180.04 -53.70 2.2
endloop
endfacet
facet normal -0.26 0.97 0
outer loop
vertex 180.21 -53.66 0
vertex 180.04 -53.70 2.2
vertex 180.21 -53.66 2.2
endloop
endfacet
facet normal -0.42 0.91 0
outer loop
vertex 180.37 -53.59 0
vertex 180.21 -53.66 0
vertex 180.21 -53.66 2.2
endloop
endfacet
facet normal -0.42 0.91 0
outer loop
vertex 180.37 -53.59 0
vertex 180.21 -53.66 2.2
vertex 180.37 -53.59 2.2
endloop
endfacet
facet normal -0.57 0.82 0
outer loop
vertex 180.51 -53.49 0
vertex 180.37 -53.59 0
vertex 180.37 -53.59 2.2
endloop
endfacet
facet normal -0.57 0.82 0
outer loop
vertex 180.51 -53.49 0
vertex 180.37 -53.59 2.2
vertex 180.51 -53.49 2.2
endloop
endfacet
facet normal -0.71 0.71 0
outer loop
vertex 180.64 -53.36 0
vertex 180.51 -53.49 0
vertex 180.51 -53.49 2.2
endloop
endfacet
facet normal -0.71 0.71 0
outer loop
vertex 180.64 -53.36 0
vertex 180.51 -53.49 2.2
vertex 180.64 -53.36 2.2
endloop
endfacet
facet normal -0.82 0.57 0
outer loop
vertex 180.74 -53.22 0
vertex 180.64 -53.36 0
vertex 180.64 -53.36 2.2
endloop
endfacet
facet normal -0.82 0.57 0
outer loop
vertex 180.74 -53.22 0
vertex 180.64 -53.36 2.2
vertex 180.74 -53.22 2.2
endloop
endfacet
facet normal -0.91 0.42 0
outer loop
vertex 180.81 -53.06 0
vertex 180.74 -53.22 0
vertex 180.74 -53.22 2.2
endloop
endfacet
facet normal -0.91 0.42 0
outer loop
vertex 180.81 -53.06 0
vertex 180.74 -53.22 2.2
vertex 180.81 -53.06 2.2
endloop
endfacet
facet normal -0.97 0.26 0
outer loop
vertex 180.86 -52.89 0
vertex 180.81 -53.06 0
vertex 180.81 -53.06 2.2
endloop
endfacet
facet normal -0.97 0.26 0
outer loop
vertex 180.86 -52.89 0
vertex 180.81 -53.06 2.2
vertex 180.86 -52.89 2.2
endloop
endfacet
facet normal -1.00 0.09 0
outer loop
vertex 180.87 -52.72 0
vertex 180.86 -52.89 0
vertex 180.86 -52.89 2.2
endloop
endfacet
facet normal -1.00 0.09 0
outer loop
vertex 180.87 -52.72 0
vertex 180.86 -52.89 2.2
vertex 180.87 -52.72 2.2
endloop
endfacet
facet normal -1 0 0
outer loop
vertex 180.87 -52.72 0
vertex 180.87 -52.72 2.2
vertex 180.87 -46.72 2.2
endloop
endfacet
facet normal -1 0 0
outer loop
vertex 180.87 -52.72 0
vertex 180.87 -46.72 2.2
vertex 180.87 -46.72 0
endloop
endfacet
facet normal -1.00 -0.09 0
outer loop
vertex 180.86 -46.55 0
vertex 180.87 -46.72 0
vertex 180.87 -46.72 2.2
endloop
endfacet
facet normal -1.00 -0.09 0
outer loop
vertex 180.86 -46.55 0
vertex 180.87 -46.72 2.2
vertex 180.86 -46.55 2.2
endloop
endfacet
facet normal -0.97 -0.26 0
outer loop
vertex 180.81 -46.38 0
vertex 180.86 -46.55 0
vertex 180.86 -46.55 2.2
endloop
endfacet
facet normal -0.97 -0.26 0
outer loop
vertex 180.81 -46.38 0
vertex 180.86 -46.55 2.2
vertex 180.81 -46.38 2.2
endloop
endfacet
facet normal -0.91 -0.42 0
outer loop
vertex 180.74 -46.22 0
vertex 180.81 -46.38 0
vertex 180.81 -46.38 2.2
endloop
endfacet
facet normal -0.91 -0.42 0
outer loop
vertex 180.74 -46.22 0
vertex 180.81 -46.38 2.2
vertex 180.74 -46.22 2.2
endloop
endfacet
facet normal -0.82 -0.57 0
outer loop
vertex 180.64 -46.08 0
vertex 180.74 -46.22 0
vertex 180.74 -46.22 2.2
endloop
endfacet
facet normal -0.82 -0.57 0
outer loop
vertex 180.64 -46.08 0
vertex 180.74 -46.22 2.2
vertex 180.64 -46.08 2.2
endloop
endfacet
facet normal -0.71 -0.71 0
outer loop
vertex 180.51 -45.95 0
vertex 180.64 -46.08 0
vertex 180.64 -46.08 2.2
endloop
endfacet
facet normal -0.71 -0.71 0
outer loop
vertex 180.51 -45.95 0
vertex 180.64 -46.08 2.2
vertex 180.51 -45.95 2.2
endloop
endfacet
facet normal -0.57 -0.82 0
outer loop
vertex 180.37 -45.85 0
vertex 180.51 -45.95 0
vertex 180.51 -45.95 2.2
endloop
endfacet
facet normal -0.57 -0.82 0
outer loop
vertex 180.37 -45.85 0
vertex 180.51 -45.95 2.2
vertex 180.37 -45.85 2.2
endloop
endfacet
facet normal -0.42 -0.91 0
outer loop
vertex 180.21 -45.78 0
vertex 180.37 -45.85 0
vertex 180.37 -45.85 2.2
endloop
endfacet
facet normal -0.42 -0.91 0
outer loop
vertex 180.21 -45.78 0
vertex 180.37 -45.85 2.2
vertex 180.21 -45.78 2.2
endloop
endfacet
facet normal -0.26 -0.97 0
outer loop
vertex 180.04 -45.73 0
vertex 180.21 -45.78 0
vertex 180.21 -45.78 2.2
endloop
endfacet
facet normal -0.26 -0.97 0
outer loop
vertex 180.04 -45.73 0
vertex 180.21 -45.78 2.2
vertex 180.04 -45.73 2.2
endloop
endfacet
facet normal -0.09 -1.00 0
outer loop
vertex 179.87 -45.72 0
vertex 180.04 -45.73 0
vertex 180.04 -45.73 2.2
endloop
endfacet
facet normal -0.09 -1.00 0
outer loop
vertex 179.87 -45.72 0
vertex 180.04 -45.73 2.2
vertex 179.87 -45.72 2.2
endloop
endfacet
facet normal -1.0635062608344015e-7 -1.00 0
outer loop
vertex 174.70 -45.72 0
vertex 179.87 -45.72 0
vertex 179.87 -45.72 2.2
endloop
endfacet
facet normal -1.0635062608344015e-7 -1.00 0
outer loop
vertex 174.70 -45.72 0
vertex 179.87 -45.72 2.2
vertex 174.70 -45.72 2.2
endloop
endfacet
facet normal -0.91 -0.40 0
outer loop
vertex 174.51 -45.30 0
vertex 174.70 -45.72 0
vertex 174.70 -45.72 2.2
endloop
endfacet
facet normal -0.91 -0.40 0
outer loop
vertex 174.51 -45.30 0
vertex 174.70 -45.72 2.2
vertex 174.51 -45.30 2.2
endloop
endfacet
facet normal -0.84 -0.54 0
outer loop
vertex 174.26 -44.91 0
vertex 174.51 -45.30 0
vertex 174.51 -45.30 2.2
endloop
endfacet
facet normal -0.84 -0.54 0
outer loop
vertex 174.26 -44.91 0
vertex 174.51 -45.30 2.2
vertex 174.26 -44.91 2.2
endloop
endfacet
facet normal -0.75 -0.66 0
outer loop
vertex 173.96 -44.56 0
vertex 174.26 -44.91 0
vertex 174.26 -44.91 2.2
endloop
endfacet
facet normal -0.75 -0.66 0
outer loop
vertex 173.96 -44.56 0
vertex 174.26 -44.91 2.2
vertex 173.96 -44.56 2.2
endloop
endfacet
facet normal -0.64 -0.77 0
outer loop
vertex 173.60 -44.27 0
vertex 173.96 -44.56 0
vertex 173.96 -44.56 2.2
endloop
endfacet
facet normal -0.64 -0.77 0
outer loop
vertex 173.60 -44.27 0
vertex 173.96 -44.56 2.2
vertex 173.60 -44.27 2.2
endloop
endfacet
facet normal -0.51 -0.86 0
outer loop
vertex 173.21 -44.03 0
vertex 173.60 -44.27 0
vertex 173.60 -44.27 2.2
endloop
endfacet
facet normal -0.51 -0.86 0
outer loop
vertex 173.21 -44.03 0
vertex 173.60 -44.27 2.2
vertex 173.21 -44.03 2.2
endloop
endfacet
facet normal -0.38 -0.93 0
outer loop
vertex 172.78 -43.86 0
vertex 173.21 -44.03 0
vertex 173.21 -44.03 2.2
endloop
endfacet
facet normal -0.38 -0.93 0
outer loop
vertex 172.78 -43.86 0
vertex 173.21 -44.03 2.2
vertex 172.78 -43.86 2.2
endloop
endfacet
facet normal -0.23 -0.97 0
outer loop
vertex 172.33 -43.76 0
vertex 172.78 -43.86 0
vertex 172.78 -43.86 2.2
endloop
endfacet
facet normal -0.23 -0.97 0
outer loop
vertex 172.33 -43.76 0
vertex 172.78 -43.86 2.2
vertex 172.33 -43.76 2.2
endloop
endfacet
facet normal -0.08 -1.00 0
outer loop
vertex 171.87 -43.72 0
vertex 172.33 -43.76 0
vertex 172.33 -43.76 2.2
endloop
endfacet
facet normal -0.08 -1.00 0
outer loop
vertex 171.87 -43.72 0
vertex 172.33 -43.76 2.2
vertex 171.87 -43.72 2.2
endloop
endfacet
facet normal -5.499997968172466e-8 -1.00 0
outer loop
vertex 161.87 -43.72 0
vertex 171.87 -43.72 0
vertex 171.87 -43.72 2.2
endloop
endfacet
facet normal -5.499997968172466e-8 -1.00 0
outer loop
vertex 161.87 -43.72 0
vertex 171.87 -43.72 2.2
vertex 161.87 -43.72 2.2
endloop
endfacet
facet normal 0.09 -1.00 0
outer loop
vertex 161.35 -43.77 0
vertex 161.87 -43.72 0
vertex 161.87 -43.72 2.2
endloop
endfacet
facet normal 0.09 -1.00 0
outer loop
vertex 161.35 -43.77 0
vertex 161.87 -43.72 2.2
vertex 161.35 -43.77 2.2
endloop
endfacet
facet normal 0.26 -0.97 0
outer loop
vertex 160.84 -43.90 0
vertex 161.35 -43.77 0
vertex 161.35 -43.77 2.2
endloop
endfacet
facet normal 0.26 -0.97 0
outer loop
vertex 160.84 -43.90 0
vertex 161.35 -43.77 2.2
vertex 160.84 -43.90 2.2
endloop
endfacet
facet normal 0.42 -0.91 0
outer loop
vertex 160.37 -44.12 0
vertex 160.84 -43.90 0
vertex 160.84 -43.90 2.2
endloop
endfacet
facet normal 0.42 -0.91 0
outer loop
vertex 160.37 -44.12 0
vertex 160.84 -43.90 2.2
vertex 160.37 -44.12 2.2
endloop
endfacet
facet normal 0.57 -0.82 0
outer loop
vertex 159.94 -44.42 0
vertex 160.37 -44.12 0
vertex 160.37 -44.12 2.2
endloop
endfacet
facet normal 0.57 -0.82 0
outer loop
vertex 159.94 -44.42 0
vertex 160.37 -44.12 2.2
vertex 159.94 -44.42 2.2
endloop
endfacet
facet normal 0 0 1
outer loop
vertex 159.57 -44.79 0
vertex 159.79 -44.57 0
vertex 159.94 -44.42 0
endloop
endfacet
facet normal 0 0 1
outer loop
vertex 159.57 -44.79 0
vertex 159.94 -44.42 0
vertex 159.94 -44.42 2.2
endloop
endfacet
facet normal 0 0 1
outer loop
vertex 159.57 -44.79 0
vertex 159.94 -44.42 2.2
vertex 159.57 -44.79 2.2
endloop
endfacet
facet normal 0.82 -0.57 0
outer loop
vertex 159.27 -45.22 0
vertex 159.57 -44.79 0
vertex 159.57 -44.79 2.2
endloop
endfacet
facet normal 0.82 -0.57 0
outer loop
vertex 159.27 -45.22 0
vertex 159.57 -44.79 2.2
vertex 159.27 -45.22 2.2
endloop
endfacet
facet normal 0.91 -0.42 0
outer loop
vertex 159.05 -45.69 0
vertex 159.27 -45.22 0
vertex 159.27 -45.22 2.2
endloop
endfacet
facet normal 0.91 -0.42 0
outer loop
vertex 159.05 -45.69 0
vertex 159.27 -45.22 2.2
vertex 159.05 -45.69 2.2
endloop
endfacet
facet normal 0.97 -0.26 0
outer loop
vertex 158.92 -46.20 0
vertex 159.05 -45.69 0
vertex 159.05 -45.69 2.2
endloop
endfacet
facet normal 0.97 -0.26 0
outer loop
vertex 158.92 -46.20 0
vertex 159.05 -45.69 2.2
vertex 158.92 -46.20 2.2
endloop
endfacet
facet normal 1.00 -0.09 0
outer loop
vertex 158.87 -46.72 0
vertex 158.92 -46.20 0
vertex 158.92 -46.20 2.2
endloop
endfacet
facet normal 1.00 -0.09 0
outer loop
vertex 158.87 -46.72 0
vertex 158.92 -46.20 2.2
vertex 158.87 -46.72 2.2
endloop
endfacet
facet normal -9.166666359305964e-8 -1.00 0
outer loop
vertex 152.87 -46.72 0
vertex 158.87 -46.72 0
vertex 158.87 -46.72 2.2
endloop
endfacet
facet normal -9.166666359305964e-8 -1.00 0
outer loop
vertex 152.87 -46.72 0
vertex 158.87 -46.72 2.2
vertex 152.87 -46.72 2.2
endloop
endfacet
facet normal 0.09 -1.00 0
outer loop
vertex 152.52 -46.75 0
vertex 152.87 -46.72 0
vertex 152.87 -46.72 2.2
endloop
endfacet
facet normal 0.09 -1.00 0
outer loop
vertex 152.52 -46.75 0
vertex 152.87 -46.72 2.2
vertex 152.52 -46.75 2.2
endloop
endfacet
facet normal 0.26 -0.97 -1.0711824150344692e-13
outer loop
vertex 152.52 -46.75 2.2
vertex 152.37 -46.79 2.20
vertex 152.37 -46.79 0.2
endloop
endfacet
facet normal 0.26 -0.97 -1.0711824150344692e-13
outer loop
vertex 152.52 -46.75 2.2
vertex 152.37 -46.79 0.2
vertex 152.37 -46.79 0
endloop
endfacet
facet normal 0.26 -0.97 -1.0711824150344692e-13
outer loop
vertex 152.52 -46.75 2.2
vertex 152.37 -46.79 0
vertex 152.52 -46.75 0
endloop
endfacet
facet normal 0.26 -0.97 0
outer loop
vertex 152.37 -46.79 2.20
vertex 152.19 -46.84 2.2
vertex 152.19 -46.84 0.2
endloop
endfacet
facet normal 0.26 -0.97 0
outer loop
vertex 152.37 -46.79 2.20
vertex 152.19 -46.84 0.2
vertex 152.37 -46.79 0.2
endloop
endfacet
facet normal 0.09 1.00 0
outer loop
vertex 152.87 -52.72 0
vertex 152.52 -52.69 0
vertex 152.52 -52.69 2.2
endloop
endfacet
facet normal 0.09 1.00 0
outer loop
vertex 152.87 -52.72 0
vertex 152.52 -52.69 2.2
vertex 152.87 -52.72 2.2
endloop
endfacet
facet normal -9.166666359305964e-8 1.00 0
outer loop
vertex 158.87 -52.72 0
vertex 152.87 -52.72 0
vertex 152.87 -52.72 2.2
endloop
endfacet
facet normal -9.166666359305964e-8 1.00 0
outer loop
vertex 158.87 -52.72 0
vertex 152.87 -52.72 2.2
vertex 158.87 -52.72 2.2
endloop
endfacet
facet normal 1.00 0.09 0
outer loop
vertex 158.92 -53.24 0
vertex 158.87 -52.72 0
vertex 158.87 -52.72 2.2
endloop
endfacet
facet normal 1.00 0.09 0
outer loop
vertex 158.92 -53.24 0
vertex 158.87 -52.72 2.2
vertex 158.92 -53.24 2.2
endloop
endfacet
facet normal 0.97 0.26 0
outer loop
vertex 159.05 -53.75 0
vertex 158.92 -53.24 0
vertex 158.92 -53.24 2.2
endloop
endfacet
facet normal 0.97 0.26 0
outer loop
vertex 159.05 -53.75 0
vertex 158.92 -53.24 2.2
vertex 159.05 -53.75 2.2
endloop
endfacet
facet normal 0.91 0.42 0
outer loop
vertex 159.27 -54.22 0
vertex 159.05 -53.75 0
vertex 159.05 -53.75 2.2
endloop
endfacet
facet normal 0.91 0.42 0
outer loop
vertex 159.27 -54.22 0
vertex 159.05 -53.75 2.2
vertex 159.27 -54.22 2.2
endloop
endfacet
facet normal 0.82 0.57 0
outer loop
vertex 159.57 -54.65 0
vertex 159.27 -54.22 0
vertex 159.27 -54.22 2.2
endloop
endfacet
facet normal 0.82 0.57 0
outer loop
vertex 159.57 -54.65 0
vertex 159.27 -54.22 2.2
vertex 159.57 -54.65 2.2
endloop
endfacet
facet normal 0.71 0.71 0
outer loop
vertex 159.94 -55.02 0
vertex 159.57 -54.65 0
vertex 159.57 -54.65 2.2
endloop
endfacet
facet normal 0.71 0.71 0
outer loop
vertex 159.94 -55.02 0
vertex 159.57 -54.65 2.2
vertex 159.94 -55.02 2.2
endloop
endfacet
facet normal 0.57 0.82 0
outer loop
vertex 160.37 -55.32 0
vertex 159.94 -55.02 0
vertex 159.94 -55.02 2.2
endloop
endfacet
facet normal 0.57 0.82 0
outer loop
vertex 160.37 -55.32 0
vertex 159.94 -55.02 2.2
vertex 160.37 -55.32 2.2
endloop
endfacet
facet normal 0.42 0.91 0
outer loop
vertex 160.84 -55.54 0
vertex 160.37 -55.32 0
vertex 160.37 -55.32 2.2
endloop
endfacet
facet normal 0.42 0.91 0
outer loop
vertex 160.84 -55.54 0
vertex 160.37 -55.32 2.2
vertex 160.84 -55.54 2.2
endloop
endfacet
facet normal 0.26 0.97 0
outer loop
vertex 161.35 -55.67 0
vertex 160.84 -55.54 0
vertex 160.84 -55.54 2.2
endloop
endfacet
facet normal 0.26 0.97 0
outer loop
vertex 161.35 -55.67 0
vertex 160.84 -55.54 2.2
vertex 161.35 -55.67 2.2
endloop
endfacet
facet normal 0.09 1.00 0
outer loop
vertex 161.87 -55.72 0
vertex 161.35 -55.67 0
vertex 161.35 -55.67 2.2
endloop
endfacet
facet normal 0.09 1.00 0
outer loop
vertex 161.87 -55.72 0
vertex 161.35 -55.67 2.2
vertex 161.87 -55.72 2.2
endloop
endfacet
facet normal -5.500000099800673e-8 1.00 0
outer loop
vertex 171.87 -55.72 0
vertex 161.87 -55.72 0
vertex 161.87 -55.72 2.2
endloop
endfacet
facet normal -5.500000099800673e-8 1.00 0
outer loop
vertex 171.87 -55.72 0
vertex 161.87 -55.72 2.2
vertex 171.87 -55.72 2.2
endloop
endfacet
facet normal -0.08 1.00 0
outer loop
vertex 172.33 -55.68 0
vertex 171.87 -55.72 0
vertex 171.87 -55.72 2.2
endloop
endfacet
facet normal -0.08 1.00 0
outer loop
vertex 172.33 -55.68 0
vertex 171.87 -55.72 2.2
vertex 172.33 -55.68 2.2
endloop
endfacet
facet normal -0.23 0.97 0
outer loop
vertex 172.78 -55.58 0
vertex 172.33 -55.68 0
vertex 172.33 -55.68 2.2
endloop
endfacet
facet normal -0.23 0.97 0
outer loop
vertex 172.78 -55.58 0
vertex 172.33 -55.68 2.2
vertex 172.78 -55.58 2.2
endloop
endfacet
facet normal -0.38 0.93 0
outer loop
vertex 173.21 -55.41 0
vertex 172.78 -55.58 0
vertex 172.78 -55.58 2.2
endloop
endfacet
facet normal -0.38 0.93 0
outer loop
vertex 173.21 -55.41 0
vertex 172.78 -55.58 2.2
vertex 173.21 -55.41 2.2
endloop
endfacet
facet normal -0.51 0.86 0
outer loop
vertex 173.60 -55.17 0
vertex 173.21 -55.41 0
vertex 173.21 -55.41 2.2
endloop
endfacet
facet normal -0.51 0.86 0
outer loop
vertex 173.60 -55.17 0
vertex 173.21 -55.41 2.2
vertex 173.60 -55.17 2.2
endloop
endfacet
facet normal -0.64 0.77 0
outer loop
vertex 173.96 -54.87 0
vertex 173.60 -55.17 0
vertex 173.60 -55.17 2.2
endloop
endfacet
facet normal -0.64 0.77 0
outer loop
vertex 173.96 -54.87 0
vertex 173.60 -55.17 2.2
vertex 173.96 -54.87 2.2
endloop
endfacet
facet normal -0.75 0.66 0
outer loop
vertex 174.26 -54.53 0
vertex 173.96 -54.87 0
vertex 173.96 -54.87 2.2
endloop
endfacet
facet normal -0.75 0.66 0
outer loop
vertex 174.26 -54.53 0
vertex 173.96 -54.87 2.2
vertex 174.26 -54.53 2.2
endloop
endfacet
facet normal -0.84 0.54 0
outer loop
vertex 174.51 -54.14 0
vertex 174.26 -54.53 0
vertex 174.26 -54.53 2.2
endloop
endfacet
facet normal -0.84 0.54 0
outer loop
vertex 174.51 -54.14 0
vertex 174.26 -54.53 2.2
vertex 174.51 -54.14 2.2
endloop
endfacet
facet normal -0.91 0.40 0
outer loop
vertex 174.70 -53.72 0
vertex 174.51 -54.14 0
vertex 174.51 -54.14 2.2
endloop
endfacet
facet normal -0.91 0.40 0
outer loop
vertex 174.70 -53.72 0
vertex 174.51 -54.14 2.2
vertex 174.70 -53.72 2.2
endloop
endfacet
facet normal 0.42 -0.91 0
outer loop
vertex 151.87 -46.99 0.2
vertex 152.19 -46.84 0.2
vertex 152.19 -46.84 2.2
endloop
endfacet
facet normal 0.42 -0.91 0
outer loop
vertex 151.87 -46.99 0.2
vertex 152.19 -46.84 2.2
vertex 151.87 -46.99 2.2
endloop
endfacet
facet normal 0.57 -0.82 0
outer loop
vertex 151.58 -47.19 0.2
vertex 151.87 -46.99 0.2
vertex 151.87 -46.99 2.2
endloop
endfacet
facet normal 0.57 -0.82 0
outer loop
vertex 151.58 -47.19 0.2
vertex 151.87 -46.99 2.2
vertex 151.58 -47.19 2.2
endloop
endfacet
facet normal 0.71 -0.71 0
outer loop
vertex 151.34 -47.43 0.2
vertex 151.58 -47.19 0.2
vertex 151.58 -47.19 2.2
endloop
endfacet
facet normal 0.71 -0.71 0
outer loop
vertex 151.34 -47.43 0.2
vertex 151.58 -47.19 2.2
vertex 151.34 -47.43 2.2
endloop
endfacet
facet normal 0.82 -0.57 0
outer loop
vertex 151.14 -47.72 0.2
vertex 151.34 -47.43 0.2
vertex 151.34 -47.43 2.2
endloop
endfacet
facet normal 0.82 -0.57 0
outer loop
vertex 151.14 -47.72 0.2
vertex 151.34 -47.43 2.2
vertex 151.14 -47.72 2.2
endloop
endfacet
facet normal 0.91 -0.42 0
outer loop
vertex 150.99 -48.04 0.2
vertex 151.14 -47.72 0.2
vertex 151.14 -47.72 2.2
endloop
endfacet
facet normal 0.91 -0.42 0
outer loop
vertex 150.99 -48.04 0.2
vertex 151.14 -47.72 2.2
vertex 150.99 -48.04 2.2
endloop
endfacet
facet normal 0.97 -0.26 0
outer loop
vertex 150.90 -48.37 0.2
vertex 150.99 -48.04 0.2
vertex 150.99 -48.04 2.2
endloop
endfacet
facet normal 0.97 -0.26 0
outer loop
vertex 150.90 -48.37 0.2
vertex 150.99 -48.04 2.2
vertex 150.90 -48.37 2.2
endloop
endfacet
facet normal 1.00 -0.09 0
outer loop
vertex 150.87 -48.72 0.2
vertex 150.90 -48.37 0.2
vertex 150.90 -48.37 2.2
endloop
endfacet
facet normal 1.00 -0.09 0
outer loop
vertex 150.87 -48.72 0.2
vertex 150.90 -48.37 2.2
vertex 150.87 -48.72 2.2
endloop
endfacet
facet normal 1 0 0
outer loop
vertex 150.87 -50.72 2.2
vertex 150.87 -50.72 0.2
vertex 150.87 -48.72 0.2
endloop
endfacet
facet normal 1 0 0
outer loop
vertex 150.87 -50.72 2.2
vertex 150.87 -48.72 0.2
vertex 150.87 -48.72 2.2
endloop
endfacet
facet normal 1.00 0.09 0
outer loop
vertex 150.90 -51.07 0.2
vertex 150.87 -50.72 0.2
vertex 150.87 -50.72 2.2
endloop
endfacet
facet normal 1.00 0.09 0
outer loop
vertex 150.90 -51.07 0.2
vertex 150.87 -50.72 2.2
vertex 150.90 -51.07 2.2
endloop
endfacet
facet normal 0.97 0.26 0
outer loop
vertex 150.99 -51.40 0.2
vertex 150.90 -51.07 0.2
vertex 150.90 -51.07 2.2
endloop
endfacet
facet normal 0.97 0.26 0
outer loop
vertex 150.99 -51.40 0.2
vertex 150.90 -51.07 2.2
vertex 150.99 -51.40 2.2
endloop
endfacet
facet normal 0.91 0.42 0
outer loop
vertex 151.14 -51.72 0.2
vertex 150.99 -51.40 0.2
vertex 150.99 -51.40 2.2
endloop
endfacet
facet normal 0.91 0.42 0
outer loop
vertex 151.14 -51.72 0.2
vertex 150.99 -51.40 2.2
vertex 151.14 -51.72 2.2
endloop
endfacet
facet normal 0.82 0.57 0
outer loop
vertex 151.34 -52.01 0.2
vertex 151.14 -51.72 0.2
vertex 151.14 -51.72 2.2
endloop
endfacet
facet normal 0.82 0.57 0
outer loop
vertex 151.34 -52.01 0.2
vertex 151.14 -51.72 2.2
vertex 151.34 -52.01 2.2
endloop
endfacet
facet normal 0.71 0.71 0
outer loop
vertex 151.58 -52.25 0.2
vertex 151.34 -52.01 0.2
vertex 151.34 -52.01 2.2
endloop
endfacet
facet normal 0.71 0.71 0
outer loop
vertex 151.58 -52.25 0.2
vertex 151.34 -52.01 2.2
vertex 151.58 -52.25 2.2
endloop
endfacet
facet normal 0.57 0.82 0
outer loop
vertex 151.87 -52.45 0.2
vertex 151.58 -52.25 0.2
vertex 151.58 -52.25 2.2
endloop
endfacet
facet normal 0.57 0.82 0
outer loop
vertex 151.87 -52.45 0.2
vertex 151.58 -52.25 2.2
vertex 151.87 -52.45 2.2
endloop
endfacet
facet normal 0.42 0.91 0
outer loop
vertex 152.19 -52.60 0.2
vertex 151.87 -52.45 0.2
vertex 151.87 -52.45 2.2
endloop
endfacet
facet normal 0.42 0.91 0
outer loop
vertex 152.19 -52.60 0.2
vertex 151.87 -52.45 2.2
vertex 152.19 -52.60 2.2
endloop
endfacet
facet normal 0.26 0.97 0
outer loop
vertex 152.19 -52.60 2.2
vertex 152.37 -52.65 2.2
vertex 152.37 -52.65 0.2
endloop
endfacet
facet normal 0.26 0.97 0
outer loop
vertex 152.19 -52.60 2.2
vertex 152.37 -52.65 0.2
vertex 152.19 -52.60 0.2
endloop
endfacet
facet normal 0.26 0.97 -7.10969774324204e-15
outer loop
vertex 152.37 -52.65 0.2
vertex 152.37 -52.65 2.2
vertex 152.52 -52.69 2.2
endloop
endfacet
facet normal 0.26 0.97 -7.10969774324204e-15
outer loop
vertex 152.37 -52.65 0.2
vertex 152.52 -52.69 2.2
vertex 152.52 -52.69 0
endloop
endfacet
facet normal 0.26 0.97 -7.10969774324204e-15
outer loop
vertex 152.37 -52.65 0.2
vertex 152.52 -52.69 0
vertex 152.37 -52.65 0
endloop
endfacet
facet normal -0.78 -0.63 0
outer loop
vertex 141.03 -128.81 1.76
vertex 141.03 -128.81 1.20
vertex 141.13 -128.93 1.20
endloop
endfacet
facet normal -0.78 -0.63 0
outer loop
vertex 141.03 -128.81 1.76
vertex 141.13 -128.93 1.20
vertex 141.13 -128.93 1.76
endloop
endfacet
facet normal -0.67 -0.74 0
outer loop
vertex 140.92 -128.70 1.76
vertex 140.92 -128.70 1.20
vertex 141.03 -128.81 1.20
endloop
endfacet
facet normal -0.67 -0.74 0
outer loop
vertex 140.92 -128.70 1.76
vertex 141.03 -128.81 1.20
vertex 141.03 -128.81 1.76
endloop
endfacet
facet normal -0.61 -0.79 0
outer loop
vertex 139.73 -127.79 1.76
vertex 139.73 -127.79 1.20
vertex 140.92 -128.70 1.20
endloop
endfacet
facet normal -0.61 -0.79 0
outer loop
vertex 139.73 -127.79 1.76
vertex 140.92 -128.70 1.20
vertex 140.92 -128.70 1.76
endloop
endfacet
facet normal -0.54 -0.84 0
outer loop
vertex 139.59 -127.71 1.76
vertex 139.59 -127.71 1.20
vertex 139.73 -127.79 1.20
endloop
endfacet
facet normal -0.54 -0.84 0
outer loop
vertex 139.59 -127.71 1.76
vertex 139.73 -127.79 1.20
vertex 139.73 -127.79 1.76
endloop
endfacet
facet normal -0.41 -0.91 0
outer loop
vertex 139.45 -127.64 1.76
vertex 139.45 -127.64 1.20
vertex 139.59 -127.71 1.20
endloop
endfacet
facet normal -0.41 -0.91 0
outer loop
vertex 139.45 -127.64 1.76
vertex 139.59 -127.71 1.20
vertex 139.59 -127.71 1.76
endloop
endfacet
facet normal 0.41 -0.91 0
outer loop
vertex 164.15 -127.71 1.76
vertex 164.15 -127.71 1.20
vertex 164.29 -127.64 1.20
endloop
endfacet
facet normal 0.41 -0.91 0
outer loop
vertex 164.15 -127.71 1.76
vertex 164.29 -127.64 1.20
vertex 164.29 -127.64 1.76
endloop
endfacet
facet normal 0.54 -0.84 0
outer loop
vertex 164.01 -127.79 1.76
vertex 164.01 -127.79 1.20
vertex 164.15 -127.71 1.20
endloop
endfacet
facet normal 0.54 -0.84 0
outer loop
vertex 164.01 -127.79 1.76
vertex 164.15 -127.71 1.20
vertex 164.15 -127.71 1.76
endloop
endfacet
facet normal 0.67 -0.74 0
outer loop
vertex 162.71 -128.81 1.76
vertex 162.71 -128.81 1.20
vertex 162.82 -128.70 1.20
endloop
endfacet
facet normal 0.67 -0.74 0
outer loop
vertex 162.71 -128.81 1.76
vertex 162.82 -128.70 1.20
vertex 162.82 -128.70 1.76
endloop
endfacet
facet normal 0.78 -0.63 0
outer loop
vertex 162.61 -128.93 1.76
vertex 162.61 -128.93 1.20
vertex 162.71 -128.81 1.20
endloop
endfacet
facet normal 0.78 -0.63 0
outer loop
vertex 162.61 -128.93 1.76
vertex 162.71 -128.81 1.20
vertex 162.71 -128.81 1.76
endloop
endfacet
facet normal -0.38 -0.92 0
outer loop
vertex 138.13 -77.29 1.76
vertex 138.13 -77.29 1.20
vertex 139.52 -77.87 1.20
endloop
endfacet
facet normal -0.38 -0.92 0
outer loop
vertex 138.13 -77.29 1.76
vertex 139.52 -77.87 1.20
vertex 139.52 -77.87 1.76
endloop
endfacet
facet normal -0.30 -0.95 0
outer loop
vertex 137.96 -77.24 1.76
vertex 137.96 -77.24 1.20
vertex 138.13 -77.29 1.20
endloop
endfacet
facet normal -0.30 -0.95 0
outer loop
vertex 137.96 -77.24 1.76
vertex 138.13 -77.29 1.20
vertex 138.13 -77.29 1.76
endloop
endfacet
facet normal -0.22 -0.98 0
outer loop
vertex 178.83 -58.25 1.76
vertex 178.83 -58.25 1.20
vertex 179.00 -58.29 1.20
endloop
endfacet
facet normal -0.22 -0.98 0
outer loop
vertex 178.83 -58.25 1.76
vertex 179.00 -58.29 1.20
vertex 179.00 -58.29 1.76
endloop
endfacet
facet normal -0.04 -1.00 0
outer loop
vertex 178.83 -58.25 1.76
vertex 178.71 -58.25 1.76
vertex 178.71 -58.25 1.20
endloop
endfacet
facet normal -0.04 -1.00 0
outer loop
vertex 178.83 -58.25 1.76
vertex 178.71 -58.25 1.20
vertex 178.83 -58.25 1.20
endloop
endfacet
facet normal -0.04 -1.00 -1.0000750458607432e-14
outer loop
vertex 178.71 -58.25 1.76
vertex 178.71 -58.25 2.2
vertex 178.66 -58.25 2.2
endloop
endfacet
facet normal -0.04 -1.00 -1.0000750458607432e-14
outer loop
vertex 178.71 -58.25 1.76
vertex 178.66 -58.25 2.2
vertex 178.66 -58.25 1.20
endloop
endfacet
facet normal -0.04 -1.00 -1.0000750458607432e-14
outer loop
vertex 178.71 -58.25 1.76
vertex 178.66 -58.25 1.20
vertex 178.71 -58.25 1.20
endloop
endfacet
facet normal 0.61 -0.79 1.2697708387141902e-15
outer loop
vertex 176.78 -58.98 2.2
vertex 176.71 -59.02 2.2
vertex 176.71 -59.02 1.76
endloop
endfacet
facet normal 0.61 -0.79 1.2697708387141902e-15
outer loop
vertex 176.78 -58.98 2.2
vertex 176.71 -59.02 1.76
vertex 176.71 -59.02 1.20
endloop
endfacet
facet normal 0.61 -0.79 1.2697708387141902e-15
outer loop
vertex 176.78 -58.98 2.2
vertex 176.71 -59.02 1.20
vertex 176.78 -58.98 1.20
endloop
endfacet
facet normal 0.61 -0.79 0
outer loop
vertex 176.71 -59.02 1.76
vertex 176.64 -59.08 1.76
vertex 176.64 -59.08 1.20
endloop
endfacet
facet normal 0.61 -0.79 0
outer loop
vertex 176.71 -59.02 1.76
vertex 176.64 -59.08 1.20
vertex 176.71 -59.02 1.20
endloop
endfacet
facet normal 0.74 -0.68 0
outer loop
vertex 176.52 -59.21 1.76
vertex 176.52 -59.21 1.20
vertex 176.64 -59.08 1.20
endloop
endfacet
facet normal 0.74 -0.68 0
outer loop
vertex 176.52 -59.21 1.76
vertex 176.64 -59.08 1.20
vertex 176.64 -59.08 1.76
endloop
endfacet
facet normal 0.30 -0.95 0
outer loop
vertex 165.61 -77.29 1.76
vertex 165.61 -77.29 1.20
vertex 165.78 -77.24 1.20
endloop
endfacet
facet normal 0.30 -0.95 0
outer loop
vertex 165.61 -77.29 1.76
vertex 165.78 -77.24 1.20
vertex 165.78 -77.24 1.76
endloop
endfacet
facet normal 0.38 -0.92 0
outer loop
vertex 164.22 -77.87 1.76
vertex 164.22 -77.87 1.20
vertex 165.61 -77.29 1.20
endloop
endfacet
facet normal 0.38 -0.92 0
outer loop
vertex 164.22 -77.87 1.76
vertex 165.61 -77.29 1.20
vertex 165.61 -77.29 1.76
endloop
endfacet
facet normal 0.46 -0.89 0
outer loop
vertex 164.07 -77.95 1.76
vertex 164.07 -77.95 1.20
vertex 164.22 -77.87 1.20
endloop
endfacet
facet normal 0.46 -0.89 0
outer loop
vertex 164.07 -77.95 1.76
vertex 164.22 -77.87 1.20
vertex 164.22 -77.87 1.76
endloop
endfacet
facet normal -0.74 -0.68 0
outer loop
vertex 127.10 -59.08 1.76
vertex 127.10 -59.08 1.20
vertex 127.22 -59.21 1.20
endloop
endfacet
facet normal -0.74 -0.68 0
outer loop
vertex 127.10 -59.08 1.76
vertex 127.22 -59.21 1.20
vertex 127.22 -59.21 1.76
endloop
endfacet
facet normal -0.61 -0.79 0
outer loop
vertex 127.10 -59.08 1.76
vertex 127.03 -59.02 1.76
vertex 127.03 -59.02 1.20
endloop
endfacet
facet normal -0.61 -0.79 0
outer loop
vertex 127.10 -59.08 1.76
vertex 127.03 -59.02 1.20
vertex 127.10 -59.08 1.20
endloop
endfacet
facet normal -0.61 -0.79 -1.0531987468072843e-14
outer loop
vertex 127.03 -59.02 1.76
vertex 127.03 -59.02 2.2
vertex 126.96 -58.98 2.2
endloop
endfacet
facet normal -0.61 -0.79 -1.0531987468072843e-14
outer loop
vertex 127.03 -59.02 1.76
vertex 126.96 -58.98 2.2
vertex 126.96 -58.98 1.20
endloop
endfacet
facet normal -0.61 -0.79 -1.0531987468072843e-14
outer loop
vertex 127.03 -59.02 1.76
vertex 126.96 -58.98 1.20
vertex 127.03 -59.02 1.20
endloop
endfacet
facet normal 0.04 -1.00 1.383271767313758e-16
outer loop
vertex 125.08 -58.25 2.2
vertex 125.03 -58.25 2.2
vertex 125.03 -58.25 1.76
endloop
endfacet
facet normal 0.04 -1.00 1.383271767313758e-16
outer loop
vertex 125.08 -58.25 2.2
vertex 125.03 -58.25 1.76
vertex 125.03 -58.25 1.20
endloop
endfacet
facet normal 0.04 -1.00 1.383271767313758e-16
outer loop
vertex 125.08 -58.25 2.2
vertex 125.03 -58.25 1.20
vertex 125.08 -58.25 1.20
endloop
endfacet
facet normal 0.04 -1.00 0
outer loop
vertex 125.03 -58.25 1.76
vertex 124.91 -58.25 1.76
vertex 124.91 -58.25 1.20
endloop
endfacet
facet normal 0.04 -1.00 0
outer loop
vertex 125.03 -58.25 1.76
vertex 124.91 -58.25 1.20
vertex 125.03 -58.25 1.20
endloop
endfacet
facet normal 0.22 -0.98 0
outer loop
vertex 124.74 -58.29 1.76
vertex 124.74 -58.29 1.20
vertex 124.91 -58.25 1.20
endloop
endfacet
facet normal 0.22 -0.98 0
outer loop
vertex 124.74 -58.29 1.76
vertex 124.91 -58.25 1.20
vertex 124.91 -58.25 1.76
endloop
endfacet
facet normal 0 0 1
outer loop
vertex 141.27 -129.21 1.20
vertex 141.21 -129.07 1.20
vertex 141.13 -128.93 1.20
endloop
endfacet
facet normal 0 0 1
outer loop
vertex 141.27 -129.21 1.20
vertex 141.13 -128.93 1.20
vertex 141.13 -128.93 1.20
endloop
endfacet
facet normal 0 0 1
outer loop
vertex 141.27 -129.21 1.20
vertex 141.13 -128.93 1.20
vertex 141.03 -128.81 1.20
endloop
endfacet
facet normal 0 0 1
outer loop
vertex 141.27 -129.21 1.20
vertex 141.03 -128.81 1.20
vertex 140.92 -128.70 1.20
endloop
endfacet
facet normal 0 0 1
outer loop
vertex 141.27 -129.21 1.20
vertex 140.92 -128.70 1.20
vertex 139.73 -127.79 1.20
endloop
endfacet
facet normal 0 0 1
outer loop
vertex 141.27 -129.21 1.20
vertex 139.73 -127.79 1.20
vertex 139.59 -127.71 1.20
endloop
endfacet
facet normal 0 0 1
outer loop
vertex 141.27 -129.21 1.20
vertex 139.59 -127.71 1.20
vertex 139.45 -127.64 1.20
endloop
endfacet
facet normal 0 0 1
outer loop
vertex 141.27 -129.21 1.20
vertex 139.45 -127.64 1.20
vertex 139.45 -127.64 1.20
endloop
endfacet
facet normal 0 0 1
outer loop
vertex 141.27 -129.21 1.20
vertex 139.45 -127.64 1.20
vertex 139.30 -127.60 1.20
endloop
endfacet
facet normal 0 0 1
outer loop
vertex 141.27 -129.21 1.20
vertex 139.30 -127.60 1.20
vertex 139.14 -127.58 1.20
endloop
endfacet
facet normal 0 0 1
outer loop
vertex 141.27 -129.21 1.20
vertex 139.14 -127.58 1.20
vertex 139.05 -127.59 1.20
endloop
endfacet
facet normal 0 0 1
outer loop
vertex 141.27 -129.21 1.20
vertex 139.05 -127.59 1.20
vertex 141.28 -129.30 1.20
endloop
endfacet
facet normal 0 0 1
outer loop
vertex 164.69 -127.59 1.20
vertex 164.60 -127.58 1.20
vertex 164.44 -127.60 1.20
endloop
endfacet
facet normal 0 0 1
outer loop
vertex 164.69 -127.59 1.20
vertex 164.44 -127.60 1.20
vertex 164.29 -127.64 1.20
endloop
endfacet
facet normal 0 0 1
outer loop
vertex 164.69 -127.59 1.20
vertex 164.29 -127.64 1.20
vertex 164.29 -127.64 1.20
endloop
endfacet
facet normal 0 0 1
outer loop
vertex 164.69 -127.59 1.20
vertex 164.29 -127.64 1.20
vertex 164.15 -127.71 1.20
endloop
endfacet
facet normal 0 0 1
outer loop
vertex 164.69 -127.59 1.20
vertex 164.15 -127.71 1.20
vertex 164.01 -127.79 1.20
endloop
endfacet
facet normal 0 0 1
outer loop
vertex 164.69 -127.59 1.20
vertex 164.01 -127.79 1.20
vertex 162.82 -128.70 1.20
endloop
endfacet
facet normal 0 0 1
outer loop
vertex 164.69 -127.59 1.20
vertex 162.82 -128.70 1.20
vertex 162.71 -128.81 1.20
endloop
endfacet
facet normal 0 0 1
outer loop
vertex 164.69 -127.59 1.20
vertex 162.71 -128.81 1.20
vertex 162.61 -128.93 1.20
endloop
endfacet
facet normal 0 0 1
outer loop
vertex 164.69 -127.59 1.20
vertex 162.61 -128.93 1.20
vertex 162.61 -128.93 1.20
endloop
endfacet
facet normal 0 0 1
outer loop
vertex 164.69 -127.59 1.20
vertex 162.61 -128.93 1.20
vertex 162.53 -129.07 1.20
endloop
endfacet
facet normal 0 0 1
outer loop
vertex 164.69 -127.59 1.20
vertex 162.53 -129.07 1.20
vertex 162.47 -129.21 1.20
endloop
endfacet
facet normal 0 0 1
outer loop
vertex 164.69 -127.59 1.20
vertex 162.47 -129.21 1.20
vertex 162.46 -129.30 1.20
endloop
endfacet
facet normal 0 0 1
outer loop
vertex 140.02 -78.33 1.20
vertex 139.93 -78.18 1.20
vertex 139.81 -78.05 1.20
endloop
endfacet
facet normal 0 0 1
outer loop
vertex 140.02 -78.33 1.20
vertex 139.81 -78.05 1.20
vertex 139.78 -78.03 1.20
endloop
endfacet
facet normal 0 0 1
outer loop
vertex 140.02 -78.33 1.20
vertex 139.78 -78.03 1.20
vertex 139.67 -77.95 1.20
endloop
endfacet
facet normal 0 0 1
outer loop
vertex 140.02 -78.33 1.20
vertex 139.67 -77.95 1.20
vertex 139.52 -77.87 1.20
endloop
endfacet
facet normal 0 0 1
outer loop
vertex 140.02 -78.33 1.20
vertex 139.52 -77.87 1.20
vertex 138.13 -77.29 1.20
endloop
endfacet
facet normal 0 0 1
outer loop
vertex 140.02 -78.33 1.20
vertex 138.13 -77.29 1.20
vertex 137.96 -77.24 1.20
endloop
endfacet
facet normal 0 0 1
outer loop
vertex 140.02 -78.33 1.20
vertex 137.96 -77.24 1.20
vertex 137.83 -77.22 1.20
endloop
endfacet
facet normal 0 0 1
outer loop
vertex 140.02 -78.33 1.20
vertex 137.83 -77.22 1.20
vertex 137.79 -77.22 1.20
endloop
endfacet
facet normal 0 0 1
outer loop
vertex 140.02 -78.33 1.20
vertex 137.79 -77.22 1.20
vertex 137.62 -77.23 1.20
endloop
endfacet
facet normal 0 0 1
outer loop
vertex 140.02 -78.33 1.20
vertex 137.62 -77.23 1.20
vertex 137.45 -77.26 1.20
endloop
endfacet
facet normal 0 0 1
outer loop
vertex 140.02 -78.33 1.20
vertex 137.45 -77.26 1.20
vertex 137.43 -77.27 1.20
endloop
endfacet
facet normal 0 0 1
outer loop
vertex 140.02 -78.33 1.20
vertex 137.43 -77.27 1.20
vertex 140.03 -78.35 1.20
endloop
endfacet
facet normal 0 0 1
outer loop
vertex 166.31 -77.27 1.20
vertex 166.29 -77.26 1.20
vertex 166.12 -77.23 1.20
endloop
endfacet
facet normal 0 0 1
outer loop
vertex 166.31 -77.27 1.20
vertex 166.12 -77.23 1.20
vertex 165.95 -77.22 1.20
endloop
endfacet
facet normal 0 0 1
outer loop
vertex 166.31 -77.27 1.20
vertex 165.95 -77.22 1.20
vertex 165.91 -77.22 1.20
endloop
endfacet
facet normal 0 0 1
outer loop
vertex 166.31 -77.27 1.20
vertex 165.91 -77.22 1.20
vertex 165.78 -77.24 1.20
endloop
endfacet
facet normal 0 0 1
outer loop
vertex 166.31 -77.27 1.20
vertex 165.78 -77.24 1.20
vertex 165.61 -77.29 1.20
endloop
endfacet
facet normal 0 0 1
outer loop
vertex 166.31 -77.27 1.20
vertex 165.61 -77.29 1.20
vertex 164.22 -77.87 1.20
endloop
endfacet
facet normal 0 0 1
outer loop
vertex 166.31 -77.27 1.20
vertex 164.22 -77.87 1.20
vertex 164.07 -77.95 1.20
endloop
endfacet
facet normal 0 0 1
outer loop
vertex 166.31 -77.27 1.20
vertex 164.07 -77.95 1.20
vertex 163.96 -78.03 1.20
endloop
endfacet
facet normal 0 0 1
outer loop
vertex 166.31 -77.27 1.20
vertex 163.96 -78.03 1.20
vertex 163.93 -78.05 1.20
endloop
endfacet
facet normal 0 0 1
outer loop
vertex 166.31 -77.27 1.20
vertex 163.93 -78.05 1.20
vertex 163.81 -78.18 1.20
endloop
endfacet
facet normal 0 0 1
outer loop
vertex 166.31 -77.27 1.20
vertex 163.81 -78.18 1.20
vertex 163.72 -78.33 1.20
endloop
endfacet
facet normal 0 0 1
outer loop
vertex 166.31 -77.27 1.20
vertex 163.72 -78.33 1.20
vertex 163.71 -78.35 1.20
endloop
endfacet
facet normal 1.9935306663860244e-13 8.257552631706246e-14 1
outer loop
vertex 127.38 -59.52 1.20
vertex 127.31 -59.36 1.20
vertex 127.31 -59.35 1.20
endloop
endfacet
facet normal 1.9935306663860244e-13 8.257552631706246e-14 1
outer loop
vertex 127.38 -59.52 1.20
vertex 127.31 -59.35 1.20
vertex 127.22 -59.21 1.20
endloop
endfacet
facet normal 1.9935306663860244e-13 8.257552631706246e-14 1
outer loop
vertex 127.38 -59.52 1.20
vertex 127.22 -59.21 1.20
vertex 127.10 -59.08 1.20
endloop
endfacet
facet normal 1.9935306663860244e-13 8.257552631706246e-14 1
outer loop
vertex 127.38 -59.52 1.20
vertex 127.10 -59.08 1.20
vertex 127.03 -59.02 1.20
endloop
endfacet
facet normal 1.9935306663860244e-13 8.257552631706246e-14 1
outer loop
vertex 127.38 -59.52 1.20
vertex 127.03 -59.02 1.20
vertex 126.96 -58.98 1.20
endloop
endfacet
facet normal 1.9935306663860244e-13 8.257552631706246e-14 1
outer loop
vertex 127.38 -59.52 1.20
vertex 126.96 -58.98 1.20
vertex 126.81 -58.89 1.20
endloop
endfacet
facet normal 1.9935306663860244e-13 8.257552631706246e-14 1
outer loop
vertex 127.38 -59.52 1.20
vertex 126.81 -58.89 1.20
vertex 125.42 -58.32 1.20
endloop
endfacet
facet normal 1.9935306663860244e-13 8.257552631706246e-14 1
outer loop
vertex 127.38 -59.52 1.20
vertex 125.42 -58.32 1.20
vertex 125.26 -58.27 1.20
endloop
endfacet
facet normal 1.9935306663860244e-13 8.257552631706246e-14 1
outer loop
vertex 127.38 -59.52 1.20
vertex 125.26 -58.27 1.20
vertex 125.08 -58.25 1.20
endloop
endfacet
facet normal 1.9935306663860244e-13 8.257552631706246e-14 1
outer loop
vertex 127.38 -59.52 1.20
vertex 125.08 -58.25 1.20
vertex 125.03 -58.25 1.20
endloop
endfacet
facet normal 1.9935306663860244e-13 8.257552631706246e-14 1
outer loop
vertex 127.38 -59.52 1.20
vertex 125.03 -58.25 1.20
vertex 124.91 -58.25 1.20
endloop
endfacet
facet normal 1.9935306663860244e-13 8.257552631706246e-14 1
outer loop
vertex 127.38 -59.52 1.20
vertex 124.91 -58.25 1.20
vertex 124.74 -58.29 1.20
endloop
endfacet
facet normal 1.9935306663860244e-13 8.257552631706246e-14 1
outer loop
vertex 127.38 -59.52 1.20
vertex 124.74 -58.29 1.20
vertex 124.67 -58.32 1.20
endloop
endfacet
facet normal 1.9935306663860244e-13 8.257552631706246e-14 1
outer loop
vertex 127.38 -59.52 1.20
vertex 124.67 -58.32 1.20
vertex 124.58 -58.36 1.20
endloop
endfacet
facet normal 1.9935306663860244e-13 8.257552631706246e-14 1
outer loop
vertex 127.38 -59.52 1.20
vertex 124.58 -58.36 1.20
vertex 124.44 -58.45 1.20
endloop
endfacet
facet normal 1.9935306663860244e-13 8.257552631706246e-14 1
outer loop
vertex 127.38 -59.52 1.20
vertex 124.44 -58.45 1.20
vertex 127.40 -59.60 1.20
endloop
endfacet
facet normal 1.4229609917537262e-14 2.233608808531653e-14 1
outer loop
vertex 179.30 -58.45 1.20
vertex 179.16 -58.36 1.20
vertex 179.07 -58.32 1.20
endloop
endfacet
facet normal 1.4229609917537262e-14 2.233608808531653e-14 1
outer loop
vertex 179.30 -58.45 1.20
vertex 179.07 -58.32 1.20
vertex 179.00 -58.29 1.20
endloop
endfacet
facet normal 1.4229609917537262e-14 2.233608808531653e-14 1
outer loop
vertex 179.30 -58.45 1.20
vertex 179.00 -58.29 1.20
vertex 178.83 -58.25 1.20
endloop
endfacet
facet normal 1.4229609917537262e-14 2.233608808531653e-14 1
outer loop
vertex 179.30 -58.45 1.20
vertex 178.83 -58.25 1.20
vertex 178.71 -58.25 1.20
endloop
endfacet
facet normal 1.4229609917537262e-14 2.233608808531653e-14 1
outer loop
vertex 179.30 -58.45 1.20
vertex 178.71 -58.25 1.20
vertex 178.66 -58.25 1.20
endloop
endfacet
facet normal 1.4229609917537262e-14 2.233608808531653e-14 1
outer loop
vertex 179.30 -58.45 1.20
vertex 178.66 -58.25 1.20
vertex 178.48 -58.27 1.20
endloop
endfacet
facet normal 1.4229609917537262e-14 2.233608808531653e-14 1
outer loop
vertex 179.30 -58.45 1.20
vertex 178.48 -58.27 1.20
vertex 178.32 -58.32 1.20
endloop
endfacet
facet normal 1.4229609917537262e-14 2.233608808531653e-14 1
outer loop
vertex 179.30 -58.45 1.20
vertex 178.32 -58.32 1.20
vertex 176.93 -58.89 1.20
endloop
endfacet
facet normal 1.4229609917537262e-14 2.233608808531653e-14 1
outer loop
vertex 179.30 -58.45 1.20
vertex 176.93 -58.89 1.20
vertex 176.78 -58.98 1.20
endloop
endfacet
facet normal 1.4229609917537262e-14 2.233608808531653e-14 1
outer loop
vertex 179.30 -58.45 1.20
vertex 176.78 -58.98 1.20
vertex 176.71 -59.02 1.20
endloop
endfacet
facet normal 1.4229609917537262e-14 2.233608808531653e-14 1
outer loop
vertex 179.30 -58.45 1.20
vertex 176.71 -59.02 1.20
vertex 176.64 -59.08 1.20
endloop
endfacet
facet normal 1.4229609917537262e-14 2.233608808531653e-14 1
outer loop
vertex 179.30 -58.45 1.20
vertex 176.64 -59.08 1.20
vertex 176.52 -59.21 1.20
endloop
endfacet
facet normal 1.4229609917537262e-14 2.233608808531653e-14 1
outer loop
vertex 179.30 -58.45 1.20
vertex 176.52 -59.21 1.20
vertex 176.43 -59.35 1.20
endloop
endfacet
facet normal 1.4229609917537262e-14 2.233608808531653e-14 1
outer loop
vertex 179.30 -58.45 1.20
vertex 176.43 -59.35 1.20
vertex 176.43 -59.36 1.20
endloop
endfacet
facet normal 1.4229609917537262e-14 2.233608808531653e-14 1
outer loop
vertex 179.30 -58.45 1.20
vertex 176.43 -59.36 1.20
vertex 176.36 -59.52 1.20
endloop
endfacet
facet normal 1.4229609917537262e-14 2.233608808531653e-14 1
outer loop
vertex 179.30 -58.45 1.20
vertex 176.36 -59.52 1.20
vertex 176.34 -59.60 1.20
endloop
endfacet
facet normal -0.93 -0.36 0
outer loop
vertex 141.21 -129.07 1.32
vertex 141.21 -129.07 1.20
vertex 141.27 -129.21 1.20
endloop
endfacet
facet normal -0.93 -0.36 0
outer loop
vertex 141.21 -129.07 1.32
vertex 141.27 -129.21 1.20
vertex 141.27 -129.21 1.32
endloop
endfacet
facet normal -0.87 -0.50 0
outer loop
vertex 141.21 -129.07 1.32
vertex 141.13 -128.93 1.32
vertex 141.13 -128.93 1.20
endloop
endfacet
facet normal -0.87 -0.50 0
outer loop
vertex 141.21 -129.07 1.32
vertex 141.13 -128.93 1.20
vertex 141.21 -129.07 1.20
endloop
endfacet
facet normal -0.87 -0.50 -6.45939495214332e-14
outer loop
vertex 141.13 -128.93 1.32
vertex 141.13 -128.93 1.76
vertex 141.13 -128.93 1.76
endloop
endfacet
facet normal -0.87 -0.50 -6.45939495214332e-14
outer loop
vertex 141.13 -128.93 1.32
vertex 141.13 -128.93 1.76
vertex 141.13 -128.93 1.20
endloop
endfacet
facet normal -0.87 -0.50 -6.45939495214332e-14
outer loop
vertex 141.13 -128.93 1.32
vertex 141.13 -128.93 1.20
vertex 141.13 -128.93 1.20
endloop
endfacet
facet normal -0.26 -0.97 -2.241079785491668e-15
outer loop
vertex 139.45 -127.64 1.76
vertex 139.45 -127.64 1.76
vertex 139.45 -127.64 1.32
endloop
endfacet
facet normal -0.26 -0.97 -2.241079785491668e-15
outer loop
vertex 139.45 -127.64 1.76
vertex 139.45 -127.64 1.32
vertex 139.45 -127.64 1.20
endloop
endfacet
facet normal -0.26 -0.97 -2.241079785491668e-15
outer loop
vertex 139.45 -127.64 1.76
vertex 139.45 -127.64 1.20
vertex 139.45 -127.64 1.20
endloop
endfacet
facet normal -0.26 -0.97 0
outer loop
vertex 139.45 -127.64 1.32
vertex 139.30 -127.60 1.32
vertex 139.30 -127.60 1.20
endloop
endfacet
facet normal -0.26 -0.97 0
outer loop
vertex 139.45 -127.64 1.32
vertex 139.30 -127.60 1.20
vertex 139.45 -127.64 1.20
endloop
endfacet
facet normal -0.10 -0.99 0
outer loop
vertex 139.14 -127.58 1.32
vertex 139.14 -127.58 1.20
vertex 139.30 -127.60 1.20
endloop
endfacet
facet normal -0.10 -0.99 0
outer loop
vertex 139.14 -127.58 1.32
vertex 139.30 -127.60 1.20
vertex 139.30 -127.60 1.32
endloop
endfacet
facet normal 0.10 -0.99 0
outer loop
vertex 164.44 -127.60 1.32
vertex 164.44 -127.60 1.20
vertex 164.60 -127.58 1.20
endloop
endfacet
facet normal 0.10 -0.99 0
outer loop
vertex 164.44 -127.60 1.32
vertex 164.60 -127.58 1.20
vertex 164.60 -127.58 1.32
endloop
endfacet
facet normal 0.26 -0.97 0
outer loop
vertex 164.44 -127.60 1.32
vertex 164.29 -127.64 1.32
vertex 164.29 -127.64 1.20
endloop
endfacet
facet normal 0.26 -0.97 0
outer loop
vertex 164.44 -127.60 1.32
vertex 164.29 -127.64 1.20
vertex 164.44 -127.60 1.20
endloop
endfacet
facet normal 0.26 -0.97 2.1197054955398537e-14
outer loop
vertex 164.29 -127.64 1.32
vertex 164.29 -127.64 1.76
vertex 164.29 -127.64 1.76
endloop
endfacet
facet normal 0.26 -0.97 2.1197054955398537e-14
outer loop
vertex 164.29 -127.64 1.32
vertex 164.29 -127.64 1.76
vertex 164.29 -127.64 1.20
endloop
endfacet
facet normal 0.26 -0.97 2.1197054955398537e-14
outer loop
vertex 164.29 -127.64 1.32
vertex 164.29 -127.64 1.20
vertex 164.29 -127.64 1.20
endloop
endfacet
facet normal 0.61 -0.79 0
outer loop
vertex 164.01 -127.79 1.76
vertex 162.82 -128.70 1.76
vertex 162.82 -128.70 1.20
endloop
endfacet
facet normal 0.61 -0.79 0
outer loop
vertex 164.01 -127.79 1.76
vertex 162.82 -128.70 1.20
vertex 164.01 -127.79 1.20
endloop
endfacet
facet normal 0.87 -0.50 -2.9975207195013396e-14
outer loop
vertex 162.61 -128.93 1.76
vertex 162.61 -128.93 1.76
vertex 162.61 -128.93 1.32
endloop
endfacet
facet normal 0.87 -0.50 -2.9975207195013396e-14
outer loop
vertex 162.61 -128.93 1.76
vertex 162.61 -128.93 1.32
vertex 162.61 -128.93 1.20
endloop
endfacet
facet normal 0.87 -0.50 -2.9975207195013396e-14
outer loop
vertex 162.61 -128.93 1.76
vertex 162.61 -128.93 1.20
vertex 162.61 -128.93 1.20
endloop
endfacet
facet normal 0.87 -0.50 0
outer loop
vertex 162.61 -128.93 1.32
vertex 162.53 -129.07 1.32
vertex 162.53 -129.07 1.20
endloop
endfacet
facet normal 0.87 -0.50 0
outer loop
vertex 162.61 -128.93 1.32
vertex 162.53 -129.07 1.20
vertex 162.61 -128.93 1.20
endloop
endfacet
facet normal 0.93 -0.36 0
outer loop
vertex 162.47 -129.21 1.32
vertex 162.47 -129.21 1.20
vertex 162.53 -129.07 1.20
endloop
endfacet
facet normal 0.93 -0.36 0
outer loop
vertex 162.47 -129.21 1.32
vertex 162.53 -129.07 1.20
vertex 162.53 -129.07 1.32
endloop
endfacet
facet normal -0.84 -0.54 0
outer loop
vertex 139.93 -78.18 1.32
vertex 139.93 -78.18 1.20
vertex 140.02 -78.33 1.20
endloop
endfacet
facet normal -0.84 -0.54 0
outer loop
vertex 139.93 -78.18 1.32
vertex 140.02 -78.33 1.20
vertex 140.02 -78.33 1.32
endloop
endfacet
facet normal -0.74 -0.68 0
outer loop
vertex 139.81 -78.05 1.32
vertex 139.81 -78.05 1.20
vertex 139.93 -78.18 1.20
endloop
endfacet
facet normal -0.74 -0.68 0
outer loop
vertex 139.81 -78.05 1.32
vertex 139.93 -78.18 1.20
vertex 139.93 -78.18 1.32
endloop
endfacet
facet normal -0.46 -0.89 0
outer loop
vertex 139.67 -77.95 1.76
vertex 139.52 -77.87 1.76
vertex 139.52 -77.87 1.20
endloop
endfacet
facet normal -0.46 -0.89 0
outer loop
vertex 139.67 -77.95 1.76
vertex 139.52 -77.87 1.20
vertex 139.67 -77.95 1.20
endloop
endfacet
facet normal -0.13 -0.99 1.7514852992647452e-15
outer loop
vertex 137.96 -77.24 1.76
vertex 137.83 -77.22 1.76
vertex 137.83 -77.22 1.32
endloop
endfacet
facet normal -0.13 -0.99 1.7514852992647452e-15
outer loop
vertex 137.96 -77.24 1.76
vertex 137.83 -77.22 1.32
vertex 137.83 -77.22 1.20
endloop
endfacet
facet normal -0.13 -0.99 1.7514852992647452e-15
outer loop
vertex 137.96 -77.24 1.76
vertex 137.83 -77.22 1.20
vertex 137.96 -77.24 1.20
endloop
endfacet
facet normal -0.13 -0.99 0
outer loop
vertex 137.83 -77.22 1.32
vertex 137.79 -77.22 1.32
vertex 137.79 -77.22 1.20
endloop
endfacet
facet normal -0.13 -0.99 0
outer loop
vertex 137.83 -77.22 1.32
vertex 137.79 -77.22 1.20
vertex 137.83 -77.22 1.20
endloop
endfacet
facet normal 0.04 -1.00 0
outer loop
vertex 137.62 -77.23 1.32
vertex 137.62 -77.23 1.20
vertex 137.79 -77.22 1.20
endloop
endfacet
facet normal 0.04 -1.00 0
outer loop
vertex 137.62 -77.23 1.32
vertex 137.79 -77.22 1.20
vertex 137.79 -77.22 1.32
endloop
endfacet
facet normal 0.22 -0.98 0
outer loop
vertex 137.45 -77.26 1.32
vertex 137.45 -77.26 1.20
vertex 137.62 -77.23 1.20
endloop
endfacet
facet normal 0.22 -0.98 0
outer loop
vertex 137.45 -77.26 1.32
vertex 137.62 -77.23 1.20
vertex 137.62 -77.23 1.32
endloop
endfacet
facet normal -0.38 -0.92 0
outer loop
vertex 179.16 -58.36 1.32
vertex 179.07 -58.32 1.32
vertex 179.07 -58.32 1.20
endloop
endfacet
facet normal -0.38 -0.92 0
outer loop
vertex 179.16 -58.36 1.32
vertex 179.07 -58.32 1.20
vertex 179.16 -58.36 1.20
endloop
endfacet
facet normal -0.38 -0.92 -4.81691556745706e-8
outer loop
vertex 179.07 -58.32 1.32
vertex 179.07 -58.32 1.76
vertex 179.05 -58.31 1.76
endloop
endfacet
facet normal -0.38 -0.92 -4.81691556745706e-8
outer loop
vertex 179.07 -58.32 1.32
vertex 179.05 -58.31 1.76
vertex 179.00 -58.29 1.76
endloop
endfacet
facet normal -0.38 -0.92 -4.81691556745706e-8
outer loop
vertex 179.07 -58.32 1.32
vertex 179.00 -58.29 1.76
vertex 179.00 -58.29 1.20
endloop
endfacet
facet normal -0.38 -0.92 -4.81691556745706e-8
outer loop
vertex 179.07 -58.32 1.32
vertex 179.00 -58.29 1.20
vertex 179.07 -58.32 1.20
endloop
endfacet
facet normal 0.84 -0.54 -1.8952765930117988e-14
outer loop
vertex 176.52 -59.21 1.76
vertex 176.43 -59.35 1.76
vertex 176.43 -59.35 1.32
endloop
endfacet
facet normal 0.84 -0.54 -1.8952765930117988e-14
outer loop
vertex 176.52 -59.21 1.76
vertex 176.43 -59.35 1.32
vertex 176.43 -59.35 1.20
endloop
endfacet
facet normal 0.84 -0.54 -1.8952765930117988e-14
outer loop
vertex 176.52 -59.21 1.76
vertex 176.43 -59.35 1.20
vertex 176.52 -59.21 1.20
endloop
endfacet
facet normal 0.84 -0.54 0
outer loop
vertex 176.43 -59.35 1.32
vertex 176.43 -59.36 1.32
vertex 176.43 -59.36 1.20
endloop
endfacet
facet normal 0.84 -0.54 0
outer loop
vertex 176.43 -59.35 1.32
vertex 176.43 -59.36 1.20
vertex 176.43 -59.35 1.20
endloop
endfacet
facet normal -0.22 -0.98 0
outer loop
vertex 166.12 -77.23 1.32
vertex 166.12 -77.23 1.20
vertex 166.29 -77.26 1.20
endloop
endfacet
facet normal -0.22 -0.98 0
outer loop
vertex 166.12 -77.23 1.32
vertex 166.29 -77.26 1.20
vertex 166.29 -77.26 1.32
endloop
endfacet
facet normal -0.04 -1.00 0
outer loop
vertex 165.95 -77.22 1.32
vertex 165.95 -77.22 1.20
vertex 166.12 -77.23 1.20
endloop
endfacet
facet normal -0.04 -1.00 0
outer loop
vertex 165.95 -77.22 1.32
vertex 166.12 -77.23 1.20
vertex 166.12 -77.23 1.32
endloop
endfacet
facet normal 0.13 -0.99 0
outer loop
vertex 165.95 -77.22 1.32
vertex 165.91 -77.22 1.32
vertex 165.91 -77.22 1.20
endloop
endfacet
facet normal 0.13 -0.99 0
outer loop
vertex 165.95 -77.22 1.32
vertex 165.91 -77.22 1.20
vertex 165.95 -77.22 1.20
endloop
endfacet
facet normal 0.13 -0.99 -1.1907028856266954e-7
outer loop
vertex 165.91 -77.22 1.32
vertex 165.91 -77.22 1.76
vertex 165.78 -77.24 1.76
endloop
endfacet
facet normal 0.13 -0.99 -1.1907028856266954e-7
outer loop
vertex 165.91 -77.22 1.32
vertex 165.78 -77.24 1.76
vertex 165.78 -77.24 1.20
endloop
endfacet
facet normal 0.13 -0.99 -1.1907028856266954e-7
outer loop
vertex 165.91 -77.22 1.32
vertex 165.78 -77.24 1.20
vertex 165.91 -77.22 1.20
endloop
endfacet
facet normal 0.61 -0.79 3.539561821413209e-7
outer loop
vertex 164.07 -77.95 1.76
vertex 163.96 -78.03 1.76
vertex 163.96 -78.03 1.32
endloop
endfacet
facet normal 0.61 -0.79 3.539561821413209e-7
outer loop
vertex 164.07 -77.95 1.76
vertex 163.96 -78.03 1.32
vertex 163.96 -78.03 1.20
endloop
endfacet
facet normal 0.61 -0.79 3.539561821413209e-7
outer loop
vertex 164.07 -77.95 1.76
vertex 163.96 -78.03 1.20
vertex 164.07 -77.95 1.20
endloop
endfacet
facet normal 0.61 -0.79 0
outer loop
vertex 163.96 -78.03 1.32
vertex 163.93 -78.05 1.32
vertex 163.93 -78.05 1.20
endloop
endfacet
facet normal 0.61 -0.79 0
outer loop
vertex 163.96 -78.03 1.32
vertex 163.93 -78.05 1.20
vertex 163.96 -78.03 1.20
endloop
endfacet
facet normal 0.74 -0.68 0
outer loop
vertex 163.81 -78.18 1.32
vertex 163.81 -78.18 1.20
vertex 163.93 -78.05 1.20
endloop
endfacet
facet normal 0.74 -0.68 0
outer loop
vertex 163.81 -78.18 1.32
vertex 163.93 -78.05 1.20
vertex 163.93 -78.05 1.32
endloop
endfacet
facet normal 0.84 -0.54 0
outer loop
vertex 163.72 -78.33 1.32
vertex 163.72 -78.33 1.20
vertex 163.81 -78.18 1.20
endloop
endfacet
facet normal 0.84 -0.54 0
outer loop
vertex 163.72 -78.33 1.32
vertex 163.81 -78.18 1.20
vertex 163.81 -78.18 1.32
endloop
endfacet
facet normal -0.92 -0.38 0
outer loop
vertex 127.31 -59.36 1.32
vertex 127.31 -59.36 1.20
vertex 127.38 -59.52 1.20
endloop
endfacet
facet normal -0.92 -0.38 0
outer loop
vertex 127.31 -59.36 1.32
vertex 127.38 -59.52 1.20
vertex 127.38 -59.52 1.32
endloop
endfacet
facet normal -0.84 -0.54 0
outer loop
vertex 127.31 -59.36 1.32
vertex 127.31 -59.35 1.32
vertex 127.31 -59.35 1.20
endloop
endfacet
facet normal -0.84 -0.54 0
outer loop
vertex 127.31 -59.36 1.32
vertex 127.31 -59.35 1.20
vertex 127.31 -59.36 1.20
endloop
endfacet
facet normal -0.84 -0.54 2.7239293685150962e-14
outer loop
vertex 127.31 -59.35 1.32
vertex 127.31 -59.35 1.76
vertex 127.22 -59.21 1.76
endloop
endfacet
facet normal -0.84 -0.54 2.7239293685150962e-14
outer loop
vertex 127.31 -59.35 1.32
vertex 127.22 -59.21 1.76
vertex 127.22 -59.21 1.20
endloop
endfacet
facet normal -0.84 -0.54 2.7239293685150962e-14
outer loop
vertex 127.31 -59.35 1.32
vertex 127.22 -59.21 1.20
vertex 127.31 -59.35 1.20
endloop
endfacet
facet normal 0.38 -0.92 0
outer loop
vertex 124.74 -58.29 1.76
vertex 124.67 -58.32 1.76
vertex 124.67 -58.32 1.32
endloop
endfacet
facet normal 0.38 -0.92 0
outer loop
vertex 124.74 -58.29 1.76
vertex 124.67 -58.32 1.32
vertex 124.67 -58.32 1.20
endloop
endfacet
facet normal 0.38 -0.92 0
outer loop
vertex 124.74 -58.29 1.76
vertex 124.67 -58.32 1.20
vertex 124.74 -58.29 1.20
endloop
endfacet
facet normal 0.38 -0.92 0
outer loop
vertex 124.67 -58.32 1.32
vertex 124.58 -58.36 1.32
vertex 124.58 -58.36 1.20
endloop
endfacet
facet normal 0.38 -0.92 0
outer loop
vertex 124.67 -58.32 1.32
vertex 124.58 -58.36 1.20
vertex 124.67 -58.32 1.20
endloop
endfacet
facet normal -1 0 0
outer loop
vertex 150.62 -37.87 1.7
vertex 150.62 -37.87 1.32
vertex 150.62 -37.87 0.88
endloop
endfacet
facet normal -1 0 0
outer loop
vertex 150.62 -37.87 1.7
vertex 150.62 -37.87 0.88
vertex 150.62 -37.87 0.44
endloop
endfacet
facet normal -1 0 0
outer loop
vertex 150.62 -37.87 1.7
vertex 150.62 -37.87 0.44
vertex 150.62 -37.87 0
endloop
endfacet
facet normal -1 0 0
outer loop
vertex 150.62 -37.87 1.7
vertex 150.62 -37.87 0
vertex 150.62 -40.02 0
endloop
endfacet
facet normal -1 0 0
outer loop
vertex 150.62 -37.87 1.7
vertex 150.62 -40.02 0
vertex 150.62 -40.04 0
endloop
endfacet
facet normal -1 0 0
outer loop
vertex 150.62 -37.87 1.7
vertex 150.62 -40.04 0
vertex 150.62 -40.10 0
endloop
endfacet
facet normal -1 0 0
outer loop
vertex 150.62 -37.87 1.7
vertex 150.62 -40.10 0
vertex 150.62 -40.20 0
endloop
endfacet
facet normal -1 0 0
outer loop
vertex 150.62 -37.87 1.7
vertex 150.62 -40.20 0
vertex 150.62 -40.33 0
endloop
endfacet
facet normal -1 0 0
outer loop
vertex 150.62 -37.87 1.7
vertex 150.62 -40.33 0
vertex 150.62 -40.49 0
endloop
endfacet
facet normal -1 0 0
outer loop
vertex 150.62 -37.87 1.7
vertex 150.62 -40.49 0
vertex 150.62 -40.67 0
endloop
endfacet
facet normal -1 0 0
outer loop
vertex 150.62 -37.87 1.7
vertex 150.62 -40.67 0
vertex 150.62 -40.86 0
endloop
endfacet
facet normal -1 0 0
outer loop
vertex 150.62 -37.87 1.7
vertex 150.62 -40.86 0
vertex 150.62 -41.07 0
endloop
endfacet
facet normal -1 0 0
outer loop
vertex 150.62 -37.87 1.7
vertex 150.62 -41.07 0
vertex 150.62 -41.27 0
endloop
endfacet
facet normal -1 0 0
outer loop
vertex 150.62 -37.87 1.7
vertex 150.62 -41.27 0
vertex 150.62 -41.47 0
endloop
endfacet
facet normal -1 0 0
outer loop
vertex 150.62 -37.87 1.7
vertex 150.62 -41.47 0
vertex 150.62 -41.65 0
endloop
endfacet
facet normal -1 0 0
outer loop
vertex 150.62 -37.87 1.7
vertex 150.62 -41.65 0
vertex 150.62 -41.81 0
endloop
endfacet
facet normal -1 0 0
outer loop
vertex 150.62 -37.87 1.7
vertex 150.62 -41.81 0
vertex 150.62 -41.94 0
endloop
endfacet
facet normal -1 0 0
outer loop
vertex 150.62 -37.87 1.7
vertex 150.62 -41.94 0
vertex 150.62 -42.04 0
endloop
endfacet
facet normal -1 0 0
outer loop
vertex 150.62 -37.87 1.7
vertex 150.62 -42.04 0
vertex 150.62 -42.10 0
endloop
endfacet
facet normal -1 0 0
outer loop
vertex 150.62 -37.87 1.7
vertex 150.62 -42.10 0
vertex 150.62 -42.12 0
endloop
endfacet
facet normal -1 0 0
outer loop
vertex 150.62 -37.87 1.7
vertex 150.62 -42.12 0
vertex 150.62 -43.72 0
endloop
endfacet
facet normal -1 0 0
outer loop
vertex 150.62 -37.87 1.7
vertex 150.62 -43.72 0
vertex 150.62 -43.77 0
endloop
endfacet
facet normal -1 0 0
outer loop
vertex 150.62 -37.87 1.7
vertex 150.62 -43.77 0
vertex 150.62 -43.90 0
endloop
endfacet
facet normal -1 0 0
outer loop
vertex 150.62 -37.87 1.7
vertex 150.62 -43.90 0
vertex 150.62 -44.12 0
endloop
endfacet
facet normal -1 0 0
outer loop
vertex 150.62 -37.87 1.7
vertex 150.62 -44.12 0
vertex 150.62 -44.42 0
endloop
endfacet
facet normal -1 0 0
outer loop
vertex 150.62 -37.87 1.7
vertex 150.62 -44.42 0
vertex 150.62 -44.57 0
endloop
endfacet
facet normal -1 0 0
outer loop
vertex 150.62 -37.87 1.7
vertex 150.62 -44.57 0
vertex 150.62 -44.57 0.20
endloop
endfacet
facet normal -1 0 0
outer loop
vertex 150.62 -37.87 1.7
vertex 150.62 -44.57 0.20
vertex 150.62 -44.57 1.7
endloop
endfacet
facet normal 1 0 0
outer loop
vertex 141.12 -37.87 0
vertex 141.12 -37.87 0.44
vertex 141.12 -37.87 0.88
endloop
endfacet
facet normal 1 0 0
outer loop
vertex 141.12 -37.87 0
vertex 141.12 -37.87 0.88
vertex 141.12 -37.87 1.32
endloop
endfacet
facet normal 1 0 0
outer loop
vertex 141.12 -37.87 0
vertex 141.12 -37.87 1.32
vertex 141.12 -37.87 1.7
endloop
endfacet
facet normal 1 0 0
outer loop
vertex 141.12 -37.87 0
vertex 141.12 -37.87 1.7
vertex 141.12 -44.57 1.7
endloop
endfacet
facet normal 1 0 0
outer loop
vertex 141.12 -37.87 0
vertex 141.12 -44.57 1.7
vertex 141.12 -44.57 0.20
endloop
endfacet
facet normal 1 0 0
outer loop
vertex 141.12 -37.87 0
vertex 141.12 -44.57 0.20
vertex 141.12 -44.57 0
endloop
endfacet
facet normal -0.98 -0.21 0
outer loop
vertex 141.28 -129.30 1.32
vertex 141.27 -129.21 1.32
vertex 141.27 -129.21 1.20
endloop
endfacet
facet normal -0.98 -0.21 0
outer loop
vertex 141.28 -129.30 1.32
vertex 141.27 -129.21 1.20
vertex 141.28 -129.30 1.20
endloop
endfacet
facet normal 0.05 -1.00 0
outer loop
vertex 139.05 -127.59 1.32
vertex 139.05 -127.59 1.20
vertex 139.14 -127.58 1.20
endloop
endfacet
facet normal 0.05 -1.00 0
outer loop
vertex 139.05 -127.59 1.32
vertex 139.14 -127.58 1.20
vertex 139.14 -127.58 1.32
endloop
endfacet
facet normal -0.05 -1.00 0
outer loop
vertex 164.69 -127.59 1.32
vertex 164.60 -127.58 1.32
vertex 164.60 -127.58 1.20
endloop
endfacet
facet normal -0.05 -1.00 0
outer loop
vertex 164.69 -127.59 1.32
vertex 164.60 -127.58 1.20
vertex 164.69 -127.59 1.20
endloop
endfacet
facet normal 0.98 -0.21 0
outer loop
vertex 162.46 -129.30 1.32
vertex 162.46 -129.30 1.20
vertex 162.47 -129.21 1.20
endloop
endfacet
facet normal 0.98 -0.21 0
outer loop
vertex 162.46 -129.30 1.32
vertex 162.47 -129.21 1.20
vertex 162.47 -129.21 1.32
endloop
endfacet
facet normal -0.92 -0.38 0
outer loop
vertex 140.03 -78.35 1.32
vertex 140.02 -78.33 1.32
vertex 140.02 -78.33 1.20
endloop
endfacet
facet normal -0.92 -0.38 0
outer loop
vertex 140.03 -78.35 1.32
vertex 140.02 -78.33 1.20
vertex 140.03 -78.35 1.20
endloop
endfacet
facet normal -0.61 -0.79 0
outer loop
vertex 139.81 -78.05 1.32
vertex 139.78 -78.03 1.32
vertex 139.78 -78.03 1.20
endloop
endfacet
facet normal -0.61 -0.79 0
outer loop
vertex 139.81 -78.05 1.32
vertex 139.78 -78.03 1.20
vertex 139.81 -78.05 1.20
endloop
endfacet
facet normal -0.61 -0.79 1.8905827532746177e-14
outer loop
vertex 139.78 -78.03 1.32
vertex 139.78 -78.03 1.76
vertex 139.67 -77.95 1.76
endloop
endfacet
facet normal -0.61 -0.79 1.8905827532746177e-14
outer loop
vertex 139.78 -78.03 1.32
vertex 139.67 -77.95 1.76
vertex 139.67 -77.95 1.20
endloop
endfacet
facet normal -0.61 -0.79 1.8905827532746177e-14
outer loop
vertex 139.78 -78.03 1.32
vertex 139.67 -77.95 1.20
vertex 139.78 -78.03 1.20
endloop
endfacet
facet normal 0.38 -0.92 0
outer loop
vertex 137.43 -77.27 1.32
vertex 137.43 -77.27 1.20
vertex 137.45 -77.26 1.20
endloop
endfacet
facet normal 0.38 -0.92 0
outer loop
vertex 137.43 -77.27 1.32
vertex 137.45 -77.26 1.20
vertex 137.45 -77.26 1.32
endloop
endfacet
facet normal -0.54 -0.84 0
outer loop
vertex 179.30 -58.45 1.32
vertex 179.16 -58.36 1.32
vertex 179.16 -58.36 1.20
endloop
endfacet
facet normal -0.54 -0.84 0
outer loop
vertex 179.30 -58.45 1.32
vertex 179.16 -58.36 1.20
vertex 179.30 -58.45 1.20
endloop
endfacet
facet normal 0.92 -0.38 0
outer loop
vertex 176.43 -59.36 1.32
vertex 176.36 -59.52 1.32
vertex 176.36 -59.52 1.20
endloop
endfacet
facet normal 0.92 -0.38 0
outer loop
vertex 176.43 -59.36 1.32
vertex 176.36 -59.52 1.20
vertex 176.43 -59.36 1.20
endloop
endfacet
facet normal 0.98 -0.22 0
outer loop
vertex 176.36 -59.52 1.32
vertex 176.34 -59.60 1.32
vertex 176.34 -59.60 1.20
endloop
endfacet
facet normal 0.98 -0.22 0
outer loop
vertex 176.36 -59.52 1.32
vertex 176.34 -59.60 1.20
vertex 176.36 -59.52 1.20
endloop
endfacet
facet normal -0.38 -0.92 0
outer loop
vertex 166.31 -77.27 1.32
vertex 166.29 -77.26 1.32
vertex 166.29 -77.26 1.20
endloop
endfacet
facet normal -0.38 -0.92 0
outer loop
vertex 166.31 -77.27 1.32
vertex 166.29 -77.26 1.20
vertex 166.31 -77.27 1.20
endloop
endfacet
facet normal -0.98 -0.22 0
outer loop
vertex 127.40 -59.60 1.32
vertex 127.38 -59.52 1.32
vertex 127.38 -59.52 1.20
endloop
endfacet
facet normal -0.98 -0.22 0
outer loop
vertex 127.40 -59.60 1.32
vertex 127.38 -59.52 1.20
vertex 127.40 -59.60 1.20
endloop
endfacet
facet normal 0.54 -0.84 0
outer loop
vertex 124.44 -58.45 1.32
vertex 124.44 -58.45 1.20
vertex 124.58 -58.36 1.20
endloop
endfacet
facet normal 0.54 -0.84 0
outer loop
vertex 124.44 -58.45 1.32
vertex 124.58 -58.36 1.20
vertex 124.58 -58.36 1.32
endloop
endfacet
facet normal 0 0 -1
outer loop
vertex 150.62 -37.87 1.7
vertex 150.62 -44.57 1.7
vertex 141.12 -44.57 1.7
endloop
endfacet
facet normal 0 0 -1
outer loop
vertex 150.62 -37.87 1.7
vertex 141.12 -44.57 1.7
vertex 141.12 -37.87 1.7
endloop
endfacet
facet normal 0.92 -0.38 0
outer loop
vertex 163.71 -78.35 1.32
vertex 163.71 -78.35 1.20
vertex 163.72 -78.33 1.20
endloop
endfacet
facet normal 0.92 -0.38 0
outer loop
vertex 163.71 -78.35 1.32
vertex 163.72 -78.33 1.20
vertex 163.72 -78.33 1.32
endloop
endfacet
facet normal -0.36 -0.93 -3.9979283316633915e-13
outer loop
vertex 134.95 -62.10 2.2
vertex 127.03 -59.02 2.2
vertex 127.03 -59.02 1.76
endloop
endfacet
facet normal -0.36 -0.93 -3.9979283316633915e-13
outer loop
vertex 134.95 -62.10 2.2
vertex 127.03 -59.02 1.76
vertex 127.18 -59.08 1.76
endloop
endfacet
facet normal -0.36 -0.93 -3.9979283316633915e-13
outer loop
vertex 134.95 -62.10 2.2
vertex 127.18 -59.08 1.76
vertex 127.51 -59.21 1.76
endloop
endfacet
facet normal -0.36 -0.93 -3.9979283316633915e-13
outer loop
vertex 134.95 -62.10 2.2
vertex 127.51 -59.21 1.76
vertex 134.95 -62.10 1.76
endloop
endfacet
facet normal 0 0 -1
outer loop
vertex 125.03 -58.25 2.2
vertex 125.03 -58.25 2.2
vertex 118.53 -55.72 2.2
endloop
endfacet
facet normal 0 0 -1
outer loop
vertex 125.03 -58.25 2.2
vertex 118.53 -55.72 2.2
vertex 118.42 -55.67 2.2
endloop
endfacet
facet normal 0 0 -1
outer loop
vertex 125.03 -58.25 2.2
vertex 118.42 -55.67 2.2
vertex 118.07 -55.54 2.2
endloop
endfacet
facet normal 0 0 -1
outer loop
vertex 125.03 -58.25 2.2
vertex 118.07 -55.54 2.2
vertex 117.50 -55.32 2.2
endloop
endfacet
facet normal 0 0 -1
outer loop
vertex 125.03 -58.25 2.2
vertex 117.50 -55.32 2.2
vertex 116.73 -55.02 2.2
endloop
endfacet
facet normal 0 0 -1
outer loop
vertex 125.03 -58.25 2.2
vertex 116.73 -55.02 2.2
vertex 115.78 -54.65 2.2
endloop
endfacet
facet normal 0 0 -1
outer loop
vertex 125.03 -58.25 2.2
vertex 115.78 -54.65 2.2
vertex 115.32 -54.47 2.2
endloop
endfacet
facet normal 0 0 -1
outer loop
vertex 125.03 -58.25 2.2
vertex 115.32 -54.47 2.2
vertex 115.32 -54.47 1.76
endloop
endfacet
facet normal 0 0 -1
outer loop
vertex 125.03 -58.25 2.2
vertex 115.32 -54.47 1.76
vertex 125.03 -58.25 1.76
endloop
endfacet
facet normal 0 0 -1
outer loop
vertex 188.42 -54.47 2.2
vertex 188.27 -54.53 2.2
vertex 187.38 -54.87 2.2
endloop
endfacet
facet normal 0 0 -1
outer loop
vertex 188.42 -54.47 2.2
vertex 187.38 -54.87 2.2
vertex 186.62 -55.17 2.2
endloop
endfacet
facet normal 0 0 -1
outer loop
vertex 188.42 -54.47 2.2
vertex 186.62 -55.17 2.2
vertex 186.02 -55.41 2.2
endloop
endfacet
facet normal 0 0 -1
outer loop
vertex 188.42 -54.47 2.2
vertex 186.02 -55.41 2.2
vertex 185.57 -55.58 2.2
endloop
endfacet
facet normal 0 0 -1
outer loop
vertex 188.42 -54.47 2.2
vertex 185.57 -55.58 2.2
vertex 185.30 -55.68 2.2
endloop
endfacet
facet normal 0 0 -1
outer loop
vertex 188.42 -54.47 2.2
vertex 185.30 -55.68 2.2
vertex 185.21 -55.72 2.2
endloop
endfacet
facet normal 0 0 -1
outer loop
vertex 188.42 -54.47 2.2
vertex 185.21 -55.72 2.2
vertex 178.71 -58.25 2.2
endloop
endfacet
facet normal 0 0 -1
outer loop
vertex 188.42 -54.47 2.2
vertex 178.71 -58.25 2.2
vertex 178.71 -58.25 2.2
endloop
endfacet
facet normal 0 0 -1
outer loop
vertex 188.42 -54.47 2.2
vertex 178.71 -58.25 2.2
vertex 178.71 -58.25 1.76
endloop
endfacet
facet normal 0 0 -1
outer loop
vertex 188.42 -54.47 2.2
vertex 178.71 -58.25 1.76
vertex 188.42 -54.47 1.76
endloop
endfacet
facet normal 0.36 -0.93 -1.899255261746569e-15
outer loop
vertex 176.71 -59.02 2.2
vertex 168.79 -62.10 2.2
vertex 168.79 -62.10 1.76
endloop
endfacet
facet normal 0.36 -0.93 -1.899255261746569e-15
outer loop
vertex 176.71 -59.02 2.2
vertex 168.79 -62.10 1.76
vertex 176.23 -59.21 1.76
endloop
endfacet
facet normal 0.36 -0.93 -1.899255261746569e-15
outer loop
vertex 176.71 -59.02 2.2
vertex 176.23 -59.21 1.76
vertex 176.56 -59.08 1.76
endloop
endfacet
facet normal 0.36 -0.93 -1.899255261746569e-15
outer loop
vertex 176.71 -59.02 2.2
vertex 176.56 -59.08 1.76
vertex 176.71 -59.02 1.76
endloop
endfacet
facet normal -0.36 -0.93 1.2235705181728344e-14
outer loop
vertex 134.69 -62.22 1.76
vertex 127.31 -59.35 1.76
vertex 127.31 -59.35 1.32
endloop
endfacet
facet normal -0.36 -0.93 1.2235705181728344e-14
outer loop
vertex 134.69 -62.22 1.76
vertex 127.31 -59.35 1.32
vertex 127.33 -59.36 1.32
endloop
endfacet
facet normal -0.36 -0.93 1.2235705181728344e-14
outer loop
vertex 134.69 -62.22 1.76
vertex 127.33 -59.36 1.32
vertex 127.75 -59.52 1.32
endloop
endfacet
facet normal -0.36 -0.93 1.2235705181728344e-14
outer loop
vertex 134.69 -62.22 1.76
vertex 127.75 -59.52 1.32
vertex 134.69 -62.22 1.32
endloop
endfacet
facet normal 0 0 1
outer loop
vertex 124.67 -58.32 1.76
vertex 124.59 -58.29 1.76
vertex 124.50 -58.25 1.76
endloop
endfacet
facet normal 0 0 1
outer loop
vertex 124.67 -58.32 1.76
vertex 124.50 -58.25 1.76
vertex 115.24 -54.66 1.76
endloop
endfacet
facet normal 0 0 1
outer loop
vertex 124.67 -58.32 1.76
vertex 115.24 -54.66 1.76
vertex 115.24 -54.66 1.32
endloop
endfacet
facet normal 0 0 1
outer loop
vertex 124.67 -58.32 1.76
vertex 115.24 -54.66 1.32
vertex 124.67 -58.32 1.32
endloop
endfacet
facet normal -0.38 -0.92 1.8968313762422955e-7
outer loop
vertex 147.40 -81.19 1.76
vertex 139.78 -78.03 1.76
vertex 139.78 -78.03 1.32
endloop
endfacet
facet normal -0.38 -0.92 1.8968313762422955e-7
outer loop
vertex 147.40 -81.19 1.76
vertex 139.78 -78.03 1.32
vertex 139.84 -78.05 1.32
endloop
endfacet
facet normal -0.38 -0.92 1.8968313762422955e-7
outer loop
vertex 147.40 -81.19 1.76
vertex 139.84 -78.05 1.32
vertex 140.15 -78.18 1.32
endloop
endfacet
facet normal -0.38 -0.92 1.8968313762422955e-7
outer loop
vertex 147.40 -81.19 1.76
vertex 140.15 -78.18 1.32
vertex 140.50 -78.33 1.32
endloop
endfacet
facet normal -0.38 -0.92 1.8968313762422955e-7
outer loop
vertex 147.40 -81.19 1.76
vertex 140.50 -78.33 1.32
vertex 147.40 -81.19 1.32
endloop
endfacet
facet normal -0.38 -0.92 4.3243366768727086e-7
outer loop
vertex 137.83 -77.22 1.76
vertex 130.03 -73.99 1.76
vertex 130.03 -73.99 1.32
endloop
endfacet
facet normal -0.38 -0.92 4.3243366768727086e-7
outer loop
vertex 137.83 -77.22 1.76
vertex 130.03 -73.99 1.32
vertex 137.82 -77.22 1.32
endloop
endfacet
facet normal -0.38 -0.92 4.3243366768727086e-7
outer loop
vertex 137.83 -77.22 1.76
vertex 137.82 -77.22 1.32
vertex 137.83 -77.22 1.32
endloop
endfacet
facet normal -0.61 -0.79 -1.0192892707669961e-13
outer loop
vertex 147.67 -133.95 1.76
vertex 141.13 -128.93 1.76
vertex 141.13 -128.93 1.32
endloop
endfacet
facet normal -0.61 -0.79 -1.0192892707669961e-13
outer loop
vertex 147.67 -133.95 1.76
vertex 141.13 -128.93 1.32
vertex 141.31 -129.07 1.32
endloop
endfacet
facet normal -0.61 -0.79 -1.0192892707669961e-13
outer loop
vertex 147.67 -133.95 1.76
vertex 141.31 -129.07 1.32
vertex 141.50 -129.21 1.32
endloop
endfacet
facet normal -0.61 -0.79 -1.0192892707669961e-13
outer loop
vertex 147.67 -133.95 1.76
vertex 141.50 -129.21 1.32
vertex 147.67 -133.95 1.32
endloop
endfacet
facet normal -0.61 -0.79 1.5309689428987488e-14
outer loop
vertex 139.45 -127.64 1.76
vertex 132.75 -122.50 1.76
vertex 132.75 -122.50 1.32
endloop
endfacet
facet normal -0.61 -0.79 1.5309689428987488e-14
outer loop
vertex 139.45 -127.64 1.76
vertex 132.75 -122.50 1.32
vertex 139.37 -127.58 1.32
endloop
endfacet
facet normal -0.61 -0.79 1.5309689428987488e-14
outer loop
vertex 139.45 -127.64 1.76
vertex 139.37 -127.58 1.32
vertex 139.40 -127.60 1.32
endloop
endfacet
facet normal -0.61 -0.79 1.5309689428987488e-14
outer loop
vertex 139.45 -127.64 1.76
vertex 139.40 -127.60 1.32
vertex 139.45 -127.64 1.32
endloop
endfacet
facet normal 0.61 -0.79 1.454420835612544e-13
outer loop
vertex 170.99 -122.50 1.76
vertex 164.29 -127.64 1.76
vertex 164.29 -127.64 1.32
endloop
endfacet
facet normal 0.61 -0.79 1.454420835612544e-13
outer loop
vertex 170.99 -122.50 1.76
vertex 164.29 -127.64 1.32
vertex 164.34 -127.60 1.32
endloop
endfacet
facet normal 0.61 -0.79 1.454420835612544e-13
outer loop
vertex 170.99 -122.50 1.76
vertex 164.34 -127.60 1.32
vertex 164.37 -127.58 1.32
endloop
endfacet
facet normal 0.61 -0.79 1.454420835612544e-13
outer loop
vertex 170.99 -122.50 1.76
vertex 164.37 -127.58 1.32
vertex 170.99 -122.50 1.32
endloop
endfacet
facet normal 0.61 -0.79 1.2937102213366254e-13
outer loop
vertex 162.61 -128.93 1.76
vertex 156.07 -133.95 1.76
vertex 156.07 -133.95 1.32
endloop
endfacet
facet normal 0.61 -0.79 1.2937102213366254e-13
outer loop
vertex 162.61 -128.93 1.76
vertex 156.07 -133.95 1.32
vertex 162.24 -129.21 1.32
endloop
endfacet
facet normal 0.61 -0.79 1.2937102213366254e-13
outer loop
vertex 162.61 -128.93 1.76
vertex 162.24 -129.21 1.32
vertex 162.43 -129.07 1.32
endloop
endfacet
facet normal 0.61 -0.79 1.2937102213366254e-13
outer loop
vertex 162.61 -128.93 1.76
vertex 162.43 -129.07 1.32
vertex 162.61 -128.93 1.32
endloop
endfacet
facet normal 0 0 1
outer loop
vertex 173.71 -73.99 1.76
vertex 165.92 -77.22 1.76
vertex 165.91 -77.22 1.76
endloop
endfacet
facet normal 0 0 1
outer loop
vertex 173.71 -73.99 1.76
vertex 165.91 -77.22 1.76
vertex 165.91 -77.22 1.32
endloop
endfacet
facet normal 0 0 1
outer loop
vertex 173.71 -73.99 1.76
vertex 165.91 -77.22 1.32
vertex 165.92 -77.22 1.32
endloop
endfacet
facet normal 0 0 1
outer loop
vertex 173.71 -73.99 1.76
vertex 165.92 -77.22 1.32
vertex 165.92 -77.22 1.32
endloop
endfacet
facet normal 0 0 1
outer loop
vertex 173.71 -73.99 1.76
vertex 165.92 -77.22 1.32
vertex 173.71 -73.99 1.32
endloop
endfacet
facet normal 0.38 -0.92 0
outer loop
vertex 163.96 -78.03 1.76
vertex 156.34 -81.19 1.76
vertex 156.34 -81.19 1.32
endloop
endfacet
facet normal 0.38 -0.92 0
outer loop
vertex 163.96 -78.03 1.76
vertex 156.34 -81.19 1.32
vertex 163.24 -78.33 1.32
endloop
endfacet
facet normal 0.38 -0.92 0
outer loop
vertex 163.96 -78.03 1.76
vertex 163.24 -78.33 1.32
vertex 163.59 -78.18 1.32
endloop
endfacet
facet normal 0.38 -0.92 0
outer loop
vertex 163.96 -78.03 1.76
vertex 163.59 -78.18 1.32
vertex 163.90 -78.05 1.32
endloop
endfacet
facet normal 0.38 -0.92 0
outer loop
vertex 163.96 -78.03 1.76
vertex 163.90 -78.05 1.32
vertex 163.96 -78.03 1.32
endloop
endfacet
facet normal 0 0 1
outer loop
vertex 188.50 -54.66 1.76
vertex 179.25 -58.25 1.76
vertex 179.15 -58.29 1.76
endloop
endfacet
facet normal 0 0 1
outer loop
vertex 188.50 -54.66 1.76
vertex 179.15 -58.29 1.76
vertex 179.09 -58.31 1.76
endloop
endfacet
facet normal 0 0 1
outer loop
vertex 188.50 -54.66 1.76
vertex 179.09 -58.31 1.76
vertex 179.07 -58.32 1.76
endloop
endfacet
facet normal 0 0 1
outer loop
vertex 188.50 -54.66 1.76
vertex 179.07 -58.32 1.76
vertex 179.07 -58.32 1.32
endloop
endfacet
facet normal 0 0 1
outer loop
vertex 188.50 -54.66 1.76
vertex 179.07 -58.32 1.32
vertex 179.09 -58.31 1.32
endloop
endfacet
facet normal 0 0 1
outer loop
vertex 188.50 -54.66 1.76
vertex 179.09 -58.31 1.32
vertex 188.50 -54.66 1.32
endloop
endfacet
facet normal 0.36 -0.93 1.9436134317668525e-7
outer loop
vertex 176.43 -59.35 1.76
vertex 169.05 -62.22 1.76
vertex 169.05 -62.22 1.32
endloop
endfacet
facet normal 0.36 -0.93 1.9436134317668525e-7
outer loop
vertex 176.43 -59.35 1.76
vertex 169.05 -62.22 1.32
vertex 175.99 -59.52 1.32
endloop
endfacet
facet normal 0.36 -0.93 1.9436134317668525e-7
outer loop
vertex 176.43 -59.35 1.76
vertex 175.99 -59.52 1.32
vertex 176.41 -59.36 1.32
endloop
endfacet
facet normal 0.36 -0.93 1.9436134317668525e-7
outer loop
vertex 176.43 -59.35 1.76
vertex 176.41 -59.36 1.32
vertex 176.43 -59.35 1.32
endloop
endfacet
facet normal -0.36 -0.93 -8.905956650595711e-12
outer loop
vertex 134.43 -62.33 1.32
vertex 127.40 -59.60 1.32
vertex 127.40 -59.60 1.20
endloop
endfacet
facet normal -0.36 -0.93 -8.905956650595711e-12
outer loop
vertex 134.43 -62.33 1.32
vertex 127.40 -59.60 1.20
vertex 127.40 -59.60 0.88
endloop
endfacet
facet normal -0.36 -0.93 -8.905956650595711e-12
outer loop
vertex 134.43 -62.33 1.32
vertex 127.40 -59.60 0.88
vertex 134.43 -62.33 0.88
endloop
endfacet
facet normal -0.36 -0.93 0
outer loop
vertex 127.40 -59.60 1.20
vertex 124.44 -58.45 1.20
vertex 124.44 -58.45 0.88
endloop
endfacet
facet normal -0.36 -0.93 0
outer loop
vertex 127.40 -59.60 1.20
vertex 124.44 -58.45 0.88
vertex 127.40 -59.60 0.88
endloop
endfacet
facet normal -0.36 -0.93 -9.350817277233728e-12
outer loop
vertex 124.44 -58.45 1.20
vertex 124.44 -58.45 1.32
vertex 124.21 -58.36 1.32
endloop
endfacet
facet normal -0.36 -0.93 -9.350817277233728e-12
outer loop
vertex 124.44 -58.45 1.20
vertex 124.21 -58.36 1.32
vertex 115.17 -54.84 1.32
endloop
endfacet
facet normal -0.36 -0.93 -9.350817277233728e-12
outer loop
vertex 124.44 -58.45 1.20
vertex 115.17 -54.84 1.32
vertex 115.17 -54.84 0.88
endloop
endfacet
facet normal -0.36 -0.93 -9.350817277233728e-12
outer loop
vertex 124.44 -58.45 1.20
vertex 115.17 -54.84 0.88
vertex 115.66 -55.03 0.88
endloop
endfacet
facet normal -0.36 -0.93 -9.350817277233728e-12
outer loop
vertex 124.44 -58.45 1.20
vertex 115.66 -55.03 0.88
vertex 124.44 -58.45 0.88
endloop
endfacet
facet normal -0.38 -0.92 -0.00
outer loop
vertex 147.13 -81.29 1.32
vertex 140.03 -78.35 1.32
vertex 140.03 -78.35 1.20
endloop
endfacet
facet normal -0.38 -0.92 -0.00
outer loop
vertex 147.13 -81.29 1.32
vertex 140.03 -78.35 1.20
vertex 140.03 -78.35 0.88
endloop
endfacet
facet normal -0.38 -0.92 -0.00
outer loop
vertex 147.13 -81.29 1.32
vertex 140.03 -78.35 0.88
vertex 147.13 -81.29 0.88
endloop
endfacet
facet normal -0.38 -0.92 0
outer loop
vertex 140.03 -78.35 1.20
vertex 137.43 -77.27 1.20
vertex 137.43 -77.27 0.88
endloop
endfacet
facet normal -0.38 -0.92 0
outer loop
vertex 140.03 -78.35 1.20
vertex 137.43 -77.27 0.88
vertex 140.03 -78.35 0.88
endloop
endfacet
facet normal -0.38 -0.92 -0.00
outer loop
vertex 137.43 -77.27 1.20
vertex 137.43 -77.27 1.32
vertex 137.41 -77.26 1.32
endloop
endfacet
facet normal -0.38 -0.92 -0.00
outer loop
vertex 137.43 -77.27 1.20
vertex 137.41 -77.26 1.32
vertex 137.31 -77.23 1.32
endloop
endfacet
facet normal -0.38 -0.92 -0.00
outer loop
vertex 137.43 -77.27 1.20
vertex 137.31 -77.23 1.32
vertex 137.30 -77.22 1.32
endloop
endfacet
facet normal -0.38 -0.92 -0.00
outer loop
vertex 137.43 -77.27 1.20
vertex 137.30 -77.22 1.32
vertex 129.95 -74.18 1.32
endloop
endfacet
facet normal -0.38 -0.92 -0.00
outer loop
vertex 137.43 -77.27 1.20
vertex 129.95 -74.18 1.32
vertex 129.95 -74.18 0.88
endloop
endfacet
facet normal -0.38 -0.92 -0.00
outer loop
vertex 137.43 -77.27 1.20
vertex 129.95 -74.18 0.88
vertex 137.43 -77.27 0.88
endloop
endfacet
facet normal -0.61 -0.79 -1.5231856951625397e-11
outer loop
vertex 147.39 -133.99 1.32
vertex 141.28 -129.30 1.32
vertex 141.28 -129.30 1.20
endloop
endfacet
facet normal -0.61 -0.79 -1.5231856951625397e-11
outer loop
vertex 147.39 -133.99 1.32
vertex 141.28 -129.30 1.20
vertex 141.28 -129.30 0.88
endloop
endfacet
facet normal -0.61 -0.79 -1.5231856951625397e-11
outer loop
vertex 147.39 -133.99 1.32
vertex 141.28 -129.30 0.88
vertex 147.39 -133.99 0.88
endloop
endfacet
facet normal -0.61 -0.79 0
outer loop
vertex 141.28 -129.30 1.20
vertex 139.05 -127.59 1.20
vertex 139.05 -127.59 0.88
endloop
endfacet
facet normal -0.61 -0.79 0
outer loop
vertex 141.28 -129.30 1.20
vertex 139.05 -127.59 0.88
vertex 141.28 -129.30 0.88
endloop
endfacet
facet normal -0.61 -0.79 0.00
outer loop
vertex 139.05 -127.59 1.20
vertex 139.05 -127.59 1.32
vertex 139.05 -127.58 1.32
endloop
endfacet
facet normal -0.61 -0.79 0.00
outer loop
vertex 139.05 -127.59 1.20
vertex 139.05 -127.58 1.32
vertex 139.03 -127.57 1.32
endloop
endfacet
facet normal -0.61 -0.79 0.00
outer loop
vertex 139.05 -127.59 1.20
vertex 139.03 -127.57 1.32
vertex 132.63 -122.66 1.32
endloop
endfacet
facet normal -0.61 -0.79 0.00
outer loop
vertex 139.05 -127.59 1.20
vertex 132.63 -122.66 1.32
vertex 132.63 -122.66 0.88
endloop
endfacet
facet normal -0.61 -0.79 0.00
outer loop
vertex 139.05 -127.59 1.20
vertex 132.63 -122.66 0.88
vertex 132.82 -122.81 0.88
endloop
endfacet
facet normal -0.61 -0.79 0.00
outer loop
vertex 139.05 -127.59 1.20
vertex 132.82 -122.81 0.88
vertex 139.05 -127.59 0.88
endloop
endfacet
facet normal 0 0 -1
outer loop
vertex 171.11 -122.66 1.32
vertex 164.69 -127.58 1.32
vertex 164.69 -127.59 1.32
endloop
endfacet
facet normal 0 0 -1
outer loop
vertex 171.11 -122.66 1.32
vertex 164.69 -127.59 1.32
vertex 164.69 -127.59 1.20
endloop
endfacet
facet normal 0 0 -1
outer loop
vertex 171.11 -122.66 1.32
vertex 164.69 -127.59 1.20
vertex 164.69 -127.59 0.88
endloop
endfacet
facet normal 0 0 -1
outer loop
vertex 171.11 -122.66 1.32
vertex 164.69 -127.59 0.88
vertex 171.11 -122.66 0.88
endloop
endfacet
facet normal 0.61 -0.79 0
outer loop
vertex 164.69 -127.59 1.20
vertex 162.46 -129.30 1.20
vertex 162.46 -129.30 0.88
endloop
endfacet
facet normal 0.61 -0.79 0
outer loop
vertex 164.69 -127.59 1.20
vertex 162.46 -129.30 0.88
vertex 164.69 -127.59 0.88
endloop
endfacet
facet normal 0.61 -0.79 -1.955502026743351e-11
outer loop
vertex 162.46 -129.30 1.20
vertex 162.46 -129.30 1.32
vertex 156.35 -133.99 1.32
endloop
endfacet
facet normal 0.61 -0.79 -1.955502026743351e-11
outer loop
vertex 162.46 -129.30 1.20
vertex 156.35 -133.99 1.32
vertex 156.35 -133.99 0.88
endloop
endfacet
facet normal 0.61 -0.79 -1.955502026743351e-11
outer loop
vertex 162.46 -129.30 1.20
vertex 156.35 -133.99 0.88
vertex 162.46 -129.30 0.88
endloop
endfacet
facet normal 0 0 1
outer loop
vertex 173.79 -74.18 1.32
vertex 166.44 -77.22 1.32
vertex 166.43 -77.23 1.32
endloop
endfacet
facet normal 0 0 1
outer loop
vertex 173.79 -74.18 1.32
vertex 166.43 -77.23 1.32
vertex 166.34 -77.26 1.32
endloop
endfacet
facet normal 0 0 1
outer loop
vertex 173.79 -74.18 1.32
vertex 166.34 -77.26 1.32
vertex 166.31 -77.27 1.32
endloop
endfacet
facet normal 0 0 1
outer loop
vertex 173.79 -74.18 1.32
vertex 166.31 -77.27 1.32
vertex 166.31 -77.27 1.20
endloop
endfacet
facet normal 0 0 1
outer loop
vertex 173.79 -74.18 1.32
vertex 166.31 -77.27 1.20
vertex 166.31 -77.27 0.88
endloop
endfacet
facet normal 0 0 1
outer loop
vertex 173.79 -74.18 1.32
vertex 166.31 -77.27 0.88
vertex 173.79 -74.18 0.88
endloop
endfacet
facet normal 0.38 -0.92 0
outer loop
vertex 166.31 -77.27 1.20
vertex 163.71 -78.35 1.20
vertex 163.71 -78.35 0.88
endloop
endfacet
facet normal 0.38 -0.92 0
outer loop
vertex 166.31 -77.27 1.20
vertex 163.71 -78.35 0.88
vertex 166.31 -77.27 0.88
endloop
endfacet
facet normal 0.38 -0.92 -1.5514683004003223e-11
outer loop
vertex 163.71 -78.35 1.20
vertex 163.71 -78.35 1.32
vertex 156.61 -81.29 1.32
endloop
endfacet
facet normal 0.38 -0.92 -1.5514683004003223e-11
outer loop
vertex 163.71 -78.35 1.20
vertex 156.61 -81.29 1.32
vertex 156.61 -81.29 0.88
endloop
endfacet
facet normal 0.38 -0.92 -1.5514683004003223e-11
outer loop
vertex 163.71 -78.35 1.20
vertex 156.61 -81.29 0.88
vertex 163.71 -78.35 0.88
endloop
endfacet
facet normal 0 0 1
outer loop
vertex 188.57 -54.84 1.32
vertex 179.53 -58.36 1.32
vertex 179.30 -58.45 1.32
endloop
endfacet
facet normal 0 0 1
outer loop
vertex 188.57 -54.84 1.32
vertex 179.30 -58.45 1.32
vertex 179.30 -58.45 1.32
endloop
endfacet
facet normal 0 0 1
outer loop
vertex 188.57 -54.84 1.32
vertex 179.30 -58.45 1.32
vertex 179.30 -58.45 1.20
endloop
endfacet
facet normal 0 0 1
outer loop
vertex 188.57 -54.84 1.32
vertex 179.30 -58.45 1.20
vertex 179.30 -58.45 0.88
endloop
endfacet
facet normal 0 0 1
outer loop
vertex 188.57 -54.84 1.32
vertex 179.30 -58.45 0.88
vertex 188.57 -54.84 0.88
endloop
endfacet
facet normal 0.36 -0.93 0
outer loop
vertex 179.30 -58.45 1.20
vertex 176.34 -59.60 1.20
vertex 176.34 -59.60 0.88
endloop
endfacet
facet normal 0.36 -0.93 0
outer loop
vertex 179.30 -58.45 1.20
vertex 176.34 -59.60 0.88
vertex 179.30 -58.45 0.88
endloop
endfacet
facet normal 0.36 -0.93 -1.5611827106799965e-8
outer loop
vertex 176.34 -59.60 1.20
vertex 176.34 -59.60 1.32
vertex 169.32 -62.33 1.32
endloop
endfacet
facet normal 0.36 -0.93 -1.5611827106799965e-8
outer loop
vertex 176.34 -59.60 1.20
vertex 169.32 -62.33 1.32
vertex 169.32 -62.33 0.88
endloop
endfacet
facet normal 0.36 -0.93 -1.5611827106799965e-8
outer loop
vertex 176.34 -59.60 1.20
vertex 169.32 -62.33 0.88
vertex 176.34 -59.60 0.88
endloop
endfacet
endsolid csg.js
