solid csg.js
facet normal 0 0 1
outer loop
vertex 145.83 -158.06 2.2
vertex 146.00 -157.73 2.2
vertex 145.41 -157.73 2.2
endloop
endfacet
facet normal 0 0 1
outer loop
vertex 145.83 -158.06 2.2
vertex 145.41 -157.73 2.2
vertex 145.64 -158.37 2.2
endloop
endfacet
facet normal 0 0 1
outer loop
vertex 146.00 -157.73 2.2
vertex 146.35 -157.73 2.2
vertex 151.01 -157.73 2.2
endloop
endfacet
facet normal 0 0 1
outer loop
vertex 146.00 -157.73 2.2
vertex 151.01 -157.73 2.2
vertex 146.35 -157.73 2.2
endloop
endfacet
facet normal 0 0 1
outer loop
vertex 146.00 -157.73 2.2
vertex 146.35 -157.73 2.2
vertex 146.00 -157.73 2.2
endloop
endfacet
facet normal 0 0 1
outer loop
vertex 146.00 -157.73 2.2
vertex 146.00 -157.73 2.2
vertex 145.41 -157.73 2.2
endloop
endfacet
facet normal 0 0 1
outer loop
vertex 146.03 -157.73 2.2
vertex 150.43 -157.73 2.2
vertex 146.03 -157.73 2.2
endloop
endfacet
facet normal 0 0 1
outer loop
vertex 146.03 -157.73 2.2
vertex 146.03 -157.73 2.2
vertex 145.41 -157.73 2.2
endloop
endfacet
facet normal 0 0 1
outer loop
vertex 151.74 -157.73 2.2
vertex 151.16 -157.73 2.2
vertex 151.32 -158.06 2.2
endloop
endfacet
facet normal 0 0 1
outer loop
vertex 151.74 -157.73 2.2
vertex 151.32 -158.06 2.2
vertex 151.51 -158.37 2.2
endloop
endfacet
facet normal 0 0 -1
outer loop
vertex 146.00 -157.73 2.2
vertex 151.16 -157.73 2.2
vertex 151.74 -157.73 2.2
endloop
endfacet
facet normal 0 0 -1
outer loop
vertex 146.00 -157.73 2.2
vertex 151.74 -157.73 2.2
vertex 153.48 -152.95 2.2
endloop
endfacet
facet normal 0 0 -1
outer loop
vertex 146.00 -157.73 2.2
vertex 153.48 -152.95 2.2
vertex 148.58 -152.95 2.2
endloop
endfacet
facet normal 0 0 -1
outer loop
vertex 146.00 -157.73 2.2
vertex 148.58 -152.95 2.2
vertex 143.67 -152.95 2.2
endloop
endfacet
facet normal 0 0 -1
outer loop
vertex 146.00 -157.73 2.2
vertex 143.67 -152.95 2.2
vertex 145.41 -157.73 2.2
endloop
endfacet
facet normal 0 0 1
outer loop
vertex 148.58 -152.95 2.2
vertex 148.34 -152.93 2.2
vertex 143.66 -152.93 2.2
endloop
endfacet
facet normal 0 0 1
outer loop
vertex 148.58 -152.95 2.2
vertex 143.66 -152.93 2.2
vertex 143.67 -152.95 2.2
endloop
endfacet
facet normal 0 0 1
outer loop
vertex 153.48 -152.95 2.2
vertex 153.49 -152.93 2.2
vertex 148.81 -152.93 2.2
endloop
endfacet
facet normal 0 0 1
outer loop
vertex 153.48 -152.95 2.2
vertex 148.81 -152.93 2.2
vertex 148.58 -152.95 2.2
endloop
endfacet
facet normal 0 0 1
outer loop
vertex 148.34 -152.93 2.2
vertex 148.12 -152.86 2.2
vertex 143.64 -152.86 2.2
endloop
endfacet
facet normal 0 0 1
outer loop
vertex 148.34 -152.93 2.2
vertex 143.64 -152.86 2.2
vertex 143.66 -152.93 2.2
endloop
endfacet
facet normal 0 0 1
outer loop
vertex 153.49 -152.93 2.2
vertex 153.52 -152.86 2.2
vertex 149.04 -152.86 2.2
endloop
endfacet
facet normal 0 0 1
outer loop
vertex 153.49 -152.93 2.2
vertex 149.04 -152.86 2.2
vertex 148.81 -152.93 2.2
endloop
endfacet
facet normal 0 0 1
outer loop
vertex 148.12 -152.86 2.2
vertex 147.91 -152.75 2.2
vertex 143.60 -152.75 2.2
endloop
endfacet
facet normal 0 0 1
outer loop
vertex 148.12 -152.86 2.2
vertex 143.60 -152.75 2.2
vertex 143.64 -152.86 2.2
endloop
endfacet
facet normal 0 0 1
outer loop
vertex 153.52 -152.86 2.2
vertex 153.56 -152.75 2.2
vertex 149.24 -152.75 2.2
endloop
endfacet
facet normal 0 0 1
outer loop
vertex 153.52 -152.86 2.2
vertex 149.24 -152.75 2.2
vertex 149.04 -152.86 2.2
endloop
endfacet
facet normal 0 0 1
outer loop
vertex 147.91 -152.75 2.2
vertex 147.73 -152.60 2.2
vertex 143.54 -152.60 2.2
endloop
endfacet
facet normal 0 0 1
outer loop
vertex 147.91 -152.75 2.2
vertex 143.54 -152.60 2.2
vertex 143.60 -152.75 2.2
endloop
endfacet
facet normal 0 0 1
outer loop
vertex 153.56 -152.75 2.2
vertex 153.61 -152.60 2.2
vertex 149.43 -152.60 2.2
endloop
endfacet
facet normal 0 0 1
outer loop
vertex 153.56 -152.75 2.2
vertex 149.43 -152.60 2.2
vertex 149.24 -152.75 2.2
endloop
endfacet
facet normal 0 0 1
outer loop
vertex 147.73 -152.60 2.2
vertex 147.58 -152.42 2.2
vertex 143.48 -152.42 2.2
endloop
endfacet
facet normal 0 0 1
outer loop
vertex 147.73 -152.60 2.2
vertex 143.48 -152.42 2.2
vertex 143.54 -152.60 2.2
endloop
endfacet
facet normal 0 0 1
outer loop
vertex 153.61 -152.60 2.2
vertex 153.68 -152.42 2.2
vertex 149.57 -152.42 2.2
endloop
endfacet
facet normal 0 0 1
outer loop
vertex 153.61 -152.60 2.2
vertex 149.57 -152.42 2.2
vertex 149.43 -152.60 2.2
endloop
endfacet
facet normal 0 0 1
outer loop
vertex 147.58 -152.42 2.2
vertex 147.47 -152.21 2.2
vertex 143.40 -152.21 2.2
endloop
endfacet
facet normal 0 0 1
outer loop
vertex 147.58 -152.42 2.2
vertex 143.40 -152.21 2.2
vertex 143.48 -152.42 2.2
endloop
endfacet
facet normal 0 0 1
outer loop
vertex 153.68 -152.42 2.2
vertex 153.75 -152.21 2.2
vertex 149.69 -152.21 2.2
endloop
endfacet
facet normal 0 0 1
outer loop
vertex 153.68 -152.42 2.2
vertex 149.69 -152.21 2.2
vertex 149.57 -152.42 2.2
endloop
endfacet
facet normal 0 0 1
outer loop
vertex 147.47 -152.21 2.2
vertex 147.40 -151.99 2.2
vertex 143.32 -151.99 2.2
endloop
endfacet
facet normal 0 0 1
outer loop
vertex 147.47 -152.21 2.2
vertex 143.32 -151.99 2.2
vertex 143.40 -152.21 2.2
endloop
endfacet
facet normal 0 0 1
outer loop
vertex 153.75 -152.21 2.2
vertex 153.83 -151.99 2.2
vertex 149.75 -151.99 2.2
endloop
endfacet
facet normal 0 0 1
outer loop
vertex 153.75 -152.21 2.2
vertex 149.75 -151.99 2.2
vertex 149.69 -152.21 2.2
endloop
endfacet
facet normal 0 0 1
outer loop
vertex 147.40 -151.99 2.2
vertex 147.38 -151.75 2.2
vertex 143.23 -151.75 2.2
endloop
endfacet
facet normal 0 0 1
outer loop
vertex 147.40 -151.99 2.2
vertex 143.23 -151.75 2.2
vertex 143.32 -151.99 2.2
endloop
endfacet
facet normal 0 0 1
outer loop
vertex 153.83 -151.99 2.2
vertex 153.92 -151.75 2.2
vertex 149.78 -151.75 2.2
endloop
endfacet
facet normal 0 0 1
outer loop
vertex 153.83 -151.99 2.2
vertex 149.78 -151.75 2.2
vertex 149.75 -151.99 2.2
endloop
endfacet
facet normal 0 0 1
outer loop
vertex 147.38 -151.75 2.2
vertex 147.40 -151.52 2.2
vertex 143.15 -151.52 2.2
endloop
endfacet
facet normal 0 0 1
outer loop
vertex 147.38 -151.75 2.2
vertex 143.15 -151.52 2.2
vertex 143.23 -151.75 2.2
endloop
endfacet
facet normal 0 0 1
outer loop
vertex 153.92 -151.75 2.2
vertex 154.00 -151.52 2.2
vertex 149.75 -151.52 2.2
endloop
endfacet
facet normal 0 0 1
outer loop
vertex 153.92 -151.75 2.2
vertex 149.75 -151.52 2.2
vertex 149.78 -151.75 2.2
endloop
endfacet
facet normal 0 0 1
outer loop
vertex 147.40 -151.52 2.2
vertex 147.47 -151.29 2.2
vertex 143.07 -151.29 2.2
endloop
endfacet
facet normal 0 0 1
outer loop
vertex 147.40 -151.52 2.2
vertex 143.07 -151.29 2.2
vertex 143.15 -151.52 2.2
endloop
endfacet
facet normal 0 0 1
outer loop
vertex 154.00 -151.52 2.2
vertex 154.09 -151.29 2.2
vertex 149.69 -151.29 2.2
endloop
endfacet
facet normal 0 0 1
outer loop
vertex 154.00 -151.52 2.2
vertex 149.69 -151.29 2.2
vertex 149.75 -151.52 2.2
endloop
endfacet
facet normal 0 0 1
outer loop
vertex 147.47 -151.29 2.2
vertex 147.58 -151.09 2.2
vertex 142.99 -151.09 2.2
endloop
endfacet
facet normal 0 0 1
outer loop
vertex 147.47 -151.29 2.2
vertex 142.99 -151.09 2.2
vertex 143.07 -151.29 2.2
endloop
endfacet
facet normal 0 0 1
outer loop
vertex 154.09 -151.29 2.2
vertex 154.16 -151.09 2.2
vertex 149.57 -151.09 2.2
endloop
endfacet
facet normal 0 0 1
outer loop
vertex 154.09 -151.29 2.2
vertex 149.57 -151.09 2.2
vertex 149.69 -151.29 2.2
endloop
endfacet
facet normal 0 0 1
outer loop
vertex 147.58 -151.09 2.2
vertex 147.73 -150.91 2.2
vertex 142.93 -150.91 2.2
endloop
endfacet
facet normal 0 0 1
outer loop
vertex 147.58 -151.09 2.2
vertex 142.93 -150.91 2.2
vertex 142.99 -151.09 2.2
endloop
endfacet
facet normal 0 0 1
outer loop
vertex 154.16 -151.09 2.2
vertex 154.23 -150.91 2.2
vertex 149.43 -150.91 2.2
endloop
endfacet
facet normal 0 0 1
outer loop
vertex 154.16 -151.09 2.2
vertex 149.43 -150.91 2.2
vertex 149.57 -151.09 2.2
endloop
endfacet
facet normal 0 0 1
outer loop
vertex 147.73 -150.91 2.2
vertex 147.91 -150.76 2.2
vertex 142.87 -150.76 2.2
endloop
endfacet
facet normal 0 0 1
outer loop
vertex 147.73 -150.91 2.2
vertex 142.87 -150.76 2.2
vertex 142.93 -150.91 2.2
endloop
endfacet
facet normal 0 0 1
outer loop
vertex 154.23 -150.91 2.2
vertex 154.28 -150.76 2.2
vertex 149.24 -150.76 2.2
endloop
endfacet
facet normal 0 0 1
outer loop
vertex 154.23 -150.91 2.2
vertex 149.24 -150.76 2.2
vertex 149.43 -150.91 2.2
endloop
endfacet
facet normal 0 0 1
outer loop
vertex 147.91 -150.76 2.2
vertex 148.12 -150.64 2.2
vertex 142.83 -150.64 2.2
endloop
endfacet
facet normal 0 0 1
outer loop
vertex 147.91 -150.76 2.2
vertex 142.83 -150.64 2.2
vertex 142.87 -150.76 2.2
endloop
endfacet
facet normal 0 0 1
outer loop
vertex 154.28 -150.76 2.2
vertex 154.32 -150.64 2.2
vertex 149.04 -150.64 2.2
endloop
endfacet
facet normal 0 0 1
outer loop
vertex 154.28 -150.76 2.2
vertex 149.04 -150.64 2.2
vertex 149.24 -150.76 2.2
endloop
endfacet
facet normal 0 0 1
outer loop
vertex 148.12 -150.64 2.2
vertex 148.34 -150.58 2.2
vertex 142.81 -150.58 2.2
endloop
endfacet
facet normal 0 0 1
outer loop
vertex 148.12 -150.64 2.2
vertex 142.81 -150.58 2.2
vertex 142.83 -150.64 2.2
endloop
endfacet
facet normal 0 0 1
outer loop
vertex 154.32 -150.64 2.2
vertex 154.35 -150.58 2.2
vertex 148.81 -150.58 2.2
endloop
endfacet
facet normal 0 0 1
outer loop
vertex 154.32 -150.64 2.2
vertex 148.81 -150.58 2.2
vertex 149.04 -150.64 2.2
endloop
endfacet
facet normal 0 0 1
outer loop
vertex 148.34 -150.58 2.2
vertex 148.58 -150.55 2.2
vertex 142.80 -150.55 2.2
endloop
endfacet
facet normal 0 0 1
outer loop
vertex 148.34 -150.58 2.2
vertex 142.80 -150.55 2.2
vertex 142.81 -150.58 2.2
endloop
endfacet
facet normal 0 0 1
outer loop
vertex 154.35 -150.58 2.2
vertex 154.36 -150.55 2.2
vertex 148.58 -150.55 2.2
endloop
endfacet
facet normal 0 0 1
outer loop
vertex 154.35 -150.58 2.2
vertex 148.58 -150.55 2.2
vertex 148.81 -150.58 2.2
endloop
endfacet
facet normal 0 0 1
outer loop
vertex 148.58 -150.55 2.2
vertex 154.36 -150.55 2.2
vertex 158.35 -139.58 2.2
endloop
endfacet
facet normal 0 0 1
outer loop
vertex 148.58 -150.55 2.2
vertex 158.35 -139.58 2.2
vertex 138.80 -139.58 2.2
endloop
endfacet
facet normal 0 0 1
outer loop
vertex 148.58 -150.55 2.2
vertex 138.80 -139.58 2.2
vertex 142.80 -150.55 2.2
endloop
endfacet
facet normal 0 0 1
outer loop
vertex 158.35 -139.58 2.2
vertex 174.88 -113.78 2.2
vertex 170.18 -113.78 2.2
endloop
endfacet
facet normal 0 0 1
outer loop
vertex 158.35 -139.58 2.2
vertex 170.18 -113.78 2.2
vertex 126.97 -113.78 2.2
endloop
endfacet
facet normal 0 0 1
outer loop
vertex 158.35 -139.58 2.2
vertex 126.97 -113.78 2.2
vertex 122.27 -113.78 2.2
endloop
endfacet
facet normal 0 0 1
outer loop
vertex 158.35 -139.58 2.2
vertex 122.27 -113.78 2.2
vertex 138.80 -139.58 2.2
endloop
endfacet
facet normal 0 0 1
outer loop
vertex 126.97 -113.78 2.2
vertex 126.74 -113.75 2.2
vertex 122.26 -113.75 2.2
endloop
endfacet
facet normal 0 0 1
outer loop
vertex 126.97 -113.78 2.2
vertex 122.26 -113.75 2.2
vertex 122.27 -113.78 2.2
endloop
endfacet
facet normal 0 0 1
outer loop
vertex 170.18 -113.78 2.2
vertex 169.95 -113.75 2.2
vertex 127.21 -113.75 2.2
endloop
endfacet
facet normal 0 0 1
outer loop
vertex 170.18 -113.78 2.2
vertex 127.21 -113.75 2.2
vertex 126.97 -113.78 2.2
endloop
endfacet
facet normal 0 0 1
outer loop
vertex 174.88 -113.78 2.2
vertex 174.90 -113.75 2.2
vertex 170.42 -113.75 2.2
endloop
endfacet
facet normal 0 0 1
outer loop
vertex 174.88 -113.78 2.2
vertex 170.42 -113.75 2.2
vertex 170.18 -113.78 2.2
endloop
endfacet
facet normal 0 0 1
outer loop
vertex 126.74 -113.75 2.2
vertex 126.51 -113.68 2.2
vertex 122.21 -113.68 2.2
endloop
endfacet
facet normal 0 0 1
outer loop
vertex 126.74 -113.75 2.2
vertex 122.21 -113.68 2.2
vertex 122.26 -113.75 2.2
endloop
endfacet
facet normal 0 0 1
outer loop
vertex 169.95 -113.75 2.2
vertex 169.72 -113.68 2.2
vertex 127.43 -113.68 2.2
endloop
endfacet
facet normal 0 0 1
outer loop
vertex 169.95 -113.75 2.2
vertex 127.43 -113.68 2.2
vertex 127.21 -113.75 2.2
endloop
endfacet
facet normal 0 0 1
outer loop
vertex 174.90 -113.75 2.2
vertex 174.94 -113.68 2.2
vertex 170.64 -113.68 2.2
endloop
endfacet
facet normal 0 0 1
outer loop
vertex 174.90 -113.75 2.2
vertex 170.64 -113.68 2.2
vertex 170.42 -113.75 2.2
endloop
endfacet
facet normal 0 0 1
outer loop
vertex 126.51 -113.68 2.2
vertex 126.30 -113.57 2.2
vertex 122.14 -113.57 2.2
endloop
endfacet
facet normal 0 0 1
outer loop
vertex 126.51 -113.68 2.2
vertex 122.14 -113.57 2.2
vertex 122.21 -113.68 2.2
endloop
endfacet
facet normal 0 0 1
outer loop
vertex 169.72 -113.68 2.2
vertex 169.52 -113.57 2.2
vertex 127.64 -113.57 2.2
endloop
endfacet
facet normal 0 0 1
outer loop
vertex 169.72 -113.68 2.2
vertex 127.64 -113.57 2.2
vertex 127.43 -113.68 2.2
endloop
endfacet
facet normal 0 0 1
outer loop
vertex 174.94 -113.68 2.2
vertex 175.01 -113.57 2.2
vertex 170.85 -113.57 2.2
endloop
endfacet
facet normal 0 0 1
outer loop
vertex 174.94 -113.68 2.2
vertex 170.85 -113.57 2.2
vertex 170.64 -113.68 2.2
endloop
endfacet
facet normal 0 0 1
outer loop
vertex 126.30 -113.57 2.2
vertex 126.12 -113.42 2.2
vertex 122.05 -113.42 2.2
endloop
endfacet
facet normal 0 0 1
outer loop
vertex 126.30 -113.57 2.2
vertex 122.05 -113.42 2.2
vertex 122.14 -113.57 2.2
endloop
endfacet
facet normal 0 0 1
outer loop
vertex 169.52 -113.57 2.2
vertex 169.33 -113.42 2.2
vertex 127.82 -113.42 2.2
endloop
endfacet
facet normal 0 0 1
outer loop
vertex 169.52 -113.57 2.2
vertex 127.82 -113.42 2.2
vertex 127.64 -113.57 2.2
endloop
endfacet
facet normal 0 0 1
outer loop
vertex 175.01 -113.57 2.2
vertex 175.11 -113.42 2.2
vertex 171.03 -113.42 2.2
endloop
endfacet
facet normal 0 0 1
outer loop
vertex 175.01 -113.57 2.2
vertex 171.03 -113.42 2.2
vertex 170.85 -113.57 2.2
endloop
endfacet
facet normal 0 0 1
outer loop
vertex 126.12 -113.42 2.2
vertex 125.97 -113.24 2.2
vertex 121.93 -113.24 2.2
endloop
endfacet
facet normal 0 0 1
outer loop
vertex 126.12 -113.42 2.2
vertex 121.93 -113.24 2.2
vertex 122.05 -113.42 2.2
endloop
endfacet
facet normal 0 0 1
outer loop
vertex 169.33 -113.42 2.2
vertex 169.18 -113.24 2.2
vertex 127.97 -113.24 2.2
endloop
endfacet
facet normal 0 0 1
outer loop
vertex 169.33 -113.42 2.2
vertex 127.97 -113.24 2.2
vertex 127.82 -113.42 2.2
endloop
endfacet
facet normal 0 0 1
outer loop
vertex 175.11 -113.42 2.2
vertex 175.22 -113.24 2.2
vertex 171.18 -113.24 2.2
endloop
endfacet
facet normal 0 0 1
outer loop
vertex 175.11 -113.42 2.2
vertex 171.18 -113.24 2.2
vertex 171.03 -113.42 2.2
endloop
endfacet
facet normal 0 0 1
outer loop
vertex 125.97 -113.24 2.2
vertex 125.86 -113.04 2.2
vertex 121.80 -113.04 2.2
endloop
endfacet
facet normal 0 0 1
outer loop
vertex 125.97 -113.24 2.2
vertex 121.80 -113.04 2.2
vertex 121.93 -113.24 2.2
endloop
endfacet
facet normal 0 0 1
outer loop
vertex 169.18 -113.24 2.2
vertex 169.07 -113.04 2.2
vertex 128.08 -113.04 2.2
endloop
endfacet
facet normal 0 0 1
outer loop
vertex 169.18 -113.24 2.2
vertex 128.08 -113.04 2.2
vertex 127.97 -113.24 2.2
endloop
endfacet
facet normal 0 0 1
outer loop
vertex 175.22 -113.24 2.2
vertex 175.36 -113.04 2.2
vertex 171.29 -113.04 2.2
endloop
endfacet
facet normal 0 0 1
outer loop
vertex 175.22 -113.24 2.2
vertex 171.29 -113.04 2.2
vertex 171.18 -113.24 2.2
endloop
endfacet
facet normal 0 0 1
outer loop
vertex 125.86 -113.04 2.2
vertex 125.79 -112.81 2.2
vertex 121.65 -112.81 2.2
endloop
endfacet
facet normal 0 0 1
outer loop
vertex 125.86 -113.04 2.2
vertex 121.65 -112.81 2.2
vertex 121.80 -113.04 2.2
endloop
endfacet
facet normal 0 0 1
outer loop
vertex 169.07 -113.04 2.2
vertex 169.01 -112.81 2.2
vertex 128.15 -112.81 2.2
endloop
endfacet
facet normal 0 0 1
outer loop
vertex 169.07 -113.04 2.2
vertex 128.15 -112.81 2.2
vertex 128.08 -113.04 2.2
endloop
endfacet
facet normal 0 0 1
outer loop
vertex 175.36 -113.04 2.2
vertex 175.50 -112.81 2.2
vertex 171.36 -112.81 2.2
endloop
endfacet
facet normal 0 0 1
outer loop
vertex 175.36 -113.04 2.2
vertex 171.36 -112.81 2.2
vertex 171.29 -113.04 2.2
endloop
endfacet
facet normal 0 0 1
outer loop
vertex 125.79 -112.81 2.2
vertex 125.77 -112.58 2.2
vertex 121.50 -112.58 2.2
endloop
endfacet
facet normal 0 0 1
outer loop
vertex 125.79 -112.81 2.2
vertex 121.50 -112.58 2.2
vertex 121.65 -112.81 2.2
endloop
endfacet
facet normal 0 0 1
outer loop
vertex 169.01 -112.81 2.2
vertex 168.98 -112.58 2.2
vertex 128.17 -112.58 2.2
endloop
endfacet
facet normal 0 0 1
outer loop
vertex 169.01 -112.81 2.2
vertex 128.17 -112.58 2.2
vertex 128.15 -112.81 2.2
endloop
endfacet
facet normal 0 0 1
outer loop
vertex 175.50 -112.81 2.2
vertex 175.65 -112.58 2.2
vertex 171.38 -112.58 2.2
endloop
endfacet
facet normal 0 0 1
outer loop
vertex 175.50 -112.81 2.2
vertex 171.38 -112.58 2.2
vertex 171.36 -112.81 2.2
endloop
endfacet
facet normal 0 0 1
outer loop
vertex 125.77 -112.58 2.2
vertex 125.79 -112.34 2.2
vertex 121.35 -112.34 2.2
endloop
endfacet
facet normal 0 0 1
outer loop
vertex 125.77 -112.58 2.2
vertex 121.35 -112.34 2.2
vertex 121.50 -112.58 2.2
endloop
endfacet
facet normal 0 0 1
outer loop
vertex 168.98 -112.58 2.2
vertex 169.01 -112.34 2.2
vertex 128.15 -112.34 2.2
endloop
endfacet
facet normal 0 0 1
outer loop
vertex 168.98 -112.58 2.2
vertex 128.15 -112.34 2.2
vertex 128.17 -112.58 2.2
endloop
endfacet
facet normal 0 0 1
outer loop
vertex 175.65 -112.58 2.2
vertex 175.80 -112.34 2.2
vertex 171.36 -112.34 2.2
endloop
endfacet
facet normal 0 0 1
outer loop
vertex 175.65 -112.58 2.2
vertex 171.36 -112.34 2.2
vertex 171.38 -112.58 2.2
endloop
endfacet
facet normal 0 0 1
outer loop
vertex 125.79 -112.34 2.2
vertex 125.86 -112.12 2.2
vertex 121.21 -112.12 2.2
endloop
endfacet
facet normal 0 0 1
outer loop
vertex 125.79 -112.34 2.2
vertex 121.21 -112.12 2.2
vertex 121.35 -112.34 2.2
endloop
endfacet
facet normal 0 0 1
outer loop
vertex 169.01 -112.34 2.2
vertex 169.07 -112.12 2.2
vertex 128.08 -112.12 2.2
endloop
endfacet
facet normal 0 0 1
outer loop
vertex 169.01 -112.34 2.2
vertex 128.08 -112.12 2.2
vertex 128.15 -112.34 2.2
endloop
endfacet
facet normal 0 0 1
outer loop
vertex 175.80 -112.34 2.2
vertex 175.94 -112.12 2.2
vertex 171.29 -112.12 2.2
endloop
endfacet
facet normal 0 0 1
outer loop
vertex 175.80 -112.34 2.2
vertex 171.29 -112.12 2.2
vertex 171.36 -112.34 2.2
endloop
endfacet
facet normal 0 0 1
outer loop
vertex 125.86 -112.12 2.2
vertex 125.97 -111.91 2.2
vertex 121.08 -111.91 2.2
endloop
endfacet
facet normal 0 0 1
outer loop
vertex 125.86 -112.12 2.2
vertex 121.08 -111.91 2.2
vertex 121.21 -112.12 2.2
endloop
endfacet
facet normal 0 0 1
outer loop
vertex 169.07 -112.12 2.2
vertex 169.18 -111.91 2.2
vertex 127.97 -111.91 2.2
endloop
endfacet
facet normal 0 0 1
outer loop
vertex 169.07 -112.12 2.2
vertex 127.97 -111.91 2.2
vertex 128.08 -112.12 2.2
endloop
endfacet
facet normal 0 0 1
outer loop
vertex 175.94 -112.12 2.2
vertex 176.08 -111.91 2.2
vertex 171.18 -111.91 2.2
endloop
endfacet
facet normal 0 0 1
outer loop
vertex 175.94 -112.12 2.2
vertex 171.18 -111.91 2.2
vertex 171.29 -112.12 2.2
endloop
endfacet
facet normal 0 0 1
outer loop
vertex 125.97 -111.91 2.2
vertex 126.12 -111.73 2.2
vertex 120.96 -111.73 2.2
endloop
endfacet
facet normal 0 0 1
outer loop
vertex 125.97 -111.91 2.2
vertex 120.96 -111.73 2.2
vertex 121.08 -111.91 2.2
endloop
endfacet
facet normal 0 0 1
outer loop
vertex 169.18 -111.91 2.2
vertex 169.33 -111.73 2.2
vertex 127.82 -111.73 2.2
endloop
endfacet
facet normal 0 0 1
outer loop
vertex 169.18 -111.91 2.2
vertex 127.82 -111.73 2.2
vertex 127.97 -111.91 2.2
endloop
endfacet
facet normal 0 0 1
outer loop
vertex 176.08 -111.91 2.2
vertex 176.19 -111.73 2.2
vertex 171.03 -111.73 2.2
endloop
endfacet
facet normal 0 0 1
outer loop
vertex 176.08 -111.91 2.2
vertex 171.03 -111.73 2.2
vertex 171.18 -111.91 2.2
endloop
endfacet
facet normal 0 0 1
outer loop
vertex 126.12 -111.73 2.2
vertex 126.30 -111.58 2.2
vertex 120.86 -111.58 2.2
endloop
endfacet
facet normal 0 0 1
outer loop
vertex 126.12 -111.73 2.2
vertex 120.86 -111.58 2.2
vertex 120.96 -111.73 2.2
endloop
endfacet
facet normal 0 0 1
outer loop
vertex 169.33 -111.73 2.2
vertex 169.52 -111.58 2.2
vertex 127.64 -111.58 2.2
endloop
endfacet
facet normal 0 0 1
outer loop
vertex 169.33 -111.73 2.2
vertex 127.64 -111.58 2.2
vertex 127.82 -111.73 2.2
endloop
endfacet
facet normal 0 0 1
outer loop
vertex 176.19 -111.73 2.2
vertex 176.29 -111.58 2.2
vertex 170.85 -111.58 2.2
endloop
endfacet
facet normal 0 0 1
outer loop
vertex 176.19 -111.73 2.2
vertex 170.85 -111.58 2.2
vertex 171.03 -111.73 2.2
endloop
endfacet
facet normal 0 0 1
outer loop
vertex 126.30 -111.58 2.2
vertex 126.51 -111.47 2.2
vertex 120.79 -111.47 2.2
endloop
endfacet
facet normal 0 0 1
outer loop
vertex 126.30 -111.58 2.2
vertex 120.79 -111.47 2.2
vertex 120.86 -111.58 2.2
endloop
endfacet
facet normal 0 0 1
outer loop
vertex 169.52 -111.58 2.2
vertex 169.72 -111.47 2.2
vertex 127.43 -111.47 2.2
endloop
endfacet
facet normal 0 0 1
outer loop
vertex 169.52 -111.58 2.2
vertex 127.43 -111.47 2.2
vertex 127.64 -111.58 2.2
endloop
endfacet
facet normal 0 0 1
outer loop
vertex 176.29 -111.58 2.2
vertex 176.36 -111.47 2.2
vertex 170.64 -111.47 2.2
endloop
endfacet
facet normal 0 0 1
outer loop
vertex 176.29 -111.58 2.2
vertex 170.64 -111.47 2.2
vertex 170.85 -111.58 2.2
endloop
endfacet
facet normal 0 0 1
outer loop
vertex 126.51 -111.47 2.2
vertex 126.74 -111.40 2.2
vertex 120.75 -111.40 2.2
endloop
endfacet
facet normal 0 0 1
outer loop
vertex 126.51 -111.47 2.2
vertex 120.75 -111.40 2.2
vertex 120.79 -111.47 2.2
endloop
endfacet
facet normal 0 0 1
outer loop
vertex 169.72 -111.47 2.2
vertex 169.95 -111.40 2.2
vertex 127.21 -111.40 2.2
endloop
endfacet
facet normal 0 0 1
outer loop
vertex 169.72 -111.47 2.2
vertex 127.21 -111.40 2.2
vertex 127.43 -111.47 2.2
endloop
endfacet
facet normal 0 0 1
outer loop
vertex 176.36 -111.47 2.2
vertex 176.40 -111.40 2.2
vertex 170.42 -111.40 2.2
endloop
endfacet
facet normal 0 0 1
outer loop
vertex 176.36 -111.47 2.2
vertex 170.42 -111.40 2.2
vertex 170.64 -111.47 2.2
endloop
endfacet
facet normal 0 0 1
outer loop
vertex 126.74 -111.40 2.2
vertex 126.97 -111.38 2.2
vertex 120.74 -111.38 2.2
endloop
endfacet
facet normal 0 0 1
outer loop
vertex 126.74 -111.40 2.2
vertex 120.74 -111.38 2.2
vertex 120.75 -111.40 2.2
endloop
endfacet
facet normal 0 0 1
outer loop
vertex 169.95 -111.40 2.2
vertex 170.18 -111.38 2.2
vertex 126.97 -111.38 2.2
endloop
endfacet
facet normal 0 0 1
outer loop
vertex 169.95 -111.40 2.2
vertex 126.97 -111.38 2.2
vertex 127.21 -111.40 2.2
endloop
endfacet
facet normal 0 0 1
outer loop
vertex 176.40 -111.40 2.2
vertex 176.42 -111.38 2.2
vertex 170.18 -111.38 2.2
endloop
endfacet
facet normal 0 0 1
outer loop
vertex 176.40 -111.40 2.2
vertex 170.18 -111.38 2.2
vertex 170.42 -111.40 2.2
endloop
endfacet
facet normal 0 0 1
outer loop
vertex 126.97 -111.38 2.2
vertex 170.18 -111.38 2.2
vertex 176.42 -111.38 2.2
endloop
endfacet
facet normal 0 0 1
outer loop
vertex 126.97 -111.38 2.2
vertex 176.42 -111.38 2.2
vertex 176.67 -110.99 2.2
endloop
endfacet
facet normal 0 0 1
outer loop
vertex 126.97 -111.38 2.2
vertex 176.67 -110.99 2.2
vertex 174.69 -106.76 2.2
endloop
endfacet
facet normal 0 0 1
outer loop
vertex 126.97 -111.38 2.2
vertex 174.69 -106.76 2.2
vertex 147.58 -106.76 2.2
endloop
endfacet
facet normal 0 0 1
outer loop
vertex 126.97 -111.38 2.2
vertex 147.58 -106.76 2.2
vertex 122.46 -106.76 2.2
endloop
endfacet
facet normal 0 0 1
outer loop
vertex 126.97 -111.38 2.2
vertex 122.46 -106.76 2.2
vertex 120.49 -110.99 2.2
endloop
endfacet
facet normal 0 0 1
outer loop
vertex 126.97 -111.38 2.2
vertex 120.49 -110.99 2.2
vertex 120.74 -111.38 2.2
endloop
endfacet
facet normal 0 0 1
outer loop
vertex 174.69 -106.76 2.2
vertex 149.58 -106.76 2.2
vertex 147.58 -106.76 2.2
endloop
endfacet
facet normal 0 0 1
outer loop
vertex 147.58 -106.76 2.2
vertex 147.23 -106.73 2.2
vertex 122.47 -106.73 2.2
endloop
endfacet
facet normal 0 0 1
outer loop
vertex 147.58 -106.76 2.2
vertex 122.47 -106.73 2.2
vertex 122.46 -106.76 2.2
endloop
endfacet
facet normal 0 0 1
outer loop
vertex 174.69 -106.76 2.2
vertex 174.68 -106.73 2.2
vertex 149.92 -106.73 2.2
endloop
endfacet
facet normal 0 0 1
outer loop
vertex 174.69 -106.76 2.2
vertex 149.92 -106.73 2.2
vertex 149.58 -106.76 2.2
endloop
endfacet
facet normal 0 0 1
outer loop
vertex 147.23 -106.73 2.2
vertex 146.89 -106.64 2.2
vertex 122.52 -106.64 2.2
endloop
endfacet
facet normal 0 0 1
outer loop
vertex 147.23 -106.73 2.2
vertex 122.52 -106.64 2.2
vertex 122.47 -106.73 2.2
endloop
endfacet
facet normal 0 0 1
outer loop
vertex 174.68 -106.73 2.2
vertex 174.64 -106.64 2.2
vertex 150.26 -106.64 2.2
endloop
endfacet
facet normal 0 0 1
outer loop
vertex 174.68 -106.73 2.2
vertex 150.26 -106.64 2.2
vertex 149.92 -106.73 2.2
endloop
endfacet
facet normal 0 0 1
outer loop
vertex 146.89 -106.64 2.2
vertex 146.58 -106.49 2.2
vertex 122.58 -106.49 2.2
endloop
endfacet
facet normal 0 0 1
outer loop
vertex 146.89 -106.64 2.2
vertex 122.58 -106.49 2.2
vertex 122.52 -106.64 2.2
endloop
endfacet
facet normal 0 0 1
outer loop
vertex 174.64 -106.64 2.2
vertex 174.57 -106.49 2.2
vertex 150.58 -106.49 2.2
endloop
endfacet
facet normal 0 0 1
outer loop
vertex 174.64 -106.64 2.2
vertex 150.58 -106.49 2.2
vertex 150.26 -106.64 2.2
endloop
endfacet
facet normal 0 0 1
outer loop
vertex 146.58 -106.49 2.2
vertex 146.29 -106.29 2.2
vertex 122.68 -106.29 2.2
endloop
endfacet
facet normal 0 0 1
outer loop
vertex 146.58 -106.49 2.2
vertex 122.68 -106.29 2.2
vertex 122.58 -106.49 2.2
endloop
endfacet
facet normal 0 0 1
outer loop
vertex 174.57 -106.49 2.2
vertex 174.48 -106.29 2.2
vertex 150.86 -106.29 2.2
endloop
endfacet
facet normal 0 0 1
outer loop
vertex 174.57 -106.49 2.2
vertex 150.86 -106.29 2.2
vertex 150.58 -106.49 2.2
endloop
endfacet
facet normal 0 0 1
outer loop
vertex 146.29 -106.29 2.2
vertex 146.04 -106.04 2.2
vertex 122.79 -106.04 2.2
endloop
endfacet
facet normal 0 0 1
outer loop
vertex 146.29 -106.29 2.2
vertex 122.79 -106.04 2.2
vertex 122.68 -106.29 2.2
endloop
endfacet
facet normal 0 0 1
outer loop
vertex 174.48 -106.29 2.2
vertex 174.36 -106.04 2.2
vertex 151.11 -106.04 2.2
endloop
endfacet
facet normal 0 0 1
outer loop
vertex 174.48 -106.29 2.2
vertex 151.11 -106.04 2.2
vertex 150.86 -106.29 2.2
endloop
endfacet
facet normal 0 0 1
outer loop
vertex 146.04 -106.04 2.2
vertex 145.84 -105.76 2.2
vertex 122.93 -105.76 2.2
endloop
endfacet
facet normal 0 0 1
outer loop
vertex 146.04 -106.04 2.2
vertex 122.93 -105.76 2.2
vertex 122.79 -106.04 2.2
endloop
endfacet
facet normal 0 0 1
outer loop
vertex 174.36 -106.04 2.2
vertex 174.23 -105.76 2.2
vertex 151.31 -105.76 2.2
endloop
endfacet
facet normal 0 0 1
outer loop
vertex 174.36 -106.04 2.2
vertex 151.31 -105.76 2.2
vertex 151.11 -106.04 2.2
endloop
endfacet
facet normal 0 0 1
outer loop
vertex 145.84 -105.76 2.2
vertex 145.70 -105.44 2.2
vertex 123.07 -105.44 2.2
endloop
endfacet
facet normal 0 0 1
outer loop
vertex 145.84 -105.76 2.2
vertex 123.07 -105.44 2.2
vertex 122.93 -105.76 2.2
endloop
endfacet
facet normal 0 0 1
outer loop
vertex 174.23 -105.76 2.2
vertex 174.08 -105.44 2.2
vertex 151.46 -105.44 2.2
endloop
endfacet
facet normal 0 0 1
outer loop
vertex 174.23 -105.76 2.2
vertex 151.46 -105.44 2.2
vertex 151.31 -105.76 2.2
endloop
endfacet
facet normal 0 0 1
outer loop
vertex 145.70 -105.44 2.2
vertex 145.61 -105.11 2.2
vertex 123.23 -105.11 2.2
endloop
endfacet
facet normal 0 0 1
outer loop
vertex 145.70 -105.44 2.2
vertex 123.23 -105.11 2.2
vertex 123.07 -105.44 2.2
endloop
endfacet
facet normal 0 0 1
outer loop
vertex 174.08 -105.44 2.2
vertex 173.92 -105.11 2.2
vertex 151.55 -105.11 2.2
endloop
endfacet
facet normal 0 0 1
outer loop
vertex 174.08 -105.44 2.2
vertex 151.55 -105.11 2.2
vertex 151.46 -105.44 2.2
endloop
endfacet
facet normal 0 0 1
outer loop
vertex 173.92 -105.11 2.2
vertex 173.76 -104.76 2.2
vertex 151.58 -104.76 2.2
endloop
endfacet
facet normal 0 0 1
outer loop
vertex 173.92 -105.11 2.2
vertex 151.58 -104.76 2.2
vertex 151.55 -105.11 2.2
endloop
endfacet
facet normal 0 0 1
outer loop
vertex 145.61 -105.11 2.2
vertex 145.58 -104.76 2.2
vertex 123.39 -104.76 2.2
endloop
endfacet
facet normal 0 0 1
outer loop
vertex 145.61 -105.11 2.2
vertex 123.39 -104.76 2.2
vertex 123.23 -105.11 2.2
endloop
endfacet
facet normal 0 0 1
outer loop
vertex 145.58 -104.76 2.2
vertex 145.58 -98.76 2.2
vertex 145.06 -98.71 2.2
endloop
endfacet
facet normal 0 0 1
outer loop
vertex 145.58 -104.76 2.2
vertex 145.06 -98.71 2.2
vertex 126.21 -98.71 2.2
endloop
endfacet
facet normal 0 0 1
outer loop
vertex 145.58 -104.76 2.2
vertex 126.21 -98.71 2.2
vertex 123.39 -104.76 2.2
endloop
endfacet
facet normal 0 0 1
outer loop
vertex 173.76 -104.76 2.2
vertex 170.94 -98.71 2.2
vertex 152.10 -98.71 2.2
endloop
endfacet
facet normal 0 0 1
outer loop
vertex 173.76 -104.76 2.2
vertex 152.10 -98.71 2.2
vertex 151.58 -98.76 2.2
endloop
endfacet
facet normal 0 0 1
outer loop
vertex 173.76 -104.76 2.2
vertex 151.58 -98.76 2.2
vertex 151.58 -104.76 2.2
endloop
endfacet
facet normal 0 0 1
outer loop
vertex 145.06 -98.71 2.2
vertex 144.55 -98.58 2.2
vertex 126.27 -98.58 2.2
endloop
endfacet
facet normal 0 0 1
outer loop
vertex 145.06 -98.71 2.2
vertex 126.27 -98.58 2.2
vertex 126.21 -98.71 2.2
endloop
endfacet
facet normal 0 0 1
outer loop
vertex 170.94 -98.71 2.2
vertex 170.88 -98.58 2.2
vertex 152.60 -98.58 2.2
endloop
endfacet
facet normal 0 0 1
outer loop
vertex 170.94 -98.71 2.2
vertex 152.60 -98.58 2.2
vertex 152.10 -98.71 2.2
endloop
endfacet
facet normal 0 0 1
outer loop
vertex 144.55 -98.58 2.2
vertex 144.08 -98.36 2.2
vertex 126.38 -98.36 2.2
endloop
endfacet
facet normal 0 0 1
outer loop
vertex 144.55 -98.58 2.2
vertex 126.38 -98.36 2.2
vertex 126.27 -98.58 2.2
endloop
endfacet
facet normal 0 0 1
outer loop
vertex 170.88 -98.58 2.2
vertex 170.78 -98.36 2.2
vertex 153.08 -98.36 2.2
endloop
endfacet
facet normal 0 0 1
outer loop
vertex 170.88 -98.58 2.2
vertex 153.08 -98.36 2.2
vertex 152.60 -98.58 2.2
endloop
endfacet
facet normal 0 0 1
outer loop
vertex 144.08 -98.36 2.2
vertex 143.65 -98.06 2.2
vertex 126.52 -98.06 2.2
endloop
endfacet
facet normal 0 0 1
outer loop
vertex 144.08 -98.36 2.2
vertex 126.52 -98.06 2.2
vertex 126.38 -98.36 2.2
endloop
endfacet
facet normal 0 0 1
outer loop
vertex 170.78 -98.36 2.2
vertex 170.64 -98.06 2.2
vertex 153.51 -98.06 2.2
endloop
endfacet
facet normal 0 0 1
outer loop
vertex 170.78 -98.36 2.2
vertex 153.51 -98.06 2.2
vertex 153.08 -98.36 2.2
endloop
endfacet
facet normal 0 0 1
outer loop
vertex 143.65 -98.06 2.2
vertex 143.28 -97.69 2.2
vertex 126.69 -97.69 2.2
endloop
endfacet
facet normal 0 0 1
outer loop
vertex 143.65 -98.06 2.2
vertex 126.69 -97.69 2.2
vertex 126.52 -98.06 2.2
endloop
endfacet
facet normal 0 0 1
outer loop
vertex 170.64 -98.06 2.2
vertex 170.46 -97.69 2.2
vertex 153.87 -97.69 2.2
endloop
endfacet
facet normal 0 0 1
outer loop
vertex 170.64 -98.06 2.2
vertex 153.87 -97.69 2.2
vertex 153.51 -98.06 2.2
endloop
endfacet
facet normal 0 0 1
outer loop
vertex 143.28 -97.69 2.2
vertex 142.98 -97.26 2.2
vertex 126.89 -97.26 2.2
endloop
endfacet
facet normal 0 0 1
outer loop
vertex 143.28 -97.69 2.2
vertex 126.89 -97.26 2.2
vertex 126.69 -97.69 2.2
endloop
endfacet
facet normal 0 0 1
outer loop
vertex 170.46 -97.69 2.2
vertex 170.26 -97.26 2.2
vertex 154.17 -97.26 2.2
endloop
endfacet
facet normal 0 0 1
outer loop
vertex 170.46 -97.69 2.2
vertex 154.17 -97.26 2.2
vertex 153.87 -97.69 2.2
endloop
endfacet
facet normal 0 0 1
outer loop
vertex 142.98 -97.26 2.2
vertex 142.76 -96.79 2.2
vertex 127.11 -96.79 2.2
endloop
endfacet
facet normal 0 0 1
outer loop
vertex 142.98 -97.26 2.2
vertex 127.11 -96.79 2.2
vertex 126.89 -97.26 2.2
endloop
endfacet
facet normal 0 0 1
outer loop
vertex 170.26 -97.26 2.2
vertex 170.04 -96.79 2.2
vertex 154.40 -96.79 2.2
endloop
endfacet
facet normal 0 0 1
outer loop
vertex 170.26 -97.26 2.2
vertex 154.40 -96.79 2.2
vertex 154.17 -97.26 2.2
endloop
endfacet
facet normal 0 0 1
outer loop
vertex 142.76 -96.79 2.2
vertex 142.62 -96.28 2.2
vertex 127.35 -96.28 2.2
endloop
endfacet
facet normal 0 0 1
outer loop
vertex 142.76 -96.79 2.2
vertex 127.35 -96.28 2.2
vertex 127.11 -96.79 2.2
endloop
endfacet
facet normal 0 0 1
outer loop
vertex 170.04 -96.79 2.2
vertex 169.81 -96.28 2.2
vertex 154.53 -96.28 2.2
endloop
endfacet
facet normal 0 0 1
outer loop
vertex 170.04 -96.79 2.2
vertex 154.53 -96.28 2.2
vertex 154.40 -96.79 2.2
endloop
endfacet
facet normal 0 0 1
outer loop
vertex 169.81 -96.28 2.2
vertex 169.56 -95.76 2.2
vertex 154.58 -95.76 2.2
endloop
endfacet
facet normal 0 0 1
outer loop
vertex 169.81 -96.28 2.2
vertex 154.58 -95.76 2.2
vertex 154.53 -96.28 2.2
endloop
endfacet
facet normal 0 0 1
outer loop
vertex 142.62 -96.28 2.2
vertex 142.58 -95.76 2.2
vertex 127.59 -95.76 2.2
endloop
endfacet
facet normal 0 0 1
outer loop
vertex 142.62 -96.28 2.2
vertex 127.59 -95.76 2.2
vertex 127.35 -96.28 2.2
endloop
endfacet
facet normal 0 0 1
outer loop
vertex 142.58 -95.76 2.2
vertex 142.58 -85.76 2.2
vertex 132.25 -85.76 2.2
endloop
endfacet
facet normal 0 0 1
outer loop
vertex 142.58 -95.76 2.2
vertex 132.25 -85.76 2.2
vertex 127.59 -95.76 2.2
endloop
endfacet
facet normal 0 0 1
outer loop
vertex 169.56 -95.76 2.2
vertex 164.90 -85.76 2.2
vertex 154.58 -85.76 2.2
endloop
endfacet
facet normal 0 0 1
outer loop
vertex 169.56 -95.76 2.2
vertex 154.58 -85.76 2.2
vertex 154.58 -95.76 2.2
endloop
endfacet
facet normal 0 0 1
outer loop
vertex 142.58 -85.76 2.2
vertex 142.61 -85.30 2.2
vertex 132.47 -85.30 2.2
endloop
endfacet
facet normal 0 0 1
outer loop
vertex 142.58 -85.76 2.2
vertex 132.47 -85.30 2.2
vertex 132.25 -85.76 2.2
endloop
endfacet
facet normal 0 0 1
outer loop
vertex 164.90 -85.76 2.2
vertex 164.69 -85.30 2.2
vertex 154.54 -85.30 2.2
endloop
endfacet
facet normal 0 0 1
outer loop
vertex 164.90 -85.76 2.2
vertex 154.54 -85.30 2.2
vertex 154.58 -85.76 2.2
endloop
endfacet
facet normal 0 0 1
outer loop
vertex 142.61 -85.30 2.2
vertex 142.72 -84.85 2.2
vertex 132.68 -84.85 2.2
endloop
endfacet
facet normal 0 0 1
outer loop
vertex 142.61 -85.30 2.2
vertex 132.68 -84.85 2.2
vertex 132.47 -85.30 2.2
endloop
endfacet
facet normal 0 0 1
outer loop
vertex 164.69 -85.30 2.2
vertex 164.48 -84.85 2.2
vertex 154.44 -84.85 2.2
endloop
endfacet
facet normal 0 0 1
outer loop
vertex 164.69 -85.30 2.2
vertex 154.44 -84.85 2.2
vertex 154.54 -85.30 2.2
endloop
endfacet
facet normal 0 0 1
outer loop
vertex 142.72 -84.85 2.2
vertex 142.89 -84.42 2.2
vertex 132.88 -84.42 2.2
endloop
endfacet
facet normal 0 0 1
outer loop
vertex 142.72 -84.85 2.2
vertex 132.88 -84.42 2.2
vertex 132.68 -84.85 2.2
endloop
endfacet
facet normal 0 0 1
outer loop
vertex 164.48 -84.85 2.2
vertex 164.28 -84.42 2.2
vertex 154.26 -84.42 2.2
endloop
endfacet
facet normal 0 0 1
outer loop
vertex 164.48 -84.85 2.2
vertex 154.26 -84.42 2.2
vertex 154.44 -84.85 2.2
endloop
endfacet
facet normal 0 0 1
outer loop
vertex 142.89 -84.42 2.2
vertex 143.13 -84.03 2.2
vertex 133.06 -84.03 2.2
endloop
endfacet
facet normal 0 0 1
outer loop
vertex 142.89 -84.42 2.2
vertex 133.06 -84.03 2.2
vertex 132.88 -84.42 2.2
endloop
endfacet
facet normal 0 0 1
outer loop
vertex 164.28 -84.42 2.2
vertex 164.09 -84.03 2.2
vertex 154.03 -84.03 2.2
endloop
endfacet
facet normal 0 0 1
outer loop
vertex 164.28 -84.42 2.2
vertex 154.03 -84.03 2.2
vertex 154.26 -84.42 2.2
endloop
endfacet
facet normal 0 0 1
outer loop
vertex 164.09 -84.03 2.2
vertex 163.93 -83.67 2.2
vertex 153.73 -83.67 2.2
endloop
endfacet
facet normal 0 0 1
outer loop
vertex 164.09 -84.03 2.2
vertex 153.73 -83.67 2.2
vertex 154.03 -84.03 2.2
endloop
endfacet
facet normal 0 0 1
outer loop
vertex 143.13 -84.03 2.2
vertex 143.42 -83.67 2.2
vertex 133.23 -83.67 2.2
endloop
endfacet
facet normal 0 0 1
outer loop
vertex 143.13 -84.03 2.2
vertex 133.23 -83.67 2.2
vertex 133.06 -84.03 2.2
endloop
endfacet
facet normal 0 0 1
outer loop
vertex 163.93 -83.67 2.2
vertex 163.79 -83.37 2.2
vertex 153.39 -83.37 2.2
endloop
endfacet
facet normal 0 0 1
outer loop
vertex 163.93 -83.67 2.2
vertex 153.39 -83.37 2.2
vertex 153.73 -83.67 2.2
endloop
endfacet
facet normal 0 0 1
outer loop
vertex 143.42 -83.67 2.2
vertex 143.77 -83.37 2.2
vertex 133.37 -83.37 2.2
endloop
endfacet
facet normal 0 0 1
outer loop
vertex 143.42 -83.67 2.2
vertex 133.37 -83.37 2.2
vertex 133.23 -83.67 2.2
endloop
endfacet
facet normal 0 0 1
outer loop
vertex 163.79 -83.37 2.2
vertex 163.67 -83.12 2.2
vertex 153.00 -83.12 2.2
endloop
endfacet
facet normal 0 0 1
outer loop
vertex 163.79 -83.37 2.2
vertex 153.00 -83.12 2.2
vertex 153.39 -83.37 2.2
endloop
endfacet
facet normal 0 0 1
outer loop
vertex 143.77 -83.37 2.2
vertex 144.16 -83.12 2.2
vertex 133.48 -83.12 2.2
endloop
endfacet
facet normal 0 0 1
outer loop
vertex 143.77 -83.37 2.2
vertex 133.48 -83.12 2.2
vertex 133.37 -83.37 2.2
endloop
endfacet
facet normal 0 0 -1
outer loop
vertex 144.16 -83.12 2.2
vertex 144.58 -82.93 2.2
vertex 144.58 -82.93 2.2
endloop
endfacet
facet normal 0 0 -1
outer loop
vertex 144.16 -83.12 2.2
vertex 144.58 -82.93 2.2
vertex 144.58 -77.76 2.2
endloop
endfacet
facet normal 0 0 -1
outer loop
vertex 144.16 -83.12 2.2
vertex 144.58 -77.76 2.2
vertex 135.98 -77.76 2.2
endloop
endfacet
facet normal 0 0 -1
outer loop
vertex 144.16 -83.12 2.2
vertex 135.98 -77.76 2.2
vertex 133.48 -83.12 2.2
endloop
endfacet
facet normal 0 0 1
outer loop
vertex 163.67 -83.12 2.2
vertex 161.17 -77.76 2.2
vertex 152.58 -77.76 2.2
endloop
endfacet
facet normal 0 0 1
outer loop
vertex 163.67 -83.12 2.2
vertex 152.58 -77.76 2.2
vertex 152.58 -82.93 2.2
endloop
endfacet
facet normal 0 0 1
outer loop
vertex 163.67 -83.12 2.2
vertex 152.58 -82.93 2.2
vertex 153.00 -83.12 2.2
endloop
endfacet
facet normal 0 0 1
outer loop
vertex 144.58 -77.76 2.2
vertex 144.59 -77.59 2.2
vertex 136.06 -77.59 2.2
endloop
endfacet
facet normal 0 0 1
outer loop
vertex 144.58 -77.76 2.2
vertex 136.06 -77.59 2.2
vertex 135.98 -77.76 2.2
endloop
endfacet
facet normal 0 0 1
outer loop
vertex 161.17 -77.76 2.2
vertex 161.09 -77.59 2.2
vertex 152.56 -77.59 2.2
endloop
endfacet
facet normal 0 0 1
outer loop
vertex 161.17 -77.76 2.2
vertex 152.56 -77.59 2.2
vertex 152.58 -77.76 2.2
endloop
endfacet
facet normal 0 0 1
outer loop
vertex 144.59 -77.59 2.2
vertex 144.64 -77.42 2.2
vertex 136.14 -77.42 2.2
endloop
endfacet
facet normal 0 0 1
outer loop
vertex 144.59 -77.59 2.2
vertex 136.14 -77.42 2.2
vertex 136.06 -77.59 2.2
endloop
endfacet
facet normal 0 0 1
outer loop
vertex 161.09 -77.59 2.2
vertex 161.01 -77.42 2.2
vertex 152.52 -77.42 2.2
endloop
endfacet
facet normal 0 0 1
outer loop
vertex 161.09 -77.59 2.2
vertex 152.52 -77.42 2.2
vertex 152.56 -77.59 2.2
endloop
endfacet
facet normal 0 0 1
outer loop
vertex 144.64 -77.42 2.2
vertex 144.71 -77.26 2.2
vertex 136.22 -77.26 2.2
endloop
endfacet
facet normal 0 0 1
outer loop
vertex 144.64 -77.42 2.2
vertex 136.22 -77.26 2.2
vertex 136.14 -77.42 2.2
endloop
endfacet
facet normal 0 0 1
outer loop
vertex 161.01 -77.42 2.2
vertex 160.94 -77.26 2.2
vertex 152.44 -77.26 2.2
endloop
endfacet
facet normal 0 0 1
outer loop
vertex 161.01 -77.42 2.2
vertex 152.44 -77.26 2.2
vertex 152.52 -77.42 2.2
endloop
endfacet
facet normal 0 0 1
outer loop
vertex 144.71 -77.26 2.2
vertex 144.81 -77.12 2.2
vertex 136.28 -77.12 2.2
endloop
endfacet
facet normal 0 0 1
outer loop
vertex 144.71 -77.26 2.2
vertex 136.28 -77.12 2.2
vertex 136.22 -77.26 2.2
endloop
endfacet
facet normal 0 0 1
outer loop
vertex 160.94 -77.26 2.2
vertex 160.87 -77.12 2.2
vertex 152.34 -77.12 2.2
endloop
endfacet
facet normal 0 0 1
outer loop
vertex 160.94 -77.26 2.2
vertex 152.34 -77.12 2.2
vertex 152.44 -77.26 2.2
endloop
endfacet
facet normal 0 0 1
outer loop
vertex 144.81 -77.12 2.2
vertex 144.93 -76.99 2.2
vertex 136.34 -76.99 2.2
endloop
endfacet
facet normal 0 0 1
outer loop
vertex 144.81 -77.12 2.2
vertex 136.34 -76.99 2.2
vertex 136.28 -77.12 2.2
endloop
endfacet
facet normal 0 0 1
outer loop
vertex 160.87 -77.12 2.2
vertex 160.81 -76.99 2.2
vertex 152.22 -76.99 2.2
endloop
endfacet
facet normal 0 0 1
outer loop
vertex 160.87 -77.12 2.2
vertex 152.22 -76.99 2.2
vertex 152.34 -77.12 2.2
endloop
endfacet
facet normal 0 0 1
outer loop
vertex 144.93 -76.99 2.2
vertex 145.08 -76.89 2.2
vertex 136.39 -76.89 2.2
endloop
endfacet
facet normal 0 0 1
outer loop
vertex 144.93 -76.99 2.2
vertex 136.39 -76.89 2.2
vertex 136.34 -76.99 2.2
endloop
endfacet
facet normal 0 0 1
outer loop
vertex 160.81 -76.99 2.2
vertex 160.77 -76.89 2.2
vertex 152.08 -76.89 2.2
endloop
endfacet
facet normal 0 0 1
outer loop
vertex 160.81 -76.99 2.2
vertex 152.08 -76.89 2.2
vertex 152.22 -76.99 2.2
endloop
endfacet
facet normal 0 0 1
outer loop
vertex 145.08 -76.89 2.2
vertex 145.23 -76.82 2.2
vertex 136.42 -76.82 2.2
endloop
endfacet
facet normal 0 0 1
outer loop
vertex 145.08 -76.89 2.2
vertex 136.42 -76.82 2.2
vertex 136.39 -76.89 2.2
endloop
endfacet
facet normal 0 0 1
outer loop
vertex 160.77 -76.89 2.2
vertex 160.73 -76.82 2.2
vertex 151.92 -76.82 2.2
endloop
endfacet
facet normal 0 0 1
outer loop
vertex 160.77 -76.89 2.2
vertex 151.92 -76.82 2.2
vertex 152.08 -76.89 2.2
endloop
endfacet
facet normal 0 0 1
outer loop
vertex 145.23 -76.82 2.2
vertex 145.40 -76.77 2.2
vertex 136.44 -76.77 2.2
endloop
endfacet
facet normal 0 0 1
outer loop
vertex 145.23 -76.82 2.2
vertex 136.44 -76.77 2.2
vertex 136.42 -76.82 2.2
endloop
endfacet
facet normal 0 0 1
outer loop
vertex 160.73 -76.82 2.2
vertex 160.71 -76.77 2.2
vertex 151.75 -76.77 2.2
endloop
endfacet
facet normal 0 0 1
outer loop
vertex 160.73 -76.82 2.2
vertex 151.75 -76.77 2.2
vertex 151.92 -76.82 2.2
endloop
endfacet
facet normal 0 0 1
outer loop
vertex 160.71 -76.77 2.2
vertex 160.70 -76.76 2.2
vertex 151.58 -76.76 2.2
endloop
endfacet
facet normal 0 0 1
outer loop
vertex 160.71 -76.77 2.2
vertex 151.58 -76.76 2.2
vertex 151.75 -76.77 2.2
endloop
endfacet
facet normal 0 0 1
outer loop
vertex 145.40 -76.77 2.2
vertex 145.58 -76.76 2.2
vertex 136.45 -76.76 2.2
endloop
endfacet
facet normal 0 0 1
outer loop
vertex 145.40 -76.77 2.2
vertex 136.45 -76.76 2.2
vertex 136.44 -76.77 2.2
endloop
endfacet
facet normal 0 0 1
outer loop
vertex 151.58 -76.76 2.2
vertex 160.70 -76.76 2.2
vertex 151.58 -76.76 2.2
endloop
endfacet
facet normal 0 0 1
outer loop
vertex 151.58 -76.76 2.2
vertex 151.58 -76.76 2.2
vertex 149.46 -76.76 2.2
endloop
endfacet
facet normal 0 0 1
outer loop
vertex 151.58 -76.76 2.2
vertex 149.46 -76.76 2.2
vertex 144.65 -76.76 2.2
endloop
endfacet
facet normal 0 0 1
outer loop
vertex 151.58 -76.76 2.2
vertex 144.65 -76.76 2.2
vertex 149.46 -76.76 2.2
endloop
endfacet
facet normal 0 0 1
outer loop
vertex 145.58 -76.76 2.2
vertex 151.58 -76.76 2.2
vertex 160.70 -76.76 2.2
endloop
endfacet
facet normal 0 0 1
outer loop
vertex 145.58 -76.76 2.2
vertex 160.70 -76.76 2.2
vertex 152.58 -59.33 2.2
endloop
endfacet
facet normal 0 0 1
outer loop
vertex 145.58 -76.76 2.2
vertex 152.58 -59.33 2.2
vertex 144.58 -59.33 2.2
endloop
endfacet
facet normal 0 0 1
outer loop
vertex 145.58 -76.76 2.2
vertex 144.58 -59.33 2.2
vertex 136.45 -76.76 2.2
endloop
endfacet
facet normal 0 0 1
outer loop
vertex 152.58 -59.33 2.2
vertex 169.80 -51.30 2.2
vertex 168.46 -48.43 2.2
endloop
endfacet
facet normal 0 0 1
outer loop
vertex 152.58 -59.33 2.2
vertex 168.46 -48.43 2.2
vertex 128.69 -48.43 2.2
endloop
endfacet
facet normal 0 0 1
outer loop
vertex 152.58 -59.33 2.2
vertex 128.69 -48.43 2.2
vertex 127.36 -51.30 2.2
endloop
endfacet
facet normal 0 0 1
outer loop
vertex 152.58 -59.33 2.2
vertex 127.36 -51.30 2.2
vertex 144.58 -59.33 2.2
endloop
endfacet
facet normal 0 0 1
outer loop
vertex 168.46 -48.43 2.2
vertex 176.24 -45.01 2.2
vertex 176.30 -44.95 2.2
endloop
endfacet
facet normal 0 0 1
outer loop
vertex 168.46 -48.43 2.2
vertex 176.30 -44.95 2.2
vertex 120.85 -44.95 2.2
endloop
endfacet
facet normal 0 0 1
outer loop
vertex 168.46 -48.43 2.2
vertex 120.85 -44.95 2.2
vertex 120.91 -45.01 2.2
endloop
endfacet
facet normal 0 0 1
outer loop
vertex 168.46 -48.43 2.2
vertex 120.91 -45.01 2.2
vertex 128.69 -48.43 2.2
endloop
endfacet
facet normal 0 0 1
outer loop
vertex 176.30 -44.95 2.2
vertex 176.45 -44.87 2.2
vertex 120.70 -44.87 2.2
endloop
endfacet
facet normal 0 0 1
outer loop
vertex 176.30 -44.95 2.2
vertex 120.70 -44.87 2.2
vertex 120.85 -44.95 2.2
endloop
endfacet
facet normal 0 0 1
outer loop
vertex 176.45 -44.87 2.2
vertex 177.81 -44.23 2.2
vertex 119.34 -44.23 2.2
endloop
endfacet
facet normal 0 0 1
outer loop
vertex 176.45 -44.87 2.2
vertex 119.34 -44.23 2.2
vertex 120.70 -44.87 2.2
endloop
endfacet
facet normal 0 0 1
outer loop
vertex 177.81 -44.23 2.2
vertex 119.34 -44.23 2.2
vertex 119.34 -44.23 2.2
endloop
endfacet
facet normal 0 0 1
outer loop
vertex 177.81 -44.23 2.2
vertex 177.98 -44.17 2.2
vertex 119.18 -44.17 2.2
endloop
endfacet
facet normal 0 0 1
outer loop
vertex 177.81 -44.23 2.2
vertex 119.18 -44.17 2.2
vertex 119.34 -44.23 2.2
endloop
endfacet
facet normal 0 0 1
outer loop
vertex 177.98 -44.17 2.2
vertex 177.98 -44.17 2.2
vertex 119.18 -44.17 2.2
endloop
endfacet
facet normal 0 0 1
outer loop
vertex 177.98 -44.17 2.2
vertex 119.18 -44.17 2.2
vertex 119.18 -44.17 2.2
endloop
endfacet
facet normal 0 0 1
outer loop
vertex 177.98 -44.17 2.2
vertex 178.15 -44.14 2.2
vertex 119.01 -44.14 2.2
endloop
endfacet
facet normal 0 0 1
outer loop
vertex 177.98 -44.17 2.2
vertex 119.01 -44.14 2.2
vertex 119.18 -44.17 2.2
endloop
endfacet
facet normal 0 0 1
outer loop
vertex 119.01 -44.14 2.2
vertex 178.15 -44.14 2.2
vertex 178.15 -44.14 2.2
endloop
endfacet
facet normal 0 0 1
outer loop
vertex 119.01 -44.14 2.2
vertex 178.15 -44.14 2.2
vertex 147.87 -44.14 2.2
endloop
endfacet
facet normal 0 0 1
outer loop
vertex 119.01 -44.14 2.2
vertex 147.87 -44.14 2.2
vertex 118.95 -44.14 2.2
endloop
endfacet
facet normal 0 0 1
outer loop
vertex 119.01 -44.14 2.2
vertex 118.95 -44.14 2.2
vertex 118.95 -44.14 2.2
endloop
endfacet
facet normal 0 0 1
outer loop
vertex 178.20 -44.14 2.2
vertex 147.87 -44.14 2.2
vertex 178.15 -44.14 2.2
endloop
endfacet
facet normal 0 0 1
outer loop
vertex 178.20 -44.14 2.2
vertex 178.15 -44.14 2.2
vertex 178.20 -44.14 2.2
endloop
endfacet
facet normal 0 0 1
outer loop
vertex 147.87 -44.14 2.2
vertex 178.20 -44.14 2.2
vertex 178.40 -44.05 2.2
endloop
endfacet
facet normal 0 0 1
outer loop
vertex 147.87 -44.14 2.2
vertex 178.40 -44.05 2.2
vertex 177.82 -44.05 2.2
endloop
endfacet
facet normal 0 0 1
outer loop
vertex 147.87 -44.14 2.2
vertex 177.82 -44.05 2.2
vertex 118.75 -44.05 2.2
endloop
endfacet
facet normal 0 0 1
outer loop
vertex 147.87 -44.14 2.2
vertex 118.75 -44.05 2.2
vertex 118.95 -44.14 2.2
endloop
endfacet
facet normal 0 0 -1
outer loop
vertex 178.17 -44.05 2.2
vertex 178.40 -44.05 2.2
vertex 178.17 -44.05 2.2
endloop
endfacet
facet normal 0 0 -1
outer loop
vertex 178.17 -44.05 2.2
vertex 178.17 -44.05 2.2
vertex 177.82 -44.05 2.2
endloop
endfacet
facet normal 0 0 1
outer loop
vertex 177.82 -44.05 2.2
vertex 178.40 -44.05 2.2
vertex 187.74 -39.94 2.2
endloop
endfacet
facet normal 0 0 1
outer loop
vertex 177.82 -44.05 2.2
vertex 187.74 -39.94 2.2
vertex 184.21 -31.41 2.2
endloop
endfacet
facet normal 0 0 1
outer loop
vertex 177.82 -44.05 2.2
vertex 184.21 -31.41 2.2
vertex 178.57 -31.41 2.2
endloop
endfacet
facet normal 0 0 1
outer loop
vertex 177.82 -44.05 2.2
vertex 178.57 -31.41 2.2
vertex 118.58 -31.41 2.2
endloop
endfacet
facet normal 0 0 1
outer loop
vertex 177.82 -44.05 2.2
vertex 118.58 -31.41 2.2
vertex 112.94 -31.41 2.2
endloop
endfacet
facet normal 0 0 1
outer loop
vertex 177.82 -44.05 2.2
vertex 112.94 -31.41 2.2
vertex 109.41 -39.94 2.2
endloop
endfacet
facet normal 0 0 1
outer loop
vertex 177.82 -44.05 2.2
vertex 109.41 -39.94 2.2
vertex 118.75 -44.05 2.2
endloop
endfacet
facet normal 0 0 1
outer loop
vertex 118.58 -31.41 2.2
vertex 118.35 -31.39 2.2
vertex 112.95 -31.39 2.2
endloop
endfacet
facet normal 0 0 1
outer loop
vertex 118.58 -31.41 2.2
vertex 112.95 -31.39 2.2
vertex 112.94 -31.41 2.2
endloop
endfacet
facet normal 0 0 1
outer loop
vertex 178.57 -31.41 2.2
vertex 178.34 -31.39 2.2
vertex 118.82 -31.39 2.2
endloop
endfacet
facet normal 0 0 1
outer loop
vertex 178.57 -31.41 2.2
vertex 118.82 -31.39 2.2
vertex 118.58 -31.41 2.2
endloop
endfacet
facet normal 0 0 1
outer loop
vertex 184.21 -31.41 2.2
vertex 184.20 -31.39 2.2
vertex 178.80 -31.39 2.2
endloop
endfacet
facet normal 0 0 1
outer loop
vertex 184.21 -31.41 2.2
vertex 178.80 -31.39 2.2
vertex 178.57 -31.41 2.2
endloop
endfacet
facet normal 0 0 1
outer loop
vertex 118.35 -31.39 2.2
vertex 118.12 -31.32 2.2
vertex 112.98 -31.32 2.2
endloop
endfacet
facet normal 0 0 1
outer loop
vertex 118.35 -31.39 2.2
vertex 112.98 -31.32 2.2
vertex 112.95 -31.39 2.2
endloop
endfacet
facet normal 0 0 1
outer loop
vertex 178.34 -31.39 2.2
vertex 178.11 -31.32 2.2
vertex 119.04 -31.32 2.2
endloop
endfacet
facet normal 0 0 1
outer loop
vertex 178.34 -31.39 2.2
vertex 119.04 -31.32 2.2
vertex 118.82 -31.39 2.2
endloop
endfacet
facet normal 0 0 1
outer loop
vertex 184.20 -31.39 2.2
vertex 184.17 -31.32 2.2
vertex 179.03 -31.32 2.2
endloop
endfacet
facet normal 0 0 1
outer loop
vertex 184.20 -31.39 2.2
vertex 179.03 -31.32 2.2
vertex 178.80 -31.39 2.2
endloop
endfacet
facet normal 0 0 1
outer loop
vertex 118.12 -31.32 2.2
vertex 117.92 -31.21 2.2
vertex 113.03 -31.21 2.2
endloop
endfacet
facet normal 0 0 1
outer loop
vertex 118.12 -31.32 2.2
vertex 113.03 -31.21 2.2
vertex 112.98 -31.32 2.2
endloop
endfacet
facet normal 0 0 1
outer loop
vertex 178.11 -31.32 2.2
vertex 177.90 -31.21 2.2
vertex 119.25 -31.21 2.2
endloop
endfacet
facet normal 0 0 1
outer loop
vertex 178.11 -31.32 2.2
vertex 119.25 -31.21 2.2
vertex 119.04 -31.32 2.2
endloop
endfacet
facet normal 0 0 1
outer loop
vertex 184.17 -31.32 2.2
vertex 184.12 -31.21 2.2
vertex 179.24 -31.21 2.2
endloop
endfacet
facet normal 0 0 1
outer loop
vertex 184.17 -31.32 2.2
vertex 179.24 -31.21 2.2
vertex 179.03 -31.32 2.2
endloop
endfacet
facet normal 0 0 1
outer loop
vertex 117.92 -31.21 2.2
vertex 117.73 -31.06 2.2
vertex 113.09 -31.06 2.2
endloop
endfacet
facet normal 0 0 1
outer loop
vertex 117.92 -31.21 2.2
vertex 113.09 -31.06 2.2
vertex 113.03 -31.21 2.2
endloop
endfacet
facet normal 0 0 1
outer loop
vertex 177.90 -31.21 2.2
vertex 177.72 -31.06 2.2
vertex 119.43 -31.06 2.2
endloop
endfacet
facet normal 0 0 1
outer loop
vertex 177.90 -31.21 2.2
vertex 119.43 -31.06 2.2
vertex 119.25 -31.21 2.2
endloop
endfacet
facet normal 0 0 1
outer loop
vertex 184.12 -31.21 2.2
vertex 184.06 -31.06 2.2
vertex 179.42 -31.06 2.2
endloop
endfacet
facet normal 0 0 1
outer loop
vertex 184.12 -31.21 2.2
vertex 179.42 -31.06 2.2
vertex 179.24 -31.21 2.2
endloop
endfacet
facet normal 0 0 1
outer loop
vertex 117.73 -31.06 2.2
vertex 117.59 -30.88 2.2
vertex 113.17 -30.88 2.2
endloop
endfacet
facet normal 0 0 1
outer loop
vertex 117.73 -31.06 2.2
vertex 113.17 -30.88 2.2
vertex 113.09 -31.06 2.2
endloop
endfacet
facet normal 0 0 1
outer loop
vertex 177.72 -31.06 2.2
vertex 177.57 -30.88 2.2
vertex 119.58 -30.88 2.2
endloop
endfacet
facet normal 0 0 1
outer loop
vertex 177.72 -31.06 2.2
vertex 119.58 -30.88 2.2
vertex 119.43 -31.06 2.2
endloop
endfacet
facet normal 0 0 1
outer loop
vertex 184.06 -31.06 2.2
vertex 183.99 -30.88 2.2
vertex 179.57 -30.88 2.2
endloop
endfacet
facet normal 0 0 1
outer loop
vertex 184.06 -31.06 2.2
vertex 179.57 -30.88 2.2
vertex 179.42 -31.06 2.2
endloop
endfacet
facet normal 0 0 1
outer loop
vertex 117.59 -30.88 2.2
vertex 117.47 -30.67 2.2
vertex 113.25 -30.67 2.2
endloop
endfacet
facet normal 0 0 1
outer loop
vertex 117.59 -30.88 2.2
vertex 113.25 -30.67 2.2
vertex 113.17 -30.88 2.2
endloop
endfacet
facet normal 0 0 1
outer loop
vertex 177.57 -30.88 2.2
vertex 177.46 -30.67 2.2
vertex 119.69 -30.67 2.2
endloop
endfacet
facet normal 0 0 1
outer loop
vertex 177.57 -30.88 2.2
vertex 119.69 -30.67 2.2
vertex 119.58 -30.88 2.2
endloop
endfacet
facet normal 0 0 1
outer loop
vertex 183.99 -30.88 2.2
vertex 183.90 -30.67 2.2
vertex 179.68 -30.67 2.2
endloop
endfacet
facet normal 0 0 1
outer loop
vertex 183.99 -30.88 2.2
vertex 179.68 -30.67 2.2
vertex 179.57 -30.88 2.2
endloop
endfacet
facet normal 0 0 1
outer loop
vertex 117.47 -30.67 2.2
vertex 117.41 -30.45 2.2
vertex 113.34 -30.45 2.2
endloop
endfacet
facet normal 0 0 1
outer loop
vertex 117.47 -30.67 2.2
vertex 113.34 -30.45 2.2
vertex 113.25 -30.67 2.2
endloop
endfacet
facet normal 0 0 1
outer loop
vertex 177.46 -30.67 2.2
vertex 177.39 -30.45 2.2
vertex 119.76 -30.45 2.2
endloop
endfacet
facet normal 0 0 1
outer loop
vertex 177.46 -30.67 2.2
vertex 119.76 -30.45 2.2
vertex 119.69 -30.67 2.2
endloop
endfacet
facet normal 0 0 1
outer loop
vertex 183.90 -30.67 2.2
vertex 183.81 -30.45 2.2
vertex 179.75 -30.45 2.2
endloop
endfacet
facet normal 0 0 1
outer loop
vertex 183.90 -30.67 2.2
vertex 179.75 -30.45 2.2
vertex 179.68 -30.67 2.2
endloop
endfacet
facet normal 0 0 1
outer loop
vertex 117.41 -30.45 2.2
vertex 117.38 -30.21 2.2
vertex 113.44 -30.21 2.2
endloop
endfacet
facet normal 0 0 1
outer loop
vertex 117.41 -30.45 2.2
vertex 113.44 -30.21 2.2
vertex 113.34 -30.45 2.2
endloop
endfacet
facet normal 0 0 1
outer loop
vertex 177.39 -30.45 2.2
vertex 177.37 -30.21 2.2
vertex 119.78 -30.21 2.2
endloop
endfacet
facet normal 0 0 1
outer loop
vertex 177.39 -30.45 2.2
vertex 119.78 -30.21 2.2
vertex 119.76 -30.45 2.2
endloop
endfacet
facet normal 0 0 1
outer loop
vertex 183.81 -30.45 2.2
vertex 183.71 -30.21 2.2
vertex 179.77 -30.21 2.2
endloop
endfacet
facet normal 0 0 1
outer loop
vertex 183.81 -30.45 2.2
vertex 179.77 -30.21 2.2
vertex 179.75 -30.45 2.2
endloop
endfacet
facet normal 0 0 1
outer loop
vertex 117.38 -30.21 2.2
vertex 117.41 -29.98 2.2
vertex 113.54 -29.98 2.2
endloop
endfacet
facet normal 0 0 1
outer loop
vertex 117.38 -30.21 2.2
vertex 113.54 -29.98 2.2
vertex 113.44 -30.21 2.2
endloop
endfacet
facet normal 0 0 1
outer loop
vertex 177.37 -30.21 2.2
vertex 177.39 -29.98 2.2
vertex 119.76 -29.98 2.2
endloop
endfacet
facet normal 0 0 1
outer loop
vertex 177.37 -30.21 2.2
vertex 119.76 -29.98 2.2
vertex 119.78 -30.21 2.2
endloop
endfacet
facet normal 0 0 1
outer loop
vertex 183.71 -30.21 2.2
vertex 183.61 -29.98 2.2
vertex 179.75 -29.98 2.2
endloop
endfacet
facet normal 0 0 1
outer loop
vertex 183.71 -30.21 2.2
vertex 179.75 -29.98 2.2
vertex 179.77 -30.21 2.2
endloop
endfacet
facet normal 0 0 1
outer loop
vertex 117.41 -29.98 2.2
vertex 117.47 -29.75 2.2
vertex 113.63 -29.75 2.2
endloop
endfacet
facet normal 0 0 1
outer loop
vertex 117.41 -29.98 2.2
vertex 113.63 -29.75 2.2
vertex 113.54 -29.98 2.2
endloop
endfacet
facet normal 0 0 1
outer loop
vertex 177.39 -29.98 2.2
vertex 177.46 -29.75 2.2
vertex 119.69 -29.75 2.2
endloop
endfacet
facet normal 0 0 1
outer loop
vertex 177.39 -29.98 2.2
vertex 119.69 -29.75 2.2
vertex 119.76 -29.98 2.2
endloop
endfacet
facet normal 0 0 1
outer loop
vertex 183.61 -29.98 2.2
vertex 183.52 -29.75 2.2
vertex 179.68 -29.75 2.2
endloop
endfacet
facet normal 0 0 1
outer loop
vertex 183.61 -29.98 2.2
vertex 179.68 -29.75 2.2
vertex 179.75 -29.98 2.2
endloop
endfacet
facet normal 0 0 1
outer loop
vertex 117.47 -29.75 2.2
vertex 117.59 -29.55 2.2
vertex 113.72 -29.55 2.2
endloop
endfacet
facet normal 0 0 1
outer loop
vertex 117.47 -29.75 2.2
vertex 113.72 -29.55 2.2
vertex 113.63 -29.75 2.2
endloop
endfacet
facet normal 0 0 1
outer loop
vertex 177.46 -29.75 2.2
vertex 177.57 -29.55 2.2
vertex 119.58 -29.55 2.2
endloop
endfacet
facet normal 0 0 1
outer loop
vertex 177.46 -29.75 2.2
vertex 119.58 -29.55 2.2
vertex 119.69 -29.75 2.2
endloop
endfacet
facet normal 0 0 1
outer loop
vertex 183.52 -29.75 2.2
vertex 183.44 -29.55 2.2
vertex 179.57 -29.55 2.2
endloop
endfacet
facet normal 0 0 1
outer loop
vertex 183.52 -29.75 2.2
vertex 179.57 -29.55 2.2
vertex 179.68 -29.75 2.2
endloop
endfacet
facet normal 0 0 1
outer loop
vertex 117.59 -29.55 2.2
vertex 117.73 -29.37 2.2
vertex 113.79 -29.37 2.2
endloop
endfacet
facet normal 0 0 1
outer loop
vertex 117.59 -29.55 2.2
vertex 113.79 -29.37 2.2
vertex 113.72 -29.55 2.2
endloop
endfacet
facet normal 0 0 1
outer loop
vertex 177.57 -29.55 2.2
vertex 177.72 -29.37 2.2
vertex 119.43 -29.37 2.2
endloop
endfacet
facet normal 0 0 1
outer loop
vertex 177.57 -29.55 2.2
vertex 119.43 -29.37 2.2
vertex 119.58 -29.55 2.2
endloop
endfacet
facet normal 0 0 1
outer loop
vertex 183.44 -29.55 2.2
vertex 183.36 -29.37 2.2
vertex 179.42 -29.37 2.2
endloop
endfacet
facet normal 0 0 1
outer loop
vertex 183.44 -29.55 2.2
vertex 179.42 -29.37 2.2
vertex 179.57 -29.55 2.2
endloop
endfacet
facet normal 0 0 1
outer loop
vertex 117.73 -29.37 2.2
vertex 117.92 -29.22 2.2
vertex 113.86 -29.22 2.2
endloop
endfacet
facet normal 0 0 1
outer loop
vertex 117.73 -29.37 2.2
vertex 113.86 -29.22 2.2
vertex 113.79 -29.37 2.2
endloop
endfacet
facet normal 0 0 1
outer loop
vertex 177.72 -29.37 2.2
vertex 177.90 -29.22 2.2
vertex 119.25 -29.22 2.2
endloop
endfacet
facet normal 0 0 1
outer loop
vertex 177.72 -29.37 2.2
vertex 119.25 -29.22 2.2
vertex 119.43 -29.37 2.2
endloop
endfacet
facet normal 0 0 1
outer loop
vertex 183.36 -29.37 2.2
vertex 183.30 -29.22 2.2
vertex 179.24 -29.22 2.2
endloop
endfacet
facet normal 0 0 1
outer loop
vertex 183.36 -29.37 2.2
vertex 179.24 -29.22 2.2
vertex 179.42 -29.37 2.2
endloop
endfacet
facet normal 0 0 1
outer loop
vertex 117.92 -29.22 2.2
vertex 118.12 -29.11 2.2
vertex 113.90 -29.11 2.2
endloop
endfacet
facet normal 0 0 1
outer loop
vertex 117.92 -29.22 2.2
vertex 113.90 -29.11 2.2
vertex 113.86 -29.22 2.2
endloop
endfacet
facet normal 0 0 1
outer loop
vertex 177.90 -29.22 2.2
vertex 178.11 -29.11 2.2
vertex 119.04 -29.11 2.2
endloop
endfacet
facet normal 0 0 1
outer loop
vertex 177.90 -29.22 2.2
vertex 119.04 -29.11 2.2
vertex 119.25 -29.22 2.2
endloop
endfacet
facet normal 0 0 1
outer loop
vertex 183.30 -29.22 2.2
vertex 183.25 -29.11 2.2
vertex 179.03 -29.11 2.2
endloop
endfacet
facet normal 0 0 1
outer loop
vertex 183.30 -29.22 2.2
vertex 179.03 -29.11 2.2
vertex 179.24 -29.22 2.2
endloop
endfacet
facet normal 0 0 1
outer loop
vertex 118.12 -29.11 2.2
vertex 118.35 -29.04 2.2
vertex 113.93 -29.04 2.2
endloop
endfacet
facet normal 0 0 1
outer loop
vertex 118.12 -29.11 2.2
vertex 113.93 -29.04 2.2
vertex 113.90 -29.11 2.2
endloop
endfacet
facet normal 0 0 1
outer loop
vertex 178.11 -29.11 2.2
vertex 178.34 -29.04 2.2
vertex 118.82 -29.04 2.2
endloop
endfacet
facet normal 0 0 1
outer loop
vertex 178.11 -29.11 2.2
vertex 118.82 -29.04 2.2
vertex 119.04 -29.11 2.2
endloop
endfacet
facet normal 0 0 1
outer loop
vertex 183.25 -29.11 2.2
vertex 183.22 -29.04 2.2
vertex 178.80 -29.04 2.2
endloop
endfacet
facet normal 0 0 1
outer loop
vertex 183.25 -29.11 2.2
vertex 178.80 -29.04 2.2
vertex 179.03 -29.11 2.2
endloop
endfacet
facet normal 0 0 1
outer loop
vertex 118.35 -29.04 2.2
vertex 118.58 -29.01 2.2
vertex 113.94 -29.01 2.2
endloop
endfacet
facet normal 0 0 1
outer loop
vertex 118.35 -29.04 2.2
vertex 113.94 -29.01 2.2
vertex 113.93 -29.04 2.2
endloop
endfacet
facet normal 0 0 1
outer loop
vertex 178.34 -29.04 2.2
vertex 178.57 -29.01 2.2
vertex 118.58 -29.01 2.2
endloop
endfacet
facet normal 0 0 1
outer loop
vertex 178.34 -29.04 2.2
vertex 118.58 -29.01 2.2
vertex 118.82 -29.04 2.2
endloop
endfacet
facet normal 0 0 1
outer loop
vertex 183.22 -29.04 2.2
vertex 183.21 -29.01 2.2
vertex 178.57 -29.01 2.2
endloop
endfacet
facet normal 0 0 1
outer loop
vertex 183.22 -29.04 2.2
vertex 178.57 -29.01 2.2
vertex 178.80 -29.04 2.2
endloop
endfacet
facet normal 0 0 1
outer loop
vertex 118.58 -29.01 2.2
vertex 178.57 -29.01 2.2
vertex 183.21 -29.01 2.2
endloop
endfacet
facet normal 0 0 1
outer loop
vertex 118.58 -29.01 2.2
vertex 183.21 -29.01 2.2
vertex 182.51 -27.31 2.2
endloop
endfacet
facet normal 0 0 1
outer loop
vertex 118.58 -29.01 2.2
vertex 182.51 -27.31 2.2
vertex 148.58 -27.31 2.2
endloop
endfacet
facet normal 0 0 1
outer loop
vertex 118.58 -29.01 2.2
vertex 148.58 -27.31 2.2
vertex 114.65 -27.31 2.2
endloop
endfacet
facet normal 0 0 1
outer loop
vertex 118.58 -29.01 2.2
vertex 114.65 -27.31 2.2
vertex 113.94 -29.01 2.2
endloop
endfacet
facet normal 0 0 1
outer loop
vertex 148.58 -27.31 2.2
vertex 148.37 -27.29 2.2
vertex 114.65 -27.29 2.2
endloop
endfacet
facet normal 0 0 1
outer loop
vertex 148.58 -27.31 2.2
vertex 114.65 -27.29 2.2
vertex 114.65 -27.31 2.2
endloop
endfacet
facet normal 0 0 1
outer loop
vertex 182.51 -27.31 2.2
vertex 182.50 -27.29 2.2
vertex 148.78 -27.29 2.2
endloop
endfacet
facet normal 0 0 1
outer loop
vertex 182.51 -27.31 2.2
vertex 148.78 -27.29 2.2
vertex 148.58 -27.31 2.2
endloop
endfacet
facet normal 0 0 1
outer loop
vertex 148.37 -27.29 2.2
vertex 148.17 -27.23 2.2
vertex 114.68 -27.23 2.2
endloop
endfacet
facet normal 0 0 1
outer loop
vertex 148.37 -27.29 2.2
vertex 114.68 -27.23 2.2
vertex 114.65 -27.29 2.2
endloop
endfacet
facet normal 0 0 1
outer loop
vertex 182.50 -27.29 2.2
vertex 182.48 -27.23 2.2
vertex 148.98 -27.23 2.2
endloop
endfacet
facet normal 0 0 1
outer loop
vertex 182.50 -27.29 2.2
vertex 148.98 -27.23 2.2
vertex 148.78 -27.29 2.2
endloop
endfacet
facet normal 0 0 1
outer loop
vertex 148.17 -27.23 2.2
vertex 147.99 -27.13 2.2
vertex 114.72 -27.13 2.2
endloop
endfacet
facet normal 0 0 1
outer loop
vertex 148.17 -27.23 2.2
vertex 114.72 -27.13 2.2
vertex 114.68 -27.23 2.2
endloop
endfacet
facet normal 0 0 1
outer loop
vertex 182.48 -27.23 2.2
vertex 182.44 -27.13 2.2
vertex 149.16 -27.13 2.2
endloop
endfacet
facet normal 0 0 1
outer loop
vertex 182.48 -27.23 2.2
vertex 149.16 -27.13 2.2
vertex 148.98 -27.23 2.2
endloop
endfacet
facet normal 0 0 1
outer loop
vertex 147.99 -27.13 2.2
vertex 147.83 -27.00 2.2
vertex 114.77 -27.00 2.2
endloop
endfacet
facet normal 0 0 1
outer loop
vertex 147.99 -27.13 2.2
vertex 114.77 -27.00 2.2
vertex 114.72 -27.13 2.2
endloop
endfacet
facet normal 0 0 1
outer loop
vertex 182.44 -27.13 2.2
vertex 182.38 -27.00 2.2
vertex 149.32 -27.00 2.2
endloop
endfacet
facet normal 0 0 1
outer loop
vertex 182.44 -27.13 2.2
vertex 149.32 -27.00 2.2
vertex 149.16 -27.13 2.2
endloop
endfacet
facet normal 0 0 1
outer loop
vertex 147.83 -27.00 2.2
vertex 147.70 -26.84 2.2
vertex 114.84 -26.84 2.2
endloop
endfacet
facet normal 0 0 1
outer loop
vertex 147.83 -27.00 2.2
vertex 114.84 -26.84 2.2
vertex 114.77 -27.00 2.2
endloop
endfacet
facet normal 0 0 1
outer loop
vertex 182.38 -27.00 2.2
vertex 182.32 -26.84 2.2
vertex 149.45 -26.84 2.2
endloop
endfacet
facet normal 0 0 1
outer loop
vertex 182.38 -27.00 2.2
vertex 149.45 -26.84 2.2
vertex 149.32 -27.00 2.2
endloop
endfacet
facet normal 0 0 1
outer loop
vertex 147.70 -26.84 2.2
vertex 147.61 -26.66 2.2
vertex 114.91 -26.66 2.2
endloop
endfacet
facet normal 0 0 1
outer loop
vertex 147.70 -26.84 2.2
vertex 114.91 -26.66 2.2
vertex 114.84 -26.84 2.2
endloop
endfacet
facet normal 0 0 1
outer loop
vertex 182.32 -26.84 2.2
vertex 182.24 -26.66 2.2
vertex 149.55 -26.66 2.2
endloop
endfacet
facet normal 0 0 1
outer loop
vertex 182.32 -26.84 2.2
vertex 149.55 -26.66 2.2
vertex 149.45 -26.84 2.2
endloop
endfacet
facet normal 0 0 1
outer loop
vertex 147.61 -26.66 2.2
vertex 147.55 -26.46 2.2
vertex 115.00 -26.46 2.2
endloop
endfacet
facet normal 0 0 1
outer loop
vertex 147.61 -26.66 2.2
vertex 115.00 -26.46 2.2
vertex 114.91 -26.66 2.2
endloop
endfacet
facet normal 0 0 1
outer loop
vertex 182.24 -26.66 2.2
vertex 182.16 -26.46 2.2
vertex 149.61 -26.46 2.2
endloop
endfacet
facet normal 0 0 1
outer loop
vertex 182.24 -26.66 2.2
vertex 149.61 -26.46 2.2
vertex 149.55 -26.66 2.2
endloop
endfacet
facet normal 0 0 1
outer loop
vertex 147.55 -26.46 2.2
vertex 147.53 -26.26 2.2
vertex 115.08 -26.26 2.2
endloop
endfacet
facet normal 0 0 1
outer loop
vertex 147.55 -26.46 2.2
vertex 115.08 -26.26 2.2
vertex 115.00 -26.46 2.2
endloop
endfacet
facet normal 0 0 1
outer loop
vertex 182.16 -26.46 2.2
vertex 182.07 -26.26 2.2
vertex 149.63 -26.26 2.2
endloop
endfacet
facet normal 0 0 1
outer loop
vertex 182.16 -26.46 2.2
vertex 149.63 -26.26 2.2
vertex 149.61 -26.46 2.2
endloop
endfacet
facet normal 0 0 1
outer loop
vertex 147.53 -26.26 2.2
vertex 147.55 -26.05 2.2
vertex 115.16 -26.05 2.2
endloop
endfacet
facet normal 0 0 1
outer loop
vertex 147.53 -26.26 2.2
vertex 115.16 -26.05 2.2
vertex 115.08 -26.26 2.2
endloop
endfacet
facet normal 0 0 1
outer loop
vertex 182.07 -26.26 2.2
vertex 181.99 -26.05 2.2
vertex 149.61 -26.05 2.2
endloop
endfacet
facet normal 0 0 1
outer loop
vertex 182.07 -26.26 2.2
vertex 149.61 -26.05 2.2
vertex 149.63 -26.26 2.2
endloop
endfacet
facet normal 0 0 1
outer loop
vertex 147.55 -26.05 2.2
vertex 147.61 -25.86 2.2
vertex 115.25 -25.86 2.2
endloop
endfacet
facet normal 0 0 1
outer loop
vertex 147.55 -26.05 2.2
vertex 115.25 -25.86 2.2
vertex 115.16 -26.05 2.2
endloop
endfacet
facet normal 0 0 1
outer loop
vertex 181.99 -26.05 2.2
vertex 181.91 -25.86 2.2
vertex 149.55 -25.86 2.2
endloop
endfacet
facet normal 0 0 1
outer loop
vertex 181.99 -26.05 2.2
vertex 149.55 -25.86 2.2
vertex 149.61 -26.05 2.2
endloop
endfacet
facet normal 0 0 1
outer loop
vertex 147.61 -25.86 2.2
vertex 147.70 -25.68 2.2
vertex 115.32 -25.68 2.2
endloop
endfacet
facet normal 0 0 1
outer loop
vertex 147.61 -25.86 2.2
vertex 115.32 -25.68 2.2
vertex 115.25 -25.86 2.2
endloop
endfacet
facet normal 0 0 1
outer loop
vertex 181.91 -25.86 2.2
vertex 181.83 -25.68 2.2
vertex 149.45 -25.68 2.2
endloop
endfacet
facet normal 0 0 1
outer loop
vertex 181.91 -25.86 2.2
vertex 149.45 -25.68 2.2
vertex 149.55 -25.86 2.2
endloop
endfacet
facet normal 0 0 1
outer loop
vertex 147.70 -25.68 2.2
vertex 147.83 -25.52 2.2
vertex 115.39 -25.52 2.2
endloop
endfacet
facet normal 0 0 1
outer loop
vertex 147.70 -25.68 2.2
vertex 115.39 -25.52 2.2
vertex 115.32 -25.68 2.2
endloop
endfacet
facet normal 0 0 1
outer loop
vertex 181.83 -25.68 2.2
vertex 181.77 -25.52 2.2
vertex 149.32 -25.52 2.2
endloop
endfacet
facet normal 0 0 1
outer loop
vertex 181.83 -25.68 2.2
vertex 149.32 -25.52 2.2
vertex 149.45 -25.68 2.2
endloop
endfacet
facet normal 0 0 1
outer loop
vertex 147.83 -25.52 2.2
vertex 147.99 -25.39 2.2
vertex 115.44 -25.39 2.2
endloop
endfacet
facet normal 0 0 1
outer loop
vertex 147.83 -25.52 2.2
vertex 115.44 -25.39 2.2
vertex 115.39 -25.52 2.2
endloop
endfacet
facet normal 0 0 1
outer loop
vertex 181.77 -25.52 2.2
vertex 181.71 -25.39 2.2
vertex 149.16 -25.39 2.2
endloop
endfacet
facet normal 0 0 1
outer loop
vertex 181.77 -25.52 2.2
vertex 149.16 -25.39 2.2
vertex 149.32 -25.52 2.2
endloop
endfacet
facet normal 0 0 1
outer loop
vertex 147.99 -25.39 2.2
vertex 148.17 -25.29 2.2
vertex 115.48 -25.29 2.2
endloop
endfacet
facet normal 0 0 1
outer loop
vertex 147.99 -25.39 2.2
vertex 115.48 -25.29 2.2
vertex 115.44 -25.39 2.2
endloop
endfacet
facet normal 0 0 1
outer loop
vertex 181.71 -25.39 2.2
vertex 181.67 -25.29 2.2
vertex 148.98 -25.29 2.2
endloop
endfacet
facet normal 0 0 1
outer loop
vertex 181.71 -25.39 2.2
vertex 148.98 -25.29 2.2
vertex 149.16 -25.39 2.2
endloop
endfacet
facet normal 0 0 1
outer loop
vertex 148.17 -25.29 2.2
vertex 148.37 -25.23 2.2
vertex 115.51 -25.23 2.2
endloop
endfacet
facet normal 0 0 1
outer loop
vertex 148.17 -25.29 2.2
vertex 115.51 -25.23 2.2
vertex 115.48 -25.29 2.2
endloop
endfacet
facet normal 0 0 1
outer loop
vertex 181.67 -25.29 2.2
vertex 181.65 -25.23 2.2
vertex 148.78 -25.23 2.2
endloop
endfacet
facet normal 0 0 1
outer loop
vertex 181.67 -25.29 2.2
vertex 148.78 -25.23 2.2
vertex 148.98 -25.29 2.2
endloop
endfacet
facet normal 0 0 1
outer loop
vertex 148.37 -25.23 2.2
vertex 148.58 -25.21 2.2
vertex 115.51 -25.21 2.2
endloop
endfacet
facet normal 0 0 1
outer loop
vertex 148.37 -25.23 2.2
vertex 115.51 -25.21 2.2
vertex 115.51 -25.23 2.2
endloop
endfacet
facet normal 0 0 1
outer loop
vertex 181.65 -25.23 2.2
vertex 181.64 -25.21 2.2
vertex 148.58 -25.21 2.2
endloop
endfacet
facet normal 0 0 1
outer loop
vertex 181.65 -25.23 2.2
vertex 148.58 -25.21 2.2
vertex 148.78 -25.23 2.2
endloop
endfacet
facet normal 0 0 1
outer loop
vertex 148.58 -25.21 2.2
vertex 181.64 -25.21 2.2
vertex 180.82 -23.24 2.2
endloop
endfacet
facet normal 0 0 1
outer loop
vertex 148.58 -25.21 2.2
vertex 180.82 -23.24 2.2
vertex 116.33 -23.24 2.2
endloop
endfacet
facet normal 0 0 1
outer loop
vertex 148.58 -25.21 2.2
vertex 116.33 -23.24 2.2
vertex 115.51 -25.21 2.2
endloop
endfacet
facet normal -0.89 -0.45 -6.9044703390148716e-12
outer loop
vertex 151.32 -158.06 2.2
vertex 151.16 -157.73 2.2
vertex 151.16 -157.73 1.76
endloop
endfacet
facet normal -0.89 -0.45 -6.9044703390148716e-12
outer loop
vertex 151.32 -158.06 2.2
vertex 151.16 -157.73 1.76
vertex 151.16 -157.73 1.76
endloop
endfacet
facet normal -0.89 -0.45 -6.9044703390148716e-12
outer loop
vertex 151.32 -158.06 2.2
vertex 151.16 -157.73 1.76
vertex 151.32 -158.06 1.76
endloop
endfacet
facet normal -0.86 -0.52 -6.7999761853135166e-12
outer loop
vertex 151.51 -158.37 2.2
vertex 151.32 -158.06 2.2
vertex 151.32 -158.06 1.76
endloop
endfacet
facet normal -0.86 -0.52 -6.7999761853135166e-12
outer loop
vertex 151.51 -158.37 2.2
vertex 151.32 -158.06 1.76
vertex 151.35 -158.11 1.76
endloop
endfacet
facet normal -0.86 -0.52 -6.7999761853135166e-12
outer loop
vertex 151.51 -158.37 2.2
vertex 151.35 -158.11 1.76
vertex 151.42 -158.22 1.76
endloop
endfacet
facet normal -0.86 -0.52 -6.7999761853135166e-12
outer loop
vertex 151.51 -158.37 2.2
vertex 151.42 -158.22 1.76
vertex 151.51 -158.37 1.76
endloop
endfacet
facet normal 0 0 1
outer loop
vertex 158.35 -139.58 2.2
vertex 154.36 -150.55 2.2
vertex 154.35 -150.58 2.2
endloop
endfacet
facet normal 0 0 1
outer loop
vertex 158.35 -139.58 2.2
vertex 154.35 -150.58 2.2
vertex 154.32 -150.64 2.2
endloop
endfacet
facet normal 0 0 1
outer loop
vertex 158.35 -139.58 2.2
vertex 154.32 -150.64 2.2
vertex 154.28 -150.76 2.2
endloop
endfacet
facet normal 0 0 1
outer loop
vertex 158.35 -139.58 2.2
vertex 154.28 -150.76 2.2
vertex 154.23 -150.91 2.2
endloop
endfacet
facet normal 0 0 1
outer loop
vertex 158.35 -139.58 2.2
vertex 154.23 -150.91 2.2
vertex 154.16 -151.09 2.2
endloop
endfacet
facet normal 0 0 1
outer loop
vertex 158.35 -139.58 2.2
vertex 154.16 -151.09 2.2
vertex 154.09 -151.29 2.2
endloop
endfacet
facet normal 0 0 1
outer loop
vertex 158.35 -139.58 2.2
vertex 154.09 -151.29 2.2
vertex 154.00 -151.52 2.2
endloop
endfacet
facet normal 0 0 1
outer loop
vertex 158.35 -139.58 2.2
vertex 154.00 -151.52 2.2
vertex 153.92 -151.75 2.2
endloop
endfacet
facet normal 0 0 1
outer loop
vertex 158.35 -139.58 2.2
vertex 153.92 -151.75 2.2
vertex 153.83 -151.99 2.2
endloop
endfacet
facet normal 0 0 1
outer loop
vertex 158.35 -139.58 2.2
vertex 153.83 -151.99 2.2
vertex 153.75 -152.21 2.2
endloop
endfacet
facet normal 0 0 1
outer loop
vertex 158.35 -139.58 2.2
vertex 153.75 -152.21 2.2
vertex 153.68 -152.42 2.2
endloop
endfacet
facet normal 0 0 1
outer loop
vertex 158.35 -139.58 2.2
vertex 153.68 -152.42 2.2
vertex 153.61 -152.60 2.2
endloop
endfacet
facet normal 0 0 1
outer loop
vertex 158.35 -139.58 2.2
vertex 153.61 -152.60 2.2
vertex 153.56 -152.75 2.2
endloop
endfacet
facet normal 0 0 1
outer loop
vertex 158.35 -139.58 2.2
vertex 153.56 -152.75 2.2
vertex 153.52 -152.86 2.2
endloop
endfacet
facet normal 0 0 1
outer loop
vertex 158.35 -139.58 2.2
vertex 153.52 -152.86 2.2
vertex 153.49 -152.93 2.2
endloop
endfacet
facet normal 0 0 1
outer loop
vertex 158.35 -139.58 2.2
vertex 153.49 -152.93 2.2
vertex 153.48 -152.95 2.2
endloop
endfacet
facet normal 0 0 1
outer loop
vertex 158.35 -139.58 2.2
vertex 153.48 -152.95 2.2
vertex 151.74 -157.73 2.2
endloop
endfacet
facet normal 0 0 1
outer loop
vertex 158.35 -139.58 2.2
vertex 151.74 -157.73 2.2
vertex 151.51 -158.37 2.2
endloop
endfacet
facet normal 0 0 1
outer loop
vertex 158.35 -139.58 2.2
vertex 151.51 -158.37 2.2
vertex 151.51 -158.37 1.76
endloop
endfacet
facet normal 0 0 1
outer loop
vertex 158.35 -139.58 2.2
vertex 151.51 -158.37 1.76
vertex 151.51 -158.36 1.76
endloop
endfacet
facet normal 0 0 1
outer loop
vertex 158.35 -139.58 2.2
vertex 151.51 -158.36 1.76
vertex 154.71 -149.57 1.76
endloop
endfacet
facet normal 0 0 1
outer loop
vertex 158.35 -139.58 2.2
vertex 154.71 -149.57 1.76
vertex 154.77 -149.41 1.76
endloop
endfacet
facet normal 0 0 1
outer loop
vertex 158.35 -139.58 2.2
vertex 154.77 -149.41 1.76
vertex 154.83 -149.26 1.76
endloop
endfacet
facet normal 0 0 1
outer loop
vertex 158.35 -139.58 2.2
vertex 154.83 -149.26 1.76
vertex 155.34 -147.85 1.76
endloop
endfacet
facet normal 0 0 1
outer loop
vertex 158.35 -139.58 2.2
vertex 155.34 -147.85 1.76
vertex 155.39 -147.71 1.76
endloop
endfacet
facet normal 0 0 1
outer loop
vertex 158.35 -139.58 2.2
vertex 155.39 -147.71 1.76
vertex 155.44 -147.58 1.76
endloop
endfacet
facet normal 0 0 1
outer loop
vertex 158.35 -139.58 2.2
vertex 155.44 -147.58 1.76
vertex 158.32 -139.67 1.76
endloop
endfacet
facet normal 0 0 1
outer loop
vertex 158.35 -139.58 2.2
vertex 158.32 -139.67 1.76
vertex 158.35 -139.58 1.76
endloop
endfacet
facet normal 0 0 -1
outer loop
vertex 176.67 -110.99 2.2
vertex 176.42 -111.38 2.2
vertex 176.40 -111.40 2.2
endloop
endfacet
facet normal 0 0 -1
outer loop
vertex 176.67 -110.99 2.2
vertex 176.40 -111.40 2.2
vertex 176.36 -111.47 2.2
endloop
endfacet
facet normal 0 0 -1
outer loop
vertex 176.67 -110.99 2.2
vertex 176.36 -111.47 2.2
vertex 176.29 -111.58 2.2
endloop
endfacet
facet normal 0 0 -1
outer loop
vertex 176.67 -110.99 2.2
vertex 176.29 -111.58 2.2
vertex 176.19 -111.73 2.2
endloop
endfacet
facet normal 0 0 -1
outer loop
vertex 176.67 -110.99 2.2
vertex 176.19 -111.73 2.2
vertex 176.08 -111.91 2.2
endloop
endfacet
facet normal 0 0 -1
outer loop
vertex 176.67 -110.99 2.2
vertex 176.08 -111.91 2.2
vertex 175.94 -112.12 2.2
endloop
endfacet
facet normal 0 0 -1
outer loop
vertex 176.67 -110.99 2.2
vertex 175.94 -112.12 2.2
vertex 175.80 -112.34 2.2
endloop
endfacet
facet normal 0 0 -1
outer loop
vertex 176.67 -110.99 2.2
vertex 175.80 -112.34 2.2
vertex 175.65 -112.58 2.2
endloop
endfacet
facet normal 0 0 -1
outer loop
vertex 176.67 -110.99 2.2
vertex 175.65 -112.58 2.2
vertex 175.50 -112.81 2.2
endloop
endfacet
facet normal 0 0 -1
outer loop
vertex 176.67 -110.99 2.2
vertex 175.50 -112.81 2.2
vertex 175.36 -113.04 2.2
endloop
endfacet
facet normal 0 0 -1
outer loop
vertex 176.67 -110.99 2.2
vertex 175.36 -113.04 2.2
vertex 175.22 -113.24 2.2
endloop
endfacet
facet normal 0 0 -1
outer loop
vertex 176.67 -110.99 2.2
vertex 175.22 -113.24 2.2
vertex 175.11 -113.42 2.2
endloop
endfacet
facet normal 0 0 -1
outer loop
vertex 176.67 -110.99 2.2
vertex 175.11 -113.42 2.2
vertex 175.01 -113.57 2.2
endloop
endfacet
facet normal 0 0 -1
outer loop
vertex 176.67 -110.99 2.2
vertex 175.01 -113.57 2.2
vertex 174.94 -113.68 2.2
endloop
endfacet
facet normal 0 0 -1
outer loop
vertex 176.67 -110.99 2.2
vertex 174.94 -113.68 2.2
vertex 174.90 -113.75 2.2
endloop
endfacet
facet normal 0 0 -1
outer loop
vertex 176.67 -110.99 2.2
vertex 174.90 -113.75 2.2
vertex 174.88 -113.78 2.2
endloop
endfacet
facet normal 0 0 -1
outer loop
vertex 176.67 -110.99 2.2
vertex 174.88 -113.78 2.2
vertex 158.35 -139.58 2.2
endloop
endfacet
facet normal 0 0 -1
outer loop
vertex 176.67 -110.99 2.2
vertex 158.35 -139.58 2.2
vertex 158.35 -139.58 1.76
endloop
endfacet
facet normal 0 0 -1
outer loop
vertex 176.67 -110.99 2.2
vertex 158.35 -139.58 1.76
vertex 176.67 -110.99 1.76
endloop
endfacet
facet normal 0 0 -1
outer loop
vertex 152.58 -59.33 2.2
vertex 160.70 -76.76 2.2
vertex 160.71 -76.77 2.2
endloop
endfacet
facet normal 0 0 -1
outer loop
vertex 152.58 -59.33 2.2
vertex 160.71 -76.77 2.2
vertex 160.73 -76.82 2.2
endloop
endfacet
facet normal 0 0 -1
outer loop
vertex 152.58 -59.33 2.2
vertex 160.73 -76.82 2.2
vertex 160.77 -76.89 2.2
endloop
endfacet
facet normal 0 0 -1
outer loop
vertex 152.58 -59.33 2.2
vertex 160.77 -76.89 2.2
vertex 160.81 -76.99 2.2
endloop
endfacet
facet normal 0 0 -1
outer loop
vertex 152.58 -59.33 2.2
vertex 160.81 -76.99 2.2
vertex 160.87 -77.12 2.2
endloop
endfacet
facet normal 0 0 -1
outer loop
vertex 152.58 -59.33 2.2
vertex 160.87 -77.12 2.2
vertex 160.94 -77.26 2.2
endloop
endfacet
facet normal 0 0 -1
outer loop
vertex 152.58 -59.33 2.2
vertex 160.94 -77.26 2.2
vertex 161.01 -77.42 2.2
endloop
endfacet
facet normal 0 0 -1
outer loop
vertex 152.58 -59.33 2.2
vertex 161.01 -77.42 2.2
vertex 161.09 -77.59 2.2
endloop
endfacet
facet normal 0 0 -1
outer loop
vertex 152.58 -59.33 2.2
vertex 161.09 -77.59 2.2
vertex 161.17 -77.76 2.2
endloop
endfacet
facet normal 0 0 -1
outer loop
vertex 152.58 -59.33 2.2
vertex 161.17 -77.76 2.2
vertex 163.67 -83.12 2.2
endloop
endfacet
facet normal 0 0 -1
outer loop
vertex 152.58 -59.33 2.2
vertex 163.67 -83.12 2.2
vertex 163.79 -83.37 2.2
endloop
endfacet
facet normal 0 0 -1
outer loop
vertex 152.58 -59.33 2.2
vertex 163.79 -83.37 2.2
vertex 163.93 -83.67 2.2
endloop
endfacet
facet normal 0 0 -1
outer loop
vertex 152.58 -59.33 2.2
vertex 163.93 -83.67 2.2
vertex 164.09 -84.03 2.2
endloop
endfacet
facet normal 0 0 -1
outer loop
vertex 152.58 -59.33 2.2
vertex 164.09 -84.03 2.2
vertex 164.28 -84.42 2.2
endloop
endfacet
facet normal 0 0 -1
outer loop
vertex 152.58 -59.33 2.2
vertex 164.28 -84.42 2.2
vertex 164.48 -84.85 2.2
endloop
endfacet
facet normal 0 0 -1
outer loop
vertex 152.58 -59.33 2.2
vertex 164.48 -84.85 2.2
vertex 164.69 -85.30 2.2
endloop
endfacet
facet normal 0 0 -1
outer loop
vertex 152.58 -59.33 2.2
vertex 164.69 -85.30 2.2
vertex 164.90 -85.76 2.2
endloop
endfacet
facet normal 0 0 -1
outer loop
vertex 152.58 -59.33 2.2
vertex 164.90 -85.76 2.2
vertex 169.56 -95.76 2.2
endloop
endfacet
facet normal 0 0 -1
outer loop
vertex 152.58 -59.33 2.2
vertex 169.56 -95.76 2.2
vertex 169.81 -96.28 2.2
endloop
endfacet
facet normal 0 0 -1
outer loop
vertex 152.58 -59.33 2.2
vertex 169.81 -96.28 2.2
vertex 170.04 -96.79 2.2
endloop
endfacet
facet normal 0 0 -1
outer loop
vertex 152.58 -59.33 2.2
vertex 170.04 -96.79 2.2
vertex 170.26 -97.26 2.2
endloop
endfacet
facet normal 0 0 -1
outer loop
vertex 152.58 -59.33 2.2
vertex 170.26 -97.26 2.2
vertex 170.46 -97.69 2.2
endloop
endfacet
facet normal 0 0 -1
outer loop
vertex 152.58 -59.33 2.2
vertex 170.46 -97.69 2.2
vertex 170.64 -98.06 2.2
endloop
endfacet
facet normal 0 0 -1
outer loop
vertex 152.58 -59.33 2.2
vertex 170.64 -98.06 2.2
vertex 170.78 -98.36 2.2
endloop
endfacet
facet normal 0 0 -1
outer loop
vertex 152.58 -59.33 2.2
vertex 170.78 -98.36 2.2
vertex 170.88 -98.58 2.2
endloop
endfacet
facet normal 0 0 -1
outer loop
vertex 152.58 -59.33 2.2
vertex 170.88 -98.58 2.2
vertex 170.94 -98.71 2.2
endloop
endfacet
facet normal 0 0 -1
outer loop
vertex 152.58 -59.33 2.2
vertex 170.94 -98.71 2.2
vertex 173.76 -104.76 2.2
endloop
endfacet
facet normal 0 0 -1
outer loop
vertex 152.58 -59.33 2.2
vertex 173.76 -104.76 2.2
vertex 173.92 -105.11 2.2
endloop
endfacet
facet normal 0 0 -1
outer loop
vertex 152.58 -59.33 2.2
vertex 173.92 -105.11 2.2
vertex 174.08 -105.44 2.2
endloop
endfacet
facet normal 0 0 -1
outer loop
vertex 152.58 -59.33 2.2
vertex 174.08 -105.44 2.2
vertex 174.23 -105.76 2.2
endloop
endfacet
facet normal 0 0 -1
outer loop
vertex 152.58 -59.33 2.2
vertex 174.23 -105.76 2.2
vertex 174.36 -106.04 2.2
endloop
endfacet
facet normal 0 0 -1
outer loop
vertex 152.58 -59.33 2.2
vertex 174.36 -106.04 2.2
vertex 174.48 -106.29 2.2
endloop
endfacet
facet normal 0 0 -1
outer loop
vertex 152.58 -59.33 2.2
vertex 174.48 -106.29 2.2
vertex 174.57 -106.49 2.2
endloop
endfacet
facet normal 0 0 -1
outer loop
vertex 152.58 -59.33 2.2
vertex 174.57 -106.49 2.2
vertex 174.64 -106.64 2.2
endloop
endfacet
facet normal 0 0 -1
outer loop
vertex 152.58 -59.33 2.2
vertex 174.64 -106.64 2.2
vertex 174.68 -106.73 2.2
endloop
endfacet
facet normal 0 0 -1
outer loop
vertex 152.58 -59.33 2.2
vertex 174.68 -106.73 2.2
vertex 174.69 -106.76 2.2
endloop
endfacet
facet normal 0 0 -1
outer loop
vertex 152.58 -59.33 2.2
vertex 174.69 -106.76 2.2
vertex 176.67 -110.99 2.2
endloop
endfacet
facet normal 0 0 -1
outer loop
vertex 152.58 -59.33 2.2
vertex 176.67 -110.99 2.2
vertex 176.67 -110.99 1.76
endloop
endfacet
facet normal 0 0 -1
outer loop
vertex 152.58 -59.33 2.2
vertex 176.67 -110.99 1.76
vertex 152.62 -59.43 1.76
endloop
endfacet
facet normal 0 0 -1
outer loop
vertex 152.58 -59.33 2.2
vertex 152.62 -59.43 1.76
vertex 152.58 -59.33 1.76
endloop
endfacet
facet normal 0.42 -0.91 -5.4395615982021596e-14
outer loop
vertex 169.80 -51.30 2.2
vertex 152.58 -59.33 2.2
vertex 152.58 -59.33 1.76
endloop
endfacet
facet normal 0.42 -0.91 -5.4395615982021596e-14
outer loop
vertex 169.80 -51.30 2.2
vertex 152.58 -59.33 1.76
vertex 159.84 -55.94 1.76
endloop
endfacet
facet normal 0.42 -0.91 -5.4395615982021596e-14
outer loop
vertex 169.80 -51.30 2.2
vertex 159.84 -55.94 1.76
vertex 160.05 -55.84 1.76
endloop
endfacet
facet normal 0.42 -0.91 -5.4395615982021596e-14
outer loop
vertex 169.80 -51.30 2.2
vertex 160.05 -55.84 1.76
vertex 160.22 -55.77 1.76
endloop
endfacet
facet normal 0.42 -0.91 -5.4395615982021596e-14
outer loop
vertex 169.80 -51.30 2.2
vertex 160.22 -55.77 1.76
vertex 161.58 -55.13 1.76
endloop
endfacet
facet normal 0.42 -0.91 -5.4395615982021596e-14
outer loop
vertex 169.80 -51.30 2.2
vertex 161.58 -55.13 1.76
vertex 161.70 -55.07 1.76
endloop
endfacet
facet normal 0.42 -0.91 -5.4395615982021596e-14
outer loop
vertex 169.80 -51.30 2.2
vertex 161.70 -55.07 1.76
vertex 169.80 -51.30 1.76
endloop
endfacet
facet normal 0.91 0.42 1.2302758638442146e-13
outer loop
vertex 168.46 -48.43 2.2
vertex 169.80 -51.30 2.2
vertex 169.80 -51.30 1.76
endloop
endfacet
facet normal 0.91 0.42 1.2302758638442146e-13
outer loop
vertex 168.46 -48.43 2.2
vertex 169.80 -51.30 1.76
vertex 168.51 -48.53 1.76
endloop
endfacet
facet normal 0.91 0.42 1.2302758638442146e-13
outer loop
vertex 168.46 -48.43 2.2
vertex 168.51 -48.53 1.76
vertex 168.46 -48.43 1.76
endloop
endfacet
facet normal 0 0 1
outer loop
vertex 180.82 -23.24 2.2
vertex 181.64 -25.21 2.2
vertex 181.65 -25.23 2.2
endloop
endfacet
facet normal 0 0 1
outer loop
vertex 180.82 -23.24 2.2
vertex 181.65 -25.23 2.2
vertex 181.67 -25.29 2.2
endloop
endfacet
facet normal 0 0 1
outer loop
vertex 180.82 -23.24 2.2
vertex 181.67 -25.29 2.2
vertex 181.71 -25.39 2.2
endloop
endfacet
facet normal 0 0 1
outer loop
vertex 180.82 -23.24 2.2
vertex 181.71 -25.39 2.2
vertex 181.77 -25.52 2.2
endloop
endfacet
facet normal 0 0 1
outer loop
vertex 180.82 -23.24 2.2
vertex 181.77 -25.52 2.2
vertex 181.83 -25.68 2.2
endloop
endfacet
facet normal 0 0 1
outer loop
vertex 180.82 -23.24 2.2
vertex 181.83 -25.68 2.2
vertex 181.91 -25.86 2.2
endloop
endfacet
facet normal 0 0 1
outer loop
vertex 180.82 -23.24 2.2
vertex 181.91 -25.86 2.2
vertex 181.99 -26.05 2.2
endloop
endfacet
facet normal 0 0 1
outer loop
vertex 180.82 -23.24 2.2
vertex 181.99 -26.05 2.2
vertex 182.07 -26.26 2.2
endloop
endfacet
facet normal 0 0 1
outer loop
vertex 180.82 -23.24 2.2
vertex 182.07 -26.26 2.2
vertex 182.16 -26.46 2.2
endloop
endfacet
facet normal 0 0 1
outer loop
vertex 180.82 -23.24 2.2
vertex 182.16 -26.46 2.2
vertex 182.24 -26.66 2.2
endloop
endfacet
facet normal 0 0 1
outer loop
vertex 180.82 -23.24 2.2
vertex 182.24 -26.66 2.2
vertex 182.32 -26.84 2.2
endloop
endfacet
facet normal 0 0 1
outer loop
vertex 180.82 -23.24 2.2
vertex 182.32 -26.84 2.2
vertex 182.38 -27.00 2.2
endloop
endfacet
facet normal 0 0 1
outer loop
vertex 180.82 -23.24 2.2
vertex 182.38 -27.00 2.2
vertex 182.44 -27.13 2.2
endloop
endfacet
facet normal 0 0 1
outer loop
vertex 180.82 -23.24 2.2
vertex 182.44 -27.13 2.2
vertex 182.48 -27.23 2.2
endloop
endfacet
facet normal 0 0 1
outer loop
vertex 180.82 -23.24 2.2
vertex 182.48 -27.23 2.2
vertex 182.50 -27.29 2.2
endloop
endfacet
facet normal 0 0 1
outer loop
vertex 180.82 -23.24 2.2
vertex 182.50 -27.29 2.2
vertex 182.51 -27.31 2.2
endloop
endfacet
facet normal 0 0 1
outer loop
vertex 180.82 -23.24 2.2
vertex 182.51 -27.31 2.2
vertex 183.21 -29.01 2.2
endloop
endfacet
facet normal 0 0 1
outer loop
vertex 180.82 -23.24 2.2
vertex 183.21 -29.01 2.2
vertex 183.22 -29.04 2.2
endloop
endfacet
facet normal 0 0 1
outer loop
vertex 180.82 -23.24 2.2
vertex 183.22 -29.04 2.2
vertex 183.25 -29.11 2.2
endloop
endfacet
facet normal 0 0 1
outer loop
vertex 180.82 -23.24 2.2
vertex 183.25 -29.11 2.2
vertex 183.30 -29.22 2.2
endloop
endfacet
facet normal 0 0 1
outer loop
vertex 180.82 -23.24 2.2
vertex 183.30 -29.22 2.2
vertex 183.36 -29.37 2.2
endloop
endfacet
facet normal 0 0 1
outer loop
vertex 180.82 -23.24 2.2
vertex 183.36 -29.37 2.2
vertex 183.44 -29.55 2.2
endloop
endfacet
facet normal 0 0 1
outer loop
vertex 180.82 -23.24 2.2
vertex 183.44 -29.55 2.2
vertex 183.52 -29.75 2.2
endloop
endfacet
facet normal 0 0 1
outer loop
vertex 180.82 -23.24 2.2
vertex 183.52 -29.75 2.2
vertex 183.61 -29.98 2.2
endloop
endfacet
facet normal 0 0 1
outer loop
vertex 180.82 -23.24 2.2
vertex 183.61 -29.98 2.2
vertex 183.71 -30.21 2.2
endloop
endfacet
facet normal 0 0 1
outer loop
vertex 180.82 -23.24 2.2
vertex 183.71 -30.21 2.2
vertex 183.81 -30.45 2.2
endloop
endfacet
facet normal 0 0 1
outer loop
vertex 180.82 -23.24 2.2
vertex 183.81 -30.45 2.2
vertex 183.90 -30.67 2.2
endloop
endfacet
facet normal 0 0 1
outer loop
vertex 180.82 -23.24 2.2
vertex 183.90 -30.67 2.2
vertex 183.99 -30.88 2.2
endloop
endfacet
facet normal 0 0 1
outer loop
vertex 180.82 -23.24 2.2
vertex 183.99 -30.88 2.2
vertex 184.06 -31.06 2.2
endloop
endfacet
facet normal 0 0 1
outer loop
vertex 180.82 -23.24 2.2
vertex 184.06 -31.06 2.2
vertex 184.12 -31.21 2.2
endloop
endfacet
facet normal 0 0 1
outer loop
vertex 180.82 -23.24 2.2
vertex 184.12 -31.21 2.2
vertex 184.17 -31.32 2.2
endloop
endfacet
facet normal 0 0 1
outer loop
vertex 180.82 -23.24 2.2
vertex 184.17 -31.32 2.2
vertex 184.20 -31.39 2.2
endloop
endfacet
facet normal 0 0 1
outer loop
vertex 180.82 -23.24 2.2
vertex 184.20 -31.39 2.2
vertex 184.21 -31.41 2.2
endloop
endfacet
facet normal 0 0 1
outer loop
vertex 180.82 -23.24 2.2
vertex 184.21 -31.41 2.2
vertex 187.74 -39.94 2.2
endloop
endfacet
facet normal 0 0 1
outer loop
vertex 180.82 -23.24 2.2
vertex 187.74 -39.94 2.2
vertex 187.74 -39.94 1.76
endloop
endfacet
facet normal 0 0 1
outer loop
vertex 180.82 -23.24 2.2
vertex 187.74 -39.94 1.76
vertex 180.82 -23.24 1.76
endloop
endfacet
facet normal 0 1 0
outer loop
vertex 180.82 -23.24 2.2
vertex 180.82 -23.24 1.76
vertex 116.33 -23.24 1.76
endloop
endfacet
facet normal 0 1 0
outer loop
vertex 180.82 -23.24 2.2
vertex 116.33 -23.24 1.76
vertex 116.33 -23.24 2.2
endloop
endfacet
facet normal 0 0 1
outer loop
vertex 116.33 -23.24 1.76
vertex 180.82 -23.24 1.76
vertex 181.04 -23.24 1.76
endloop
endfacet
facet normal 0 0 1
outer loop
vertex 116.33 -23.24 1.76
vertex 181.04 -23.24 1.76
vertex 181.04 -23.24 1.7
endloop
endfacet
facet normal 0 0 1
outer loop
vertex 116.33 -23.24 1.76
vertex 181.04 -23.24 1.7
vertex 147.33 -23.24 1.7
endloop
endfacet
facet normal 0 0 1
outer loop
vertex 116.33 -23.24 1.76
vertex 147.33 -23.24 1.7
vertex 137.83 -23.24 1.7
endloop
endfacet
facet normal 0 0 1
outer loop
vertex 116.33 -23.24 1.76
vertex 137.83 -23.24 1.7
vertex 116.11 -23.24 1.7
endloop
endfacet
facet normal 0 0 1
outer loop
vertex 116.33 -23.24 1.76
vertex 116.11 -23.24 1.7
vertex 116.11 -23.24 1.76
endloop
endfacet
facet normal 0 1 0
outer loop
vertex 137.83 -23.24 1.7
vertex 137.83 -23.24 1.32
vertex 116.11 -23.24 1.32
endloop
endfacet
facet normal 0 1 0
outer loop
vertex 137.83 -23.24 1.7
vertex 116.11 -23.24 1.32
vertex 116.11 -23.24 1.7
endloop
endfacet
facet normal 0 1 0
outer loop
vertex 181.04 -23.24 1.7
vertex 181.04 -23.24 1.32
vertex 147.33 -23.24 1.32
endloop
endfacet
facet normal 0 1 0
outer loop
vertex 181.04 -23.24 1.7
vertex 147.33 -23.24 1.32
vertex 147.33 -23.24 1.7
endloop
endfacet
facet normal 0 1 0
outer loop
vertex 116.11 -23.24 1.32
vertex 137.83 -23.24 1.32
vertex 137.83 -23.24 0.88
endloop
endfacet
facet normal 0 1 0
outer loop
vertex 116.11 -23.24 1.32
vertex 137.83 -23.24 0.88
vertex 115.90 -23.24 0.88
endloop
endfacet
facet normal 0 1 0
outer loop
vertex 116.11 -23.24 1.32
vertex 115.90 -23.24 0.88
vertex 115.90 -23.24 1.32
endloop
endfacet
facet normal 0 1 0
outer loop
vertex 181.04 -23.24 1.32
vertex 181.26 -23.24 1.32
vertex 181.26 -23.24 0.88
endloop
endfacet
facet normal 0 1 0
outer loop
vertex 181.04 -23.24 1.32
vertex 181.26 -23.24 0.88
vertex 147.33 -23.24 0.88
endloop
endfacet
facet normal 0 1 0
outer loop
vertex 181.04 -23.24 1.32
vertex 147.33 -23.24 0.88
vertex 147.33 -23.24 1.32
endloop
endfacet
facet normal 0 1 0
outer loop
vertex 115.90 -23.24 0.88
vertex 137.83 -23.24 0.88
vertex 137.83 -23.24 0.44
endloop
endfacet
facet normal 0 1 0
outer loop
vertex 115.90 -23.24 0.88
vertex 137.83 -23.24 0.44
vertex 115.68 -23.24 0.44
endloop
endfacet
facet normal 0 1 0
outer loop
vertex 115.90 -23.24 0.88
vertex 115.68 -23.24 0.44
vertex 115.68 -23.24 0.88
endloop
endfacet
facet normal 0 1 0
outer loop
vertex 181.26 -23.24 0.88
vertex 181.47 -23.24 0.88
vertex 181.47 -23.24 0.44
endloop
endfacet
facet normal 0 1 0
outer loop
vertex 181.26 -23.24 0.88
vertex 181.47 -23.24 0.44
vertex 147.33 -23.24 0.44
endloop
endfacet
facet normal 0 1 0
outer loop
vertex 181.26 -23.24 0.88
vertex 147.33 -23.24 0.44
vertex 147.33 -23.24 0.88
endloop
endfacet
facet normal 0 1 0
outer loop
vertex 115.68 -23.24 0.44
vertex 137.83 -23.24 0.44
vertex 137.83 -23.24 0
endloop
endfacet
facet normal 0 1 0
outer loop
vertex 115.68 -23.24 0.44
vertex 137.83 -23.24 0
vertex 115.46 -23.24 0
endloop
endfacet
facet normal 0 1 0
outer loop
vertex 115.68 -23.24 0.44
vertex 115.46 -23.24 0
vertex 115.46 -23.24 0.44
endloop
endfacet
facet normal 0 1 0
outer loop
vertex 181.47 -23.24 0.44
vertex 181.69 -23.24 0.44
vertex 181.69 -23.24 0
endloop
endfacet
facet normal 0 1 0
outer loop
vertex 181.47 -23.24 0.44
vertex 181.69 -23.24 0
vertex 147.33 -23.24 0
endloop
endfacet
facet normal 0 1 0
outer loop
vertex 181.47 -23.24 0.44
vertex 147.33 -23.24 0
vertex 147.33 -23.24 0.44
endloop
endfacet
facet normal 0 0 -1
outer loop
vertex 109.41 -39.94 2.2
vertex 112.94 -31.41 2.2
vertex 112.95 -31.39 2.2
endloop
endfacet
facet normal 0 0 -1
outer loop
vertex 109.41 -39.94 2.2
vertex 112.95 -31.39 2.2
vertex 112.98 -31.32 2.2
endloop
endfacet
facet normal 0 0 -1
outer loop
vertex 109.41 -39.94 2.2
vertex 112.98 -31.32 2.2
vertex 113.03 -31.21 2.2
endloop
endfacet
facet normal 0 0 -1
outer loop
vertex 109.41 -39.94 2.2
vertex 113.03 -31.21 2.2
vertex 113.09 -31.06 2.2
endloop
endfacet
facet normal 0 0 -1
outer loop
vertex 109.41 -39.94 2.2
vertex 113.09 -31.06 2.2
vertex 113.17 -30.88 2.2
endloop
endfacet
facet normal 0 0 -1
outer loop
vertex 109.41 -39.94 2.2
vertex 113.17 -30.88 2.2
vertex 113.25 -30.67 2.2
endloop
endfacet
facet normal 0 0 -1
outer loop
vertex 109.41 -39.94 2.2
vertex 113.25 -30.67 2.2
vertex 113.34 -30.45 2.2
endloop
endfacet
facet normal 0 0 -1
outer loop
vertex 109.41 -39.94 2.2
vertex 113.34 -30.45 2.2
vertex 113.44 -30.21 2.2
endloop
endfacet
facet normal 0 0 -1
outer loop
vertex 109.41 -39.94 2.2
vertex 113.44 -30.21 2.2
vertex 113.54 -29.98 2.2
endloop
endfacet
facet normal 0 0 -1
outer loop
vertex 109.41 -39.94 2.2
vertex 113.54 -29.98 2.2
vertex 113.63 -29.75 2.2
endloop
endfacet
facet normal 0 0 -1
outer loop
vertex 109.41 -39.94 2.2
vertex 113.63 -29.75 2.2
vertex 113.72 -29.55 2.2
endloop
endfacet
facet normal 0 0 -1
outer loop
vertex 109.41 -39.94 2.2
vertex 113.72 -29.55 2.2
vertex 113.79 -29.37 2.2
endloop
endfacet
facet normal 0 0 -1
outer loop
vertex 109.41 -39.94 2.2
vertex 113.79 -29.37 2.2
vertex 113.86 -29.22 2.2
endloop
endfacet
facet normal 0 0 -1
outer loop
vertex 109.41 -39.94 2.2
vertex 113.86 -29.22 2.2
vertex 113.90 -29.11 2.2
endloop
endfacet
facet normal 0 0 -1
outer loop
vertex 109.41 -39.94 2.2
vertex 113.90 -29.11 2.2
vertex 113.93 -29.04 2.2
endloop
endfacet
facet normal 0 0 -1
outer loop
vertex 109.41 -39.94 2.2
vertex 113.93 -29.04 2.2
vertex 113.94 -29.01 2.2
endloop
endfacet
facet normal 0 0 -1
outer loop
vertex 109.41 -39.94 2.2
vertex 113.94 -29.01 2.2
vertex 114.65 -27.31 2.2
endloop
endfacet
facet normal 0 0 -1
outer loop
vertex 109.41 -39.94 2.2
vertex 114.65 -27.31 2.2
vertex 114.65 -27.29 2.2
endloop
endfacet
facet normal 0 0 -1
outer loop
vertex 109.41 -39.94 2.2
vertex 114.65 -27.29 2.2
vertex 114.68 -27.23 2.2
endloop
endfacet
facet normal 0 0 -1
outer loop
vertex 109.41 -39.94 2.2
vertex 114.68 -27.23 2.2
vertex 114.72 -27.13 2.2
endloop
endfacet
facet normal 0 0 -1
outer loop
vertex 109.41 -39.94 2.2
vertex 114.72 -27.13 2.2
vertex 114.77 -27.00 2.2
endloop
endfacet
facet normal 0 0 -1
outer loop
vertex 109.41 -39.94 2.2
vertex 114.77 -27.00 2.2
vertex 114.84 -26.84 2.2
endloop
endfacet
facet normal 0 0 -1
outer loop
vertex 109.41 -39.94 2.2
vertex 114.84 -26.84 2.2
vertex 114.91 -26.66 2.2
endloop
endfacet
facet normal 0 0 -1
outer loop
vertex 109.41 -39.94 2.2
vertex 114.91 -26.66 2.2
vertex 115.00 -26.46 2.2
endloop
endfacet
facet normal 0 0 -1
outer loop
vertex 109.41 -39.94 2.2
vertex 115.00 -26.46 2.2
vertex 115.08 -26.26 2.2
endloop
endfacet
facet normal 0 0 -1
outer loop
vertex 109.41 -39.94 2.2
vertex 115.08 -26.26 2.2
vertex 115.16 -26.05 2.2
endloop
endfacet
facet normal 0 0 -1
outer loop
vertex 109.41 -39.94 2.2
vertex 115.16 -26.05 2.2
vertex 115.25 -25.86 2.2
endloop
endfacet
facet normal 0 0 -1
outer loop
vertex 109.41 -39.94 2.2
vertex 115.25 -25.86 2.2
vertex 115.32 -25.68 2.2
endloop
endfacet
facet normal 0 0 -1
outer loop
vertex 109.41 -39.94 2.2
vertex 115.32 -25.68 2.2
vertex 115.39 -25.52 2.2
endloop
endfacet
facet normal 0 0 -1
outer loop
vertex 109.41 -39.94 2.2
vertex 115.39 -25.52 2.2
vertex 115.44 -25.39 2.2
endloop
endfacet
facet normal 0 0 -1
outer loop
vertex 109.41 -39.94 2.2
vertex 115.44 -25.39 2.2
vertex 115.48 -25.29 2.2
endloop
endfacet
facet normal 0 0 -1
outer loop
vertex 109.41 -39.94 2.2
vertex 115.48 -25.29 2.2
vertex 115.51 -25.23 2.2
endloop
endfacet
facet normal 0 0 -1
outer loop
vertex 109.41 -39.94 2.2
vertex 115.51 -25.23 2.2
vertex 115.51 -25.21 2.2
endloop
endfacet
facet normal 0 0 -1
outer loop
vertex 109.41 -39.94 2.2
vertex 115.51 -25.21 2.2
vertex 116.33 -23.24 2.2
endloop
endfacet
facet normal 0 0 -1
outer loop
vertex 109.41 -39.94 2.2
vertex 116.33 -23.24 2.2
vertex 116.33 -23.24 1.76
endloop
endfacet
facet normal 0 0 -1
outer loop
vertex 109.41 -39.94 2.2
vertex 116.33 -23.24 1.76
vertex 109.41 -39.94 1.76
endloop
endfacet
facet normal -0.91 0.42 1.274897268232349e-14
outer loop
vertex 127.36 -51.30 2.2
vertex 128.69 -48.43 2.2
vertex 128.69 -48.43 1.76
endloop
endfacet
facet normal -0.91 0.42 1.274897268232349e-14
outer loop
vertex 127.36 -51.30 2.2
vertex 128.69 -48.43 1.76
vertex 128.65 -48.53 1.76
endloop
endfacet
facet normal -0.91 0.42 1.274897268232349e-14
outer loop
vertex 127.36 -51.30 2.2
vertex 128.65 -48.53 1.76
vertex 127.36 -51.30 1.76
endloop
endfacet
facet normal -0.42 -0.91 -2.039835599325804e-14
outer loop
vertex 144.58 -59.33 2.2
vertex 127.36 -51.30 2.2
vertex 127.36 -51.30 1.76
endloop
endfacet
facet normal -0.42 -0.91 -2.039835599325804e-14
outer loop
vertex 144.58 -59.33 2.2
vertex 127.36 -51.30 1.76
vertex 135.45 -55.07 1.76
endloop
endfacet
facet normal -0.42 -0.91 -2.039835599325804e-14
outer loop
vertex 144.58 -59.33 2.2
vertex 135.45 -55.07 1.76
vertex 135.58 -55.13 1.76
endloop
endfacet
facet normal -0.42 -0.91 -2.039835599325804e-14
outer loop
vertex 144.58 -59.33 2.2
vertex 135.58 -55.13 1.76
vertex 136.94 -55.77 1.76
endloop
endfacet
facet normal -0.42 -0.91 -2.039835599325804e-14
outer loop
vertex 144.58 -59.33 2.2
vertex 136.94 -55.77 1.76
vertex 137.12 -55.85 1.76
endloop
endfacet
facet normal -0.42 -0.91 -2.039835599325804e-14
outer loop
vertex 144.58 -59.33 2.2
vertex 137.12 -55.85 1.76
vertex 144.58 -59.33 1.76
endloop
endfacet
facet normal 0 0 -1
outer loop
vertex 120.49 -110.99 2.2
vertex 122.46 -106.76 2.2
vertex 122.47 -106.73 2.2
endloop
endfacet
facet normal 0 0 -1
outer loop
vertex 120.49 -110.99 2.2
vertex 122.47 -106.73 2.2
vertex 122.52 -106.64 2.2
endloop
endfacet
facet normal 0 0 -1
outer loop
vertex 120.49 -110.99 2.2
vertex 122.52 -106.64 2.2
vertex 122.58 -106.49 2.2
endloop
endfacet
facet normal 0 0 -1
outer loop
vertex 120.49 -110.99 2.2
vertex 122.58 -106.49 2.2
vertex 122.68 -106.29 2.2
endloop
endfacet
facet normal 0 0 -1
outer loop
vertex 120.49 -110.99 2.2
vertex 122.68 -106.29 2.2
vertex 122.79 -106.04 2.2
endloop
endfacet
facet normal 0 0 -1
outer loop
vertex 120.49 -110.99 2.2
vertex 122.79 -106.04 2.2
vertex 122.93 -105.76 2.2
endloop
endfacet
facet normal 0 0 -1
outer loop
vertex 120.49 -110.99 2.2
vertex 122.93 -105.76 2.2
vertex 123.07 -105.44 2.2
endloop
endfacet
facet normal 0 0 -1
outer loop
vertex 120.49 -110.99 2.2
vertex 123.07 -105.44 2.2
vertex 123.23 -105.11 2.2
endloop
endfacet
facet normal 0 0 -1
outer loop
vertex 120.49 -110.99 2.2
vertex 123.23 -105.11 2.2
vertex 123.39 -104.76 2.2
endloop
endfacet
facet normal 0 0 -1
outer loop
vertex 120.49 -110.99 2.2
vertex 123.39 -104.76 2.2
vertex 126.21 -98.71 2.2
endloop
endfacet
facet normal 0 0 -1
outer loop
vertex 120.49 -110.99 2.2
vertex 126.21 -98.71 2.2
vertex 126.27 -98.58 2.2
endloop
endfacet
facet normal 0 0 -1
outer loop
vertex 120.49 -110.99 2.2
vertex 126.27 -98.58 2.2
vertex 126.38 -98.36 2.2
endloop
endfacet
facet normal 0 0 -1
outer loop
vertex 120.49 -110.99 2.2
vertex 126.38 -98.36 2.2
vertex 126.52 -98.06 2.2
endloop
endfacet
facet normal 0 0 -1
outer loop
vertex 120.49 -110.99 2.2
vertex 126.52 -98.06 2.2
vertex 126.69 -97.69 2.2
endloop
endfacet
facet normal 0 0 -1
outer loop
vertex 120.49 -110.99 2.2
vertex 126.69 -97.69 2.2
vertex 126.89 -97.26 2.2
endloop
endfacet
facet normal 0 0 -1
outer loop
vertex 120.49 -110.99 2.2
vertex 126.89 -97.26 2.2
vertex 127.11 -96.79 2.2
endloop
endfacet
facet normal 0 0 -1
outer loop
vertex 120.49 -110.99 2.2
vertex 127.11 -96.79 2.2
vertex 127.35 -96.28 2.2
endloop
endfacet
facet normal 0 0 -1
outer loop
vertex 120.49 -110.99 2.2
vertex 127.35 -96.28 2.2
vertex 127.59 -95.76 2.2
endloop
endfacet
facet normal 0 0 -1
outer loop
vertex 120.49 -110.99 2.2
vertex 127.59 -95.76 2.2
vertex 132.25 -85.76 2.2
endloop
endfacet
facet normal 0 0 -1
outer loop
vertex 120.49 -110.99 2.2
vertex 132.25 -85.76 2.2
vertex 132.47 -85.30 2.2
endloop
endfacet
facet normal 0 0 -1
outer loop
vertex 120.49 -110.99 2.2
vertex 132.47 -85.30 2.2
vertex 132.68 -84.85 2.2
endloop
endfacet
facet normal 0 0 -1
outer loop
vertex 120.49 -110.99 2.2
vertex 132.68 -84.85 2.2
vertex 132.88 -84.42 2.2
endloop
endfacet
facet normal 0 0 -1
outer loop
vertex 120.49 -110.99 2.2
vertex 132.88 -84.42 2.2
vertex 133.06 -84.03 2.2
endloop
endfacet
facet normal 0 0 -1
outer loop
vertex 120.49 -110.99 2.2
vertex 133.06 -84.03 2.2
vertex 133.23 -83.67 2.2
endloop
endfacet
facet normal 0 0 -1
outer loop
vertex 120.49 -110.99 2.2
vertex 133.23 -83.67 2.2
vertex 133.37 -83.37 2.2
endloop
endfacet
facet normal 0 0 -1
outer loop
vertex 120.49 -110.99 2.2
vertex 133.37 -83.37 2.2
vertex 133.48 -83.12 2.2
endloop
endfacet
facet normal 0 0 -1
outer loop
vertex 120.49 -110.99 2.2
vertex 133.48 -83.12 2.2
vertex 135.98 -77.76 2.2
endloop
endfacet
facet normal 0 0 -1
outer loop
vertex 120.49 -110.99 2.2
vertex 135.98 -77.76 2.2
vertex 136.06 -77.59 2.2
endloop
endfacet
facet normal 0 0 -1
outer loop
vertex 120.49 -110.99 2.2
vertex 136.06 -77.59 2.2
vertex 136.14 -77.42 2.2
endloop
endfacet
facet normal 0 0 -1
outer loop
vertex 120.49 -110.99 2.2
vertex 136.14 -77.42 2.2
vertex 136.22 -77.26 2.2
endloop
endfacet
facet normal 0 0 -1
outer loop
vertex 120.49 -110.99 2.2
vertex 136.22 -77.26 2.2
vertex 136.28 -77.12 2.2
endloop
endfacet
facet normal 0 0 -1
outer loop
vertex 120.49 -110.99 2.2
vertex 136.28 -77.12 2.2
vertex 136.34 -76.99 2.2
endloop
endfacet
facet normal 0 0 -1
outer loop
vertex 120.49 -110.99 2.2
vertex 136.34 -76.99 2.2
vertex 136.39 -76.89 2.2
endloop
endfacet
facet normal 0 0 -1
outer loop
vertex 120.49 -110.99 2.2
vertex 136.39 -76.89 2.2
vertex 136.42 -76.82 2.2
endloop
endfacet
facet normal 0 0 -1
outer loop
vertex 120.49 -110.99 2.2
vertex 136.42 -76.82 2.2
vertex 136.44 -76.77 2.2
endloop
endfacet
facet normal 0 0 -1
outer loop
vertex 120.49 -110.99 2.2
vertex 136.44 -76.77 2.2
vertex 136.45 -76.76 2.2
endloop
endfacet
facet normal 0 0 -1
outer loop
vertex 120.49 -110.99 2.2
vertex 136.45 -76.76 2.2
vertex 144.58 -59.33 2.2
endloop
endfacet
facet normal 0 0 -1
outer loop
vertex 120.49 -110.99 2.2
vertex 144.58 -59.33 2.2
vertex 144.58 -59.33 1.76
endloop
endfacet
facet normal 0 0 -1
outer loop
vertex 120.49 -110.99 2.2
vertex 144.58 -59.33 1.76
vertex 144.53 -59.43 1.76
endloop
endfacet
facet normal 0 0 -1
outer loop
vertex 120.49 -110.99 2.2
vertex 144.53 -59.43 1.76
vertex 120.49 -110.99 1.76
endloop
endfacet
facet normal 0 0 -1
outer loop
vertex 138.80 -139.58 2.2
vertex 122.27 -113.78 2.2
vertex 122.26 -113.75 2.2
endloop
endfacet
facet normal 0 0 -1
outer loop
vertex 138.80 -139.58 2.2
vertex 122.26 -113.75 2.2
vertex 122.21 -113.68 2.2
endloop
endfacet
facet normal 0 0 -1
outer loop
vertex 138.80 -139.58 2.2
vertex 122.21 -113.68 2.2
vertex 122.14 -113.57 2.2
endloop
endfacet
facet normal 0 0 -1
outer loop
vertex 138.80 -139.58 2.2
vertex 122.14 -113.57 2.2
vertex 122.05 -113.42 2.2
endloop
endfacet
facet normal 0 0 -1
outer loop
vertex 138.80 -139.58 2.2
vertex 122.05 -113.42 2.2
vertex 121.93 -113.24 2.2
endloop
endfacet
facet normal 0 0 -1
outer loop
vertex 138.80 -139.58 2.2
vertex 121.93 -113.24 2.2
vertex 121.80 -113.04 2.2
endloop
endfacet
facet normal 0 0 -1
outer loop
vertex 138.80 -139.58 2.2
vertex 121.80 -113.04 2.2
vertex 121.65 -112.81 2.2
endloop
endfacet
facet normal 0 0 -1
outer loop
vertex 138.80 -139.58 2.2
vertex 121.65 -112.81 2.2
vertex 121.50 -112.58 2.2
endloop
endfacet
facet normal 0 0 -1
outer loop
vertex 138.80 -139.58 2.2
vertex 121.50 -112.58 2.2
vertex 121.35 -112.34 2.2
endloop
endfacet
facet normal 0 0 -1
outer loop
vertex 138.80 -139.58 2.2
vertex 121.35 -112.34 2.2
vertex 121.21 -112.12 2.2
endloop
endfacet
facet normal 0 0 -1
outer loop
vertex 138.80 -139.58 2.2
vertex 121.21 -112.12 2.2
vertex 121.08 -111.91 2.2
endloop
endfacet
facet normal 0 0 -1
outer loop
vertex 138.80 -139.58 2.2
vertex 121.08 -111.91 2.2
vertex 120.96 -111.73 2.2
endloop
endfacet
facet normal 0 0 -1
outer loop
vertex 138.80 -139.58 2.2
vertex 120.96 -111.73 2.2
vertex 120.86 -111.58 2.2
endloop
endfacet
facet normal 0 0 -1
outer loop
vertex 138.80 -139.58 2.2
vertex 120.86 -111.58 2.2
vertex 120.79 -111.47 2.2
endloop
endfacet
facet normal 0 0 -1
outer loop
vertex 138.80 -139.58 2.2
vertex 120.79 -111.47 2.2
vertex 120.75 -111.40 2.2
endloop
endfacet
facet normal 0 0 -1
outer loop
vertex 138.80 -139.58 2.2
vertex 120.75 -111.40 2.2
vertex 120.74 -111.38 2.2
endloop
endfacet
facet normal 0 0 -1
outer loop
vertex 138.80 -139.58 2.2
vertex 120.74 -111.38 2.2
vertex 120.49 -110.99 2.2
endloop
endfacet
facet normal 0 0 -1
outer loop
vertex 138.80 -139.58 2.2
vertex 120.49 -110.99 2.2
vertex 120.49 -110.99 1.76
endloop
endfacet
facet normal 0 0 -1
outer loop
vertex 138.80 -139.58 2.2
vertex 120.49 -110.99 1.76
vertex 138.80 -139.58 1.76
endloop
endfacet
facet normal 0 0 -1
outer loop
vertex 145.64 -158.37 2.2
vertex 145.41 -157.73 2.2
vertex 143.67 -152.95 2.2
endloop
endfacet
facet normal 0 0 -1
outer loop
vertex 145.64 -158.37 2.2
vertex 143.67 -152.95 2.2
vertex 143.66 -152.93 2.2
endloop
endfacet
facet normal 0 0 -1
outer loop
vertex 145.64 -158.37 2.2
vertex 143.66 -152.93 2.2
vertex 143.64 -152.86 2.2
endloop
endfacet
facet normal 0 0 -1
outer loop
vertex 145.64 -158.37 2.2
vertex 143.64 -152.86 2.2
vertex 143.60 -152.75 2.2
endloop
endfacet
facet normal 0 0 -1
outer loop
vertex 145.64 -158.37 2.2
vertex 143.60 -152.75 2.2
vertex 143.54 -152.60 2.2
endloop
endfacet
facet normal 0 0 -1
outer loop
vertex 145.64 -158.37 2.2
vertex 143.54 -152.60 2.2
vertex 143.48 -152.42 2.2
endloop
endfacet
facet normal 0 0 -1
outer loop
vertex 145.64 -158.37 2.2
vertex 143.48 -152.42 2.2
vertex 143.40 -152.21 2.2
endloop
endfacet
facet normal 0 0 -1
outer loop
vertex 145.64 -158.37 2.2
vertex 143.40 -152.21 2.2
vertex 143.32 -151.99 2.2
endloop
endfacet
facet normal 0 0 -1
outer loop
vertex 145.64 -158.37 2.2
vertex 143.32 -151.99 2.2
vertex 143.23 -151.75 2.2
endloop
endfacet
facet normal 0 0 -1
outer loop
vertex 145.64 -158.37 2.2
vertex 143.23 -151.75 2.2
vertex 143.15 -151.52 2.2
endloop
endfacet
facet normal 0 0 -1
outer loop
vertex 145.64 -158.37 2.2
vertex 143.15 -151.52 2.2
vertex 143.07 -151.29 2.2
endloop
endfacet
facet normal 0 0 -1
outer loop
vertex 145.64 -158.37 2.2
vertex 143.07 -151.29 2.2
vertex 142.99 -151.09 2.2
endloop
endfacet
facet normal 0 0 -1
outer loop
vertex 145.64 -158.37 2.2
vertex 142.99 -151.09 2.2
vertex 142.93 -150.91 2.2
endloop
endfacet
facet normal 0 0 -1
outer loop
vertex 145.64 -158.37 2.2
vertex 142.93 -150.91 2.2
vertex 142.87 -150.76 2.2
endloop
endfacet
facet normal 0 0 -1
outer loop
vertex 145.64 -158.37 2.2
vertex 142.87 -150.76 2.2
vertex 142.83 -150.64 2.2
endloop
endfacet
facet normal 0 0 -1
outer loop
vertex 145.64 -158.37 2.2
vertex 142.83 -150.64 2.2
vertex 142.81 -150.58 2.2
endloop
endfacet
facet normal 0 0 -1
outer loop
vertex 145.64 -158.37 2.2
vertex 142.81 -150.58 2.2
vertex 142.80 -150.55 2.2
endloop
endfacet
facet normal 0 0 -1
outer loop
vertex 145.64 -158.37 2.2
vertex 142.80 -150.55 2.2
vertex 138.80 -139.58 2.2
endloop
endfacet
facet normal 0 0 -1
outer loop
vertex 145.64 -158.37 2.2
vertex 138.80 -139.58 2.2
vertex 138.80 -139.58 1.76
endloop
endfacet
facet normal 0 0 -1
outer loop
vertex 145.64 -158.37 2.2
vertex 138.80 -139.58 1.76
vertex 138.84 -139.67 1.76
endloop
endfacet
facet normal 0 0 -1
outer loop
vertex 145.64 -158.37 2.2
vertex 138.84 -139.67 1.76
vertex 141.76 -147.69 1.76
endloop
endfacet
facet normal 0 0 -1
outer loop
vertex 145.64 -158.37 2.2
vertex 141.76 -147.69 1.76
vertex 141.81 -147.85 1.76
endloop
endfacet
facet normal 0 0 -1
outer loop
vertex 145.64 -158.37 2.2
vertex 141.81 -147.85 1.76
vertex 142.33 -149.26 1.76
endloop
endfacet
facet normal 0 0 -1
outer loop
vertex 145.64 -158.37 2.2
vertex 142.33 -149.26 1.76
vertex 142.38 -149.41 1.76
endloop
endfacet
facet normal 0 0 -1
outer loop
vertex 145.64 -158.37 2.2
vertex 142.38 -149.41 1.76
vertex 142.44 -149.57 1.76
endloop
endfacet
facet normal 0 0 -1
outer loop
vertex 145.64 -158.37 2.2
vertex 142.44 -149.57 1.76
vertex 145.64 -158.36 1.76
endloop
endfacet
facet normal 0 0 -1
outer loop
vertex 145.64 -158.37 2.2
vertex 145.64 -158.36 1.76
vertex 145.64 -158.37 1.76
endloop
endfacet
facet normal 0.86 -0.52 -1.1071188902771609e-13
outer loop
vertex 145.83 -158.06 2.2
vertex 145.64 -158.37 2.2
vertex 145.64 -158.37 1.76
endloop
endfacet
facet normal 0.86 -0.52 -1.1071188902771609e-13
outer loop
vertex 145.83 -158.06 2.2
vertex 145.64 -158.37 1.76
vertex 145.73 -158.22 1.76
endloop
endfacet
facet normal 0.86 -0.52 -1.1071188902771609e-13
outer loop
vertex 145.83 -158.06 2.2
vertex 145.73 -158.22 1.76
vertex 145.80 -158.11 1.76
endloop
endfacet
facet normal 0.86 -0.52 -1.1071188902771609e-13
outer loop
vertex 145.83 -158.06 2.2
vertex 145.80 -158.11 1.76
vertex 145.83 -158.06 1.76
endloop
endfacet
facet normal 0.89 -0.45 0
outer loop
vertex 146.00 -157.73 2.2
vertex 145.83 -158.06 2.2
vertex 145.83 -158.06 1.76
endloop
endfacet
facet normal 0.89 -0.45 0
outer loop
vertex 146.00 -157.73 2.2
vertex 145.83 -158.06 1.76
vertex 146.00 -157.73 1.76
endloop
endfacet
facet normal 4.555440682452172e-7 -1.00 0
outer loop
vertex 151.16 -157.73 2.2
vertex 146.00 -157.73 2.2
vertex 146.00 -157.73 1.76
endloop
endfacet
facet normal 4.555440682452172e-7 -1.00 0
outer loop
vertex 151.16 -157.73 2.2
vertex 146.00 -157.73 1.76
vertex 151.16 -157.73 1.76
endloop
endfacet
facet normal 0 0 -1
outer loop
vertex 151.35 -158.11 1.76
vertex 151.32 -158.06 1.76
vertex 151.16 -157.73 1.76
endloop
endfacet
facet normal -2.837196294402455e-14 1.7067927766378105e-14 -1
outer loop
vertex 146.00 -157.73 1.76
vertex 145.83 -158.06 1.76
vertex 145.80 -158.11 1.76
endloop
endfacet
facet normal -2.837196294402455e-14 1.7067927766378105e-14 -1
outer loop
vertex 146.00 -157.73 1.76
vertex 145.80 -158.11 1.76
vertex 146.00 -157.73 1.76
endloop
endfacet
facet normal -2.837196294402455e-14 1.7067927766378105e-14 -1
outer loop
vertex 146.00 -157.73 1.76
vertex 146.00 -157.73 1.76
vertex 146.00 -157.73 1.76
endloop
endfacet
facet normal 0 0 -1
outer loop
vertex 151.51 -158.36 1.76
vertex 151.51 -158.37 1.76
vertex 151.42 -158.22 1.76
endloop
endfacet
facet normal 0 0 -1
outer loop
vertex 145.64 -158.37 1.76
vertex 145.64 -158.36 1.76
vertex 145.73 -158.22 1.76
endloop
endfacet
facet normal -0.91 -0.41 0
outer loop
vertex 145.47 -158.47 1.76
vertex 145.46 -158.44 1.76
vertex 145.46 -158.44 1.32
endloop
endfacet
facet normal -0.91 -0.41 0
outer loop
vertex 145.47 -158.47 1.76
vertex 145.46 -158.44 1.32
vertex 145.47 -158.47 1.32
endloop
endfacet
facet normal -0.83 -0.55 0
outer loop
vertex 145.49 -158.49 1.76
vertex 145.47 -158.47 1.76
vertex 145.47 -158.47 1.32
endloop
endfacet
facet normal -0.83 -0.55 0
outer loop
vertex 145.49 -158.49 1.76
vertex 145.47 -158.47 1.32
vertex 145.49 -158.49 1.32
endloop
endfacet
facet normal -0.74 -0.67 0
outer loop
vertex 145.51 -158.52 1.76
vertex 145.49 -158.49 1.76
vertex 145.49 -158.49 1.32
endloop
endfacet
facet normal -0.74 -0.67 0
outer loop
vertex 145.51 -158.52 1.76
vertex 145.49 -158.49 1.32
vertex 145.51 -158.52 1.32
endloop
endfacet
facet normal -0.63 -0.78 -1.017090745634743e-11
outer loop
vertex 145.53 -158.54 1.76
vertex 145.51 -158.52 1.76
vertex 145.51 -158.52 1.32
endloop
endfacet
facet normal -0.63 -0.78 -1.017090745634743e-11
outer loop
vertex 145.53 -158.54 1.76
vertex 145.51 -158.52 1.32
vertex 145.53 -158.53 1.32
endloop
endfacet
facet normal -0.63 -0.78 -1.017090745634743e-11
outer loop
vertex 145.53 -158.54 1.76
vertex 145.53 -158.53 1.32
vertex 145.53 -158.54 1.32
endloop
endfacet
facet normal 0 0 1
outer loop
vertex 145.78 -158.14 1.76
vertex 145.73 -158.22 1.76
vertex 145.64 -158.36 1.76
endloop
endfacet
facet normal 0 0 1
outer loop
vertex 145.78 -158.14 1.76
vertex 145.64 -158.36 1.76
vertex 145.53 -158.54 1.76
endloop
endfacet
facet normal 0 0 1
outer loop
vertex 145.78 -158.14 1.76
vertex 145.53 -158.54 1.76
vertex 145.53 -158.54 1.32
endloop
endfacet
facet normal 0 0 1
outer loop
vertex 145.78 -158.14 1.76
vertex 145.53 -158.54 1.32
vertex 145.57 -158.48 1.32
endloop
endfacet
facet normal 0 0 1
outer loop
vertex 145.78 -158.14 1.76
vertex 145.57 -158.48 1.32
vertex 145.73 -158.23 1.32
endloop
endfacet
facet normal 0 0 1
outer loop
vertex 145.78 -158.14 1.76
vertex 145.73 -158.23 1.32
vertex 145.78 -158.14 1.32
endloop
endfacet
facet normal -8.827307384624968e-10 4.576515433573137e-10 1
outer loop
vertex 146.00 -157.73 1.76
vertex 145.80 -158.11 1.76
vertex 145.78 -158.14 1.76
endloop
endfacet
facet normal -8.827307384624968e-10 4.576515433573137e-10 1
outer loop
vertex 146.00 -157.73 1.76
vertex 145.78 -158.14 1.76
vertex 145.78 -158.14 1.32
endloop
endfacet
facet normal -8.827307384624968e-10 4.576515433573137e-10 1
outer loop
vertex 146.00 -157.73 1.76
vertex 145.78 -158.14 1.32
vertex 145.80 -158.11 1.32
endloop
endfacet
facet normal -8.827307384624968e-10 4.576515433573137e-10 1
outer loop
vertex 146.00 -157.73 1.76
vertex 145.80 -158.11 1.32
vertex 146.00 -157.73 1.32
endloop
endfacet
facet normal -8.827307384624968e-10 4.576515433573137e-10 1
outer loop
vertex 146.00 -157.73 1.76
vertex 146.00 -157.73 1.32
vertex 146.00 -157.73 1.32
endloop
endfacet
facet normal 1.826189759412955e-7 -1.00 0
outer loop
vertex 151.16 -157.73 1.76
vertex 146.00 -157.73 1.76
vertex 146.00 -157.73 1.32
endloop
endfacet
facet normal 1.826189759412955e-7 -1.00 0
outer loop
vertex 151.16 -157.73 1.76
vertex 146.00 -157.73 1.32
vertex 151.16 -157.73 1.32
endloop
endfacet
facet normal 0 0 1
outer loop
vertex 151.37 -158.14 1.76
vertex 151.35 -158.11 1.76
vertex 151.16 -157.73 1.76
endloop
endfacet
facet normal 0 0 1
outer loop
vertex 151.37 -158.14 1.76
vertex 151.16 -157.73 1.76
vertex 151.16 -157.73 1.76
endloop
endfacet
facet normal 0 0 1
outer loop
vertex 151.37 -158.14 1.76
vertex 151.16 -157.73 1.76
vertex 151.16 -157.73 1.32
endloop
endfacet
facet normal 0 0 1
outer loop
vertex 151.37 -158.14 1.76
vertex 151.16 -157.73 1.32
vertex 151.35 -158.11 1.32
endloop
endfacet
facet normal 0 0 1
outer loop
vertex 151.37 -158.14 1.76
vertex 151.35 -158.11 1.32
vertex 151.37 -158.14 1.32
endloop
endfacet
facet normal 0 0 1
outer loop
vertex 151.62 -158.54 1.76
vertex 151.51 -158.36 1.76
vertex 151.42 -158.22 1.76
endloop
endfacet
facet normal 0 0 1
outer loop
vertex 151.62 -158.54 1.76
vertex 151.42 -158.22 1.76
vertex 151.37 -158.14 1.76
endloop
endfacet
facet normal 0 0 1
outer loop
vertex 151.62 -158.54 1.76
vertex 151.37 -158.14 1.76
vertex 151.37 -158.14 1.32
endloop
endfacet
facet normal 0 0 1
outer loop
vertex 151.62 -158.54 1.76
vertex 151.37 -158.14 1.32
vertex 151.42 -158.23 1.32
endloop
endfacet
facet normal 0 0 1
outer loop
vertex 151.62 -158.54 1.76
vertex 151.42 -158.23 1.32
vertex 151.58 -158.48 1.32
endloop
endfacet
facet normal 0 0 1
outer loop
vertex 151.62 -158.54 1.76
vertex 151.58 -158.48 1.32
vertex 151.62 -158.54 1.32
endloop
endfacet
facet normal 0.61 -0.79 -1.6956242253009475e-13
outer loop
vertex 151.64 -158.52 1.76
vertex 151.62 -158.54 1.76
vertex 151.62 -158.54 1.32
endloop
endfacet
facet normal 0.61 -0.79 -1.6956242253009475e-13
outer loop
vertex 151.64 -158.52 1.76
vertex 151.62 -158.54 1.32
vertex 151.63 -158.53 1.32
endloop
endfacet
facet normal 0.61 -0.79 -1.6956242253009475e-13
outer loop
vertex 151.64 -158.52 1.76
vertex 151.63 -158.53 1.32
vertex 151.64 -158.52 1.32
endloop
endfacet
facet normal 0.71 -0.71 0
outer loop
vertex 151.66 -158.50 1.76
vertex 151.64 -158.52 1.76
vertex 151.64 -158.52 1.32
endloop
endfacet
facet normal 0.71 -0.71 0
outer loop
vertex 151.66 -158.50 1.76
vertex 151.64 -158.52 1.32
vertex 151.66 -158.50 1.32
endloop
endfacet
facet normal 0.79 -0.61 0
outer loop
vertex 151.68 -158.48 1.76
vertex 151.66 -158.50 1.76
vertex 151.66 -158.50 1.32
endloop
endfacet
facet normal 0.79 -0.61 0
outer loop
vertex 151.68 -158.48 1.76
vertex 151.66 -158.50 1.32
vertex 151.68 -158.48 1.32
endloop
endfacet
facet normal 0.86 -0.51 0
outer loop
vertex 151.69 -158.46 1.76
vertex 151.68 -158.48 1.76
vertex 151.68 -158.48 1.32
endloop
endfacet
facet normal 0.86 -0.51 0
outer loop
vertex 151.69 -158.46 1.76
vertex 151.68 -158.48 1.32
vertex 151.69 -158.46 1.32
endloop
endfacet
facet normal 0.92 -0.40 0
outer loop
vertex 151.70 -158.44 1.76
vertex 151.69 -158.46 1.76
vertex 151.69 -158.46 1.32
endloop
endfacet
facet normal 0.92 -0.40 0
outer loop
vertex 151.70 -158.44 1.76
vertex 151.69 -158.46 1.32
vertex 151.70 -158.44 1.32
endloop
endfacet
facet normal 0.84 -0.54 -3.350623543667296e-13
outer loop
vertex 176.83 -111.10 1.76
vertex 158.53 -139.67 1.76
vertex 158.53 -139.67 1.32
endloop
endfacet
facet normal 0.84 -0.54 -3.350623543667296e-13
outer loop
vertex 176.83 -111.10 1.76
vertex 158.53 -139.67 1.32
vertex 165.38 -128.98 1.32
endloop
endfacet
facet normal 0.84 -0.54 -3.350623543667296e-13
outer loop
vertex 176.83 -111.10 1.76
vertex 165.38 -128.98 1.32
vertex 165.48 -128.82 1.32
endloop
endfacet
facet normal 0.84 -0.54 -3.350623543667296e-13
outer loop
vertex 176.83 -111.10 1.76
vertex 165.48 -128.82 1.32
vertex 165.58 -128.67 1.32
endloop
endfacet
facet normal 0.84 -0.54 -3.350623543667296e-13
outer loop
vertex 176.83 -111.10 1.76
vertex 165.58 -128.67 1.32
vertex 165.67 -128.52 1.32
endloop
endfacet
facet normal 0.84 -0.54 -3.350623543667296e-13
outer loop
vertex 176.83 -111.10 1.76
vertex 165.67 -128.52 1.32
vertex 165.76 -128.39 1.32
endloop
endfacet
facet normal 0.84 -0.54 -3.350623543667296e-13
outer loop
vertex 176.83 -111.10 1.76
vertex 165.76 -128.39 1.32
vertex 166.54 -127.16 1.32
endloop
endfacet
facet normal 0.84 -0.54 -3.350623543667296e-13
outer loop
vertex 176.83 -111.10 1.76
vertex 166.54 -127.16 1.32
vertex 166.62 -127.04 1.32
endloop
endfacet
facet normal 0.84 -0.54 -3.350623543667296e-13
outer loop
vertex 176.83 -111.10 1.76
vertex 166.62 -127.04 1.32
vertex 166.69 -126.93 1.32
endloop
endfacet
facet normal 0.84 -0.54 -3.350623543667296e-13
outer loop
vertex 176.83 -111.10 1.76
vertex 166.69 -126.93 1.32
vertex 176.83 -111.10 1.32
endloop
endfacet
facet normal 0.88 -0.48 0
outer loop
vertex 176.85 -111.07 1.76
vertex 176.83 -111.10 1.76
vertex 176.83 -111.10 1.32
endloop
endfacet
facet normal 0.88 -0.48 0
outer loop
vertex 176.85 -111.07 1.76
vertex 176.83 -111.10 1.32
vertex 176.85 -111.07 1.32
endloop
endfacet
facet normal 0.94 -0.35 0
outer loop
vertex 176.86 -111.04 1.76
vertex 176.85 -111.07 1.76
vertex 176.85 -111.07 1.32
endloop
endfacet
facet normal 0.94 -0.35 0
outer loop
vertex 176.86 -111.04 1.76
vertex 176.85 -111.07 1.32
vertex 176.86 -111.04 1.32
endloop
endfacet
facet normal 0.98 -0.21 0
outer loop
vertex 176.86 -111.02 1.76
vertex 176.86 -111.04 1.76
vertex 176.86 -111.04 1.32
endloop
endfacet
facet normal 0.98 -0.21 0
outer loop
vertex 176.86 -111.02 1.76
vertex 176.86 -111.04 1.32
vertex 176.86 -111.02 1.32
endloop
endfacet
facet normal 0 0 1
outer loop
vertex 176.87 -110.99 1.76
vertex 176.87 -110.99 1.76
vertex 176.86 -111.02 1.76
endloop
endfacet
facet normal 0 0 1
outer loop
vertex 176.87 -110.99 1.76
vertex 176.86 -111.02 1.76
vertex 176.86 -111.02 1.32
endloop
endfacet
facet normal 0 0 1
outer loop
vertex 176.87 -110.99 1.76
vertex 176.86 -111.02 1.32
vertex 176.87 -110.99 1.32
endloop
endfacet
facet normal 1.00 0.08 0
outer loop
vertex 176.86 -110.96 1.76
vertex 176.87 -110.99 1.76
vertex 176.87 -110.99 1.32
endloop
endfacet
facet normal 1.00 0.08 0
outer loop
vertex 176.86 -110.96 1.76
vertex 176.87 -110.99 1.32
vertex 176.86 -110.96 1.32
endloop
endfacet
facet normal 0.98 0.22 0
outer loop
vertex 176.86 -110.93 1.76
vertex 176.86 -110.96 1.76
vertex 176.86 -110.96 1.32
endloop
endfacet
facet normal 0.98 0.22 0
outer loop
vertex 176.86 -110.93 1.76
vertex 176.86 -110.96 1.32
vertex 176.86 -110.93 1.32
endloop
endfacet
facet normal 0.93 0.36 0
outer loop
vertex 176.85 -110.90 1.76
vertex 176.86 -110.93 1.76
vertex 176.86 -110.93 1.32
endloop
endfacet
facet normal 0.93 0.36 0
outer loop
vertex 176.85 -110.90 1.76
vertex 176.86 -110.93 1.32
vertex 176.85 -110.90 1.32
endloop
endfacet
facet normal 0.91 0.42 -3.0295870421526657e-12
outer loop
vertex 152.84 -59.43 1.76
vertex 176.85 -110.90 1.76
vertex 176.85 -110.90 1.32
endloop
endfacet
facet normal 0.91 0.42 -3.0295870421526657e-12
outer loop
vertex 152.84 -59.43 1.76
vertex 176.85 -110.90 1.32
vertex 152.89 -59.52 1.32
endloop
endfacet
facet normal 0.91 0.42 -3.0295870421526657e-12
outer loop
vertex 152.84 -59.43 1.76
vertex 152.89 -59.52 1.32
vertex 152.84 -59.43 1.32
endloop
endfacet
facet normal 0.50 -0.87 0
outer loop
vertex 169.91 -51.46 1.76
vertex 169.88 -51.48 1.76
vertex 169.88 -51.48 1.32
endloop
endfacet
facet normal 0.50 -0.87 0
outer loop
vertex 169.91 -51.46 1.76
vertex 169.88 -51.48 1.32
vertex 169.91 -51.46 1.32
endloop
endfacet
facet normal 0.64 -0.77 0
outer loop
vertex 169.94 -51.44 1.76
vertex 169.91 -51.46 1.76
vertex 169.91 -51.46 1.32
endloop
endfacet
facet normal 0.64 -0.77 0
outer loop
vertex 169.94 -51.44 1.76
vertex 169.91 -51.46 1.32
vertex 169.94 -51.44 1.32
endloop
endfacet
facet normal 0.77 -0.64 0
outer loop
vertex 169.96 -51.41 1.76
vertex 169.94 -51.44 1.76
vertex 169.94 -51.44 1.32
endloop
endfacet
facet normal 0.77 -0.64 0
outer loop
vertex 169.96 -51.41 1.76
vertex 169.94 -51.44 1.32
vertex 169.96 -51.41 1.32
endloop
endfacet
facet normal 0.87 -0.50 0
outer loop
vertex 169.98 -51.38 1.76
vertex 169.96 -51.41 1.76
vertex 169.96 -51.41 1.32
endloop
endfacet
facet normal 0.87 -0.50 0
outer loop
vertex 169.98 -51.38 1.76
vertex 169.96 -51.41 1.32
vertex 169.98 -51.38 1.32
endloop
endfacet
facet normal 0.94 -0.34 0
outer loop
vertex 169.99 -51.35 1.76
vertex 169.98 -51.38 1.76
vertex 169.98 -51.38 1.32
endloop
endfacet
facet normal 0.94 -0.34 0
outer loop
vertex 169.99 -51.35 1.76
vertex 169.98 -51.38 1.32
vertex 169.99 -51.35 1.32
endloop
endfacet
facet normal 0.98 -0.17 0
outer loop
vertex 170.00 -51.32 1.76
vertex 169.99 -51.35 1.76
vertex 169.99 -51.35 1.32
endloop
endfacet
facet normal 0.98 -0.17 0
outer loop
vertex 170.00 -51.32 1.76
vertex 169.99 -51.35 1.32
vertex 170.00 -51.32 1.32
endloop
endfacet
facet normal -0.01 1.690007881727291e-7 1.00
outer loop
vertex 170.00 -51.28 1.76
vertex 170.00 -51.30 1.76
vertex 170.00 -51.32 1.76
endloop
endfacet
facet normal -0.01 1.690007881727291e-7 1.00
outer loop
vertex 170.00 -51.28 1.76
vertex 170.00 -51.32 1.76
vertex 170.00 -51.32 1.32
endloop
endfacet
facet normal -0.01 1.690007881727291e-7 1.00
outer loop
vertex 170.00 -51.28 1.76
vertex 170.00 -51.32 1.32
vertex 170.00 -51.28 1.32
endloop
endfacet
facet normal 0.98 0.17 0
outer loop
vertex 169.99 -51.25 1.76
vertex 170.00 -51.28 1.76
vertex 170.00 -51.28 1.32
endloop
endfacet
facet normal 0.98 0.17 0
outer loop
vertex 169.99 -51.25 1.76
vertex 170.00 -51.28 1.32
vertex 169.99 -51.25 1.32
endloop
endfacet
facet normal 0.94 0.34 0
outer loop
vertex 169.98 -51.22 1.76
vertex 169.99 -51.25 1.76
vertex 169.99 -51.25 1.32
endloop
endfacet
facet normal 0.94 0.34 0
outer loop
vertex 169.98 -51.22 1.76
vertex 169.99 -51.25 1.32
vertex 169.98 -51.22 1.32
endloop
endfacet
facet normal 0.91 0.42 5.092027018175328e-12
outer loop
vertex 168.73 -48.53 1.76
vertex 169.98 -51.22 1.76
vertex 169.98 -51.22 1.32
endloop
endfacet
facet normal 0.91 0.42 5.092027018175328e-12
outer loop
vertex 168.73 -48.53 1.76
vertex 169.98 -51.22 1.32
vertex 168.77 -48.63 1.32
endloop
endfacet
facet normal 0.91 0.42 5.092027018175328e-12
outer loop
vertex 168.73 -48.53 1.76
vertex 168.77 -48.63 1.32
vertex 168.73 -48.53 1.32
endloop
endfacet
facet normal 0.48 -0.88 0
outer loop
vertex 187.85 -40.11 1.76
vertex 187.82 -40.13 1.76
vertex 187.82 -40.13 1.32
endloop
endfacet
facet normal 0.48 -0.88 0
outer loop
vertex 187.85 -40.11 1.76
vertex 187.82 -40.13 1.32
vertex 187.85 -40.11 1.32
endloop
endfacet
facet normal 0.62 -0.78 0
outer loop
vertex 187.88 -40.09 1.76
vertex 187.85 -40.11 1.76
vertex 187.85 -40.11 1.32
endloop
endfacet
facet normal 0.62 -0.78 0
outer loop
vertex 187.88 -40.09 1.76
vertex 187.85 -40.11 1.32
vertex 187.88 -40.09 1.32
endloop
endfacet
facet normal 0.75 -0.66 0
outer loop
vertex 187.90 -40.06 1.76
vertex 187.88 -40.09 1.76
vertex 187.88 -40.09 1.32
endloop
endfacet
facet normal 0.75 -0.66 0
outer loop
vertex 187.90 -40.06 1.76
vertex 187.88 -40.09 1.32
vertex 187.90 -40.06 1.32
endloop
endfacet
facet normal 0.85 -0.53 0
outer loop
vertex 187.92 -40.03 1.76
vertex 187.90 -40.06 1.76
vertex 187.90 -40.06 1.32
endloop
endfacet
facet normal 0.85 -0.53 0
outer loop
vertex 187.92 -40.03 1.76
vertex 187.90 -40.06 1.32
vertex 187.92 -40.03 1.32
endloop
endfacet
facet normal 0.93 -0.37 0
outer loop
vertex 187.93 -40.00 1.76
vertex 187.92 -40.03 1.76
vertex 187.92 -40.03 1.32
endloop
endfacet
facet normal 0.93 -0.37 0
outer loop
vertex 187.93 -40.00 1.76
vertex 187.92 -40.03 1.32
vertex 187.93 -40.00 1.32
endloop
endfacet
facet normal 0.98 -0.21 0
outer loop
vertex 187.94 -39.97 1.76
vertex 187.93 -40.00 1.76
vertex 187.93 -40.00 1.32
endloop
endfacet
facet normal 0.98 -0.21 0
outer loop
vertex 187.94 -39.97 1.76
vertex 187.93 -40.00 1.32
vertex 187.94 -39.97 1.32
endloop
endfacet
facet normal -0.01 0.00 1.00
outer loop
vertex 187.94 -39.93 1.76
vertex 187.94 -39.94 1.76
vertex 187.94 -39.97 1.76
endloop
endfacet
facet normal -0.01 0.00 1.00
outer loop
vertex 187.94 -39.93 1.76
vertex 187.94 -39.97 1.76
vertex 187.94 -39.97 1.32
endloop
endfacet
facet normal -0.01 0.00 1.00
outer loop
vertex 187.94 -39.93 1.76
vertex 187.94 -39.97 1.32
vertex 187.94 -39.93 1.32
endloop
endfacet
facet normal 0.99 0.13 0
outer loop
vertex 187.94 -39.90 1.76
vertex 187.94 -39.93 1.76
vertex 187.94 -39.93 1.32
endloop
endfacet
facet normal 0.99 0.13 0
outer loop
vertex 187.94 -39.90 1.76
vertex 187.94 -39.93 1.32
vertex 187.94 -39.90 1.32
endloop
endfacet
facet normal 0.95 0.30 0
outer loop
vertex 187.93 -39.87 1.76
vertex 187.94 -39.90 1.76
vertex 187.94 -39.90 1.32
endloop
endfacet
facet normal 0.95 0.30 0
outer loop
vertex 187.93 -39.87 1.76
vertex 187.94 -39.90 1.32
vertex 187.93 -39.87 1.32
endloop
endfacet
facet normal 0.92 0.38 0
outer loop
vertex 181.04 -23.24 1.7
vertex 181.04 -23.24 1.76
vertex 187.93 -39.87 1.76
endloop
endfacet
facet normal 0.92 0.38 0
outer loop
vertex 181.04 -23.24 1.7
vertex 187.93 -39.87 1.76
vertex 187.93 -39.87 1.32
endloop
endfacet
facet normal 0.92 0.38 0
outer loop
vertex 181.04 -23.24 1.7
vertex 187.93 -39.87 1.32
vertex 187.93 -39.86 1.32
endloop
endfacet
facet normal 0.92 0.38 0
outer loop
vertex 181.04 -23.24 1.7
vertex 187.93 -39.86 1.32
vertex 181.04 -23.24 1.32
endloop
endfacet
facet normal -0.92 0.38 0
outer loop
vertex 109.23 -39.87 1.76
vertex 116.11 -23.24 1.76
vertex 116.11 -23.24 1.7
endloop
endfacet
facet normal -0.92 0.38 0
outer loop
vertex 109.23 -39.87 1.76
vertex 116.11 -23.24 1.7
vertex 116.11 -23.24 1.32
endloop
endfacet
facet normal -0.92 0.38 0
outer loop
vertex 109.23 -39.87 1.76
vertex 116.11 -23.24 1.32
vertex 109.23 -39.87 1.32
endloop
endfacet
facet normal -0.95 0.30 0
outer loop
vertex 109.22 -39.90 1.76
vertex 109.23 -39.87 1.76
vertex 109.23 -39.87 1.32
endloop
endfacet
facet normal -0.95 0.30 0
outer loop
vertex 109.22 -39.90 1.76
vertex 109.23 -39.87 1.32
vertex 109.22 -39.90 1.32
endloop
endfacet
facet normal -0.99 0.13 0
outer loop
vertex 109.21 -39.93 1.76
vertex 109.22 -39.90 1.76
vertex 109.22 -39.90 1.32
endloop
endfacet
facet normal -0.99 0.13 0
outer loop
vertex 109.21 -39.93 1.76
vertex 109.22 -39.90 1.32
vertex 109.21 -39.93 1.32
endloop
endfacet
facet normal 0 0 1
outer loop
vertex 109.21 -39.97 1.76
vertex 109.21 -39.94 1.76
vertex 109.21 -39.93 1.76
endloop
endfacet
facet normal 0 0 1
outer loop
vertex 109.21 -39.97 1.76
vertex 109.21 -39.93 1.76
vertex 109.21 -39.93 1.32
endloop
endfacet
facet normal 0 0 1
outer loop
vertex 109.21 -39.97 1.76
vertex 109.21 -39.93 1.32
vertex 109.21 -39.97 1.32
endloop
endfacet
facet normal -0.98 -0.21 0
outer loop
vertex 109.22 -40.00 1.76
vertex 109.21 -39.97 1.76
vertex 109.21 -39.97 1.32
endloop
endfacet
facet normal -0.98 -0.21 0
outer loop
vertex 109.22 -40.00 1.76
vertex 109.21 -39.97 1.32
vertex 109.22 -40.00 1.32
endloop
endfacet
facet normal -0.93 -0.37 0
outer loop
vertex 109.23 -40.03 1.76
vertex 109.22 -40.00 1.76
vertex 109.22 -40.00 1.32
endloop
endfacet
facet normal -0.93 -0.37 0
outer loop
vertex 109.23 -40.03 1.76
vertex 109.22 -40.00 1.32
vertex 109.23 -40.03 1.32
endloop
endfacet
facet normal -0.85 -0.53 0
outer loop
vertex 109.25 -40.06 1.76
vertex 109.23 -40.03 1.76
vertex 109.23 -40.03 1.32
endloop
endfacet
facet normal -0.85 -0.53 0
outer loop
vertex 109.25 -40.06 1.76
vertex 109.23 -40.03 1.32
vertex 109.25 -40.06 1.32
endloop
endfacet
facet normal -0.75 -0.66 0
outer loop
vertex 109.27 -40.09 1.76
vertex 109.25 -40.06 1.76
vertex 109.25 -40.06 1.32
endloop
endfacet
facet normal -0.75 -0.66 0
outer loop
vertex 109.27 -40.09 1.76
vertex 109.25 -40.06 1.32
vertex 109.27 -40.09 1.32
endloop
endfacet
facet normal -0.62 -0.78 0
outer loop
vertex 109.30 -40.11 1.76
vertex 109.27 -40.09 1.76
vertex 109.27 -40.09 1.32
endloop
endfacet
facet normal -0.62 -0.78 0
outer loop
vertex 109.30 -40.11 1.76
vertex 109.27 -40.09 1.32
vertex 109.30 -40.11 1.32
endloop
endfacet
facet normal -0.48 -0.88 0
outer loop
vertex 109.33 -40.13 1.76
vertex 109.30 -40.11 1.76
vertex 109.30 -40.11 1.32
endloop
endfacet
facet normal -0.48 -0.88 0
outer loop
vertex 109.33 -40.13 1.76
vertex 109.30 -40.11 1.32
vertex 109.33 -40.13 1.32
endloop
endfacet
facet normal -0.91 0.42 -3.747898284076811e-15
outer loop
vertex 127.18 -51.22 1.76
vertex 128.43 -48.53 1.76
vertex 128.43 -48.53 1.32
endloop
endfacet
facet normal -0.91 0.42 -3.747898284076811e-15
outer loop
vertex 127.18 -51.22 1.76
vertex 128.43 -48.53 1.32
vertex 128.38 -48.63 1.32
endloop
endfacet
facet normal -0.91 0.42 -3.747898284076811e-15
outer loop
vertex 127.18 -51.22 1.76
vertex 128.38 -48.63 1.32
vertex 127.18 -51.22 1.32
endloop
endfacet
facet normal -0.94 0.34 0
outer loop
vertex 127.16 -51.25 1.76
vertex 127.18 -51.22 1.76
vertex 127.18 -51.22 1.32
endloop
endfacet
facet normal -0.94 0.34 0
outer loop
vertex 127.16 -51.25 1.76
vertex 127.18 -51.22 1.32
vertex 127.16 -51.25 1.32
endloop
endfacet
facet normal -0.98 0.17 0
outer loop
vertex 127.16 -51.28 1.76
vertex 127.16 -51.25 1.76
vertex 127.16 -51.25 1.32
endloop
endfacet
facet normal -0.98 0.17 0
outer loop
vertex 127.16 -51.28 1.76
vertex 127.16 -51.25 1.32
vertex 127.16 -51.28 1.32
endloop
endfacet
facet normal 0 0 -1
outer loop
vertex 127.16 -51.32 1.76
vertex 127.16 -51.30 1.76
vertex 127.16 -51.28 1.76
endloop
endfacet
facet normal 0 0 -1
outer loop
vertex 127.16 -51.32 1.76
vertex 127.16 -51.28 1.76
vertex 127.16 -51.28 1.32
endloop
endfacet
facet normal 0 0 -1
outer loop
vertex 127.16 -51.32 1.76
vertex 127.16 -51.28 1.32
vertex 127.16 -51.32 1.32
endloop
endfacet
facet normal -0.98 -0.17 0
outer loop
vertex 127.16 -51.35 1.76
vertex 127.16 -51.32 1.76
vertex 127.16 -51.32 1.32
endloop
endfacet
facet normal -0.98 -0.17 0
outer loop
vertex 127.16 -51.35 1.76
vertex 127.16 -51.32 1.32
vertex 127.16 -51.35 1.32
endloop
endfacet
facet normal -0.94 -0.34 0
outer loop
vertex 127.18 -51.38 1.76
vertex 127.16 -51.35 1.76
vertex 127.16 -51.35 1.32
endloop
endfacet
facet normal -0.94 -0.34 0
outer loop
vertex 127.18 -51.38 1.76
vertex 127.16 -51.35 1.32
vertex 127.18 -51.38 1.32
endloop
endfacet
facet normal -0.87 -0.50 0
outer loop
vertex 127.19 -51.41 1.76
vertex 127.18 -51.38 1.76
vertex 127.18 -51.38 1.32
endloop
endfacet
facet normal -0.87 -0.50 0
outer loop
vertex 127.19 -51.41 1.76
vertex 127.18 -51.38 1.32
vertex 127.19 -51.41 1.32
endloop
endfacet
facet normal -0.77 -0.64 0
outer loop
vertex 127.22 -51.44 1.76
vertex 127.19 -51.41 1.76
vertex 127.19 -51.41 1.32
endloop
endfacet
facet normal -0.77 -0.64 0
outer loop
vertex 127.22 -51.44 1.76
vertex 127.19 -51.41 1.32
vertex 127.22 -51.44 1.32
endloop
endfacet
facet normal -0.64 -0.77 0
outer loop
vertex 127.24 -51.46 1.76
vertex 127.22 -51.44 1.76
vertex 127.22 -51.44 1.32
endloop
endfacet
facet normal -0.64 -0.77 0
outer loop
vertex 127.24 -51.46 1.76
vertex 127.22 -51.44 1.32
vertex 127.24 -51.46 1.32
endloop
endfacet
facet normal -0.50 -0.87 0
outer loop
vertex 127.27 -51.48 1.76
vertex 127.24 -51.46 1.76
vertex 127.24 -51.46 1.32
endloop
endfacet
facet normal -0.50 -0.87 0
outer loop
vertex 127.27 -51.48 1.76
vertex 127.24 -51.46 1.32
vertex 127.27 -51.48 1.32
endloop
endfacet
facet normal -0.91 0.42 7.658376977667527e-7
outer loop
vertex 120.31 -110.90 1.76
vertex 144.31 -59.43 1.76
vertex 144.31 -59.43 1.32
endloop
endfacet
facet normal -0.91 0.42 7.658376977667527e-7
outer loop
vertex 120.31 -110.90 1.76
vertex 144.31 -59.43 1.32
vertex 144.27 -59.52 1.32
endloop
endfacet
facet normal -0.91 0.42 7.658376977667527e-7
outer loop
vertex 120.31 -110.90 1.76
vertex 144.27 -59.52 1.32
vertex 120.31 -110.90 1.32
endloop
endfacet
facet normal -0.93 0.36 0
outer loop
vertex 120.30 -110.93 1.76
vertex 120.31 -110.90 1.76
vertex 120.31 -110.90 1.32
endloop
endfacet
facet normal -0.93 0.36 0
outer loop
vertex 120.30 -110.93 1.76
vertex 120.31 -110.90 1.32
vertex 120.30 -110.93 1.32
endloop
endfacet
facet normal -0.98 0.22 0
outer loop
vertex 120.29 -110.96 1.76
vertex 120.30 -110.93 1.76
vertex 120.30 -110.93 1.32
endloop
endfacet
facet normal -0.98 0.22 0
outer loop
vertex 120.29 -110.96 1.76
vertex 120.30 -110.93 1.32
vertex 120.29 -110.96 1.32
endloop
endfacet
facet normal -1.00 0.08 0
outer loop
vertex 120.29 -110.99 1.76
vertex 120.29 -110.96 1.76
vertex 120.29 -110.96 1.32
endloop
endfacet
facet normal -1.00 0.08 0
outer loop
vertex 120.29 -110.99 1.76
vertex 120.29 -110.96 1.32
vertex 120.29 -110.99 1.32
endloop
endfacet
facet normal 0 0 1
outer loop
vertex 120.29 -111.02 1.76
vertex 120.29 -110.99 1.76
vertex 120.29 -110.99 1.76
endloop
endfacet
facet normal 0 0 1
outer loop
vertex 120.29 -111.02 1.76
vertex 120.29 -110.99 1.76
vertex 120.29 -110.99 1.32
endloop
endfacet
facet normal 0 0 1
outer loop
vertex 120.29 -111.02 1.76
vertex 120.29 -110.99 1.32
vertex 120.29 -111.02 1.32
endloop
endfacet
facet normal -0.98 -0.21 0
outer loop
vertex 120.30 -111.04 1.76
vertex 120.29 -111.02 1.76
vertex 120.29 -111.02 1.32
endloop
endfacet
facet normal -0.98 -0.21 0
outer loop
vertex 120.30 -111.04 1.76
vertex 120.29 -111.02 1.32
vertex 120.30 -111.04 1.32
endloop
endfacet
facet normal -0.94 -0.35 0
outer loop
vertex 120.31 -111.07 1.76
vertex 120.30 -111.04 1.76
vertex 120.30 -111.04 1.32
endloop
endfacet
facet normal -0.94 -0.35 0
outer loop
vertex 120.31 -111.07 1.76
vertex 120.30 -111.04 1.32
vertex 120.31 -111.07 1.32
endloop
endfacet
facet normal -0.88 -0.48 0
outer loop
vertex 120.32 -111.10 1.76
vertex 120.31 -111.07 1.76
vertex 120.31 -111.07 1.32
endloop
endfacet
facet normal -0.88 -0.48 0
outer loop
vertex 120.32 -111.10 1.76
vertex 120.31 -111.07 1.32
vertex 120.32 -111.10 1.32
endloop
endfacet
facet normal -0.84 -0.54 2.8099551671176585e-12
outer loop
vertex 138.62 -139.67 1.76
vertex 120.32 -111.10 1.76
vertex 120.32 -111.10 1.32
endloop
endfacet
facet normal -0.84 -0.54 2.8099551671176585e-12
outer loop
vertex 138.62 -139.67 1.76
vertex 120.32 -111.10 1.32
vertex 130.45 -126.91 1.32
endloop
endfacet
facet normal -0.84 -0.54 2.8099551671176585e-12
outer loop
vertex 138.62 -139.67 1.76
vertex 130.45 -126.91 1.32
vertex 130.52 -127.03 1.32
endloop
endfacet
facet normal -0.84 -0.54 2.8099551671176585e-12
outer loop
vertex 138.62 -139.67 1.76
vertex 130.52 -127.03 1.32
vertex 130.61 -127.16 1.32
endloop
endfacet
facet normal -0.84 -0.54 2.8099551671176585e-12
outer loop
vertex 138.62 -139.67 1.76
vertex 130.61 -127.16 1.32
vertex 131.40 -128.39 1.32
endloop
endfacet
facet normal -0.84 -0.54 2.8099551671176585e-12
outer loop
vertex 138.62 -139.67 1.76
vertex 131.40 -128.39 1.32
vertex 131.49 -128.54 1.32
endloop
endfacet
facet normal -0.84 -0.54 2.8099551671176585e-12
outer loop
vertex 138.62 -139.67 1.76
vertex 131.49 -128.54 1.32
vertex 131.60 -128.70 1.32
endloop
endfacet
facet normal -0.84 -0.54 2.8099551671176585e-12
outer loop
vertex 138.62 -139.67 1.76
vertex 131.60 -128.70 1.32
vertex 131.71 -128.87 1.32
endloop
endfacet
facet normal -0.84 -0.54 2.8099551671176585e-12
outer loop
vertex 138.62 -139.67 1.76
vertex 131.71 -128.87 1.32
vertex 138.62 -139.67 1.32
endloop
endfacet
facet normal 0 0 1
outer loop
vertex 145.78 -158.14 1.76
vertex 145.80 -158.11 1.76
vertex 145.73 -158.22 1.76
endloop
endfacet
facet normal 0 0 1
outer loop
vertex 151.35 -158.11 1.76
vertex 151.37 -158.14 1.76
vertex 151.42 -158.22 1.76
endloop
endfacet
facet normal 0 0 1
outer loop
vertex 145.64 -158.36 1.76
vertex 142.44 -149.57 1.76
vertex 142.23 -149.57 1.76
endloop
endfacet
facet normal 0 0 1
outer loop
vertex 145.64 -158.36 1.76
vertex 142.23 -149.57 1.76
vertex 142.23 -149.57 1.76
endloop
endfacet
facet normal 0 0 1
outer loop
vertex 145.64 -158.36 1.76
vertex 142.23 -149.57 1.76
vertex 145.46 -158.44 1.76
endloop
endfacet
facet normal 0 0 1
outer loop
vertex 145.64 -158.36 1.76
vertex 145.46 -158.44 1.76
vertex 145.47 -158.47 1.76
endloop
endfacet
facet normal 0 0 1
outer loop
vertex 145.64 -158.36 1.76
vertex 145.47 -158.47 1.76
vertex 145.49 -158.49 1.76
endloop
endfacet
facet normal 0 0 1
outer loop
vertex 145.64 -158.36 1.76
vertex 145.49 -158.49 1.76
vertex 145.51 -158.52 1.76
endloop
endfacet
facet normal 0 0 1
outer loop
vertex 145.64 -158.36 1.76
vertex 145.51 -158.52 1.76
vertex 145.53 -158.54 1.76
endloop
endfacet
facet normal 0 0 1
outer loop
vertex 151.64 -158.52 1.76
vertex 151.66 -158.50 1.76
vertex 151.68 -158.48 1.76
endloop
endfacet
facet normal 0 0 1
outer loop
vertex 151.64 -158.52 1.76
vertex 151.68 -158.48 1.76
vertex 151.69 -158.46 1.76
endloop
endfacet
facet normal 0 0 1
outer loop
vertex 151.64 -158.52 1.76
vertex 151.69 -158.46 1.76
vertex 151.70 -158.44 1.76
endloop
endfacet
facet normal 0 0 1
outer loop
vertex 151.64 -158.52 1.76
vertex 151.70 -158.44 1.76
vertex 154.93 -149.57 1.76
endloop
endfacet
facet normal 0 0 1
outer loop
vertex 151.64 -158.52 1.76
vertex 154.93 -149.57 1.76
vertex 154.93 -149.57 1.76
endloop
endfacet
facet normal 0 0 1
outer loop
vertex 151.64 -158.52 1.76
vertex 154.93 -149.57 1.76
vertex 154.71 -149.57 1.76
endloop
endfacet
facet normal 0 0 1
outer loop
vertex 151.64 -158.52 1.76
vertex 154.71 -149.57 1.76
vertex 151.51 -158.36 1.76
endloop
endfacet
facet normal 0 0 1
outer loop
vertex 151.64 -158.52 1.76
vertex 151.51 -158.36 1.76
vertex 151.62 -158.54 1.76
endloop
endfacet
facet normal 0 0 1
outer loop
vertex 142.44 -149.57 1.76
vertex 142.38 -149.41 1.76
vertex 142.21 -149.41 1.76
endloop
endfacet
facet normal 0 0 1
outer loop
vertex 142.44 -149.57 1.76
vertex 142.21 -149.41 1.76
vertex 142.23 -149.57 1.76
endloop
endfacet
facet normal 0 0 1
outer loop
vertex 154.93 -149.57 1.76
vertex 154.94 -149.41 1.76
vertex 154.77 -149.41 1.76
endloop
endfacet
facet normal 0 0 1
outer loop
vertex 154.93 -149.57 1.76
vertex 154.77 -149.41 1.76
vertex 154.71 -149.57 1.76
endloop
endfacet
facet normal 0 0 1
outer loop
vertex 154.94 -149.41 1.76
vertex 154.99 -149.26 1.76
vertex 154.83 -149.26 1.76
endloop
endfacet
facet normal 0 0 1
outer loop
vertex 154.94 -149.41 1.76
vertex 154.83 -149.26 1.76
vertex 154.77 -149.41 1.76
endloop
endfacet
facet normal 0 0 1
outer loop
vertex 142.38 -149.41 1.76
vertex 142.33 -149.26 1.76
vertex 142.17 -149.26 1.76
endloop
endfacet
facet normal 0 0 1
outer loop
vertex 142.38 -149.41 1.76
vertex 142.17 -149.26 1.76
vertex 142.21 -149.41 1.76
endloop
endfacet
facet normal 0 0 1
outer loop
vertex 154.99 -149.26 1.76
vertex 155.50 -147.85 1.76
vertex 155.34 -147.85 1.76
endloop
endfacet
facet normal 0 0 1
outer loop
vertex 154.99 -149.26 1.76
vertex 155.34 -147.85 1.76
vertex 154.83 -149.26 1.76
endloop
endfacet
facet normal 0 0 1
outer loop
vertex 142.33 -149.26 1.76
vertex 141.81 -147.85 1.76
vertex 141.65 -147.85 1.76
endloop
endfacet
facet normal 0 0 1
outer loop
vertex 142.33 -149.26 1.76
vertex 141.65 -147.85 1.76
vertex 142.17 -149.26 1.76
endloop
endfacet
facet normal 0 0 1
outer loop
vertex 155.50 -147.85 1.76
vertex 155.56 -147.71 1.76
vertex 155.39 -147.71 1.76
endloop
endfacet
facet normal 0 0 1
outer loop
vertex 155.50 -147.85 1.76
vertex 155.39 -147.71 1.76
vertex 155.34 -147.85 1.76
endloop
endfacet
facet normal 0 0 1
outer loop
vertex 141.81 -147.85 1.76
vertex 141.76 -147.69 1.76
vertex 141.58 -147.69 1.76
endloop
endfacet
facet normal 0 0 1
outer loop
vertex 141.81 -147.85 1.76
vertex 141.58 -147.69 1.76
vertex 141.65 -147.85 1.76
endloop
endfacet
facet normal 0 0 1
outer loop
vertex 155.56 -147.71 1.76
vertex 155.65 -147.58 1.76
vertex 155.44 -147.58 1.76
endloop
endfacet
facet normal 0 0 1
outer loop
vertex 155.56 -147.71 1.76
vertex 155.44 -147.58 1.76
vertex 155.39 -147.71 1.76
endloop
endfacet
facet normal 0 0 1
outer loop
vertex 141.76 -147.69 1.76
vertex 138.84 -139.67 1.76
vertex 138.62 -139.67 1.76
endloop
endfacet
facet normal 0 0 1
outer loop
vertex 141.76 -147.69 1.76
vertex 138.62 -139.67 1.76
vertex 141.50 -147.58 1.76
endloop
endfacet
facet normal 0 0 1
outer loop
vertex 141.76 -147.69 1.76
vertex 141.50 -147.58 1.76
vertex 141.58 -147.69 1.76
endloop
endfacet
facet normal 0 0 1
outer loop
vertex 155.65 -147.58 1.76
vertex 155.65 -147.58 1.76
vertex 158.53 -139.67 1.76
endloop
endfacet
facet normal 0 0 1
outer loop
vertex 155.65 -147.58 1.76
vertex 158.53 -139.67 1.76
vertex 158.32 -139.67 1.76
endloop
endfacet
facet normal 0 0 1
outer loop
vertex 155.65 -147.58 1.76
vertex 158.32 -139.67 1.76
vertex 155.44 -147.58 1.76
endloop
endfacet
facet normal 0 0 1
outer loop
vertex 138.84 -139.67 1.76
vertex 138.80 -139.58 1.76
vertex 120.49 -110.99 1.76
endloop
endfacet
facet normal 0 0 1
outer loop
vertex 138.84 -139.67 1.76
vertex 120.49 -110.99 1.76
vertex 120.29 -110.99 1.76
endloop
endfacet
facet normal 0 0 1
outer loop
vertex 138.84 -139.67 1.76
vertex 120.29 -110.99 1.76
vertex 120.29 -111.02 1.76
endloop
endfacet
facet normal 0 0 1
outer loop
vertex 138.84 -139.67 1.76
vertex 120.29 -111.02 1.76
vertex 120.30 -111.04 1.76
endloop
endfacet
facet normal 0 0 1
outer loop
vertex 138.84 -139.67 1.76
vertex 120.30 -111.04 1.76
vertex 120.31 -111.07 1.76
endloop
endfacet
facet normal 0 0 1
outer loop
vertex 138.84 -139.67 1.76
vertex 120.31 -111.07 1.76
vertex 120.32 -111.10 1.76
endloop
endfacet
facet normal 0 0 1
outer loop
vertex 138.84 -139.67 1.76
vertex 120.32 -111.10 1.76
vertex 138.62 -139.67 1.76
endloop
endfacet
facet normal 0 0 1
outer loop
vertex 158.53 -139.67 1.76
vertex 176.83 -111.10 1.76
vertex 176.85 -111.07 1.76
endloop
endfacet
facet normal 0 0 1
outer loop
vertex 158.53 -139.67 1.76
vertex 176.85 -111.07 1.76
vertex 176.86 -111.04 1.76
endloop
endfacet
facet normal 0 0 1
outer loop
vertex 158.53 -139.67 1.76
vertex 176.86 -111.04 1.76
vertex 176.86 -111.02 1.76
endloop
endfacet
facet normal 0 0 1
outer loop
vertex 158.53 -139.67 1.76
vertex 176.86 -111.02 1.76
vertex 176.87 -110.99 1.76
endloop
endfacet
facet normal 0 0 1
outer loop
vertex 158.53 -139.67 1.76
vertex 176.87 -110.99 1.76
vertex 176.67 -110.99 1.76
endloop
endfacet
facet normal 0 0 1
outer loop
vertex 158.53 -139.67 1.76
vertex 176.67 -110.99 1.76
vertex 158.35 -139.58 1.76
endloop
endfacet
facet normal 0 0 1
outer loop
vertex 158.53 -139.67 1.76
vertex 158.35 -139.58 1.76
vertex 158.32 -139.67 1.76
endloop
endfacet
facet normal 0 0 1
outer loop
vertex 120.49 -110.99 1.76
vertex 144.53 -59.43 1.76
vertex 144.31 -59.43 1.76
endloop
endfacet
facet normal 0 0 1
outer loop
vertex 120.49 -110.99 1.76
vertex 144.31 -59.43 1.76
vertex 120.31 -110.90 1.76
endloop
endfacet
facet normal 0 0 1
outer loop
vertex 120.49 -110.99 1.76
vertex 120.31 -110.90 1.76
vertex 120.30 -110.93 1.76
endloop
endfacet
facet normal 0 0 1
outer loop
vertex 120.49 -110.99 1.76
vertex 120.30 -110.93 1.76
vertex 120.29 -110.96 1.76
endloop
endfacet
facet normal 0 0 1
outer loop
vertex 120.49 -110.99 1.76
vertex 120.29 -110.96 1.76
vertex 120.29 -110.99 1.76
endloop
endfacet
facet normal 0 0 1
outer loop
vertex 120.49 -110.99 1.76
vertex 120.29 -110.99 1.76
vertex 120.29 -110.99 1.76
endloop
endfacet
facet normal 0 0 1
outer loop
vertex 176.87 -110.99 1.76
vertex 176.87 -110.99 1.76
vertex 176.86 -110.96 1.76
endloop
endfacet
facet normal 0 0 1
outer loop
vertex 176.87 -110.99 1.76
vertex 176.86 -110.96 1.76
vertex 176.86 -110.93 1.76
endloop
endfacet
facet normal 0 0 1
outer loop
vertex 176.87 -110.99 1.76
vertex 176.86 -110.93 1.76
vertex 176.85 -110.90 1.76
endloop
endfacet
facet normal 0 0 1
outer loop
vertex 176.87 -110.99 1.76
vertex 176.85 -110.90 1.76
vertex 152.84 -59.43 1.76
endloop
endfacet
facet normal 0 0 1
outer loop
vertex 176.87 -110.99 1.76
vertex 152.84 -59.43 1.76
vertex 152.62 -59.43 1.76
endloop
endfacet
facet normal 0 0 1
outer loop
vertex 176.87 -110.99 1.76
vertex 152.62 -59.43 1.76
vertex 176.67 -110.99 1.76
endloop
endfacet
facet normal 0 0 1
outer loop
vertex 152.84 -59.43 1.76
vertex 160.31 -55.94 1.76
vertex 160.31 -55.94 1.76
endloop
endfacet
facet normal 0 0 1
outer loop
vertex 152.84 -59.43 1.76
vertex 160.31 -55.94 1.76
vertex 159.84 -55.94 1.76
endloop
endfacet
facet normal 0 0 1
outer loop
vertex 152.84 -59.43 1.76
vertex 159.84 -55.94 1.76
vertex 152.58 -59.33 1.76
endloop
endfacet
facet normal 0 0 1
outer loop
vertex 152.84 -59.43 1.76
vertex 152.58 -59.33 1.76
vertex 152.62 -59.43 1.76
endloop
endfacet
facet normal 0 0 1
outer loop
vertex 144.53 -59.43 1.76
vertex 144.58 -59.33 1.76
vertex 137.12 -55.85 1.76
endloop
endfacet
facet normal 0 0 1
outer loop
vertex 144.53 -59.43 1.76
vertex 137.12 -55.85 1.76
vertex 136.73 -55.85 1.76
endloop
endfacet
facet normal 0 0 1
outer loop
vertex 144.53 -59.43 1.76
vertex 136.73 -55.85 1.76
vertex 136.84 -55.94 1.76
endloop
endfacet
facet normal 0 0 1
outer loop
vertex 144.53 -59.43 1.76
vertex 136.84 -55.94 1.76
vertex 144.31 -59.43 1.76
endloop
endfacet
facet normal 0 0 1
outer loop
vertex 160.31 -55.94 1.76
vertex 160.43 -55.84 1.76
vertex 160.05 -55.84 1.76
endloop
endfacet
facet normal 0 0 1
outer loop
vertex 160.31 -55.94 1.76
vertex 160.05 -55.84 1.76
vertex 159.84 -55.94 1.76
endloop
endfacet
facet normal 0 0 1
outer loop
vertex 137.12 -55.85 1.76
vertex 136.94 -55.77 1.76
vertex 136.58 -55.77 1.76
endloop
endfacet
facet normal 0 0 1
outer loop
vertex 137.12 -55.85 1.76
vertex 136.58 -55.77 1.76
vertex 136.73 -55.85 1.76
endloop
endfacet
facet normal 0 0 1
outer loop
vertex 160.43 -55.84 1.76
vertex 160.57 -55.77 1.76
vertex 160.22 -55.77 1.76
endloop
endfacet
facet normal 0 0 1
outer loop
vertex 160.43 -55.84 1.76
vertex 160.22 -55.77 1.76
vertex 160.05 -55.84 1.76
endloop
endfacet
facet normal 0 0 1
outer loop
vertex 136.94 -55.77 1.76
vertex 135.58 -55.13 1.76
vertex 135.22 -55.13 1.76
endloop
endfacet
facet normal 0 0 1
outer loop
vertex 136.94 -55.77 1.76
vertex 135.22 -55.13 1.76
vertex 136.58 -55.77 1.76
endloop
endfacet
facet normal 0 0 1
outer loop
vertex 160.57 -55.77 1.76
vertex 161.93 -55.13 1.76
vertex 161.58 -55.13 1.76
endloop
endfacet
facet normal 0 0 1
outer loop
vertex 160.57 -55.77 1.76
vertex 161.58 -55.13 1.76
vertex 160.22 -55.77 1.76
endloop
endfacet
facet normal 0 0 1
outer loop
vertex 135.58 -55.13 1.76
vertex 135.45 -55.07 1.76
vertex 135.06 -55.07 1.76
endloop
endfacet
facet normal 0 0 1
outer loop
vertex 135.58 -55.13 1.76
vertex 135.06 -55.07 1.76
vertex 135.22 -55.13 1.76
endloop
endfacet
facet normal 0 0 1
outer loop
vertex 161.93 -55.13 1.76
vertex 162.09 -55.07 1.76
vertex 161.70 -55.07 1.76
endloop
endfacet
facet normal 0 0 1
outer loop
vertex 161.93 -55.13 1.76
vertex 161.70 -55.07 1.76
vertex 161.58 -55.13 1.76
endloop
endfacet
facet normal 0 0 1
outer loop
vertex 135.45 -55.07 1.76
vertex 127.36 -51.30 1.76
vertex 127.16 -51.30 1.76
endloop
endfacet
facet normal 0 0 1
outer loop
vertex 135.45 -55.07 1.76
vertex 127.16 -51.30 1.76
vertex 127.16 -51.32 1.76
endloop
endfacet
facet normal 0 0 1
outer loop
vertex 135.45 -55.07 1.76
vertex 127.16 -51.32 1.76
vertex 127.16 -51.35 1.76
endloop
endfacet
facet normal 0 0 1
outer loop
vertex 135.45 -55.07 1.76
vertex 127.16 -51.35 1.76
vertex 127.18 -51.38 1.76
endloop
endfacet
facet normal 0 0 1
outer loop
vertex 135.45 -55.07 1.76
vertex 127.18 -51.38 1.76
vertex 127.19 -51.41 1.76
endloop
endfacet
facet normal 0 0 1
outer loop
vertex 135.45 -55.07 1.76
vertex 127.19 -51.41 1.76
vertex 127.22 -51.44 1.76
endloop
endfacet
facet normal 0 0 1
outer loop
vertex 135.45 -55.07 1.76
vertex 127.22 -51.44 1.76
vertex 127.24 -51.46 1.76
endloop
endfacet
facet normal 0 0 1
outer loop
vertex 135.45 -55.07 1.76
vertex 127.24 -51.46 1.76
vertex 127.27 -51.48 1.76
endloop
endfacet
facet normal 0 0 1
outer loop
vertex 135.45 -55.07 1.76
vertex 127.27 -51.48 1.76
vertex 134.93 -55.05 1.76
endloop
endfacet
facet normal 0 0 1
outer loop
vertex 135.45 -55.07 1.76
vertex 134.93 -55.05 1.76
vertex 135.06 -55.07 1.76
endloop
endfacet
facet normal 0 0 1
outer loop
vertex 162.09 -55.07 1.76
vertex 162.23 -55.05 1.76
vertex 169.88 -51.48 1.76
endloop
endfacet
facet normal 0 0 1
outer loop
vertex 162.09 -55.07 1.76
vertex 169.88 -51.48 1.76
vertex 169.91 -51.46 1.76
endloop
endfacet
facet normal 0 0 1
outer loop
vertex 162.09 -55.07 1.76
vertex 169.91 -51.46 1.76
vertex 169.94 -51.44 1.76
endloop
endfacet
facet normal 0 0 1
outer loop
vertex 162.09 -55.07 1.76
vertex 169.94 -51.44 1.76
vertex 169.96 -51.41 1.76
endloop
endfacet
facet normal 0 0 1
outer loop
vertex 162.09 -55.07 1.76
vertex 169.96 -51.41 1.76
vertex 169.98 -51.38 1.76
endloop
endfacet
facet normal 0 0 1
outer loop
vertex 162.09 -55.07 1.76
vertex 169.98 -51.38 1.76
vertex 169.99 -51.35 1.76
endloop
endfacet
facet normal 0 0 1
outer loop
vertex 162.09 -55.07 1.76
vertex 169.99 -51.35 1.76
vertex 170.00 -51.32 1.76
endloop
endfacet
facet normal 0 0 1
outer loop
vertex 162.09 -55.07 1.76
vertex 170.00 -51.32 1.76
vertex 170.00 -51.30 1.76
endloop
endfacet
facet normal 0 0 1
outer loop
vertex 162.09 -55.07 1.76
vertex 170.00 -51.30 1.76
vertex 169.80 -51.30 1.76
endloop
endfacet
facet normal 0 0 1
outer loop
vertex 162.09 -55.07 1.76
vertex 169.80 -51.30 1.76
vertex 161.70 -55.07 1.76
endloop
endfacet
facet normal 0 0 1
outer loop
vertex 127.36 -51.30 1.76
vertex 128.65 -48.53 1.76
vertex 128.43 -48.53 1.76
endloop
endfacet
facet normal 0 0 1
outer loop
vertex 127.36 -51.30 1.76
vertex 128.43 -48.53 1.76
vertex 127.18 -51.22 1.76
endloop
endfacet
facet normal 0 0 1
outer loop
vertex 127.36 -51.30 1.76
vertex 127.18 -51.22 1.76
vertex 127.16 -51.25 1.76
endloop
endfacet
facet normal 0 0 1
outer loop
vertex 127.36 -51.30 1.76
vertex 127.16 -51.25 1.76
vertex 127.16 -51.28 1.76
endloop
endfacet
facet normal 0 0 1
outer loop
vertex 127.36 -51.30 1.76
vertex 127.16 -51.28 1.76
vertex 127.16 -51.30 1.76
endloop
endfacet
facet normal 0 0 1
outer loop
vertex 170.00 -51.30 1.76
vertex 170.00 -51.28 1.76
vertex 169.99 -51.25 1.76
endloop
endfacet
facet normal 0 0 1
outer loop
vertex 170.00 -51.30 1.76
vertex 169.99 -51.25 1.76
vertex 169.98 -51.22 1.76
endloop
endfacet
facet normal 0 0 1
outer loop
vertex 170.00 -51.30 1.76
vertex 169.98 -51.22 1.76
vertex 168.73 -48.53 1.76
endloop
endfacet
facet normal 0 0 1
outer loop
vertex 170.00 -51.30 1.76
vertex 168.73 -48.53 1.76
vertex 168.51 -48.53 1.76
endloop
endfacet
facet normal 0 0 1
outer loop
vertex 170.00 -51.30 1.76
vertex 168.51 -48.53 1.76
vertex 169.80 -51.30 1.76
endloop
endfacet
facet normal 0 0 1
outer loop
vertex 128.65 -48.53 1.76
vertex 128.69 -48.43 1.76
vertex 121.36 -45.20 1.76
endloop
endfacet
facet normal 0 0 1
outer loop
vertex 128.65 -48.53 1.76
vertex 121.36 -45.20 1.76
vertex 121.10 -45.20 1.76
endloop
endfacet
facet normal 0 0 1
outer loop
vertex 128.65 -48.53 1.76
vertex 121.10 -45.20 1.76
vertex 121.18 -45.34 1.76
endloop
endfacet
facet normal 0 0 1
outer loop
vertex 128.65 -48.53 1.76
vertex 121.18 -45.34 1.76
vertex 128.43 -48.53 1.76
endloop
endfacet
facet normal 0 0 1
outer loop
vertex 168.73 -48.53 1.76
vertex 175.97 -45.34 1.76
vertex 176.06 -45.20 1.76
endloop
endfacet
facet normal 0 0 1
outer loop
vertex 168.73 -48.53 1.76
vertex 176.06 -45.20 1.76
vertex 175.80 -45.20 1.76
endloop
endfacet
facet normal 0 0 1
outer loop
vertex 168.73 -48.53 1.76
vertex 175.80 -45.20 1.76
vertex 168.46 -48.43 1.76
endloop
endfacet
facet normal 0 0 1
outer loop
vertex 168.73 -48.53 1.76
vertex 168.46 -48.43 1.76
vertex 168.51 -48.53 1.76
endloop
endfacet
facet normal 0 0 1
outer loop
vertex 121.36 -45.20 1.76
vertex 121.05 -45.07 1.76
vertex 120.99 -45.07 1.76
endloop
endfacet
facet normal 0 0 1
outer loop
vertex 121.36 -45.20 1.76
vertex 120.99 -45.07 1.76
vertex 121.10 -45.20 1.76
endloop
endfacet
facet normal 0 0 1
outer loop
vertex 176.06 -45.20 1.76
vertex 176.17 -45.07 1.76
vertex 176.10 -45.07 1.76
endloop
endfacet
facet normal 0 0 1
outer loop
vertex 176.06 -45.20 1.76
vertex 176.10 -45.07 1.76
vertex 175.80 -45.20 1.76
endloop
endfacet
facet normal 0 0 1
outer loop
vertex 121.05 -45.07 1.76
vertex 120.91 -45.01 1.76
vertex 120.99 -45.07 1.76
endloop
endfacet
facet normal 0 0 1
outer loop
vertex 176.17 -45.07 1.76
vertex 176.24 -45.01 1.76
vertex 176.10 -45.07 1.76
endloop
endfacet
facet normal 0 0 1
outer loop
vertex 118.66 -44.17 1.76
vertex 118.53 -44.17 1.76
vertex 118.59 -44.20 1.76
endloop
endfacet
facet normal 0 0 1
outer loop
vertex 178.63 -44.17 1.76
vertex 178.49 -44.17 1.76
vertex 178.57 -44.20 1.76
endloop
endfacet
facet normal 0 0 1
outer loop
vertex 118.66 -44.17 1.76
vertex 118.83 -44.14 1.76
vertex 118.46 -44.14 1.76
endloop
endfacet
facet normal 0 0 1
outer loop
vertex 118.66 -44.17 1.76
vertex 118.46 -44.14 1.76
vertex 118.53 -44.17 1.76
endloop
endfacet
facet normal 0 0 1
outer loop
vertex 178.63 -44.17 1.76
vertex 178.70 -44.14 1.76
vertex 178.32 -44.14 1.76
endloop
endfacet
facet normal 0 0 1
outer loop
vertex 178.63 -44.17 1.76
vertex 178.32 -44.14 1.76
vertex 178.49 -44.17 1.76
endloop
endfacet
facet normal 0 0 1
outer loop
vertex 178.32 -44.14 1.76
vertex 178.70 -44.14 1.76
vertex 178.87 -44.07 1.76
endloop
endfacet
facet normal 0 0 1
outer loop
vertex 178.32 -44.14 1.76
vertex 178.87 -44.07 1.76
vertex 178.37 -44.07 1.76
endloop
endfacet
facet normal 0 0 1
outer loop
vertex 178.32 -44.14 1.76
vertex 178.37 -44.07 1.76
vertex 178.23 -44.13 1.76
endloop
endfacet
facet normal 0 0 1
outer loop
vertex 178.32 -44.14 1.76
vertex 178.23 -44.13 1.76
vertex 178.20 -44.14 1.76
endloop
endfacet
facet normal 0 -2.115087604821539e-16 1
outer loop
vertex 118.83 -44.14 1.76
vertex 118.95 -44.14 1.76
vertex 109.41 -39.94 1.76
endloop
endfacet
facet normal 0 -2.115087604821539e-16 1
outer loop
vertex 118.83 -44.14 1.76
vertex 109.41 -39.94 1.76
vertex 109.21 -39.94 1.76
endloop
endfacet
facet normal 0 -2.115087604821539e-16 1
outer loop
vertex 118.83 -44.14 1.76
vertex 109.21 -39.94 1.76
vertex 109.21 -39.97 1.76
endloop
endfacet
facet normal 0 -2.115087604821539e-16 1
outer loop
vertex 118.83 -44.14 1.76
vertex 109.21 -39.97 1.76
vertex 109.22 -40.00 1.76
endloop
endfacet
facet normal 0 -2.115087604821539e-16 1
outer loop
vertex 118.83 -44.14 1.76
vertex 109.22 -40.00 1.76
vertex 109.23 -40.03 1.76
endloop
endfacet
facet normal 0 -2.115087604821539e-16 1
outer loop
vertex 118.83 -44.14 1.76
vertex 109.23 -40.03 1.76
vertex 109.25 -40.06 1.76
endloop
endfacet
facet normal 0 -2.115087604821539e-16 1
outer loop
vertex 118.83 -44.14 1.76
vertex 109.25 -40.06 1.76
vertex 109.27 -40.09 1.76
endloop
endfacet
facet normal 0 -2.115087604821539e-16 1
outer loop
vertex 118.83 -44.14 1.76
vertex 109.27 -40.09 1.76
vertex 109.30 -40.11 1.76
endloop
endfacet
facet normal 0 -2.115087604821539e-16 1
outer loop
vertex 118.83 -44.14 1.76
vertex 109.30 -40.11 1.76
vertex 109.33 -40.13 1.76
endloop
endfacet
facet normal 0 -2.115087604821539e-16 1
outer loop
vertex 118.83 -44.14 1.76
vertex 109.33 -40.13 1.76
vertex 118.46 -44.14 1.76
endloop
endfacet
facet normal 0 0 1
outer loop
vertex 178.87 -44.07 1.76
vertex 187.82 -40.13 1.76
vertex 187.85 -40.11 1.76
endloop
endfacet
facet normal 0 0 1
outer loop
vertex 178.87 -44.07 1.76
vertex 187.85 -40.11 1.76
vertex 187.88 -40.09 1.76
endloop
endfacet
facet normal 0 0 1
outer loop
vertex 178.87 -44.07 1.76
vertex 187.88 -40.09 1.76
vertex 187.90 -40.06 1.76
endloop
endfacet
facet normal 0 0 1
outer loop
vertex 178.87 -44.07 1.76
vertex 187.90 -40.06 1.76
vertex 187.92 -40.03 1.76
endloop
endfacet
facet normal 0 0 1
outer loop
vertex 178.87 -44.07 1.76
vertex 187.92 -40.03 1.76
vertex 187.93 -40.00 1.76
endloop
endfacet
facet normal 0 0 1
outer loop
vertex 178.87 -44.07 1.76
vertex 187.93 -40.00 1.76
vertex 187.94 -39.97 1.76
endloop
endfacet
facet normal 0 0 1
outer loop
vertex 178.87 -44.07 1.76
vertex 187.94 -39.97 1.76
vertex 187.94 -39.94 1.76
endloop
endfacet
facet normal 0 0 1
outer loop
vertex 178.87 -44.07 1.76
vertex 187.94 -39.94 1.76
vertex 187.74 -39.94 1.76
endloop
endfacet
facet normal 0 0 1
outer loop
vertex 178.87 -44.07 1.76
vertex 187.74 -39.94 1.76
vertex 178.40 -44.05 1.76
endloop
endfacet
facet normal 0 0 1
outer loop
vertex 178.87 -44.07 1.76
vertex 178.40 -44.05 1.76
vertex 178.37 -44.07 1.76
endloop
endfacet
facet normal 0 0 1
outer loop
vertex 109.41 -39.94 1.76
vertex 116.33 -23.24 1.76
vertex 116.11 -23.24 1.76
endloop
endfacet
facet normal 0 0 1
outer loop
vertex 109.41 -39.94 1.76
vertex 116.11 -23.24 1.76
vertex 109.23 -39.87 1.76
endloop
endfacet
facet normal 0 0 1
outer loop
vertex 109.41 -39.94 1.76
vertex 109.23 -39.87 1.76
vertex 109.22 -39.90 1.76
endloop
endfacet
facet normal 0 0 1
outer loop
vertex 109.41 -39.94 1.76
vertex 109.22 -39.90 1.76
vertex 109.21 -39.93 1.76
endloop
endfacet
facet normal 0 0 1
outer loop
vertex 109.41 -39.94 1.76
vertex 109.21 -39.93 1.76
vertex 109.21 -39.94 1.76
endloop
endfacet
facet normal 0 0 1
outer loop
vertex 187.94 -39.94 1.76
vertex 187.94 -39.93 1.76
vertex 187.94 -39.90 1.76
endloop
endfacet
facet normal 0 0 1
outer loop
vertex 187.94 -39.94 1.76
vertex 187.94 -39.90 1.76
vertex 187.93 -39.87 1.76
endloop
endfacet
facet normal 0 0 1
outer loop
vertex 187.94 -39.94 1.76
vertex 187.93 -39.87 1.76
vertex 181.04 -23.24 1.76
endloop
endfacet
facet normal 0 0 1
outer loop
vertex 187.94 -39.94 1.76
vertex 181.04 -23.24 1.76
vertex 180.82 -23.24 1.76
endloop
endfacet
facet normal 0 0 1
outer loop
vertex 187.94 -39.94 1.76
vertex 180.82 -23.24 1.76
vertex 187.74 -39.94 1.76
endloop
endfacet
facet normal 0 0 -1
outer loop
vertex 151.42 -158.23 1.32
vertex 151.37 -158.14 1.32
vertex 151.35 -158.11 1.32
endloop
endfacet
facet normal 0 0 -1
outer loop
vertex 145.78 -158.14 1.32
vertex 145.73 -158.23 1.32
vertex 145.80 -158.11 1.32
endloop
endfacet
facet normal 0 0 -1
outer loop
vertex 151.63 -158.53 1.32
vertex 151.62 -158.54 1.32
vertex 151.58 -158.48 1.32
endloop
endfacet
facet normal 0 0 -1
outer loop
vertex 145.53 -158.54 1.32
vertex 145.53 -158.53 1.32
vertex 145.57 -158.48 1.32
endloop
endfacet
facet normal 0 0 -1
outer loop
vertex 145.29 -158.56 1.32
vertex 145.27 -158.52 1.32
vertex 145.27 -158.51 1.32
endloop
endfacet
facet normal 0 0 -1
outer loop
vertex 145.29 -158.56 1.32
vertex 145.27 -158.51 1.32
vertex 145.27 -158.51 0.88
endloop
endfacet
facet normal 0 0 -1
outer loop
vertex 145.29 -158.56 1.32
vertex 145.27 -158.51 0.88
vertex 145.29 -158.56 0.88
endloop
endfacet
facet normal -0.84 -0.54 0
outer loop
vertex 145.32 -158.61 1.32
vertex 145.29 -158.56 1.32
vertex 145.29 -158.56 0.88
endloop
endfacet
facet normal -0.84 -0.54 0
outer loop
vertex 145.32 -158.61 1.32
vertex 145.29 -158.56 0.88
vertex 145.32 -158.61 0.88
endloop
endfacet
facet normal -0.75 -0.66 0
outer loop
vertex 145.36 -158.66 1.32
vertex 145.32 -158.61 1.32
vertex 145.32 -158.61 0.88
endloop
endfacet
facet normal -0.75 -0.66 0
outer loop
vertex 145.36 -158.66 1.32
vertex 145.32 -158.61 0.88
vertex 145.36 -158.66 0.88
endloop
endfacet
facet normal -0.64 -0.77 3.1473606149404097e-13
outer loop
vertex 145.41 -158.70 1.32
vertex 145.36 -158.66 1.32
vertex 145.36 -158.66 0.88
endloop
endfacet
facet normal -0.64 -0.77 3.1473606149404097e-13
outer loop
vertex 145.41 -158.70 1.32
vertex 145.36 -158.66 0.88
vertex 145.41 -158.69 0.88
endloop
endfacet
facet normal -0.64 -0.77 3.1473606149404097e-13
outer loop
vertex 145.41 -158.70 1.32
vertex 145.41 -158.69 0.88
vertex 145.41 -158.70 0.88
endloop
endfacet
facet normal -0.10 0.07 -0.99
outer loop
vertex 145.63 -158.39 1.32
vertex 145.57 -158.48 1.32
vertex 145.53 -158.53 1.32
endloop
endfacet
facet normal -0.10 0.07 -0.99
outer loop
vertex 145.63 -158.39 1.32
vertex 145.53 -158.53 1.32
vertex 145.41 -158.70 1.32
endloop
endfacet
facet normal -0.10 0.07 -0.99
outer loop
vertex 145.63 -158.39 1.32
vertex 145.41 -158.70 1.32
vertex 145.41 -158.70 0.88
endloop
endfacet
facet normal -0.10 0.07 -0.99
outer loop
vertex 145.63 -158.39 1.32
vertex 145.41 -158.70 0.88
vertex 145.50 -158.58 0.88
endloop
endfacet
facet normal -0.10 0.07 -0.99
outer loop
vertex 145.63 -158.39 1.32
vertex 145.50 -158.58 0.88
vertex 145.59 -158.45 0.88
endloop
endfacet
facet normal -0.10 0.07 -0.99
outer loop
vertex 145.63 -158.39 1.32
vertex 145.59 -158.45 0.88
vertex 145.63 -158.39 0.88
endloop
endfacet
facet normal -0.04 0.03 1.00
outer loop
vertex 145.83 -158.07 1.32
vertex 145.80 -158.11 1.32
vertex 145.73 -158.23 1.32
endloop
endfacet
facet normal -0.04 0.03 1.00
outer loop
vertex 145.83 -158.07 1.32
vertex 145.73 -158.23 1.32
vertex 145.63 -158.39 1.32
endloop
endfacet
facet normal -0.04 0.03 1.00
outer loop
vertex 145.83 -158.07 1.32
vertex 145.63 -158.39 1.32
vertex 145.63 -158.39 0.88
endloop
endfacet
facet normal -0.04 0.03 1.00
outer loop
vertex 145.83 -158.07 1.32
vertex 145.63 -158.39 0.88
vertex 145.74 -158.21 0.88
endloop
endfacet
facet normal -0.04 0.03 1.00
outer loop
vertex 145.83 -158.07 1.32
vertex 145.74 -158.21 0.88
vertex 145.81 -158.10 0.88
endloop
endfacet
facet normal -0.04 0.03 1.00
outer loop
vertex 145.83 -158.07 1.32
vertex 145.81 -158.10 0.88
vertex 145.83 -158.07 0.88
endloop
endfacet
facet normal 5.676522406052983e-11 -2.879286232911533e-11 1
outer loop
vertex 146.00 -157.73 1.32
vertex 146.00 -157.73 1.32
vertex 145.83 -158.07 1.32
endloop
endfacet
facet normal 5.676522406052983e-11 -2.879286232911533e-11 1
outer loop
vertex 146.00 -157.73 1.32
vertex 145.83 -158.07 1.32
vertex 145.83 -158.07 0.88
endloop
endfacet
facet normal 5.676522406052983e-11 -2.879286232911533e-11 1
outer loop
vertex 146.00 -157.73 1.32
vertex 145.83 -158.07 0.88
vertex 146.00 -157.73 0.88
endloop
endfacet
facet normal 5.676522406052983e-11 -2.879286232911533e-11 1
outer loop
vertex 146.00 -157.73 1.32
vertex 146.00 -157.73 0.88
vertex 146.00 -157.73 0.88
endloop
endfacet
facet normal -4.665319011110114e-7 -1.00 0
outer loop
vertex 151.16 -157.73 1.32
vertex 146.00 -157.73 1.32
vertex 146.00 -157.73 0.88
endloop
endfacet
facet normal -4.665319011110114e-7 -1.00 0
outer loop
vertex 151.16 -157.73 1.32
vertex 146.00 -157.73 0.88
vertex 151.16 -157.73 0.88
endloop
endfacet
facet normal -0.89 -0.45 0
outer loop
vertex 151.33 -158.07 1.32
vertex 151.16 -157.73 1.32
vertex 151.16 -157.73 0.88
endloop
endfacet
facet normal -0.89 -0.45 0
outer loop
vertex 151.33 -158.07 1.32
vertex 151.16 -157.73 0.88
vertex 151.33 -158.07 0.88
endloop
endfacet
facet normal 0.00 0.00 -1.00
outer loop
vertex 151.52 -158.39 1.32
vertex 151.42 -158.23 1.32
vertex 151.35 -158.11 1.32
endloop
endfacet
facet normal 0.00 0.00 -1.00
outer loop
vertex 151.52 -158.39 1.32
vertex 151.35 -158.11 1.32
vertex 151.33 -158.07 1.32
endloop
endfacet
facet normal 0.00 0.00 -1.00
outer loop
vertex 151.52 -158.39 1.32
vertex 151.33 -158.07 1.32
vertex 151.33 -158.07 0.88
endloop
endfacet
facet normal 0.00 0.00 -1.00
outer loop
vertex 151.52 -158.39 1.32
vertex 151.33 -158.07 0.88
vertex 151.35 -158.10 0.88
endloop
endfacet
facet normal 0.00 0.00 -1.00
outer loop
vertex 151.52 -158.39 1.32
vertex 151.35 -158.10 0.88
vertex 151.42 -158.21 0.88
endloop
endfacet
facet normal 0.00 0.00 -1.00
outer loop
vertex 151.52 -158.39 1.32
vertex 151.42 -158.21 0.88
vertex 151.52 -158.39 0.88
endloop
endfacet
facet normal 0.08 0.05 -1.00
outer loop
vertex 151.74 -158.70 1.32
vertex 151.63 -158.53 1.32
vertex 151.58 -158.48 1.32
endloop
endfacet
facet normal 0.08 0.05 -1.00
outer loop
vertex 151.74 -158.70 1.32
vertex 151.58 -158.48 1.32
vertex 151.52 -158.39 1.32
endloop
endfacet
facet normal 0.08 0.05 -1.00
outer loop
vertex 151.74 -158.70 1.32
vertex 151.52 -158.39 1.32
vertex 151.52 -158.39 0.88
endloop
endfacet
facet normal 0.08 0.05 -1.00
outer loop
vertex 151.74 -158.70 1.32
vertex 151.52 -158.39 0.88
vertex 151.57 -158.45 0.88
endloop
endfacet
facet normal 0.08 0.05 -1.00
outer loop
vertex 151.74 -158.70 1.32
vertex 151.57 -158.45 0.88
vertex 151.66 -158.58 0.88
endloop
endfacet
facet normal 0.08 0.05 -1.00
outer loop
vertex 151.74 -158.70 1.32
vertex 151.66 -158.58 0.88
vertex 151.74 -158.70 0.88
endloop
endfacet
facet normal 0.63 -0.78 -9.083289833973718e-14
outer loop
vertex 151.78 -158.67 1.32
vertex 151.74 -158.70 1.32
vertex 151.74 -158.70 0.88
endloop
endfacet
facet normal 0.63 -0.78 -9.083289833973718e-14
outer loop
vertex 151.78 -158.67 1.32
vertex 151.74 -158.70 0.88
vertex 151.75 -158.69 0.88
endloop
endfacet
facet normal 0.63 -0.78 -9.083289833973718e-14
outer loop
vertex 151.78 -158.67 1.32
vertex 151.75 -158.69 0.88
vertex 151.78 -158.67 0.88
endloop
endfacet
facet normal 0.72 -0.70 0
outer loop
vertex 151.81 -158.63 1.32
vertex 151.78 -158.67 1.32
vertex 151.78 -158.67 0.88
endloop
endfacet
facet normal 0.72 -0.70 0
outer loop
vertex 151.81 -158.63 1.32
vertex 151.78 -158.67 0.88
vertex 151.81 -158.63 0.88
endloop
endfacet
facet normal 0.80 -0.61 0
outer loop
vertex 151.84 -158.59 1.32
vertex 151.81 -158.63 1.32
vertex 151.81 -158.63 0.88
endloop
endfacet
facet normal 0.80 -0.61 0
outer loop
vertex 151.84 -158.59 1.32
vertex 151.81 -158.63 0.88
vertex 151.84 -158.59 0.88
endloop
endfacet
facet normal 0.86 -0.51 0
outer loop
vertex 151.87 -158.55 1.32
vertex 151.84 -158.59 1.32
vertex 151.84 -158.59 0.88
endloop
endfacet
facet normal 0.86 -0.51 0
outer loop
vertex 151.87 -158.55 1.32
vertex 151.84 -158.59 0.88
vertex 151.87 -158.55 0.88
endloop
endfacet
facet normal -2.0468812346892225e-9 8.881824221304223e-10 -1
outer loop
vertex 151.89 -158.51 1.32
vertex 151.88 -158.52 1.32
vertex 151.87 -158.55 1.32
endloop
endfacet
facet normal -2.0468812346892225e-9 8.881824221304223e-10 -1
outer loop
vertex 151.89 -158.51 1.32
vertex 151.87 -158.55 1.32
vertex 151.87 -158.55 0.88
endloop
endfacet
facet normal -2.0468812346892225e-9 8.881824221304223e-10 -1
outer loop
vertex 151.89 -158.51 1.32
vertex 151.87 -158.55 0.88
vertex 151.89 -158.51 0.88
endloop
endfacet
facet normal 0.88 -0.48 0
outer loop
vertex 177.03 -111.15 1.32
vertex 177.00 -111.20 1.32
vertex 177.00 -111.20 0.88
endloop
endfacet
facet normal 0.88 -0.48 0
outer loop
vertex 177.03 -111.15 1.32
vertex 177.00 -111.20 0.88
vertex 177.03 -111.15 0.88
endloop
endfacet
facet normal 0.94 -0.35 0
outer loop
vertex 177.05 -111.10 1.32
vertex 177.03 -111.15 1.32
vertex 177.03 -111.15 0.88
endloop
endfacet
facet normal 0.94 -0.35 0
outer loop
vertex 177.05 -111.10 1.32
vertex 177.03 -111.15 0.88
vertex 177.05 -111.10 0.88
endloop
endfacet
facet normal -1.3411537523116425e-9 2.865090930035328e-10 -1
outer loop
vertex 177.06 -111.04 1.32
vertex 177.06 -111.04 1.32
vertex 177.06 -111.07 1.32
endloop
endfacet
facet normal -1.3411537523116425e-9 2.865090930035328e-10 -1
outer loop
vertex 177.06 -111.04 1.32
vertex 177.06 -111.07 1.32
vertex 177.05 -111.10 1.32
endloop
endfacet
facet normal -1.3411537523116425e-9 2.865090930035328e-10 -1
outer loop
vertex 177.06 -111.04 1.32
vertex 177.05 -111.10 1.32
vertex 177.05 -111.10 1.32
endloop
endfacet
facet normal -1.3411537523116425e-9 2.865090930035328e-10 -1
outer loop
vertex 177.06 -111.04 1.32
vertex 177.05 -111.10 1.32
vertex 177.05 -111.10 0.88
endloop
endfacet
facet normal -1.3411537523116425e-9 2.865090930035328e-10 -1
outer loop
vertex 177.06 -111.04 1.32
vertex 177.05 -111.10 0.88
vertex 177.06 -111.04 0.88
endloop
endfacet
facet normal -4.2867421711490895e-9 2.8651059883445424e-10 -1
outer loop
vertex 177.07 -110.99 1.32
vertex 177.07 -110.99 1.32
vertex 177.06 -111.02 1.32
endloop
endfacet
facet normal -4.2867421711490895e-9 2.8651059883445424e-10 -1
outer loop
vertex 177.07 -110.99 1.32
vertex 177.06 -111.02 1.32
vertex 177.06 -111.04 1.32
endloop
endfacet
facet normal -4.2867421711490895e-9 2.8651059883445424e-10 -1
outer loop
vertex 177.07 -110.99 1.32
vertex 177.06 -111.04 1.32
vertex 177.06 -111.04 0.88
endloop
endfacet
facet normal -4.2867421711490895e-9 2.8651059883445424e-10 -1
outer loop
vertex 177.07 -110.99 1.32
vertex 177.06 -111.04 0.88
vertex 177.07 -110.99 0.88
endloop
endfacet
facet normal 0 0 1
outer loop
vertex 177.06 -110.93 1.32
vertex 177.06 -110.93 1.32
vertex 177.06 -110.96 1.32
endloop
endfacet
facet normal 0 0 1
outer loop
vertex 177.06 -110.93 1.32
vertex 177.06 -110.96 1.32
vertex 177.07 -110.99 1.32
endloop
endfacet
facet normal 0 0 1
outer loop
vertex 177.06 -110.93 1.32
vertex 177.07 -110.99 1.32
vertex 177.07 -110.99 0.88
endloop
endfacet
facet normal 0 0 1
outer loop
vertex 177.06 -110.93 1.32
vertex 177.07 -110.99 0.88
vertex 177.06 -110.93 0.88
endloop
endfacet
facet normal 0 0 1
outer loop
vertex 177.05 -110.87 1.32
vertex 177.06 -110.90 1.32
vertex 177.06 -110.93 1.32
endloop
endfacet
facet normal 0 0 1
outer loop
vertex 177.05 -110.87 1.32
vertex 177.06 -110.93 1.32
vertex 177.06 -110.93 0.88
endloop
endfacet
facet normal 0 0 1
outer loop
vertex 177.05 -110.87 1.32
vertex 177.06 -110.93 0.88
vertex 177.05 -110.87 0.88
endloop
endfacet
facet normal 0.93 0.36 0
outer loop
vertex 177.03 -110.82 1.32
vertex 177.05 -110.87 1.32
vertex 177.05 -110.87 0.88
endloop
endfacet
facet normal 0.93 0.36 0
outer loop
vertex 177.03 -110.82 1.32
vertex 177.05 -110.87 0.88
vertex 177.03 -110.82 0.88
endloop
endfacet
facet normal 0.91 0.42 -1.7347010686178541e-12
outer loop
vertex 153.11 -59.52 1.32
vertex 177.03 -110.82 1.32
vertex 177.03 -110.82 0.88
endloop
endfacet
facet normal 0.91 0.42 -1.7347010686178541e-12
outer loop
vertex 153.11 -59.52 1.32
vertex 177.03 -110.82 0.88
vertex 153.15 -59.62 0.88
endloop
endfacet
facet normal 0.91 0.42 -1.7347010686178541e-12
outer loop
vertex 153.11 -59.52 1.32
vertex 153.15 -59.62 0.88
vertex 153.11 -59.52 0.88
endloop
endfacet
facet normal 0.50 -0.87 0
outer loop
vertex 170.03 -51.63 1.32
vertex 169.97 -51.66 1.32
vertex 169.97 -51.66 0.88
endloop
endfacet
facet normal 0.50 -0.87 0
outer loop
vertex 170.03 -51.63 1.32
vertex 169.97 -51.66 0.88
vertex 170.03 -51.63 0.88
endloop
endfacet
facet normal 0.64 -0.77 0
outer loop
vertex 170.08 -51.58 1.32
vertex 170.03 -51.63 1.32
vertex 170.03 -51.63 0.88
endloop
endfacet
facet normal 0.64 -0.77 0
outer loop
vertex 170.08 -51.58 1.32
vertex 170.03 -51.63 0.88
vertex 170.08 -51.58 0.88
endloop
endfacet
facet normal 0.77 -0.64 0
outer loop
vertex 170.12 -51.53 1.32
vertex 170.08 -51.58 1.32
vertex 170.08 -51.58 0.88
endloop
endfacet
facet normal 0.77 -0.64 0
outer loop
vertex 170.12 -51.53 1.32
vertex 170.08 -51.58 0.88
vertex 170.12 -51.53 0.88
endloop
endfacet
facet normal -0.00 0.00 1.00
outer loop
vertex 170.16 -51.47 1.32
vertex 170.15 -51.48 1.32
vertex 170.12 -51.53 1.32
endloop
endfacet
facet normal -0.00 0.00 1.00
outer loop
vertex 170.16 -51.47 1.32
vertex 170.12 -51.53 1.32
vertex 170.12 -51.53 0.88
endloop
endfacet
facet normal -0.00 0.00 1.00
outer loop
vertex 170.16 -51.47 1.32
vertex 170.12 -51.53 0.88
vertex 170.16 -51.47 0.88
endloop
endfacet
facet normal 0 0 1
outer loop
vertex 170.18 -51.40 1.32
vertex 170.18 -51.41 1.32
vertex 170.17 -51.44 1.32
endloop
endfacet
facet normal 0 0 1
outer loop
vertex 170.18 -51.40 1.32
vertex 170.17 -51.44 1.32
vertex 170.16 -51.46 1.32
endloop
endfacet
facet normal 0 0 1
outer loop
vertex 170.18 -51.40 1.32
vertex 170.16 -51.46 1.32
vertex 170.16 -51.47 1.32
endloop
endfacet
facet normal 0 0 1
outer loop
vertex 170.18 -51.40 1.32
vertex 170.16 -51.47 1.32
vertex 170.16 -51.47 0.88
endloop
endfacet
facet normal 0 0 1
outer loop
vertex 170.18 -51.40 1.32
vertex 170.16 -51.47 0.88
vertex 170.18 -51.40 0.88
endloop
endfacet
facet normal 0 0 1
outer loop
vertex 170.20 -51.33 1.32
vertex 170.19 -51.35 1.32
vertex 170.19 -51.38 1.32
endloop
endfacet
facet normal 0 0 1
outer loop
vertex 170.20 -51.33 1.32
vertex 170.19 -51.38 1.32
vertex 170.18 -51.40 1.32
endloop
endfacet
facet normal 0 0 1
outer loop
vertex 170.20 -51.33 1.32
vertex 170.18 -51.40 1.32
vertex 170.18 -51.40 0.88
endloop
endfacet
facet normal 0 0 1
outer loop
vertex 170.20 -51.33 1.32
vertex 170.18 -51.40 0.88
vertex 170.20 -51.33 0.88
endloop
endfacet
facet normal 0 0 1
outer loop
vertex 170.20 -51.26 1.32
vertex 170.20 -51.28 1.32
vertex 170.20 -51.32 1.32
endloop
endfacet
facet normal 0 0 1
outer loop
vertex 170.20 -51.26 1.32
vertex 170.20 -51.32 1.32
vertex 170.20 -51.33 1.32
endloop
endfacet
facet normal 0 0 1
outer loop
vertex 170.20 -51.26 1.32
vertex 170.20 -51.33 1.32
vertex 170.20 -51.33 0.88
endloop
endfacet
facet normal 0 0 1
outer loop
vertex 170.20 -51.26 1.32
vertex 170.20 -51.33 0.88
vertex 170.20 -51.26 0.88
endloop
endfacet
facet normal 0 0 1
outer loop
vertex 170.18 -51.20 1.32
vertex 170.19 -51.22 1.32
vertex 170.19 -51.25 1.32
endloop
endfacet
facet normal 0 0 1
outer loop
vertex 170.18 -51.20 1.32
vertex 170.19 -51.25 1.32
vertex 170.20 -51.26 1.32
endloop
endfacet
facet normal 0 0 1
outer loop
vertex 170.18 -51.20 1.32
vertex 170.20 -51.26 1.32
vertex 170.20 -51.26 0.88
endloop
endfacet
facet normal 0 0 1
outer loop
vertex 170.18 -51.20 1.32
vertex 170.20 -51.26 0.88
vertex 170.18 -51.20 0.88
endloop
endfacet
facet normal 0.94 0.34 0
outer loop
vertex 170.16 -51.13 1.32
vertex 170.18 -51.20 1.32
vertex 170.18 -51.20 0.88
endloop
endfacet
facet normal 0.94 0.34 0
outer loop
vertex 170.16 -51.13 1.32
vertex 170.18 -51.20 0.88
vertex 170.16 -51.13 0.88
endloop
endfacet
facet normal 0.91 0.42 4.988187945980274e-13
outer loop
vertex 168.99 -48.63 1.32
vertex 170.16 -51.13 1.32
vertex 170.16 -51.13 0.88
endloop
endfacet
facet normal 0.91 0.42 4.988187945980274e-13
outer loop
vertex 168.99 -48.63 1.32
vertex 170.16 -51.13 0.88
vertex 169.04 -48.73 0.88
endloop
endfacet
facet normal 0.91 0.42 4.988187945980274e-13
outer loop
vertex 168.99 -48.63 1.32
vertex 169.04 -48.73 0.88
vertex 168.99 -48.63 0.88
endloop
endfacet
facet normal 0.48 -0.88 0
outer loop
vertex 187.96 -40.28 1.32
vertex 187.90 -40.31 1.32
vertex 187.90 -40.31 0.88
endloop
endfacet
facet normal 0.48 -0.88 0
outer loop
vertex 187.96 -40.28 1.32
vertex 187.90 -40.31 0.88
vertex 187.96 -40.28 0.88
endloop
endfacet
facet normal 0.62 -0.78 0
outer loop
vertex 188.02 -40.23 1.32
vertex 187.96 -40.28 1.32
vertex 187.96 -40.28 0.88
endloop
endfacet
facet normal 0.62 -0.78 0
outer loop
vertex 188.02 -40.23 1.32
vertex 187.96 -40.28 0.88
vertex 188.02 -40.23 0.88
endloop
endfacet
facet normal 0.75 -0.66 0
outer loop
vertex 188.06 -40.18 1.32
vertex 188.02 -40.23 1.32
vertex 188.02 -40.23 0.88
endloop
endfacet
facet normal 0.75 -0.66 0
outer loop
vertex 188.06 -40.18 1.32
vertex 188.02 -40.23 0.88
vertex 188.06 -40.18 0.88
endloop
endfacet
facet normal 0 0 -1
outer loop
vertex 188.10 -40.12 1.32
vertex 188.10 -40.13 1.32
vertex 188.06 -40.18 1.32
endloop
endfacet
facet normal 0 0 -1
outer loop
vertex 188.10 -40.12 1.32
vertex 188.06 -40.18 1.32
vertex 188.06 -40.18 0.88
endloop
endfacet
facet normal 0 0 -1
outer loop
vertex 188.10 -40.12 1.32
vertex 188.06 -40.18 0.88
vertex 188.10 -40.12 0.88
endloop
endfacet
facet normal -2.212132383012256e-9 8.881762645716312e-10 -1
outer loop
vertex 188.12 -40.06 1.32
vertex 188.12 -40.06 1.32
vertex 188.11 -40.09 1.32
endloop
endfacet
facet normal -2.212132383012256e-9 8.881762645716312e-10 -1
outer loop
vertex 188.12 -40.06 1.32
vertex 188.11 -40.09 1.32
vertex 188.10 -40.11 1.32
endloop
endfacet
facet normal -2.212132383012256e-9 8.881762645716312e-10 -1
outer loop
vertex 188.12 -40.06 1.32
vertex 188.10 -40.11 1.32
vertex 188.10 -40.12 1.32
endloop
endfacet
facet normal -2.212132383012256e-9 8.881762645716312e-10 -1
outer loop
vertex 188.12 -40.06 1.32
vertex 188.10 -40.12 1.32
vertex 188.10 -40.12 0.88
endloop
endfacet
facet normal -2.212132383012256e-9 8.881762645716312e-10 -1
outer loop
vertex 188.12 -40.06 1.32
vertex 188.10 -40.12 0.88
vertex 188.12 -40.06 0.88
endloop
endfacet
facet normal 0 0 1
outer loop
vertex 188.14 -39.99 1.32
vertex 188.14 -40.00 1.32
vertex 188.13 -40.03 1.32
endloop
endfacet
facet normal 0 0 1
outer loop
vertex 188.14 -39.99 1.32
vertex 188.13 -40.03 1.32
vertex 188.12 -40.06 1.32
endloop
endfacet
facet normal 0 0 1
outer loop
vertex 188.14 -39.99 1.32
vertex 188.12 -40.06 1.32
vertex 188.12 -40.06 0.88
endloop
endfacet
facet normal 0 0 1
outer loop
vertex 188.14 -39.99 1.32
vertex 188.12 -40.06 0.88
vertex 188.14 -39.99 0.88
endloop
endfacet
facet normal 0 0 -1
outer loop
vertex 188.14 -39.93 1.32
vertex 188.14 -39.93 1.32
vertex 188.14 -39.97 1.32
endloop
endfacet
facet normal 0 0 -1
outer loop
vertex 188.14 -39.93 1.32
vertex 188.14 -39.97 1.32
vertex 188.14 -39.99 1.32
endloop
endfacet
facet normal 0 0 -1
outer loop
vertex 188.14 -39.93 1.32
vertex 188.14 -39.99 1.32
vertex 188.14 -39.99 0.88
endloop
endfacet
facet normal 0 0 -1
outer loop
vertex 188.14 -39.93 1.32
vertex 188.14 -39.99 0.88
vertex 188.14 -39.93 0.88
endloop
endfacet
facet normal -3.2809359286143235e-9 -4.4408538013856936e-10 1
outer loop
vertex 188.13 -39.86 1.32
vertex 188.13 -39.86 1.32
vertex 188.13 -39.87 1.32
endloop
endfacet
facet normal -3.2809359286143235e-9 -4.4408538013856936e-10 1
outer loop
vertex 188.13 -39.86 1.32
vertex 188.13 -39.87 1.32
vertex 188.14 -39.90 1.32
endloop
endfacet
facet normal -3.2809359286143235e-9 -4.4408538013856936e-10 1
outer loop
vertex 188.13 -39.86 1.32
vertex 188.14 -39.90 1.32
vertex 188.14 -39.93 1.32
endloop
endfacet
facet normal -3.2809359286143235e-9 -4.4408538013856936e-10 1
outer loop
vertex 188.13 -39.86 1.32
vertex 188.14 -39.93 1.32
vertex 188.14 -39.93 0.88
endloop
endfacet
facet normal -3.2809359286143235e-9 -4.4408538013856936e-10 1
outer loop
vertex 188.13 -39.86 1.32
vertex 188.14 -39.93 0.88
vertex 188.13 -39.86 0.88
endloop
endfacet
facet normal 0.95 0.30 0
outer loop
vertex 188.11 -39.79 1.32
vertex 188.13 -39.86 1.32
vertex 188.13 -39.86 0.88
endloop
endfacet
facet normal 0.95 0.30 0
outer loop
vertex 188.11 -39.79 1.32
vertex 188.13 -39.86 0.88
vertex 188.11 -39.79 0.88
endloop
endfacet
facet normal 0.92 0.38 0
outer loop
vertex 181.26 -23.24 1.32
vertex 188.11 -39.79 1.32
vertex 188.11 -39.79 0.88
endloop
endfacet
facet normal 0.92 0.38 0
outer loop
vertex 181.26 -23.24 1.32
vertex 188.11 -39.79 0.88
vertex 181.26 -23.24 0.88
endloop
endfacet
facet normal -0.92 0.38 0
outer loop
vertex 109.04 -39.79 1.32
vertex 115.90 -23.24 1.32
vertex 115.90 -23.24 0.88
endloop
endfacet
facet normal -0.92 0.38 0
outer loop
vertex 109.04 -39.79 1.32
vertex 115.90 -23.24 0.88
vertex 109.04 -39.79 0.88
endloop
endfacet
facet normal -0.95 0.30 0
outer loop
vertex 109.02 -39.86 1.32
vertex 109.04 -39.79 1.32
vertex 109.04 -39.79 0.88
endloop
endfacet
facet normal -0.95 0.30 0
outer loop
vertex 109.02 -39.86 1.32
vertex 109.04 -39.79 0.88
vertex 109.02 -39.86 0.88
endloop
endfacet
facet normal 0 0 1
outer loop
vertex 109.01 -39.93 1.32
vertex 109.02 -39.90 1.32
vertex 109.02 -39.87 1.32
endloop
endfacet
facet normal 0 0 1
outer loop
vertex 109.01 -39.93 1.32
vertex 109.02 -39.87 1.32
vertex 109.02 -39.86 1.32
endloop
endfacet
facet normal 0 0 1
outer loop
vertex 109.01 -39.93 1.32
vertex 109.02 -39.86 1.32
vertex 109.02 -39.86 0.88
endloop
endfacet
facet normal 0 0 1
outer loop
vertex 109.01 -39.93 1.32
vertex 109.02 -39.86 0.88
vertex 109.01 -39.93 0.88
endloop
endfacet
facet normal 0 0 1
outer loop
vertex 109.01 -39.99 1.32
vertex 109.01 -39.97 1.32
vertex 109.01 -39.93 1.32
endloop
endfacet
facet normal 0 0 1
outer loop
vertex 109.01 -39.99 1.32
vertex 109.01 -39.93 1.32
vertex 109.01 -39.93 1.32
endloop
endfacet
facet normal 0 0 1
outer loop
vertex 109.01 -39.99 1.32
vertex 109.01 -39.93 1.32
vertex 109.01 -39.93 0.88
endloop
endfacet
facet normal 0 0 1
outer loop
vertex 109.01 -39.99 1.32
vertex 109.01 -39.93 0.88
vertex 109.01 -39.99 0.88
endloop
endfacet
facet normal 0 0 1
outer loop
vertex 109.03 -40.06 1.32
vertex 109.02 -40.03 1.32
vertex 109.02 -40.00 1.32
endloop
endfacet
facet normal 0 0 1
outer loop
vertex 109.03 -40.06 1.32
vertex 109.02 -40.00 1.32
vertex 109.01 -39.99 1.32
endloop
endfacet
facet normal 0 0 1
outer loop
vertex 109.03 -40.06 1.32
vertex 109.01 -39.99 1.32
vertex 109.01 -39.99 0.88
endloop
endfacet
facet normal 0 0 1
outer loop
vertex 109.03 -40.06 1.32
vertex 109.01 -39.99 0.88
vertex 109.03 -40.06 0.88
endloop
endfacet
facet normal 2.212151100546964e-9 8.881837796345084e-10 1
outer loop
vertex 109.05 -40.12 1.32
vertex 109.05 -40.11 1.32
vertex 109.04 -40.09 1.32
endloop
endfacet
facet normal 2.212151100546964e-9 8.881837796345084e-10 1
outer loop
vertex 109.05 -40.12 1.32
vertex 109.04 -40.09 1.32
vertex 109.03 -40.06 1.32
endloop
endfacet
facet normal 2.212151100546964e-9 8.881837796345084e-10 1
outer loop
vertex 109.05 -40.12 1.32
vertex 109.03 -40.06 1.32
vertex 109.03 -40.06 1.32
endloop
endfacet
facet normal 2.212151100546964e-9 8.881837796345084e-10 1
outer loop
vertex 109.05 -40.12 1.32
vertex 109.03 -40.06 1.32
vertex 109.03 -40.06 0.88
endloop
endfacet
facet normal 2.212151100546964e-9 8.881837796345084e-10 1
outer loop
vertex 109.05 -40.12 1.32
vertex 109.03 -40.06 0.88
vertex 109.05 -40.12 0.88
endloop
endfacet
facet normal 0 0 1
outer loop
vertex 109.09 -40.18 1.32
vertex 109.06 -40.13 1.32
vertex 109.06 -40.13 1.32
endloop
endfacet
facet normal 0 0 1
outer loop
vertex 109.09 -40.18 1.32
vertex 109.06 -40.13 1.32
vertex 109.05 -40.12 1.32
endloop
endfacet
facet normal 0 0 1
outer loop
vertex 109.09 -40.18 1.32
vertex 109.05 -40.12 1.32
vertex 109.05 -40.12 0.88
endloop
endfacet
facet normal 0 0 1
outer loop
vertex 109.09 -40.18 1.32
vertex 109.05 -40.12 0.88
vertex 109.09 -40.18 0.88
endloop
endfacet
facet normal -0.75 -0.66 9.147350927967256e-13
outer loop
vertex 109.14 -40.23 1.32
vertex 109.09 -40.18 1.32
vertex 109.09 -40.18 0.88
endloop
endfacet
facet normal -0.75 -0.66 9.147350927967256e-13
outer loop
vertex 109.14 -40.23 1.32
vertex 109.09 -40.18 0.88
vertex 109.09 -40.19 0.88
endloop
endfacet
facet normal -0.75 -0.66 9.147350927967256e-13
outer loop
vertex 109.14 -40.23 1.32
vertex 109.09 -40.19 0.88
vertex 109.14 -40.23 0.88
endloop
endfacet
facet normal -0.62 -0.78 3.5321506591375137e-12
outer loop
vertex 109.19 -40.28 1.32
vertex 109.14 -40.23 1.32
vertex 109.14 -40.23 0.88
endloop
endfacet
facet normal -0.62 -0.78 3.5321506591375137e-12
outer loop
vertex 109.19 -40.28 1.32
vertex 109.14 -40.23 0.88
vertex 109.17 -40.26 0.88
endloop
endfacet
facet normal -0.62 -0.78 3.5321506591375137e-12
outer loop
vertex 109.19 -40.28 1.32
vertex 109.17 -40.26 0.88
vertex 109.19 -40.28 0.88
endloop
endfacet
facet normal -0.48 -0.88 -1.8715709639174936e-12
outer loop
vertex 109.25 -40.31 1.32
vertex 109.19 -40.28 1.32
vertex 109.19 -40.28 0.88
endloop
endfacet
facet normal -0.48 -0.88 -1.8715709639174936e-12
outer loop
vertex 109.25 -40.31 1.32
vertex 109.19 -40.28 0.88
vertex 109.23 -40.30 0.88
endloop
endfacet
facet normal -0.48 -0.88 -1.8715709639174936e-12
outer loop
vertex 109.25 -40.31 1.32
vertex 109.23 -40.30 0.88
vertex 109.25 -40.31 0.88
endloop
endfacet
facet normal -0.91 0.42 1.965270044372328e-13
outer loop
vertex 126.99 -51.13 1.32
vertex 128.16 -48.63 1.32
vertex 128.16 -48.63 0.88
endloop
endfacet
facet normal -0.91 0.42 1.965270044372328e-13
outer loop
vertex 126.99 -51.13 1.32
vertex 128.16 -48.63 0.88
vertex 128.11 -48.73 0.88
endloop
endfacet
facet normal -0.91 0.42 1.965270044372328e-13
outer loop
vertex 126.99 -51.13 1.32
vertex 128.11 -48.73 0.88
vertex 126.99 -51.13 0.88
endloop
endfacet
facet normal -0.94 0.35 0
outer loop
vertex 126.97 -51.19 1.32
vertex 126.99 -51.13 1.32
vertex 126.99 -51.13 0.88
endloop
endfacet
facet normal -0.94 0.35 0
outer loop
vertex 126.97 -51.19 1.32
vertex 126.99 -51.13 0.88
vertex 126.97 -51.19 0.88
endloop
endfacet
facet normal 0 0 1
outer loop
vertex 126.96 -51.25 1.32
vertex 126.96 -51.25 1.32
vertex 126.97 -51.22 1.32
endloop
endfacet
facet normal 0 0 1
outer loop
vertex 126.96 -51.25 1.32
vertex 126.97 -51.22 1.32
vertex 126.97 -51.19 1.32
endloop
endfacet
facet normal 0 0 1
outer loop
vertex 126.96 -51.25 1.32
vertex 126.97 -51.19 1.32
vertex 126.97 -51.19 0.88
endloop
endfacet
facet normal 0 0 1
outer loop
vertex 126.96 -51.25 1.32
vertex 126.97 -51.19 0.88
vertex 126.96 -51.25 0.88
endloop
endfacet
facet normal 0.00 -0.00 1.00
outer loop
vertex 126.96 -51.31 1.32
vertex 126.96 -51.28 1.32
vertex 126.96 -51.25 1.32
endloop
endfacet
facet normal 0.00 -0.00 1.00
outer loop
vertex 126.96 -51.31 1.32
vertex 126.96 -51.25 1.32
vertex 126.96 -51.25 0.88
endloop
endfacet
facet normal 0.00 -0.00 1.00
outer loop
vertex 126.96 -51.31 1.32
vertex 126.96 -51.25 0.88
vertex 126.96 -51.31 0.88
endloop
endfacet
facet normal 0.00 0.00 1.00
outer loop
vertex 126.96 -51.38 1.32
vertex 126.96 -51.35 1.32
vertex 126.96 -51.32 1.32
endloop
endfacet
facet normal 0.00 0.00 1.00
outer loop
vertex 126.96 -51.38 1.32
vertex 126.96 -51.32 1.32
vertex 126.96 -51.31 1.32
endloop
endfacet
facet normal 0.00 0.00 1.00
outer loop
vertex 126.96 -51.38 1.32
vertex 126.96 -51.31 1.32
vertex 126.96 -51.31 0.88
endloop
endfacet
facet normal 0.00 0.00 1.00
outer loop
vertex 126.96 -51.38 1.32
vertex 126.96 -51.31 0.88
vertex 126.96 -51.38 0.88
endloop
endfacet
facet normal 0 0 -1
outer loop
vertex 126.98 -51.44 1.32
vertex 126.97 -51.41 1.32
vertex 126.97 -51.38 1.32
endloop
endfacet
facet normal 0 0 -1
outer loop
vertex 126.98 -51.44 1.32
vertex 126.97 -51.38 1.32
vertex 126.96 -51.38 1.32
endloop
endfacet
facet normal 0 0 -1
outer loop
vertex 126.98 -51.44 1.32
vertex 126.96 -51.38 1.32
vertex 126.96 -51.38 0.88
endloop
endfacet
facet normal 0 0 -1
outer loop
vertex 126.98 -51.44 1.32
vertex 126.96 -51.38 0.88
vertex 126.98 -51.44 0.88
endloop
endfacet
facet normal 0 0 -1
outer loop
vertex 127.01 -51.49 1.32
vertex 127.00 -51.48 1.32
vertex 126.99 -51.46 1.32
endloop
endfacet
facet normal 0 0 -1
outer loop
vertex 127.01 -51.49 1.32
vertex 126.99 -51.46 1.32
vertex 126.98 -51.44 1.32
endloop
endfacet
facet normal 0 0 -1
outer loop
vertex 127.01 -51.49 1.32
vertex 126.98 -51.44 1.32
vertex 126.98 -51.44 1.32
endloop
endfacet
facet normal 0 0 -1
outer loop
vertex 127.01 -51.49 1.32
vertex 126.98 -51.44 1.32
vertex 126.98 -51.44 0.88
endloop
endfacet
facet normal 0 0 -1
outer loop
vertex 127.01 -51.49 1.32
vertex 126.98 -51.44 0.88
vertex 127.01 -51.49 0.88
endloop
endfacet
facet normal -0.83 -0.55 0
outer loop
vertex 127.04 -51.55 1.32
vertex 127.01 -51.49 1.32
vertex 127.01 -51.49 0.88
endloop
endfacet
facet normal -0.83 -0.55 0
outer loop
vertex 127.04 -51.55 1.32
vertex 127.01 -51.49 0.88
vertex 127.04 -51.55 0.88
endloop
endfacet
facet normal -0.74 -0.68 0
outer loop
vertex 127.08 -51.59 1.32
vertex 127.04 -51.55 1.32
vertex 127.04 -51.55 0.88
endloop
endfacet
facet normal -0.74 -0.68 0
outer loop
vertex 127.08 -51.59 1.32
vertex 127.04 -51.55 0.88
vertex 127.08 -51.59 0.88
endloop
endfacet
facet normal -0.62 -0.78 0
outer loop
vertex 127.13 -51.63 1.32
vertex 127.08 -51.59 1.32
vertex 127.08 -51.59 0.88
endloop
endfacet
facet normal -0.62 -0.78 0
outer loop
vertex 127.13 -51.63 1.32
vertex 127.08 -51.59 0.88
vertex 127.13 -51.63 0.88
endloop
endfacet
facet normal -0.49 -0.87 0
outer loop
vertex 127.19 -51.66 1.32
vertex 127.13 -51.63 1.32
vertex 127.13 -51.63 0.88
endloop
endfacet
facet normal -0.49 -0.87 0
outer loop
vertex 127.19 -51.66 1.32
vertex 127.13 -51.63 0.88
vertex 127.19 -51.66 0.88
endloop
endfacet
facet normal -0.91 0.42 3.652002485358678e-14
outer loop
vertex 120.12 -110.82 1.32
vertex 144.04 -59.52 1.32
vertex 144.04 -59.52 0.88
endloop
endfacet
facet normal -0.91 0.42 3.652002485358678e-14
outer loop
vertex 120.12 -110.82 1.32
vertex 144.04 -59.52 0.88
vertex 144.00 -59.62 0.88
endloop
endfacet
facet normal -0.91 0.42 3.652002485358678e-14
outer loop
vertex 120.12 -110.82 1.32
vertex 144.00 -59.62 0.88
vertex 120.12 -110.82 0.88
endloop
endfacet
facet normal -0.93 0.36 0
outer loop
vertex 120.10 -110.87 1.32
vertex 120.12 -110.82 1.32
vertex 120.12 -110.82 0.88
endloop
endfacet
facet normal -0.93 0.36 0
outer loop
vertex 120.10 -110.87 1.32
vertex 120.12 -110.82 0.88
vertex 120.10 -110.87 0.88
endloop
endfacet
facet normal 0 0 1
outer loop
vertex 120.09 -110.93 1.32
vertex 120.10 -110.90 1.32
vertex 120.10 -110.87 1.32
endloop
endfacet
facet normal 0 0 1
outer loop
vertex 120.09 -110.93 1.32
vertex 120.10 -110.87 1.32
vertex 120.10 -110.87 0.88
endloop
endfacet
facet normal 0 0 1
outer loop
vertex 120.09 -110.93 1.32
vertex 120.10 -110.87 0.88
vertex 120.09 -110.93 0.88
endloop
endfacet
facet normal 0.00 -0.00 -1.00
outer loop
vertex 120.09 -110.99 1.32
vertex 120.09 -110.96 1.32
vertex 120.09 -110.93 1.32
endloop
endfacet
facet normal 0.00 -0.00 -1.00
outer loop
vertex 120.09 -110.99 1.32
vertex 120.09 -110.93 1.32
vertex 120.09 -110.93 1.32
endloop
endfacet
facet normal 0.00 -0.00 -1.00
outer loop
vertex 120.09 -110.99 1.32
vertex 120.09 -110.93 1.32
vertex 120.09 -110.93 0.88
endloop
endfacet
facet normal 0.00 -0.00 -1.00
outer loop
vertex 120.09 -110.99 1.32
vertex 120.09 -110.93 0.88
vertex 120.09 -110.99 0.88
endloop
endfacet
facet normal 0.00 0.00 1.00
outer loop
vertex 120.09 -111.04 1.32
vertex 120.09 -111.02 1.32
vertex 120.09 -110.99 1.32
endloop
endfacet
facet normal 0.00 0.00 1.00
outer loop
vertex 120.09 -111.04 1.32
vertex 120.09 -110.99 1.32
vertex 120.09 -110.99 1.32
endloop
endfacet
facet normal 0.00 0.00 1.00
outer loop
vertex 120.09 -111.04 1.32
vertex 120.09 -110.99 1.32
vertex 120.09 -110.99 0.88
endloop
endfacet
facet normal 0.00 0.00 1.00
outer loop
vertex 120.09 -111.04 1.32
vertex 120.09 -110.99 0.88
vertex 120.09 -111.04 0.88
endloop
endfacet
facet normal 0 0 1
outer loop
vertex 120.10 -111.10 1.32
vertex 120.10 -111.10 1.32
vertex 120.10 -111.07 1.32
endloop
endfacet
facet normal 0 0 1
outer loop
vertex 120.10 -111.10 1.32
vertex 120.10 -111.07 1.32
vertex 120.09 -111.04 1.32
endloop
endfacet
facet normal 0 0 1
outer loop
vertex 120.10 -111.10 1.32
vertex 120.09 -111.04 1.32
vertex 120.09 -111.04 1.32
endloop
endfacet
facet normal 0 0 1
outer loop
vertex 120.10 -111.10 1.32
vertex 120.09 -111.04 1.32
vertex 120.09 -111.04 0.88
endloop
endfacet
facet normal 0 0 1
outer loop
vertex 120.10 -111.10 1.32
vertex 120.09 -111.04 0.88
vertex 120.10 -111.10 0.88
endloop
endfacet
facet normal -0.94 -0.35 0
outer loop
vertex 120.12 -111.15 1.32
vertex 120.10 -111.10 1.32
vertex 120.10 -111.10 0.88
endloop
endfacet
facet normal -0.94 -0.35 0
outer loop
vertex 120.12 -111.15 1.32
vertex 120.10 -111.10 0.88
vertex 120.12 -111.15 0.88
endloop
endfacet
facet normal -0.88 -0.48 0
outer loop
vertex 120.15 -111.20 1.32
vertex 120.12 -111.15 1.32
vertex 120.12 -111.15 0.88
endloop
endfacet
facet normal -0.88 -0.48 0
outer loop
vertex 120.15 -111.20 1.32
vertex 120.12 -111.15 0.88
vertex 120.15 -111.20 0.88
endloop
endfacet
facet normal 0 0 1
outer loop
vertex 151.78 -158.67 1.32
vertex 151.81 -158.63 1.32
vertex 151.84 -158.59 1.32
endloop
endfacet
facet normal 0 0 1
outer loop
vertex 151.78 -158.67 1.32
vertex 151.84 -158.59 1.32
vertex 151.87 -158.55 1.32
endloop
endfacet
facet normal 0 0 1
outer loop
vertex 151.78 -158.67 1.32
vertex 151.87 -158.55 1.32
vertex 151.88 -158.52 1.32
endloop
endfacet
facet normal 0 0 1
outer loop
vertex 151.78 -158.67 1.32
vertex 151.88 -158.52 1.32
vertex 151.64 -158.52 1.32
endloop
endfacet
facet normal 0 0 1
outer loop
vertex 151.78 -158.67 1.32
vertex 151.64 -158.52 1.32
vertex 151.63 -158.53 1.32
endloop
endfacet
facet normal 0 0 1
outer loop
vertex 151.78 -158.67 1.32
vertex 151.63 -158.53 1.32
vertex 151.74 -158.70 1.32
endloop
endfacet
facet normal 0 0 1
outer loop
vertex 145.53 -158.53 1.32
vertex 145.51 -158.52 1.32
vertex 145.27 -158.52 1.32
endloop
endfacet
facet normal 0 0 1
outer loop
vertex 145.53 -158.53 1.32
vertex 145.27 -158.52 1.32
vertex 145.29 -158.56 1.32
endloop
endfacet
facet normal 0 0 1
outer loop
vertex 145.53 -158.53 1.32
vertex 145.29 -158.56 1.32
vertex 145.32 -158.61 1.32
endloop
endfacet
facet normal 0 0 1
outer loop
vertex 145.53 -158.53 1.32
vertex 145.32 -158.61 1.32
vertex 145.36 -158.66 1.32
endloop
endfacet
facet normal 0 0 1
outer loop
vertex 145.53 -158.53 1.32
vertex 145.36 -158.66 1.32
vertex 145.41 -158.70 1.32
endloop
endfacet
facet normal 0 0 1
outer loop
vertex 151.88 -158.52 1.32
vertex 151.89 -158.51 1.32
vertex 151.89 -158.50 1.32
endloop
endfacet
facet normal 0 0 1
outer loop
vertex 151.88 -158.52 1.32
vertex 151.89 -158.50 1.32
vertex 151.66 -158.50 1.32
endloop
endfacet
facet normal 0 0 1
outer loop
vertex 151.88 -158.52 1.32
vertex 151.66 -158.50 1.32
vertex 151.64 -158.52 1.32
endloop
endfacet
facet normal 0 0 1
outer loop
vertex 145.51 -158.52 1.32
vertex 145.49 -158.49 1.32
vertex 145.26 -158.49 1.32
endloop
endfacet
facet normal 0 0 1
outer loop
vertex 145.51 -158.52 1.32
vertex 145.26 -158.49 1.32
vertex 145.27 -158.51 1.32
endloop
endfacet
facet normal 0 0 1
outer loop
vertex 145.51 -158.52 1.32
vertex 145.27 -158.51 1.32
vertex 145.27 -158.52 1.32
endloop
endfacet
facet normal 0 0 1
outer loop
vertex 151.89 -158.50 1.32
vertex 151.89 -158.48 1.32
vertex 151.68 -158.48 1.32
endloop
endfacet
facet normal 0 0 1
outer loop
vertex 151.89 -158.50 1.32
vertex 151.68 -158.48 1.32
vertex 151.66 -158.50 1.32
endloop
endfacet
facet normal 0 0 1
outer loop
vertex 145.49 -158.49 1.32
vertex 145.47 -158.47 1.32
vertex 145.25 -158.47 1.32
endloop
endfacet
facet normal 0 0 1
outer loop
vertex 145.49 -158.49 1.32
vertex 145.25 -158.47 1.32
vertex 145.26 -158.49 1.32
endloop
endfacet
facet normal 0 0 1
outer loop
vertex 151.89 -158.48 1.32
vertex 151.90 -158.46 1.32
vertex 151.69 -158.46 1.32
endloop
endfacet
facet normal 0 0 1
outer loop
vertex 151.89 -158.48 1.32
vertex 151.69 -158.46 1.32
vertex 151.68 -158.48 1.32
endloop
endfacet
facet normal 0 0 1
outer loop
vertex 145.47 -158.47 1.32
vertex 145.46 -158.44 1.32
vertex 145.24 -158.44 1.32
endloop
endfacet
facet normal 0 0 1
outer loop
vertex 145.47 -158.47 1.32
vertex 145.24 -158.44 1.32
vertex 145.25 -158.47 1.32
endloop
endfacet
facet normal 0 0 1
outer loop
vertex 151.90 -158.46 1.32
vertex 151.91 -158.44 1.32
vertex 151.70 -158.44 1.32
endloop
endfacet
facet normal 0 0 1
outer loop
vertex 151.90 -158.46 1.32
vertex 151.70 -158.44 1.32
vertex 151.69 -158.46 1.32
endloop
endfacet
facet normal 0 0 1
outer loop
vertex 145.63 -158.39 1.32
vertex 145.73 -158.23 1.32
vertex 145.57 -158.48 1.32
endloop
endfacet
facet normal 0 0 1
outer loop
vertex 151.42 -158.23 1.32
vertex 151.52 -158.39 1.32
vertex 151.58 -158.48 1.32
endloop
endfacet
facet normal 0 0 1
outer loop
vertex 145.83 -158.07 1.32
vertex 146.00 -157.73 1.32
vertex 145.80 -158.11 1.32
endloop
endfacet
facet normal 0 0 1
outer loop
vertex 151.16 -157.73 1.32
vertex 151.33 -158.07 1.32
vertex 151.35 -158.11 1.32
endloop
endfacet
facet normal 0 0 1
outer loop
vertex 145.46 -158.44 1.32
vertex 142.34 -149.88 1.32
vertex 142.19 -149.88 1.32
endloop
endfacet
facet normal 0 0 1
outer loop
vertex 145.46 -158.44 1.32
vertex 142.19 -149.88 1.32
vertex 142.16 -149.96 1.32
endloop
endfacet
facet normal 0 0 1
outer loop
vertex 145.46 -158.44 1.32
vertex 142.16 -149.96 1.32
vertex 145.24 -158.44 1.32
endloop
endfacet
facet normal 0 0 1
outer loop
vertex 151.91 -158.44 1.32
vertex 155.00 -149.96 1.32
vertex 154.96 -149.88 1.32
endloop
endfacet
facet normal 0 0 1
outer loop
vertex 151.91 -158.44 1.32
vertex 154.96 -149.88 1.32
vertex 154.81 -149.88 1.32
endloop
endfacet
facet normal 0 0 1
outer loop
vertex 151.91 -158.44 1.32
vertex 154.81 -149.88 1.32
vertex 151.70 -158.44 1.32
endloop
endfacet
facet normal 0 0 1
outer loop
vertex 142.34 -149.88 1.32
vertex 142.28 -149.72 1.32
vertex 142.22 -149.72 1.32
endloop
endfacet
facet normal 0 0 1
outer loop
vertex 142.34 -149.88 1.32
vertex 142.22 -149.72 1.32
vertex 142.19 -149.88 1.32
endloop
endfacet
facet normal 0 0 1
outer loop
vertex 154.96 -149.88 1.32
vertex 154.93 -149.72 1.32
vertex 154.87 -149.72 1.32
endloop
endfacet
facet normal 0 0 1
outer loop
vertex 154.96 -149.88 1.32
vertex 154.87 -149.72 1.32
vertex 154.81 -149.88 1.32
endloop
endfacet
facet normal 0 0 1
outer loop
vertex 142.28 -149.72 1.32
vertex 142.23 -149.57 1.32
vertex 142.22 -149.72 1.32
endloop
endfacet
facet normal 0 0 1
outer loop
vertex 154.93 -149.72 1.32
vertex 154.93 -149.57 1.32
vertex 154.87 -149.72 1.32
endloop
endfacet
facet normal 0 0 1
outer loop
vertex 141.49 -147.55 1.32
vertex 141.48 -147.55 1.32
vertex 141.50 -147.58 1.32
endloop
endfacet
facet normal 0 0 1
outer loop
vertex 155.76 -147.46 1.32
vertex 155.69 -147.46 1.32
vertex 155.65 -147.58 1.32
endloop
endfacet
facet normal 0 0 1
outer loop
vertex 141.49 -147.55 1.32
vertex 141.45 -147.43 1.32
vertex 141.36 -147.43 1.32
endloop
endfacet
facet normal 0 0 1
outer loop
vertex 141.49 -147.55 1.32
vertex 141.36 -147.43 1.32
vertex 141.48 -147.55 1.32
endloop
endfacet
facet normal 0 0 1
outer loop
vertex 155.76 -147.46 1.32
vertex 155.88 -147.36 1.32
vertex 155.73 -147.36 1.32
endloop
endfacet
facet normal 0 0 1
outer loop
vertex 155.76 -147.46 1.32
vertex 155.73 -147.36 1.32
vertex 155.69 -147.46 1.32
endloop
endfacet
facet normal 0 0 1
outer loop
vertex 141.45 -147.43 1.32
vertex 141.41 -147.33 1.32
vertex 141.21 -147.33 1.32
endloop
endfacet
facet normal 0 0 1
outer loop
vertex 141.45 -147.43 1.32
vertex 141.21 -147.33 1.32
vertex 141.36 -147.43 1.32
endloop
endfacet
facet normal 0 0 1
outer loop
vertex 141.41 -147.33 1.32
vertex 138.65 -139.76 1.32
vertex 138.44 -139.76 1.32
endloop
endfacet
facet normal 0 0 1
outer loop
vertex 141.41 -147.33 1.32
vertex 138.44 -139.76 1.32
vertex 141.19 -147.32 1.32
endloop
endfacet
facet normal 0 0 1
outer loop
vertex 141.41 -147.33 1.32
vertex 141.19 -147.32 1.32
vertex 141.21 -147.33 1.32
endloop
endfacet
facet normal 0 0 1
outer loop
vertex 155.88 -147.36 1.32
vertex 155.96 -147.32 1.32
vertex 158.71 -139.76 1.32
endloop
endfacet
facet normal 0 0 1
outer loop
vertex 155.88 -147.36 1.32
vertex 158.71 -139.76 1.32
vertex 158.50 -139.76 1.32
endloop
endfacet
facet normal 0 0 1
outer loop
vertex 155.88 -147.36 1.32
vertex 158.50 -139.76 1.32
vertex 155.73 -147.36 1.32
endloop
endfacet
facet normal 0 0 1
outer loop
vertex 158.71 -139.76 1.32
vertex 165.60 -129.00 1.32
vertex 165.60 -128.98 1.32
endloop
endfacet
facet normal 0 0 1
outer loop
vertex 158.71 -139.76 1.32
vertex 165.60 -128.98 1.32
vertex 165.38 -128.98 1.32
endloop
endfacet
facet normal 0 0 1
outer loop
vertex 158.71 -139.76 1.32
vertex 165.38 -128.98 1.32
vertex 158.53 -139.67 1.32
endloop
endfacet
facet normal 0 0 1
outer loop
vertex 158.71 -139.76 1.32
vertex 158.53 -139.67 1.32
vertex 158.50 -139.76 1.32
endloop
endfacet
facet normal 0 0 1
outer loop
vertex 138.65 -139.76 1.32
vertex 138.62 -139.67 1.32
vertex 131.71 -128.87 1.32
endloop
endfacet
facet normal 0 0 1
outer loop
vertex 138.65 -139.76 1.32
vertex 131.71 -128.87 1.32
vertex 131.55 -128.87 1.32
endloop
endfacet
facet normal 0 0 1
outer loop
vertex 138.65 -139.76 1.32
vertex 131.55 -128.87 1.32
vertex 131.55 -129.00 1.32
endloop
endfacet
facet normal 0 0 1
outer loop
vertex 138.65 -139.76 1.32
vertex 131.55 -129.00 1.32
vertex 138.44 -139.76 1.32
endloop
endfacet
facet normal 0 0 1
outer loop
vertex 165.60 -128.98 1.32
vertex 165.61 -128.82 1.32
vertex 165.48 -128.82 1.32
endloop
endfacet
facet normal 0 0 1
outer loop
vertex 165.60 -128.98 1.32
vertex 165.48 -128.82 1.32
vertex 165.38 -128.98 1.32
endloop
endfacet
facet normal 0 0 1
outer loop
vertex 131.71 -128.87 1.32
vertex 131.60 -128.70 1.32
vertex 131.52 -128.70 1.32
endloop
endfacet
facet normal 0 0 1
outer loop
vertex 131.71 -128.87 1.32
vertex 131.52 -128.70 1.32
vertex 131.55 -128.87 1.32
endloop
endfacet
facet normal 0 0 1
outer loop
vertex 165.61 -128.82 1.32
vertex 165.64 -128.67 1.32
vertex 165.58 -128.67 1.32
endloop
endfacet
facet normal 0 0 1
outer loop
vertex 165.61 -128.82 1.32
vertex 165.58 -128.67 1.32
vertex 165.48 -128.82 1.32
endloop
endfacet
facet normal 0 0 1
outer loop
vertex 131.60 -128.70 1.32
vertex 131.49 -128.54 1.32
vertex 131.46 -128.54 1.32
endloop
endfacet
facet normal 0 0 1
outer loop
vertex 131.60 -128.70 1.32
vertex 131.46 -128.54 1.32
vertex 131.52 -128.70 1.32
endloop
endfacet
facet normal 0 0 1
outer loop
vertex 165.64 -128.67 1.32
vertex 165.70 -128.52 1.32
vertex 165.67 -128.52 1.32
endloop
endfacet
facet normal 0 0 1
outer loop
vertex 165.64 -128.67 1.32
vertex 165.67 -128.52 1.32
vertex 165.58 -128.67 1.32
endloop
endfacet
facet normal 0 0 1
outer loop
vertex 131.49 -128.54 1.32
vertex 131.40 -128.39 1.32
vertex 131.38 -128.39 1.32
endloop
endfacet
facet normal 0 0 1
outer loop
vertex 131.49 -128.54 1.32
vertex 131.38 -128.39 1.32
vertex 131.46 -128.54 1.32
endloop
endfacet
facet normal 0 0 1
outer loop
vertex 165.70 -128.52 1.32
vertex 165.78 -128.39 1.32
vertex 165.76 -128.39 1.32
endloop
endfacet
facet normal 0 0 1
outer loop
vertex 165.70 -128.52 1.32
vertex 165.76 -128.39 1.32
vertex 165.67 -128.52 1.32
endloop
endfacet
facet normal 0 0 1
outer loop
vertex 165.78 -128.39 1.32
vertex 166.64 -127.16 1.32
vertex 166.54 -127.16 1.32
endloop
endfacet
facet normal 0 0 1
outer loop
vertex 165.78 -128.39 1.32
vertex 166.54 -127.16 1.32
vertex 165.76 -128.39 1.32
endloop
endfacet
facet normal 0 0 1
outer loop
vertex 131.40 -128.39 1.32
vertex 130.61 -127.16 1.32
vertex 130.52 -127.16 1.32
endloop
endfacet
facet normal 0 0 1
outer loop
vertex 131.40 -128.39 1.32
vertex 130.52 -127.16 1.32
vertex 131.38 -128.39 1.32
endloop
endfacet
facet normal 0 0 1
outer loop
vertex 166.64 -127.16 1.32
vertex 166.74 -127.04 1.32
vertex 166.62 -127.04 1.32
endloop
endfacet
facet normal 0 0 1
outer loop
vertex 166.64 -127.16 1.32
vertex 166.62 -127.04 1.32
vertex 166.54 -127.16 1.32
endloop
endfacet
facet normal 0 0 1
outer loop
vertex 130.61 -127.16 1.32
vertex 130.52 -127.03 1.32
vertex 130.40 -127.03 1.32
endloop
endfacet
facet normal 0 0 1
outer loop
vertex 130.61 -127.16 1.32
vertex 130.40 -127.03 1.32
vertex 130.52 -127.16 1.32
endloop
endfacet
facet normal 0 0 1
outer loop
vertex 166.74 -127.04 1.32
vertex 166.86 -126.93 1.32
vertex 166.69 -126.93 1.32
endloop
endfacet
facet normal 0 0 1
outer loop
vertex 166.74 -127.04 1.32
vertex 166.69 -126.93 1.32
vertex 166.62 -127.04 1.32
endloop
endfacet
facet normal 0 0 1
outer loop
vertex 130.52 -127.03 1.32
vertex 130.45 -126.91 1.32
vertex 130.27 -126.91 1.32
endloop
endfacet
facet normal 0 0 1
outer loop
vertex 130.52 -127.03 1.32
vertex 130.27 -126.91 1.32
vertex 130.40 -127.03 1.32
endloop
endfacet
facet normal 0 0 1
outer loop
vertex 130.45 -126.91 1.32
vertex 120.32 -111.10 1.32
vertex 120.10 -111.10 1.32
endloop
endfacet
facet normal 0 0 1
outer loop
vertex 130.45 -126.91 1.32
vertex 120.10 -111.10 1.32
vertex 120.10 -111.10 1.32
endloop
endfacet
facet normal 0 0 1
outer loop
vertex 130.45 -126.91 1.32
vertex 120.10 -111.10 1.32
vertex 120.12 -111.15 1.32
endloop
endfacet
facet normal 0 0 1
outer loop
vertex 130.45 -126.91 1.32
vertex 120.12 -111.15 1.32
vertex 120.15 -111.20 1.32
endloop
endfacet
facet normal 0 0 1
outer loop
vertex 130.45 -126.91 1.32
vertex 120.15 -111.20 1.32
vertex 130.18 -126.86 1.32
endloop
endfacet
facet normal 0 0 1
outer loop
vertex 130.45 -126.91 1.32
vertex 130.18 -126.86 1.32
vertex 130.27 -126.91 1.32
endloop
endfacet
facet normal 0 0 1
outer loop
vertex 166.86 -126.93 1.32
vertex 166.97 -126.86 1.32
vertex 177.00 -111.20 1.32
endloop
endfacet
facet normal 0 0 1
outer loop
vertex 166.86 -126.93 1.32
vertex 177.00 -111.20 1.32
vertex 177.03 -111.15 1.32
endloop
endfacet
facet normal 0 0 1
outer loop
vertex 166.86 -126.93 1.32
vertex 177.03 -111.15 1.32
vertex 177.05 -111.10 1.32
endloop
endfacet
facet normal 0 0 1
outer loop
vertex 166.86 -126.93 1.32
vertex 177.05 -111.10 1.32
vertex 177.05 -111.10 1.32
endloop
endfacet
facet normal 0 0 1
outer loop
vertex 166.86 -126.93 1.32
vertex 177.05 -111.10 1.32
vertex 176.83 -111.10 1.32
endloop
endfacet
facet normal 0 0 1
outer loop
vertex 166.86 -126.93 1.32
vertex 176.83 -111.10 1.32
vertex 166.69 -126.93 1.32
endloop
endfacet
facet normal 0 0 1
outer loop
vertex 120.32 -111.10 1.32
vertex 120.31 -111.07 1.32
vertex 120.10 -111.07 1.32
endloop
endfacet
facet normal 0 0 1
outer loop
vertex 120.32 -111.10 1.32
vertex 120.10 -111.07 1.32
vertex 120.10 -111.10 1.32
endloop
endfacet
facet normal 0 0 1
outer loop
vertex 177.05 -111.10 1.32
vertex 177.06 -111.07 1.32
vertex 176.85 -111.07 1.32
endloop
endfacet
facet normal 0 0 1
outer loop
vertex 177.05 -111.10 1.32
vertex 176.85 -111.07 1.32
vertex 176.83 -111.10 1.32
endloop
endfacet
facet normal 0 0 1
outer loop
vertex 120.31 -111.07 1.32
vertex 120.30 -111.04 1.32
vertex 120.09 -111.04 1.32
endloop
endfacet
facet normal 0 0 1
outer loop
vertex 120.31 -111.07 1.32
vertex 120.09 -111.04 1.32
vertex 120.10 -111.07 1.32
endloop
endfacet
facet normal 0 0 1
outer loop
vertex 177.06 -111.07 1.32
vertex 177.06 -111.04 1.32
vertex 176.86 -111.04 1.32
endloop
endfacet
facet normal 0 0 1
outer loop
vertex 177.06 -111.07 1.32
vertex 176.86 -111.04 1.32
vertex 176.85 -111.07 1.32
endloop
endfacet
facet normal 0 0 1
outer loop
vertex 120.30 -111.04 1.32
vertex 120.29 -111.02 1.32
vertex 120.09 -111.02 1.32
endloop
endfacet
facet normal 0 0 1
outer loop
vertex 120.30 -111.04 1.32
vertex 120.09 -111.02 1.32
vertex 120.09 -111.04 1.32
endloop
endfacet
facet normal 0 0 1
outer loop
vertex 120.30 -111.04 1.32
vertex 120.09 -111.04 1.32
vertex 120.09 -111.04 1.32
endloop
endfacet
facet normal 0 0 1
outer loop
vertex 177.06 -111.04 1.32
vertex 177.06 -111.04 1.32
vertex 177.06 -111.02 1.32
endloop
endfacet
facet normal 0 0 1
outer loop
vertex 177.06 -111.04 1.32
vertex 177.06 -111.02 1.32
vertex 176.86 -111.02 1.32
endloop
endfacet
facet normal 0 0 1
outer loop
vertex 177.06 -111.04 1.32
vertex 176.86 -111.02 1.32
vertex 176.86 -111.04 1.32
endloop
endfacet
facet normal 0 0 1
outer loop
vertex 120.29 -111.02 1.32
vertex 120.29 -110.99 1.32
vertex 120.09 -110.99 1.32
endloop
endfacet
facet normal 0 0 1
outer loop
vertex 120.29 -111.02 1.32
vertex 120.09 -110.99 1.32
vertex 120.09 -111.02 1.32
endloop
endfacet
facet normal 0 0 1
outer loop
vertex 177.06 -111.02 1.32
vertex 177.07 -110.99 1.32
vertex 176.87 -110.99 1.32
endloop
endfacet
facet normal 0 0 1
outer loop
vertex 177.06 -111.02 1.32
vertex 176.87 -110.99 1.32
vertex 176.86 -111.02 1.32
endloop
endfacet
facet normal 0 0 1
outer loop
vertex 120.29 -110.99 1.32
vertex 120.29 -110.96 1.32
vertex 120.09 -110.96 1.32
endloop
endfacet
facet normal 0 0 1
outer loop
vertex 120.29 -110.99 1.32
vertex 120.09 -110.96 1.32
vertex 120.09 -110.99 1.32
endloop
endfacet
facet normal 0 0 1
outer loop
vertex 120.29 -110.99 1.32
vertex 120.09 -110.99 1.32
vertex 120.09 -110.99 1.32
endloop
endfacet
facet normal 0 0 1
outer loop
vertex 177.07 -110.99 1.32
vertex 177.07 -110.99 1.32
vertex 177.06 -110.96 1.32
endloop
endfacet
facet normal 0 0 1
outer loop
vertex 177.07 -110.99 1.32
vertex 177.06 -110.96 1.32
vertex 176.86 -110.96 1.32
endloop
endfacet
facet normal 0 0 1
outer loop
vertex 177.07 -110.99 1.32
vertex 176.86 -110.96 1.32
vertex 176.87 -110.99 1.32
endloop
endfacet
facet normal 0 0 1
outer loop
vertex 120.29 -110.96 1.32
vertex 120.30 -110.93 1.32
vertex 120.09 -110.93 1.32
endloop
endfacet
facet normal 0 0 1
outer loop
vertex 120.29 -110.96 1.32
vertex 120.09 -110.93 1.32
vertex 120.09 -110.96 1.32
endloop
endfacet
facet normal 0 0 1
outer loop
vertex 177.06 -110.96 1.32
vertex 177.06 -110.93 1.32
vertex 176.86 -110.93 1.32
endloop
endfacet
facet normal 0 0 1
outer loop
vertex 177.06 -110.96 1.32
vertex 176.86 -110.93 1.32
vertex 176.86 -110.96 1.32
endloop
endfacet
facet normal 0 0 1
outer loop
vertex 120.30 -110.93 1.32
vertex 120.31 -110.90 1.32
vertex 120.10 -110.90 1.32
endloop
endfacet
facet normal 0 0 1
outer loop
vertex 120.30 -110.93 1.32
vertex 120.10 -110.90 1.32
vertex 120.09 -110.93 1.32
endloop
endfacet
facet normal 0 0 1
outer loop
vertex 120.30 -110.93 1.32
vertex 120.09 -110.93 1.32
vertex 120.09 -110.93 1.32
endloop
endfacet
facet normal 0 0 1
outer loop
vertex 177.06 -110.93 1.32
vertex 177.06 -110.93 1.32
vertex 177.06 -110.90 1.32
endloop
endfacet
facet normal 0 0 1
outer loop
vertex 177.06 -110.93 1.32
vertex 177.06 -110.90 1.32
vertex 176.85 -110.90 1.32
endloop
endfacet
facet normal 0 0 1
outer loop
vertex 177.06 -110.93 1.32
vertex 176.85 -110.90 1.32
vertex 176.86 -110.93 1.32
endloop
endfacet
facet normal 0 0 1
outer loop
vertex 120.31 -110.90 1.32
vertex 144.27 -59.52 1.32
vertex 144.04 -59.52 1.32
endloop
endfacet
facet normal 0 0 1
outer loop
vertex 120.31 -110.90 1.32
vertex 144.04 -59.52 1.32
vertex 120.12 -110.82 1.32
endloop
endfacet
facet normal 0 0 1
outer loop
vertex 120.31 -110.90 1.32
vertex 120.12 -110.82 1.32
vertex 120.10 -110.87 1.32
endloop
endfacet
facet normal 0 0 1
outer loop
vertex 120.31 -110.90 1.32
vertex 120.10 -110.87 1.32
vertex 120.10 -110.90 1.32
endloop
endfacet
facet normal 0 0 1
outer loop
vertex 177.06 -110.90 1.32
vertex 177.05 -110.87 1.32
vertex 177.03 -110.82 1.32
endloop
endfacet
facet normal 0 0 1
outer loop
vertex 177.06 -110.90 1.32
vertex 177.03 -110.82 1.32
vertex 153.11 -59.52 1.32
endloop
endfacet
facet normal 0 0 1
outer loop
vertex 177.06 -110.90 1.32
vertex 153.11 -59.52 1.32
vertex 152.89 -59.52 1.32
endloop
endfacet
facet normal 0 0 1
outer loop
vertex 177.06 -110.90 1.32
vertex 152.89 -59.52 1.32
vertex 176.85 -110.90 1.32
endloop
endfacet
facet normal 0 0 1
outer loop
vertex 144.27 -59.52 1.32
vertex 144.31 -59.43 1.32
vertex 137.50 -56.25 1.32
endloop
endfacet
facet normal 0 0 1
outer loop
vertex 144.27 -59.52 1.32
vertex 137.50 -56.25 1.32
vertex 137.07 -56.25 1.32
endloop
endfacet
facet normal 0 0 1
outer loop
vertex 144.27 -59.52 1.32
vertex 137.07 -56.25 1.32
vertex 137.07 -56.27 1.32
endloop
endfacet
facet normal 0 0 1
outer loop
vertex 144.27 -59.52 1.32
vertex 137.07 -56.27 1.32
vertex 144.04 -59.52 1.32
endloop
endfacet
facet normal 0 0 1
outer loop
vertex 153.11 -59.52 1.32
vertex 160.08 -56.27 1.32
vertex 160.12 -56.19 1.32
endloop
endfacet
facet normal 0 0 1
outer loop
vertex 153.11 -59.52 1.32
vertex 160.12 -56.19 1.32
vertex 159.78 -56.19 1.32
endloop
endfacet
facet normal 0 0 1
outer loop
vertex 153.11 -59.52 1.32
vertex 159.78 -56.19 1.32
vertex 152.84 -59.43 1.32
endloop
endfacet
facet normal 0 0 1
outer loop
vertex 153.11 -59.52 1.32
vertex 152.84 -59.43 1.32
vertex 152.89 -59.52 1.32
endloop
endfacet
facet normal 0 0 1
outer loop
vertex 137.50 -56.25 1.32
vertex 137.18 -56.10 1.32
vertex 136.98 -56.10 1.32
endloop
endfacet
facet normal 0 0 1
outer loop
vertex 137.50 -56.25 1.32
vertex 136.98 -56.10 1.32
vertex 137.07 -56.25 1.32
endloop
endfacet
facet normal 0 0 1
outer loop
vertex 160.12 -56.19 1.32
vertex 160.21 -56.06 1.32
vertex 160.07 -56.06 1.32
endloop
endfacet
facet normal 0 0 1
outer loop
vertex 160.12 -56.19 1.32
vertex 160.07 -56.06 1.32
vertex 159.78 -56.19 1.32
endloop
endfacet
facet normal 0 0 1
outer loop
vertex 137.18 -56.10 1.32
vertex 136.89 -55.97 1.32
vertex 136.87 -55.97 1.32
endloop
endfacet
facet normal 0 0 1
outer loop
vertex 137.18 -56.10 1.32
vertex 136.87 -55.97 1.32
vertex 136.98 -56.10 1.32
endloop
endfacet
facet normal 0 0 1
outer loop
vertex 160.21 -56.06 1.32
vertex 160.31 -55.94 1.32
vertex 160.07 -56.06 1.32
endloop
endfacet
facet normal 0 0 1
outer loop
vertex 136.89 -55.97 1.32
vertex 136.84 -55.94 1.32
vertex 136.87 -55.97 1.32
endloop
endfacet
facet normal 0 0 1
outer loop
vertex 134.54 -55.07 1.32
vertex 134.50 -55.07 1.32
vertex 134.52 -55.08 1.32
endloop
endfacet
facet normal 0 0 1
outer loop
vertex 162.65 -55.07 1.32
vertex 162.61 -55.07 1.32
vertex 162.63 -55.08 1.32
endloop
endfacet
facet normal 0 0 1
outer loop
vertex 134.54 -55.07 1.32
vertex 134.71 -55.04 1.32
vertex 134.44 -55.04 1.32
endloop
endfacet
facet normal 0 0 1
outer loop
vertex 134.54 -55.07 1.32
vertex 134.44 -55.04 1.32
vertex 134.50 -55.07 1.32
endloop
endfacet
facet normal 0 0 1
outer loop
vertex 134.91 -55.04 1.32
vertex 134.89 -55.04 1.32
vertex 134.93 -55.05 1.32
endloop
endfacet
facet normal 0 0 1
outer loop
vertex 162.65 -55.07 1.32
vertex 162.71 -55.04 1.32
vertex 162.44 -55.04 1.32
endloop
endfacet
facet normal 0 0 1
outer loop
vertex 162.65 -55.07 1.32
vertex 162.44 -55.04 1.32
vertex 162.61 -55.07 1.32
endloop
endfacet
facet normal 0 0 1
outer loop
vertex 162.27 -55.04 1.32
vertex 162.24 -55.04 1.32
vertex 162.23 -55.05 1.32
endloop
endfacet
facet normal 0 6.232460090133727e-17 1
outer loop
vertex 134.71 -55.04 1.32
vertex 134.89 -55.04 1.32
vertex 134.91 -55.04 1.32
endloop
endfacet
facet normal 0 6.232460090133727e-17 1
outer loop
vertex 134.71 -55.04 1.32
vertex 134.91 -55.04 1.32
vertex 127.27 -51.48 1.32
endloop
endfacet
facet normal 0 6.232460090133727e-17 1
outer loop
vertex 134.71 -55.04 1.32
vertex 127.27 -51.48 1.32
vertex 127.00 -51.48 1.32
endloop
endfacet
facet normal 0 6.232460090133727e-17 1
outer loop
vertex 134.71 -55.04 1.32
vertex 127.00 -51.48 1.32
vertex 127.01 -51.49 1.32
endloop
endfacet
facet normal 0 6.232460090133727e-17 1
outer loop
vertex 134.71 -55.04 1.32
vertex 127.01 -51.49 1.32
vertex 127.04 -51.55 1.32
endloop
endfacet
facet normal 0 6.232460090133727e-17 1
outer loop
vertex 134.71 -55.04 1.32
vertex 127.04 -51.55 1.32
vertex 127.08 -51.59 1.32
endloop
endfacet
facet normal 0 6.232460090133727e-17 1
outer loop
vertex 134.71 -55.04 1.32
vertex 127.08 -51.59 1.32
vertex 127.13 -51.63 1.32
endloop
endfacet
facet normal 0 6.232460090133727e-17 1
outer loop
vertex 134.71 -55.04 1.32
vertex 127.13 -51.63 1.32
vertex 127.19 -51.66 1.32
endloop
endfacet
facet normal 0 6.232460090133727e-17 1
outer loop
vertex 134.71 -55.04 1.32
vertex 127.19 -51.66 1.32
vertex 134.44 -55.04 1.32
endloop
endfacet
facet normal -3.117827440382796e-14 6.673069398857324e-14 1
outer loop
vertex 162.71 -55.04 1.32
vertex 169.97 -51.66 1.32
vertex 170.03 -51.63 1.32
endloop
endfacet
facet normal -3.117827440382796e-14 6.673069398857324e-14 1
outer loop
vertex 162.71 -55.04 1.32
vertex 170.03 -51.63 1.32
vertex 170.08 -51.58 1.32
endloop
endfacet
facet normal -3.117827440382796e-14 6.673069398857324e-14 1
outer loop
vertex 162.71 -55.04 1.32
vertex 170.08 -51.58 1.32
vertex 170.12 -51.53 1.32
endloop
endfacet
facet normal -3.117827440382796e-14 6.673069398857324e-14 1
outer loop
vertex 162.71 -55.04 1.32
vertex 170.12 -51.53 1.32
vertex 170.15 -51.48 1.32
endloop
endfacet
facet normal -3.117827440382796e-14 6.673069398857324e-14 1
outer loop
vertex 162.71 -55.04 1.32
vertex 170.15 -51.48 1.32
vertex 169.88 -51.48 1.32
endloop
endfacet
facet normal -3.117827440382796e-14 6.673069398857324e-14 1
outer loop
vertex 162.71 -55.04 1.32
vertex 169.88 -51.48 1.32
vertex 162.24 -55.04 1.32
endloop
endfacet
facet normal -3.117827440382796e-14 6.673069398857324e-14 1
outer loop
vertex 162.71 -55.04 1.32
vertex 162.24 -55.04 1.32
vertex 162.27 -55.04 1.32
endloop
endfacet
facet normal -3.117827440382796e-14 6.673069398857324e-14 1
outer loop
vertex 162.71 -55.04 1.32
vertex 162.27 -55.04 1.32
vertex 162.44 -55.04 1.32
endloop
endfacet
facet normal 0 0 1
outer loop
vertex 127.27 -51.48 1.32
vertex 127.24 -51.46 1.32
vertex 126.99 -51.46 1.32
endloop
endfacet
facet normal 0 0 1
outer loop
vertex 127.27 -51.48 1.32
vertex 126.99 -51.46 1.32
vertex 127.00 -51.48 1.32
endloop
endfacet
facet normal 0 0 1
outer loop
vertex 170.15 -51.48 1.32
vertex 170.16 -51.47 1.32
vertex 170.16 -51.46 1.32
endloop
endfacet
facet normal 0 0 1
outer loop
vertex 170.15 -51.48 1.32
vertex 170.16 -51.46 1.32
vertex 169.91 -51.46 1.32
endloop
endfacet
facet normal 0 0 1
outer loop
vertex 170.15 -51.48 1.32
vertex 169.91 -51.46 1.32
vertex 169.88 -51.48 1.32
endloop
endfacet
facet normal 0 0 1
outer loop
vertex 127.24 -51.46 1.32
vertex 127.22 -51.44 1.32
vertex 126.98 -51.44 1.32
endloop
endfacet
facet normal 0 0 1
outer loop
vertex 127.24 -51.46 1.32
vertex 126.98 -51.44 1.32
vertex 126.99 -51.46 1.32
endloop
endfacet
facet normal 0 0 1
outer loop
vertex 170.16 -51.46 1.32
vertex 170.17 -51.44 1.32
vertex 169.94 -51.44 1.32
endloop
endfacet
facet normal 0 0 1
outer loop
vertex 170.16 -51.46 1.32
vertex 169.94 -51.44 1.32
vertex 169.91 -51.46 1.32
endloop
endfacet
facet normal 0 0 1
outer loop
vertex 127.22 -51.44 1.32
vertex 127.19 -51.41 1.32
vertex 126.97 -51.41 1.32
endloop
endfacet
facet normal 0 0 1
outer loop
vertex 127.22 -51.44 1.32
vertex 126.97 -51.41 1.32
vertex 126.98 -51.44 1.32
endloop
endfacet
facet normal 0 0 1
outer loop
vertex 127.22 -51.44 1.32
vertex 126.98 -51.44 1.32
vertex 126.98 -51.44 1.32
endloop
endfacet
facet normal 0 0 1
outer loop
vertex 170.17 -51.44 1.32
vertex 170.18 -51.41 1.32
vertex 169.96 -51.41 1.32
endloop
endfacet
facet normal 0 0 1
outer loop
vertex 170.17 -51.44 1.32
vertex 169.96 -51.41 1.32
vertex 169.94 -51.44 1.32
endloop
endfacet
facet normal 0 0 1
outer loop
vertex 127.19 -51.41 1.32
vertex 127.18 -51.38 1.32
vertex 126.97 -51.38 1.32
endloop
endfacet
facet normal 0 0 1
outer loop
vertex 127.19 -51.41 1.32
vertex 126.97 -51.38 1.32
vertex 126.97 -51.41 1.32
endloop
endfacet
facet normal 0 0 1
outer loop
vertex 170.18 -51.41 1.32
vertex 170.18 -51.40 1.32
vertex 170.19 -51.38 1.32
endloop
endfacet
facet normal 0 0 1
outer loop
vertex 170.18 -51.41 1.32
vertex 170.19 -51.38 1.32
vertex 169.98 -51.38 1.32
endloop
endfacet
facet normal 0 0 1
outer loop
vertex 170.18 -51.41 1.32
vertex 169.98 -51.38 1.32
vertex 169.96 -51.41 1.32
endloop
endfacet
facet normal 0 0 1
outer loop
vertex 127.18 -51.38 1.32
vertex 127.16 -51.35 1.32
vertex 126.96 -51.35 1.32
endloop
endfacet
facet normal 0 0 1
outer loop
vertex 127.18 -51.38 1.32
vertex 126.96 -51.35 1.32
vertex 126.96 -51.38 1.32
endloop
endfacet
facet normal 0 0 1
outer loop
vertex 127.18 -51.38 1.32
vertex 126.96 -51.38 1.32
vertex 126.97 -51.38 1.32
endloop
endfacet
facet normal 0 0 1
outer loop
vertex 170.19 -51.38 1.32
vertex 170.19 -51.35 1.32
vertex 169.99 -51.35 1.32
endloop
endfacet
facet normal 0 0 1
outer loop
vertex 170.19 -51.38 1.32
vertex 169.99 -51.35 1.32
vertex 169.98 -51.38 1.32
endloop
endfacet
facet normal 0 0 1
outer loop
vertex 127.16 -51.35 1.32
vertex 127.16 -51.32 1.32
vertex 126.96 -51.32 1.32
endloop
endfacet
facet normal 0 0 1
outer loop
vertex 127.16 -51.35 1.32
vertex 126.96 -51.32 1.32
vertex 126.96 -51.35 1.32
endloop
endfacet
facet normal 0 0 1
outer loop
vertex 170.19 -51.35 1.32
vertex 170.20 -51.33 1.32
vertex 170.20 -51.32 1.32
endloop
endfacet
facet normal 0 0 1
outer loop
vertex 170.19 -51.35 1.32
vertex 170.20 -51.32 1.32
vertex 170.00 -51.32 1.32
endloop
endfacet
facet normal 0 0 1
outer loop
vertex 170.19 -51.35 1.32
vertex 170.00 -51.32 1.32
vertex 169.99 -51.35 1.32
endloop
endfacet
facet normal 0 0 1
outer loop
vertex 127.16 -51.32 1.32
vertex 127.16 -51.28 1.32
vertex 126.96 -51.28 1.32
endloop
endfacet
facet normal 0 0 1
outer loop
vertex 127.16 -51.32 1.32
vertex 126.96 -51.28 1.32
vertex 126.96 -51.31 1.32
endloop
endfacet
facet normal 0 0 1
outer loop
vertex 127.16 -51.32 1.32
vertex 126.96 -51.31 1.32
vertex 126.96 -51.32 1.32
endloop
endfacet
facet normal 0 0 1
outer loop
vertex 170.20 -51.32 1.32
vertex 170.20 -51.28 1.32
vertex 170.00 -51.28 1.32
endloop
endfacet
facet normal 0 0 1
outer loop
vertex 170.20 -51.32 1.32
vertex 170.00 -51.28 1.32
vertex 170.00 -51.32 1.32
endloop
endfacet
facet normal 0 0 1
outer loop
vertex 127.16 -51.28 1.32
vertex 127.16 -51.25 1.32
vertex 126.96 -51.25 1.32
endloop
endfacet
facet normal 0 0 1
outer loop
vertex 127.16 -51.28 1.32
vertex 126.96 -51.25 1.32
vertex 126.96 -51.25 1.32
endloop
endfacet
facet normal 0 0 1
outer loop
vertex 127.16 -51.28 1.32
vertex 126.96 -51.25 1.32
vertex 126.96 -51.28 1.32
endloop
endfacet
facet normal 0 0 1
outer loop
vertex 170.20 -51.28 1.32
vertex 170.20 -51.26 1.32
vertex 170.19 -51.25 1.32
endloop
endfacet
facet normal 0 0 1
outer loop
vertex 170.20 -51.28 1.32
vertex 170.19 -51.25 1.32
vertex 169.99 -51.25 1.32
endloop
endfacet
facet normal 0 0 1
outer loop
vertex 170.20 -51.28 1.32
vertex 169.99 -51.25 1.32
vertex 170.00 -51.28 1.32
endloop
endfacet
facet normal 0 0 1
outer loop
vertex 170.19 -51.25 1.32
vertex 170.19 -51.22 1.32
vertex 169.98 -51.22 1.32
endloop
endfacet
facet normal 0 0 1
outer loop
vertex 170.19 -51.25 1.32
vertex 169.98 -51.22 1.32
vertex 169.99 -51.25 1.32
endloop
endfacet
facet normal 0 0 1
outer loop
vertex 127.16 -51.25 1.32
vertex 127.18 -51.22 1.32
vertex 126.97 -51.22 1.32
endloop
endfacet
facet normal 0 0 1
outer loop
vertex 127.16 -51.25 1.32
vertex 126.97 -51.22 1.32
vertex 126.96 -51.25 1.32
endloop
endfacet
facet normal 0 0 1
outer loop
vertex 127.18 -51.22 1.32
vertex 128.38 -48.63 1.32
vertex 128.16 -48.63 1.32
endloop
endfacet
facet normal 0 0 1
outer loop
vertex 127.18 -51.22 1.32
vertex 128.16 -48.63 1.32
vertex 126.99 -51.13 1.32
endloop
endfacet
facet normal 0 0 1
outer loop
vertex 127.18 -51.22 1.32
vertex 126.99 -51.13 1.32
vertex 126.97 -51.19 1.32
endloop
endfacet
facet normal 0 0 1
outer loop
vertex 127.18 -51.22 1.32
vertex 126.97 -51.19 1.32
vertex 126.97 -51.22 1.32
endloop
endfacet
facet normal 0 0 1
outer loop
vertex 170.19 -51.22 1.32
vertex 170.18 -51.20 1.32
vertex 170.16 -51.13 1.32
endloop
endfacet
facet normal 0 0 1
outer loop
vertex 170.19 -51.22 1.32
vertex 170.16 -51.13 1.32
vertex 168.99 -48.63 1.32
endloop
endfacet
facet normal 0 0 1
outer loop
vertex 170.19 -51.22 1.32
vertex 168.99 -48.63 1.32
vertex 168.77 -48.63 1.32
endloop
endfacet
facet normal 0 0 1
outer loop
vertex 170.19 -51.22 1.32
vertex 168.77 -48.63 1.32
vertex 169.98 -51.22 1.32
endloop
endfacet
facet normal 0 0 1
outer loop
vertex 128.38 -48.63 1.32
vertex 128.43 -48.53 1.32
vertex 121.57 -45.52 1.32
endloop
endfacet
facet normal 0 0 1
outer loop
vertex 128.38 -48.63 1.32
vertex 121.57 -45.52 1.32
vertex 121.24 -45.52 1.32
endloop
endfacet
facet normal 0 0 1
outer loop
vertex 128.38 -48.63 1.32
vertex 121.24 -45.52 1.32
vertex 121.26 -45.59 1.32
endloop
endfacet
facet normal 0 0 1
outer loop
vertex 128.38 -48.63 1.32
vertex 121.26 -45.59 1.32
vertex 128.16 -48.63 1.32
endloop
endfacet
facet normal 0 0 1
outer loop
vertex 168.99 -48.63 1.32
vertex 175.89 -45.59 1.32
vertex 175.91 -45.52 1.32
endloop
endfacet
facet normal 0 0 1
outer loop
vertex 168.99 -48.63 1.32
vertex 175.91 -45.52 1.32
vertex 175.58 -45.52 1.32
endloop
endfacet
facet normal 0 0 1
outer loop
vertex 168.99 -48.63 1.32
vertex 175.58 -45.52 1.32
vertex 168.73 -48.53 1.32
endloop
endfacet
facet normal 0 0 1
outer loop
vertex 168.99 -48.63 1.32
vertex 168.73 -48.53 1.32
vertex 168.77 -48.63 1.32
endloop
endfacet
facet normal 0 0 1
outer loop
vertex 121.57 -45.52 1.32
vertex 121.20 -45.35 1.32
vertex 121.19 -45.35 1.32
endloop
endfacet
facet normal 0 0 1
outer loop
vertex 121.57 -45.52 1.32
vertex 121.19 -45.35 1.32
vertex 121.24 -45.52 1.32
endloop
endfacet
facet normal 0 0 1
outer loop
vertex 175.91 -45.52 1.32
vertex 175.97 -45.35 1.32
vertex 175.95 -45.35 1.32
endloop
endfacet
facet normal 0 0 1
outer loop
vertex 175.91 -45.52 1.32
vertex 175.95 -45.35 1.32
vertex 175.58 -45.52 1.32
endloop
endfacet
facet normal 0 0 1
outer loop
vertex 175.97 -45.35 1.32
vertex 175.97 -45.34 1.32
vertex 175.95 -45.35 1.32
endloop
endfacet
facet normal 0 0 1
outer loop
vertex 121.20 -45.35 1.32
vertex 121.18 -45.34 1.32
vertex 121.19 -45.35 1.32
endloop
endfacet
facet normal 0 0 1
outer loop
vertex 118.50 -44.23 1.32
vertex 118.17 -44.23 1.32
vertex 118.35 -44.32 1.32
endloop
endfacet
facet normal 0 0 1
outer loop
vertex 178.80 -44.32 1.32
vertex 178.99 -44.23 1.32
vertex 178.66 -44.23 1.32
endloop
endfacet
facet normal 0 0 1
outer loop
vertex 178.80 -44.32 1.32
vertex 178.66 -44.23 1.32
vertex 178.80 -44.32 1.32
endloop
endfacet
facet normal 0 0 1
outer loop
vertex 118.50 -44.23 1.32
vertex 118.59 -44.20 1.32
vertex 109.33 -40.13 1.32
endloop
endfacet
facet normal 0 0 1
outer loop
vertex 118.50 -44.23 1.32
vertex 109.33 -40.13 1.32
vertex 109.06 -40.13 1.32
endloop
endfacet
facet normal 0 0 1
outer loop
vertex 118.50 -44.23 1.32
vertex 109.06 -40.13 1.32
vertex 109.09 -40.18 1.32
endloop
endfacet
facet normal 0 0 1
outer loop
vertex 118.50 -44.23 1.32
vertex 109.09 -40.18 1.32
vertex 109.14 -40.23 1.32
endloop
endfacet
facet normal 0 0 1
outer loop
vertex 118.50 -44.23 1.32
vertex 109.14 -40.23 1.32
vertex 109.19 -40.28 1.32
endloop
endfacet
facet normal 0 0 1
outer loop
vertex 118.50 -44.23 1.32
vertex 109.19 -40.28 1.32
vertex 109.25 -40.31 1.32
endloop
endfacet
facet normal 0 0 1
outer loop
vertex 118.50 -44.23 1.32
vertex 109.25 -40.31 1.32
vertex 118.17 -44.23 1.32
endloop
endfacet
facet normal 0 0 1
outer loop
vertex 109.33 -40.13 1.32
vertex 109.33 -40.13 1.32
vertex 109.06 -40.13 1.32
endloop
endfacet
facet normal 0 0 1
outer loop
vertex 109.33 -40.13 1.32
vertex 109.06 -40.13 1.32
vertex 109.06 -40.13 1.32
endloop
endfacet
facet normal 0 0 1
outer loop
vertex 178.99 -44.23 1.32
vertex 187.90 -40.31 1.32
vertex 187.96 -40.28 1.32
endloop
endfacet
facet normal 0 0 1
outer loop
vertex 178.99 -44.23 1.32
vertex 187.96 -40.28 1.32
vertex 188.02 -40.23 1.32
endloop
endfacet
facet normal 0 0 1
outer loop
vertex 178.99 -44.23 1.32
vertex 188.02 -40.23 1.32
vertex 188.06 -40.18 1.32
endloop
endfacet
facet normal 0 0 1
outer loop
vertex 178.99 -44.23 1.32
vertex 188.06 -40.18 1.32
vertex 188.10 -40.13 1.32
endloop
endfacet
facet normal 0 0 1
outer loop
vertex 178.99 -44.23 1.32
vertex 188.10 -40.13 1.32
vertex 187.82 -40.13 1.32
endloop
endfacet
facet normal 0 0 1
outer loop
vertex 178.99 -44.23 1.32
vertex 187.82 -40.13 1.32
vertex 178.57 -44.20 1.32
endloop
endfacet
facet normal 0 0 1
outer loop
vertex 178.99 -44.23 1.32
vertex 178.57 -44.20 1.32
vertex 178.66 -44.23 1.32
endloop
endfacet
facet normal 0 0 1
outer loop
vertex 109.33 -40.13 1.32
vertex 109.30 -40.11 1.32
vertex 109.05 -40.11 1.32
endloop
endfacet
facet normal 0 0 1
outer loop
vertex 109.33 -40.13 1.32
vertex 109.05 -40.11 1.32
vertex 109.05 -40.12 1.32
endloop
endfacet
facet normal 0 0 1
outer loop
vertex 109.33 -40.13 1.32
vertex 109.05 -40.12 1.32
vertex 109.06 -40.13 1.32
endloop
endfacet
facet normal 0 0 1
outer loop
vertex 188.10 -40.13 1.32
vertex 188.10 -40.12 1.32
vertex 188.10 -40.11 1.32
endloop
endfacet
facet normal 0 0 1
outer loop
vertex 188.10 -40.13 1.32
vertex 188.10 -40.11 1.32
vertex 187.85 -40.11 1.32
endloop
endfacet
facet normal 0 0 1
outer loop
vertex 188.10 -40.13 1.32
vertex 187.85 -40.11 1.32
vertex 187.82 -40.13 1.32
endloop
endfacet
facet normal 0 0 1
outer loop
vertex 109.30 -40.11 1.32
vertex 109.27 -40.09 1.32
vertex 109.04 -40.09 1.32
endloop
endfacet
facet normal 0 0 1
outer loop
vertex 109.30 -40.11 1.32
vertex 109.04 -40.09 1.32
vertex 109.05 -40.11 1.32
endloop
endfacet
facet normal 0 0 1
outer loop
vertex 188.10 -40.11 1.32
vertex 188.11 -40.09 1.32
vertex 187.88 -40.09 1.32
endloop
endfacet
facet normal 0 0 1
outer loop
vertex 188.10 -40.11 1.32
vertex 187.88 -40.09 1.32
vertex 187.85 -40.11 1.32
endloop
endfacet
facet normal 0 0 1
outer loop
vertex 109.27 -40.09 1.32
vertex 109.25 -40.06 1.32
vertex 109.03 -40.06 1.32
endloop
endfacet
facet normal 0 0 1
outer loop
vertex 109.27 -40.09 1.32
vertex 109.03 -40.06 1.32
vertex 109.04 -40.09 1.32
endloop
endfacet
facet normal 0 0 1
outer loop
vertex 188.11 -40.09 1.32
vertex 188.12 -40.06 1.32
vertex 187.90 -40.06 1.32
endloop
endfacet
facet normal 0 0 1
outer loop
vertex 188.11 -40.09 1.32
vertex 187.90 -40.06 1.32
vertex 187.88 -40.09 1.32
endloop
endfacet
facet normal 0 0 1
outer loop
vertex 109.25 -40.06 1.32
vertex 109.23 -40.03 1.32
vertex 109.02 -40.03 1.32
endloop
endfacet
facet normal 0 0 1
outer loop
vertex 109.25 -40.06 1.32
vertex 109.02 -40.03 1.32
vertex 109.03 -40.06 1.32
endloop
endfacet
facet normal 0 0 1
outer loop
vertex 109.25 -40.06 1.32
vertex 109.03 -40.06 1.32
vertex 109.03 -40.06 1.32
endloop
endfacet
facet normal 0 0 1
outer loop
vertex 188.12 -40.06 1.32
vertex 188.12 -40.06 1.32
vertex 188.13 -40.03 1.32
endloop
endfacet
facet normal 0 0 1
outer loop
vertex 188.12 -40.06 1.32
vertex 188.13 -40.03 1.32
vertex 187.92 -40.03 1.32
endloop
endfacet
facet normal 0 0 1
outer loop
vertex 188.12 -40.06 1.32
vertex 187.92 -40.03 1.32
vertex 187.90 -40.06 1.32
endloop
endfacet
facet normal 0 0 1
outer loop
vertex 109.23 -40.03 1.32
vertex 109.22 -40.00 1.32
vertex 109.02 -40.00 1.32
endloop
endfacet
facet normal 0 0 1
outer loop
vertex 109.23 -40.03 1.32
vertex 109.02 -40.00 1.32
vertex 109.02 -40.03 1.32
endloop
endfacet
facet normal 0 0 1
outer loop
vertex 188.13 -40.03 1.32
vertex 188.14 -40.00 1.32
vertex 187.93 -40.00 1.32
endloop
endfacet
facet normal 0 0 1
outer loop
vertex 188.13 -40.03 1.32
vertex 187.93 -40.00 1.32
vertex 187.92 -40.03 1.32
endloop
endfacet
facet normal 0 0 1
outer loop
vertex 109.22 -40.00 1.32
vertex 109.21 -39.97 1.32
vertex 109.01 -39.97 1.32
endloop
endfacet
facet normal 0 0 1
outer loop
vertex 109.22 -40.00 1.32
vertex 109.01 -39.97 1.32
vertex 109.01 -39.99 1.32
endloop
endfacet
facet normal 0 0 1
outer loop
vertex 109.22 -40.00 1.32
vertex 109.01 -39.99 1.32
vertex 109.02 -40.00 1.32
endloop
endfacet
facet normal 0 0 1
outer loop
vertex 188.14 -40.00 1.32
vertex 188.14 -39.99 1.32
vertex 188.14 -39.97 1.32
endloop
endfacet
facet normal 0 0 1
outer loop
vertex 188.14 -40.00 1.32
vertex 188.14 -39.97 1.32
vertex 187.94 -39.97 1.32
endloop
endfacet
facet normal 0 0 1
outer loop
vertex 188.14 -40.00 1.32
vertex 187.94 -39.97 1.32
vertex 187.93 -40.00 1.32
endloop
endfacet
facet normal 0 0 1
outer loop
vertex 109.21 -39.97 1.32
vertex 109.21 -39.93 1.32
vertex 109.01 -39.93 1.32
endloop
endfacet
facet normal 0 0 1
outer loop
vertex 109.21 -39.97 1.32
vertex 109.01 -39.93 1.32
vertex 109.01 -39.97 1.32
endloop
endfacet
facet normal 0 0 1
outer loop
vertex 188.14 -39.97 1.32
vertex 188.14 -39.93 1.32
vertex 187.94 -39.93 1.32
endloop
endfacet
facet normal 0 0 1
outer loop
vertex 188.14 -39.97 1.32
vertex 187.94 -39.93 1.32
vertex 187.94 -39.97 1.32
endloop
endfacet
facet normal 0 0 1
outer loop
vertex 109.21 -39.93 1.32
vertex 109.22 -39.90 1.32
vertex 109.02 -39.90 1.32
endloop
endfacet
facet normal 0 0 1
outer loop
vertex 109.21 -39.93 1.32
vertex 109.02 -39.90 1.32
vertex 109.01 -39.93 1.32
endloop
endfacet
facet normal 0 0 1
outer loop
vertex 109.21 -39.93 1.32
vertex 109.01 -39.93 1.32
vertex 109.01 -39.93 1.32
endloop
endfacet
facet normal 0 0 1
outer loop
vertex 188.14 -39.93 1.32
vertex 188.14 -39.93 1.32
vertex 188.14 -39.90 1.32
endloop
endfacet
facet normal 0 0 1
outer loop
vertex 188.14 -39.93 1.32
vertex 188.14 -39.90 1.32
vertex 187.94 -39.90 1.32
endloop
endfacet
facet normal 0 0 1
outer loop
vertex 188.14 -39.93 1.32
vertex 187.94 -39.90 1.32
vertex 187.94 -39.93 1.32
endloop
endfacet
facet normal 0 0 1
outer loop
vertex 109.22 -39.90 1.32
vertex 109.23 -39.87 1.32
vertex 109.02 -39.87 1.32
endloop
endfacet
facet normal 0 0 1
outer loop
vertex 109.22 -39.90 1.32
vertex 109.02 -39.87 1.32
vertex 109.02 -39.90 1.32
endloop
endfacet
facet normal 0 0 1
outer loop
vertex 188.14 -39.90 1.32
vertex 188.13 -39.87 1.32
vertex 187.93 -39.87 1.32
endloop
endfacet
facet normal 0 0 1
outer loop
vertex 188.14 -39.90 1.32
vertex 187.93 -39.87 1.32
vertex 187.94 -39.90 1.32
endloop
endfacet
facet normal 0 0 1
outer loop
vertex 188.13 -39.87 1.32
vertex 188.13 -39.86 1.32
vertex 187.93 -39.86 1.32
endloop
endfacet
facet normal 0 0 1
outer loop
vertex 188.13 -39.87 1.32
vertex 187.93 -39.86 1.32
vertex 187.93 -39.87 1.32
endloop
endfacet
facet normal 0 0 1
outer loop
vertex 109.23 -39.87 1.32
vertex 116.11 -23.24 1.32
vertex 115.90 -23.24 1.32
endloop
endfacet
facet normal 0 0 1
outer loop
vertex 109.23 -39.87 1.32
vertex 115.90 -23.24 1.32
vertex 109.04 -39.79 1.32
endloop
endfacet
facet normal 0 0 1
outer loop
vertex 109.23 -39.87 1.32
vertex 109.04 -39.79 1.32
vertex 109.02 -39.86 1.32
endloop
endfacet
facet normal 0 0 1
outer loop
vertex 109.23 -39.87 1.32
vertex 109.02 -39.86 1.32
vertex 109.02 -39.87 1.32
endloop
endfacet
facet normal 0 0 1
outer loop
vertex 188.13 -39.86 1.32
vertex 188.13 -39.86 1.32
vertex 188.11 -39.79 1.32
endloop
endfacet
facet normal 0 0 1
outer loop
vertex 188.13 -39.86 1.32
vertex 188.11 -39.79 1.32
vertex 181.26 -23.24 1.32
endloop
endfacet
facet normal 0 0 1
outer loop
vertex 188.13 -39.86 1.32
vertex 181.26 -23.24 1.32
vertex 181.04 -23.24 1.32
endloop
endfacet
facet normal 0 0 1
outer loop
vertex 188.13 -39.86 1.32
vertex 181.04 -23.24 1.32
vertex 187.93 -39.86 1.32
endloop
endfacet
facet normal 0 0 -1
outer loop
vertex 151.16 -157.73 0.88
vertex 151.35 -158.10 0.88
vertex 151.33 -158.07 0.88
endloop
endfacet
facet normal 0 0 -1
outer loop
vertex 151.16 -157.73 0.88
vertex 151.33 -158.07 0.88
vertex 151.16 -157.73 0.88
endloop
endfacet
facet normal 0 0 -1
outer loop
vertex 145.83 -158.07 0.88
vertex 145.81 -158.10 0.88
vertex 146.00 -157.73 0.88
endloop
endfacet
facet normal 0 0 -1
outer loop
vertex 145.83 -158.07 0.88
vertex 146.00 -157.73 0.88
vertex 146.00 -157.73 0.88
endloop
endfacet
facet normal 0 0 -1
outer loop
vertex 151.57 -158.45 0.88
vertex 151.52 -158.39 0.88
vertex 151.42 -158.21 0.88
endloop
endfacet
facet normal 0 0 -1
outer loop
vertex 145.63 -158.39 0.88
vertex 145.59 -158.45 0.88
vertex 145.59 -158.45 0.88
endloop
endfacet
facet normal 0 0 -1
outer loop
vertex 145.63 -158.39 0.88
vertex 145.59 -158.45 0.88
vertex 145.74 -158.21 0.88
endloop
endfacet
facet normal 0 0 -1
outer loop
vertex 145.63 -158.39 0.88
vertex 145.74 -158.21 0.88
vertex 145.74 -158.21 0.88
endloop
endfacet
facet normal 0 0 -1
outer loop
vertex 145.41 -158.70 0.88
vertex 145.41 -158.69 0.88
vertex 145.50 -158.58 0.88
endloop
endfacet
facet normal 0 0 -1
outer loop
vertex 151.75 -158.69 0.88
vertex 151.74 -158.70 0.88
vertex 151.66 -158.58 0.88
endloop
endfacet
facet normal 0 0 -1
outer loop
vertex 145.13 -158.68 0.88
vertex 145.12 -158.66 0.88
vertex 145.10 -158.61 0.88
endloop
endfacet
facet normal 0 0 -1
outer loop
vertex 145.13 -158.68 0.88
vertex 145.10 -158.61 0.88
vertex 145.08 -158.58 0.88
endloop
endfacet
facet normal 0 0 -1
outer loop
vertex 145.13 -158.68 0.88
vertex 145.08 -158.58 0.88
vertex 145.08 -158.58 0.44
endloop
endfacet
facet normal 0 0 -1
outer loop
vertex 145.13 -158.68 0.88
vertex 145.08 -158.58 0.44
vertex 145.13 -158.68 0.44
endloop
endfacet
facet normal -0.80 -0.60 0
outer loop
vertex 145.20 -158.77 0.88
vertex 145.13 -158.68 0.88
vertex 145.13 -158.68 0.44
endloop
endfacet
facet normal -0.80 -0.60 0
outer loop
vertex 145.20 -158.77 0.88
vertex 145.13 -158.68 0.44
vertex 145.20 -158.77 0.44
endloop
endfacet
facet normal -0.67 -0.74 6.774449513817689e-12
outer loop
vertex 145.29 -158.85 0.88
vertex 145.20 -158.77 0.88
vertex 145.20 -158.77 0.44
endloop
endfacet
facet normal -0.67 -0.74 6.774449513817689e-12
outer loop
vertex 145.29 -158.85 0.88
vertex 145.20 -158.77 0.44
vertex 145.28 -158.85 0.44
endloop
endfacet
facet normal -0.67 -0.74 6.774449513817689e-12
outer loop
vertex 145.29 -158.85 0.88
vertex 145.28 -158.85 0.44
vertex 145.29 -158.85 0.44
endloop
endfacet
facet normal 0 0 -1
outer loop
vertex 145.56 -158.50 0.88
vertex 145.50 -158.58 0.88
vertex 145.41 -158.69 0.88
endloop
endfacet
facet normal 0 0 -1
outer loop
vertex 145.56 -158.50 0.88
vertex 145.41 -158.69 0.88
vertex 145.29 -158.85 0.88
endloop
endfacet
facet normal 0 0 -1
outer loop
vertex 145.56 -158.50 0.88
vertex 145.29 -158.85 0.88
vertex 145.29 -158.85 0.44
endloop
endfacet
facet normal 0 0 -1
outer loop
vertex 145.56 -158.50 0.88
vertex 145.29 -158.85 0.44
vertex 145.40 -158.71 0.44
endloop
endfacet
facet normal 0 0 -1
outer loop
vertex 145.56 -158.50 0.88
vertex 145.40 -158.71 0.44
vertex 145.51 -158.56 0.44
endloop
endfacet
facet normal 0 0 -1
outer loop
vertex 145.56 -158.50 0.88
vertex 145.51 -158.56 0.44
vertex 145.56 -158.50 0.44
endloop
endfacet
facet normal 0 0 -1
outer loop
vertex 145.79 -158.13 0.88
vertex 145.74 -158.21 0.88
vertex 145.59 -158.45 0.88
endloop
endfacet
facet normal 0 0 -1
outer loop
vertex 145.79 -158.13 0.88
vertex 145.59 -158.45 0.88
vertex 145.56 -158.50 0.88
endloop
endfacet
facet normal 0 0 -1
outer loop
vertex 145.79 -158.13 0.88
vertex 145.56 -158.50 0.88
vertex 145.56 -158.50 0.44
endloop
endfacet
facet normal 0 0 -1
outer loop
vertex 145.79 -158.13 0.88
vertex 145.56 -158.50 0.44
vertex 145.69 -158.29 0.44
endloop
endfacet
facet normal 0 0 -1
outer loop
vertex 145.79 -158.13 0.88
vertex 145.69 -158.29 0.44
vertex 145.77 -158.16 0.44
endloop
endfacet
facet normal 0 0 -1
outer loop
vertex 145.79 -158.13 0.88
vertex 145.77 -158.16 0.44
vertex 145.79 -158.13 0.44
endloop
endfacet
facet normal 0 0 -1
outer loop
vertex 146.00 -157.73 0.88
vertex 146.00 -157.73 0.88
vertex 146.00 -157.73 0.88
endloop
endfacet
facet normal 0 0 -1
outer loop
vertex 146.00 -157.73 0.88
vertex 146.00 -157.73 0.88
vertex 145.81 -158.10 0.88
endloop
endfacet
facet normal 0 0 -1
outer loop
vertex 146.00 -157.73 0.88
vertex 145.81 -158.10 0.88
vertex 145.79 -158.13 0.88
endloop
endfacet
facet normal 0 0 -1
outer loop
vertex 146.00 -157.73 0.88
vertex 145.79 -158.13 0.88
vertex 145.79 -158.13 0.44
endloop
endfacet
facet normal 0 0 -1
outer loop
vertex 146.00 -157.73 0.88
vertex 145.79 -158.13 0.44
vertex 146.00 -157.73 0.44
endloop
endfacet
facet normal -6.287054361564515e-7 -1.00 0
outer loop
vertex 151.16 -157.73 0.88
vertex 146.00 -157.73 0.88
vertex 146.00 -157.73 0.44
endloop
endfacet
facet normal -6.287054361564515e-7 -1.00 0
outer loop
vertex 151.16 -157.73 0.88
vertex 146.00 -157.73 0.44
vertex 151.16 -157.73 0.44
endloop
endfacet
facet normal 0.79 0.41 0.46
outer loop
vertex 151.36 -158.13 0.88
vertex 151.35 -158.10 0.88
vertex 151.16 -157.73 0.88
endloop
endfacet
facet normal 0.79 0.41 0.46
outer loop
vertex 151.36 -158.13 0.88
vertex 151.16 -157.73 0.88
vertex 151.16 -157.73 0.88
endloop
endfacet
facet normal 0.79 0.41 0.46
outer loop
vertex 151.36 -158.13 0.88
vertex 151.16 -157.73 0.88
vertex 151.16 -157.73 0.44
endloop
endfacet
facet normal 0.79 0.41 0.46
outer loop
vertex 151.36 -158.13 0.88
vertex 151.16 -157.73 0.44
vertex 151.36 -158.13 0.44
endloop
endfacet
facet normal 0 0 -1
outer loop
vertex 151.60 -158.50 0.88
vertex 151.57 -158.45 0.88
vertex 151.42 -158.21 0.88
endloop
endfacet
facet normal 0 0 -1
outer loop
vertex 151.60 -158.50 0.88
vertex 151.42 -158.21 0.88
vertex 151.36 -158.13 0.88
endloop
endfacet
facet normal 0 0 -1
outer loop
vertex 151.60 -158.50 0.88
vertex 151.36 -158.13 0.88
vertex 151.36 -158.13 0.44
endloop
endfacet
facet normal 0 0 -1
outer loop
vertex 151.60 -158.50 0.88
vertex 151.36 -158.13 0.44
vertex 151.38 -158.16 0.44
endloop
endfacet
facet normal 0 0 -1
outer loop
vertex 151.60 -158.50 0.88
vertex 151.38 -158.16 0.44
vertex 151.46 -158.29 0.44
endloop
endfacet
facet normal 0 0 -1
outer loop
vertex 151.60 -158.50 0.88
vertex 151.46 -158.29 0.44
vertex 151.60 -158.50 0.44
endloop
endfacet
facet normal 0.02 0.01 -1.00
outer loop
vertex 151.87 -158.85 0.88
vertex 151.75 -158.69 0.88
vertex 151.66 -158.58 0.88
endloop
endfacet
facet normal 0.02 0.01 -1.00
outer loop
vertex 151.87 -158.85 0.88
vertex 151.66 -158.58 0.88
vertex 151.60 -158.50 0.88
endloop
endfacet
facet normal 0.02 0.01 -1.00
outer loop
vertex 151.87 -158.85 0.88
vertex 151.60 -158.50 0.88
vertex 151.60 -158.50 0.44
endloop
endfacet
facet normal 0.02 0.01 -1.00
outer loop
vertex 151.87 -158.85 0.88
vertex 151.60 -158.50 0.44
vertex 151.64 -158.56 0.44
endloop
endfacet
facet normal 0.02 0.01 -1.00
outer loop
vertex 151.87 -158.85 0.88
vertex 151.64 -158.56 0.44
vertex 151.75 -158.70 0.44
endloop
endfacet
facet normal 0.02 0.01 -1.00
outer loop
vertex 151.87 -158.85 0.88
vertex 151.75 -158.70 0.44
vertex 151.87 -158.85 0.44
endloop
endfacet
facet normal 0.65 -0.76 -2.958707382529362e-13
outer loop
vertex 151.93 -158.80 0.88
vertex 151.87 -158.85 0.88
vertex 151.87 -158.85 0.44
endloop
endfacet
facet normal 0.65 -0.76 -2.958707382529362e-13
outer loop
vertex 151.93 -158.80 0.88
vertex 151.87 -158.85 0.44
vertex 151.87 -158.85 0.44
endloop
endfacet
facet normal 0.65 -0.76 -2.958707382529362e-13
outer loop
vertex 151.93 -158.80 0.88
vertex 151.87 -158.85 0.44
vertex 151.93 -158.80 0.44
endloop
endfacet
facet normal 0.76 -0.65 0
outer loop
vertex 151.99 -158.73 0.88
vertex 151.93 -158.80 0.88
vertex 151.93 -158.80 0.44
endloop
endfacet
facet normal 0.76 -0.65 0
outer loop
vertex 151.99 -158.73 0.88
vertex 151.93 -158.80 0.44
vertex 151.99 -158.73 0.44
endloop
endfacet
facet normal 0 0 1
outer loop
vertex 152.04 -158.66 0.88
vertex 152.03 -158.67 0.88
vertex 151.99 -158.73 0.88
endloop
endfacet
facet normal 0 0 1
outer loop
vertex 152.04 -158.66 0.88
vertex 151.99 -158.73 0.88
vertex 151.99 -158.73 0.44
endloop
endfacet
facet normal 0 0 1
outer loop
vertex 152.04 -158.66 0.88
vertex 151.99 -158.73 0.44
vertex 152.04 -158.66 0.44
endloop
endfacet
facet normal 0 0 -1
outer loop
vertex 152.07 -158.58 0.88
vertex 152.07 -158.59 0.88
vertex 152.05 -158.63 0.88
endloop
endfacet
facet normal 0 0 -1
outer loop
vertex 152.07 -158.58 0.88
vertex 152.05 -158.63 0.88
vertex 152.04 -158.66 0.88
endloop
endfacet
facet normal 0 0 -1
outer loop
vertex 152.07 -158.58 0.88
vertex 152.04 -158.66 0.88
vertex 152.04 -158.66 0.44
endloop
endfacet
facet normal 0 0 -1
outer loop
vertex 152.07 -158.58 0.88
vertex 152.04 -158.66 0.44
vertex 152.07 -158.58 0.44
endloop
endfacet
facet normal 0 0 1
outer loop
vertex 158.89 -139.84 0.88
vertex 152.10 -158.51 0.88
vertex 152.08 -158.55 0.88
endloop
endfacet
facet normal 0 0 1
outer loop
vertex 158.89 -139.84 0.88
vertex 152.08 -158.55 0.88
vertex 152.07 -158.58 0.88
endloop
endfacet
facet normal 0 0 1
outer loop
vertex 158.89 -139.84 0.88
vertex 152.07 -158.58 0.88
vertex 152.07 -158.58 0.44
endloop
endfacet
facet normal 0 0 1
outer loop
vertex 158.89 -139.84 0.88
vertex 152.07 -158.58 0.44
vertex 158.86 -139.93 0.44
endloop
endfacet
facet normal 0 0 1
outer loop
vertex 158.89 -139.84 0.88
vertex 158.86 -139.93 0.44
vertex 158.89 -139.84 0.44
endloop
endfacet
facet normal 0.84 -0.54 0
outer loop
vertex 177.17 -111.31 0.88
vertex 158.89 -139.84 0.88
vertex 158.89 -139.84 0.44
endloop
endfacet
facet normal 0.84 -0.54 0
outer loop
vertex 177.17 -111.31 0.88
vertex 158.89 -139.84 0.44
vertex 177.17 -111.31 0.44
endloop
endfacet
facet normal 0.88 -0.48 0
outer loop
vertex 177.21 -111.24 0.88
vertex 177.17 -111.31 0.88
vertex 177.17 -111.31 0.44
endloop
endfacet
facet normal 0.88 -0.48 0
outer loop
vertex 177.21 -111.24 0.88
vertex 177.17 -111.31 0.44
vertex 177.21 -111.24 0.44
endloop
endfacet
facet normal -8.006055192208614e-9 2.960579867432657e-9 1
outer loop
vertex 177.24 -111.16 0.88
vertex 177.22 -111.20 0.88
vertex 177.21 -111.24 0.88
endloop
endfacet
facet normal -8.006055192208614e-9 2.960579867432657e-9 1
outer loop
vertex 177.24 -111.16 0.88
vertex 177.21 -111.24 0.88
vertex 177.21 -111.24 0.44
endloop
endfacet
facet normal -8.006055192208614e-9 2.960579867432657e-9 1
outer loop
vertex 177.24 -111.16 0.88
vertex 177.21 -111.24 0.44
vertex 177.24 -111.16 0.44
endloop
endfacet
facet normal -9.358733389346408e-10 1.999367942781739e-10 -1
outer loop
vertex 177.26 -111.07 0.88
vertex 177.25 -111.10 0.88
vertex 177.24 -111.15 0.88
endloop
endfacet
facet normal -9.358733389346408e-10 1.999367942781739e-10 -1
outer loop
vertex 177.26 -111.07 0.88
vertex 177.24 -111.15 0.88
vertex 177.24 -111.16 0.88
endloop
endfacet
facet normal -9.358733389346408e-10 1.999367942781739e-10 -1
outer loop
vertex 177.26 -111.07 0.88
vertex 177.24 -111.16 0.88
vertex 177.24 -111.16 0.44
endloop
endfacet
facet normal -9.358733389346408e-10 1.999367942781739e-10 -1
outer loop
vertex 177.26 -111.07 0.88
vertex 177.24 -111.16 0.44
vertex 177.26 -111.07 0.44
endloop
endfacet
facet normal 0 0 1
outer loop
vertex 177.27 -110.99 0.88
vertex 177.27 -110.99 0.88
vertex 177.26 -111.04 0.88
endloop
endfacet
facet normal 0 0 1
outer loop
vertex 177.27 -110.99 0.88
vertex 177.26 -111.04 0.88
vertex 177.26 -111.07 0.88
endloop
endfacet
facet normal 0 0 1
outer loop
vertex 177.27 -110.99 0.88
vertex 177.26 -111.07 0.88
vertex 177.26 -111.07 0.44
endloop
endfacet
facet normal 0 0 1
outer loop
vertex 177.27 -110.99 0.88
vertex 177.26 -111.07 0.44
vertex 177.27 -110.99 0.44
endloop
endfacet
facet normal 0 0 -1
outer loop
vertex 177.26 -110.90 0.88
vertex 177.26 -110.93 0.88
vertex 177.27 -110.99 0.88
endloop
endfacet
facet normal 0 0 -1
outer loop
vertex 177.26 -110.90 0.88
vertex 177.27 -110.99 0.88
vertex 177.27 -110.99 0.44
endloop
endfacet
facet normal 0 0 -1
outer loop
vertex 177.26 -110.90 0.88
vertex 177.27 -110.99 0.44
vertex 177.26 -110.90 0.44
endloop
endfacet
facet normal -1.883029277690798e-8 -4.225163283093625e-9 -1.00
outer loop
vertex 177.24 -110.82 0.88
vertex 177.24 -110.82 0.88
vertex 177.25 -110.87 0.88
endloop
endfacet
facet normal -1.883029277690798e-8 -4.225163283093625e-9 -1.00
outer loop
vertex 177.24 -110.82 0.88
vertex 177.25 -110.87 0.88
vertex 177.26 -110.90 0.88
endloop
endfacet
facet normal -1.883029277690798e-8 -4.225163283093625e-9 -1.00
outer loop
vertex 177.24 -110.82 0.88
vertex 177.26 -110.90 0.88
vertex 177.26 -110.90 0.44
endloop
endfacet
facet normal -1.883029277690798e-8 -4.225163283093625e-9 -1.00
outer loop
vertex 177.24 -110.82 0.88
vertex 177.26 -110.90 0.44
vertex 177.24 -110.82 0.44
endloop
endfacet
facet normal 0.93 0.36 0
outer loop
vertex 177.21 -110.74 0.88
vertex 177.24 -110.82 0.88
vertex 177.24 -110.82 0.44
endloop
endfacet
facet normal 0.93 0.36 0
outer loop
vertex 177.21 -110.74 0.88
vertex 177.24 -110.82 0.44
vertex 177.21 -110.74 0.44
endloop
endfacet
facet normal 0.91 0.42 -3.2159959887894846e-12
outer loop
vertex 153.37 -59.62 0.88
vertex 177.21 -110.74 0.88
vertex 177.21 -110.74 0.44
endloop
endfacet
facet normal 0.91 0.42 -3.2159959887894846e-12
outer loop
vertex 153.37 -59.62 0.88
vertex 177.21 -110.74 0.44
vertex 153.42 -59.72 0.44
endloop
endfacet
facet normal 0.91 0.42 -3.2159959887894846e-12
outer loop
vertex 153.37 -59.62 0.88
vertex 153.42 -59.72 0.44
vertex 153.37 -59.62 0.44
endloop
endfacet
facet normal 0.42 -0.91 0
outer loop
vertex 170.05 -51.84 0.88
vertex 153.37 -59.62 0.88
vertex 153.37 -59.62 0.44
endloop
endfacet
facet normal 0.42 -0.91 0
outer loop
vertex 170.05 -51.84 0.88
vertex 153.37 -59.62 0.44
vertex 170.05 -51.84 0.44
endloop
endfacet
facet normal 0.49 -0.87 0
outer loop
vertex 170.13 -51.80 0.88
vertex 170.05 -51.84 0.88
vertex 170.05 -51.84 0.44
endloop
endfacet
facet normal 0.49 -0.87 0
outer loop
vertex 170.13 -51.80 0.88
vertex 170.05 -51.84 0.44
vertex 170.13 -51.80 0.44
endloop
endfacet
facet normal 0.62 -0.78 0
outer loop
vertex 170.21 -51.74 0.88
vertex 170.13 -51.80 0.88
vertex 170.13 -51.80 0.44
endloop
endfacet
facet normal 0.62 -0.78 0
outer loop
vertex 170.21 -51.74 0.88
vertex 170.13 -51.80 0.44
vertex 170.21 -51.74 0.44
endloop
endfacet
facet normal 0.74 -0.68 0
outer loop
vertex 170.27 -51.67 0.88
vertex 170.21 -51.74 0.88
vertex 170.21 -51.74 0.44
endloop
endfacet
facet normal 0.74 -0.68 0
outer loop
vertex 170.27 -51.67 0.88
vertex 170.21 -51.74 0.44
vertex 170.27 -51.67 0.44
endloop
endfacet
facet normal 0 0 1
outer loop
vertex 170.32 -51.59 0.88
vertex 170.30 -51.63 0.88
vertex 170.27 -51.66 0.88
endloop
endfacet
facet normal 0 0 1
outer loop
vertex 170.32 -51.59 0.88
vertex 170.27 -51.66 0.88
vertex 170.27 -51.67 0.88
endloop
endfacet
facet normal 0 0 1
outer loop
vertex 170.32 -51.59 0.88
vertex 170.27 -51.67 0.88
vertex 170.27 -51.67 0.44
endloop
endfacet
facet normal 0 0 1
outer loop
vertex 170.32 -51.59 0.88
vertex 170.27 -51.67 0.44
vertex 170.32 -51.59 0.44
endloop
endfacet
facet normal 0 0 -1
outer loop
vertex 170.36 -51.50 0.88
vertex 170.35 -51.53 0.88
vertex 170.33 -51.58 0.88
endloop
endfacet
facet normal 0 0 -1
outer loop
vertex 170.36 -51.50 0.88
vertex 170.33 -51.58 0.88
vertex 170.32 -51.59 0.88
endloop
endfacet
facet normal 0 0 -1
outer loop
vertex 170.36 -51.50 0.88
vertex 170.32 -51.59 0.88
vertex 170.32 -51.59 0.44
endloop
endfacet
facet normal 0 0 -1
outer loop
vertex 170.36 -51.50 0.88
vertex 170.32 -51.59 0.44
vertex 170.36 -51.50 0.44
endloop
endfacet
facet normal 0 0 -1
outer loop
vertex 170.39 -51.41 0.88
vertex 170.37 -51.47 0.88
vertex 170.36 -51.50 0.88
endloop
endfacet
facet normal 0 0 -1
outer loop
vertex 170.39 -51.41 0.88
vertex 170.36 -51.50 0.88
vertex 170.36 -51.50 0.44
endloop
endfacet
facet normal 0 0 -1
outer loop
vertex 170.39 -51.41 0.88
vertex 170.36 -51.50 0.44
vertex 170.39 -51.41 0.44
endloop
endfacet
facet normal -0.13 0.02 -0.99
outer loop
vertex 170.40 -51.32 0.88
vertex 170.39 -51.33 0.88
vertex 170.39 -51.40 0.88
endloop
endfacet
facet normal -0.13 0.02 -0.99
outer loop
vertex 170.40 -51.32 0.88
vertex 170.39 -51.40 0.88
vertex 170.39 -51.41 0.88
endloop
endfacet
facet normal -0.13 0.02 -0.99
outer loop
vertex 170.40 -51.32 0.88
vertex 170.39 -51.41 0.88
vertex 170.39 -51.41 0.44
endloop
endfacet
facet normal -0.13 0.02 -0.99
outer loop
vertex 170.40 -51.32 0.88
vertex 170.39 -51.41 0.44
vertex 170.40 -51.32 0.44
endloop
endfacet
facet normal -0.01 -0.00 -1.00
outer loop
vertex 170.39 -51.23 0.88
vertex 170.39 -51.26 0.88
vertex 170.40 -51.32 0.88
endloop
endfacet
facet normal -0.01 -0.00 -1.00
outer loop
vertex 170.39 -51.23 0.88
vertex 170.40 -51.32 0.88
vertex 170.40 -51.32 0.44
endloop
endfacet
facet normal -0.01 -0.00 -1.00
outer loop
vertex 170.39 -51.23 0.88
vertex 170.40 -51.32 0.44
vertex 170.39 -51.23 0.44
endloop
endfacet
facet normal -0.00 -0.00 -1.00
outer loop
vertex 170.37 -51.13 0.88
vertex 170.39 -51.20 0.88
vertex 170.39 -51.23 0.88
endloop
endfacet
facet normal -0.00 -0.00 -1.00
outer loop
vertex 170.37 -51.13 0.88
vertex 170.39 -51.23 0.88
vertex 170.39 -51.23 0.44
endloop
endfacet
facet normal -0.00 -0.00 -1.00
outer loop
vertex 170.37 -51.13 0.88
vertex 170.39 -51.23 0.44
vertex 170.37 -51.13 0.44
endloop
endfacet
facet normal -0.00 -0.00 -1.00
outer loop
vertex 170.34 -51.05 0.88
vertex 170.37 -51.13 0.88
vertex 170.37 -51.13 0.88
endloop
endfacet
facet normal -0.00 -0.00 -1.00
outer loop
vertex 170.34 -51.05 0.88
vertex 170.37 -51.13 0.88
vertex 170.37 -51.13 0.44
endloop
endfacet
facet normal -0.00 -0.00 -1.00
outer loop
vertex 170.34 -51.05 0.88
vertex 170.37 -51.13 0.44
vertex 170.34 -51.05 0.44
endloop
endfacet
facet normal 0.91 0.42 -1.376722880336439e-12
outer loop
vertex 169.26 -48.73 0.88
vertex 170.34 -51.05 0.88
vertex 170.34 -51.05 0.44
endloop
endfacet
facet normal 0.91 0.42 -1.376722880336439e-12
outer loop
vertex 169.26 -48.73 0.88
vertex 170.34 -51.05 0.44
vertex 169.31 -48.83 0.44
endloop
endfacet
facet normal 0.91 0.42 -1.376722880336439e-12
outer loop
vertex 169.26 -48.73 0.88
vertex 169.31 -48.83 0.44
vertex 169.26 -48.73 0.44
endloop
endfacet
facet normal 0.40 -0.92 0
outer loop
vertex 187.98 -40.49 0.88
vertex 169.26 -48.73 0.88
vertex 169.26 -48.73 0.44
endloop
endfacet
facet normal 0.40 -0.92 0
outer loop
vertex 187.98 -40.49 0.88
vertex 169.26 -48.73 0.44
vertex 187.98 -40.49 0.44
endloop
endfacet
facet normal 0.48 -0.88 0
outer loop
vertex 188.07 -40.44 0.88
vertex 187.98 -40.49 0.88
vertex 187.98 -40.49 0.44
endloop
endfacet
facet normal 0.48 -0.88 0
outer loop
vertex 188.07 -40.44 0.88
vertex 187.98 -40.49 0.44
vertex 188.07 -40.44 0.44
endloop
endfacet
facet normal 0.62 -0.78 0
outer loop
vertex 188.15 -40.38 0.88
vertex 188.07 -40.44 0.88
vertex 188.07 -40.44 0.44
endloop
endfacet
facet normal 0.62 -0.78 0
outer loop
vertex 188.15 -40.38 0.88
vertex 188.07 -40.44 0.44
vertex 188.15 -40.38 0.44
endloop
endfacet
facet normal 0 0 1
outer loop
vertex 188.22 -40.30 0.88
vertex 188.22 -40.31 0.88
vertex 188.15 -40.38 0.88
endloop
endfacet
facet normal 0 0 1
outer loop
vertex 188.22 -40.30 0.88
vertex 188.15 -40.38 0.88
vertex 188.15 -40.38 0.44
endloop
endfacet
facet normal 0 0 1
outer loop
vertex 188.22 -40.30 0.88
vertex 188.15 -40.38 0.44
vertex 188.22 -40.30 0.44
endloop
endfacet
facet normal -7.180366788837966e-10 4.440936399476086e-10 -1
outer loop
vertex 188.28 -40.22 0.88
vertex 188.27 -40.23 0.88
vertex 188.24 -40.28 0.88
endloop
endfacet
facet normal -7.180366788837966e-10 4.440936399476086e-10 -1
outer loop
vertex 188.28 -40.22 0.88
vertex 188.24 -40.28 0.88
vertex 188.22 -40.30 0.88
endloop
endfacet
facet normal -7.180366788837966e-10 4.440936399476086e-10 -1
outer loop
vertex 188.28 -40.22 0.88
vertex 188.22 -40.30 0.88
vertex 188.22 -40.30 0.44
endloop
endfacet
facet normal -7.180366788837966e-10 4.440936399476086e-10 -1
outer loop
vertex 188.28 -40.22 0.88
vertex 188.22 -40.30 0.44
vertex 188.28 -40.22 0.44
endloop
endfacet
facet normal -1.1061064282868031e-9 4.440900847230509e-10 -1
outer loop
vertex 188.32 -40.12 0.88
vertex 188.31 -40.12 0.88
vertex 188.29 -40.18 0.88
endloop
endfacet
facet normal -1.1061064282868031e-9 4.440900847230509e-10 -1
outer loop
vertex 188.32 -40.12 0.88
vertex 188.29 -40.18 0.88
vertex 188.28 -40.22 0.88
endloop
endfacet
facet normal -1.1061064282868031e-9 4.440900847230509e-10 -1
outer loop
vertex 188.32 -40.12 0.88
vertex 188.28 -40.22 0.88
vertex 188.28 -40.22 0.44
endloop
endfacet
facet normal -1.1061064282868031e-9 4.440900847230509e-10 -1
outer loop
vertex 188.32 -40.12 0.88
vertex 188.28 -40.22 0.44
vertex 188.32 -40.12 0.44
endloop
endfacet
facet normal -0.00 0.00 1.00
outer loop
vertex 188.34 -40.02 0.88
vertex 188.33 -40.06 0.88
vertex 188.32 -40.12 0.88
endloop
endfacet
facet normal -0.00 0.00 1.00
outer loop
vertex 188.34 -40.02 0.88
vertex 188.32 -40.12 0.88
vertex 188.32 -40.12 0.44
endloop
endfacet
facet normal -0.00 0.00 1.00
outer loop
vertex 188.34 -40.02 0.88
vertex 188.32 -40.12 0.44
vertex 188.34 -40.02 0.44
endloop
endfacet
facet normal 0 0 -1
outer loop
vertex 188.34 -39.92 0.88
vertex 188.34 -39.93 0.88
vertex 188.34 -39.99 0.88
endloop
endfacet
facet normal 0 0 -1
outer loop
vertex 188.34 -39.92 0.88
vertex 188.34 -39.99 0.88
vertex 188.34 -40.02 0.88
endloop
endfacet
facet normal 0 0 -1
outer loop
vertex 188.34 -39.92 0.88
vertex 188.34 -40.02 0.88
vertex 188.34 -40.02 0.44
endloop
endfacet
facet normal 0 0 -1
outer loop
vertex 188.34 -39.92 0.88
vertex 188.34 -40.02 0.44
vertex 188.34 -39.92 0.44
endloop
endfacet
facet normal -0.00 -0.00 1.00
outer loop
vertex 188.33 -39.81 0.88
vertex 188.33 -39.86 0.88
vertex 188.34 -39.92 0.88
endloop
endfacet
facet normal -0.00 -0.00 1.00
outer loop
vertex 188.33 -39.81 0.88
vertex 188.34 -39.92 0.88
vertex 188.34 -39.92 0.44
endloop
endfacet
facet normal -0.00 -0.00 1.00
outer loop
vertex 188.33 -39.81 0.88
vertex 188.34 -39.92 0.44
vertex 188.33 -39.81 0.44
endloop
endfacet
facet normal -0.00 -0.00 1.00
outer loop
vertex 188.30 -39.71 0.88
vertex 188.32 -39.79 0.88
vertex 188.33 -39.81 0.88
endloop
endfacet
facet normal -0.00 -0.00 1.00
outer loop
vertex 188.30 -39.71 0.88
vertex 188.33 -39.81 0.88
vertex 188.33 -39.81 0.44
endloop
endfacet
facet normal -0.00 -0.00 1.00
outer loop
vertex 188.30 -39.71 0.88
vertex 188.33 -39.81 0.44
vertex 188.30 -39.71 0.44
endloop
endfacet
facet normal -0.00 -0.00 1.00
outer loop
vertex 181.47 -23.24 0.88
vertex 188.29 -39.70 0.88
vertex 188.30 -39.71 0.88
endloop
endfacet
facet normal -0.00 -0.00 1.00
outer loop
vertex 181.47 -23.24 0.88
vertex 188.30 -39.71 0.88
vertex 188.30 -39.71 0.44
endloop
endfacet
facet normal -0.00 -0.00 1.00
outer loop
vertex 181.47 -23.24 0.88
vertex 188.30 -39.71 0.44
vertex 188.29 -39.70 0.44
endloop
endfacet
facet normal -0.00 -0.00 1.00
outer loop
vertex 181.47 -23.24 0.88
vertex 188.29 -39.70 0.44
vertex 181.47 -23.24 0.44
endloop
endfacet
facet normal -0.92 0.38 0
outer loop
vertex 108.86 -39.71 0.88
vertex 115.68 -23.24 0.88
vertex 115.68 -23.24 0.44
endloop
endfacet
facet normal -0.92 0.38 0
outer loop
vertex 108.86 -39.71 0.88
vertex 115.68 -23.24 0.44
vertex 108.86 -39.71 0.44
endloop
endfacet
facet normal 0.00 -0.00 -1.00
outer loop
vertex 108.83 -39.81 0.88
vertex 108.83 -39.79 0.88
vertex 108.86 -39.71 0.88
endloop
endfacet
facet normal 0.00 -0.00 -1.00
outer loop
vertex 108.83 -39.81 0.88
vertex 108.86 -39.71 0.88
vertex 108.86 -39.71 0.44
endloop
endfacet
facet normal 0.00 -0.00 -1.00
outer loop
vertex 108.83 -39.81 0.88
vertex 108.86 -39.71 0.44
vertex 108.83 -39.81 0.44
endloop
endfacet
facet normal 0.00 -0.00 1.00
outer loop
vertex 108.81 -39.92 0.88
vertex 108.82 -39.86 0.88
vertex 108.83 -39.81 0.88
endloop
endfacet
facet normal 0.00 -0.00 1.00
outer loop
vertex 108.81 -39.92 0.88
vertex 108.83 -39.81 0.88
vertex 108.83 -39.81 0.44
endloop
endfacet
facet normal 0.00 -0.00 1.00
outer loop
vertex 108.81 -39.92 0.88
vertex 108.83 -39.81 0.44
vertex 108.81 -39.92 0.44
endloop
endfacet
facet normal 0 0 1
outer loop
vertex 108.82 -40.02 0.88
vertex 108.81 -39.99 0.88
vertex 108.81 -39.93 0.88
endloop
endfacet
facet normal 0 0 1
outer loop
vertex 108.82 -40.02 0.88
vertex 108.81 -39.93 0.88
vertex 108.81 -39.92 0.88
endloop
endfacet
facet normal 0 0 1
outer loop
vertex 108.82 -40.02 0.88
vertex 108.81 -39.92 0.88
vertex 108.81 -39.92 0.44
endloop
endfacet
facet normal 0 0 1
outer loop
vertex 108.82 -40.02 0.88
vertex 108.81 -39.92 0.44
vertex 108.82 -40.02 0.44
endloop
endfacet
facet normal 0 0 1
outer loop
vertex 108.84 -40.12 0.88
vertex 108.82 -40.06 0.88
vertex 108.82 -40.02 0.88
endloop
endfacet
facet normal 0 0 1
outer loop
vertex 108.84 -40.12 0.88
vertex 108.82 -40.02 0.88
vertex 108.82 -40.02 0.44
endloop
endfacet
facet normal 0 0 1
outer loop
vertex 108.84 -40.12 0.88
vertex 108.82 -40.02 0.44
vertex 108.84 -40.12 0.44
endloop
endfacet
facet normal 1.6754581403675373e-10 6.728400514546217e-11 1
outer loop
vertex 108.88 -40.22 0.88
vertex 108.86 -40.19 0.88
vertex 108.86 -40.18 0.88
endloop
endfacet
facet normal 1.6754581403675373e-10 6.728400514546217e-11 1
outer loop
vertex 108.88 -40.22 0.88
vertex 108.86 -40.18 0.88
vertex 108.84 -40.12 0.88
endloop
endfacet
facet normal 1.6754581403675373e-10 6.728400514546217e-11 1
outer loop
vertex 108.88 -40.22 0.88
vertex 108.84 -40.12 0.88
vertex 108.84 -40.12 0.88
endloop
endfacet
facet normal 1.6754581403675373e-10 6.728400514546217e-11 1
outer loop
vertex 108.88 -40.22 0.88
vertex 108.84 -40.12 0.88
vertex 108.84 -40.12 0.44
endloop
endfacet
facet normal 1.6754581403675373e-10 6.728400514546217e-11 1
outer loop
vertex 108.88 -40.22 0.88
vertex 108.84 -40.12 0.44
vertex 108.88 -40.22 0.44
endloop
endfacet
facet normal 2.355637278115891e-9 1.4569976722606784e-9 1
outer loop
vertex 108.93 -40.30 0.88
vertex 108.93 -40.30 0.88
vertex 108.91 -40.28 0.88
endloop
endfacet
facet normal 2.355637278115891e-9 1.4569976722606784e-9 1
outer loop
vertex 108.93 -40.30 0.88
vertex 108.91 -40.28 0.88
vertex 108.90 -40.26 0.88
endloop
endfacet
facet normal 2.355637278115891e-9 1.4569976722606784e-9 1
outer loop
vertex 108.93 -40.30 0.88
vertex 108.90 -40.26 0.88
vertex 108.89 -40.23 0.88
endloop
endfacet
facet normal 2.355637278115891e-9 1.4569976722606784e-9 1
outer loop
vertex 108.93 -40.30 0.88
vertex 108.89 -40.23 0.88
vertex 108.88 -40.22 0.88
endloop
endfacet
facet normal 2.355637278115891e-9 1.4569976722606784e-9 1
outer loop
vertex 108.93 -40.30 0.88
vertex 108.88 -40.22 0.88
vertex 108.88 -40.22 0.44
endloop
endfacet
facet normal 2.355637278115891e-9 1.4569976722606784e-9 1
outer loop
vertex 108.93 -40.30 0.88
vertex 108.88 -40.22 0.44
vertex 108.93 -40.30 0.44
endloop
endfacet
facet normal 1.7977796551078575e-9 1.5959834455660189e-9 1
outer loop
vertex 109.00 -40.38 0.88
vertex 108.94 -40.31 0.88
vertex 108.93 -40.30 0.88
endloop
endfacet
facet normal 1.7977796551078575e-9 1.5959834455660189e-9 1
outer loop
vertex 109.00 -40.38 0.88
vertex 108.93 -40.30 0.88
vertex 108.93 -40.30 0.44
endloop
endfacet
facet normal 1.7977796551078575e-9 1.5959834455660189e-9 1
outer loop
vertex 109.00 -40.38 0.88
vertex 108.93 -40.30 0.44
vertex 109.00 -40.38 0.44
endloop
endfacet
facet normal -0.62 -0.78 0
outer loop
vertex 109.08 -40.44 0.88
vertex 109.00 -40.38 0.88
vertex 109.00 -40.38 0.44
endloop
endfacet
facet normal -0.62 -0.78 0
outer loop
vertex 109.08 -40.44 0.88
vertex 109.00 -40.38 0.44
vertex 109.08 -40.44 0.44
endloop
endfacet
facet normal -0.48 -0.88 0
outer loop
vertex 109.17 -40.49 0.88
vertex 109.08 -40.44 0.88
vertex 109.08 -40.44 0.44
endloop
endfacet
facet normal -0.48 -0.88 0
outer loop
vertex 109.17 -40.49 0.88
vertex 109.08 -40.44 0.44
vertex 109.17 -40.49 0.44
endloop
endfacet
facet normal -0.40 -0.92 0
outer loop
vertex 127.89 -48.73 0.88
vertex 109.17 -40.49 0.88
vertex 109.17 -40.49 0.44
endloop
endfacet
facet normal -0.40 -0.92 0
outer loop
vertex 127.89 -48.73 0.88
vertex 109.17 -40.49 0.44
vertex 127.89 -48.73 0.44
endloop
endfacet
facet normal -0.91 0.42 -1.8182396887799965e-14
outer loop
vertex 126.81 -51.05 0.88
vertex 127.89 -48.73 0.88
vertex 127.89 -48.73 0.44
endloop
endfacet
facet normal -0.91 0.42 -1.8182396887799965e-14
outer loop
vertex 126.81 -51.05 0.88
vertex 127.89 -48.73 0.44
vertex 127.85 -48.83 0.44
endloop
endfacet
facet normal -0.91 0.42 -1.8182396887799965e-14
outer loop
vertex 126.81 -51.05 0.88
vertex 127.85 -48.83 0.44
vertex 126.81 -51.05 0.44
endloop
endfacet
facet normal 0 0 -1
outer loop
vertex 126.78 -51.13 0.88
vertex 126.78 -51.13 0.88
vertex 126.81 -51.05 0.88
endloop
endfacet
facet normal 0 0 -1
outer loop
vertex 126.78 -51.13 0.88
vertex 126.81 -51.05 0.88
vertex 126.81 -51.05 0.44
endloop
endfacet
facet normal 0 0 -1
outer loop
vertex 126.78 -51.13 0.88
vertex 126.81 -51.05 0.44
vertex 126.78 -51.13 0.44
endloop
endfacet
facet normal 0.00 -0.00 -1.00
outer loop
vertex 126.76 -51.23 0.88
vertex 126.77 -51.19 0.88
vertex 126.78 -51.13 0.88
endloop
endfacet
facet normal 0.00 -0.00 -1.00
outer loop
vertex 126.76 -51.23 0.88
vertex 126.78 -51.13 0.88
vertex 126.78 -51.13 0.44
endloop
endfacet
facet normal 0.00 -0.00 -1.00
outer loop
vertex 126.76 -51.23 0.88
vertex 126.78 -51.13 0.44
vertex 126.76 -51.23 0.44
endloop
endfacet
facet normal 0.00 -0.00 -1.00
outer loop
vertex 126.76 -51.32 0.88
vertex 126.76 -51.31 0.88
vertex 126.76 -51.25 0.88
endloop
endfacet
facet normal 0.00 -0.00 -1.00
outer loop
vertex 126.76 -51.32 0.88
vertex 126.76 -51.25 0.88
vertex 126.76 -51.23 0.88
endloop
endfacet
facet normal 0.00 -0.00 -1.00
outer loop
vertex 126.76 -51.32 0.88
vertex 126.76 -51.23 0.88
vertex 126.76 -51.23 0.44
endloop
endfacet
facet normal 0.00 -0.00 -1.00
outer loop
vertex 126.76 -51.32 0.88
vertex 126.76 -51.23 0.44
vertex 126.76 -51.32 0.44
endloop
endfacet
facet normal 0.00 0.00 1.00
outer loop
vertex 126.77 -51.41 0.88
vertex 126.76 -51.38 0.88
vertex 126.76 -51.32 0.88
endloop
endfacet
facet normal 0.00 0.00 1.00
outer loop
vertex 126.77 -51.41 0.88
vertex 126.76 -51.32 0.88
vertex 126.76 -51.32 0.44
endloop
endfacet
facet normal 0.00 0.00 1.00
outer loop
vertex 126.77 -51.41 0.88
vertex 126.76 -51.32 0.44
vertex 126.77 -51.41 0.44
endloop
endfacet
facet normal 0 0 1
outer loop
vertex 126.79 -51.50 0.88
vertex 126.79 -51.49 0.88
vertex 126.77 -51.44 0.88
endloop
endfacet
facet normal 0 0 1
outer loop
vertex 126.79 -51.50 0.88
vertex 126.77 -51.44 0.88
vertex 126.77 -51.41 0.88
endloop
endfacet
facet normal 0 0 1
outer loop
vertex 126.79 -51.50 0.88
vertex 126.77 -51.41 0.88
vertex 126.77 -51.41 0.44
endloop
endfacet
facet normal 0 0 1
outer loop
vertex 126.79 -51.50 0.88
vertex 126.77 -51.41 0.44
vertex 126.79 -51.50 0.44
endloop
endfacet
facet normal 0 0 1
outer loop
vertex 126.83 -51.59 0.88
vertex 126.81 -51.55 0.88
vertex 126.79 -51.50 0.88
endloop
endfacet
facet normal 0 0 1
outer loop
vertex 126.83 -51.59 0.88
vertex 126.79 -51.50 0.88
vertex 126.79 -51.50 0.44
endloop
endfacet
facet normal 0 0 1
outer loop
vertex 126.83 -51.59 0.88
vertex 126.79 -51.50 0.44
vertex 126.83 -51.59 0.44
endloop
endfacet
facet normal 0 0 -1
outer loop
vertex 126.88 -51.67 0.88
vertex 126.88 -51.66 0.88
vertex 126.86 -51.63 0.88
endloop
endfacet
facet normal 0 0 -1
outer loop
vertex 126.88 -51.67 0.88
vertex 126.86 -51.63 0.88
vertex 126.83 -51.59 0.88
endloop
endfacet
facet normal 0 0 -1
outer loop
vertex 126.88 -51.67 0.88
vertex 126.83 -51.59 0.88
vertex 126.83 -51.59 0.88
endloop
endfacet
facet normal 0 0 -1
outer loop
vertex 126.88 -51.67 0.88
vertex 126.83 -51.59 0.88
vertex 126.83 -51.59 0.44
endloop
endfacet
facet normal 0 0 -1
outer loop
vertex 126.88 -51.67 0.88
vertex 126.83 -51.59 0.44
vertex 126.88 -51.67 0.44
endloop
endfacet
facet normal -0.74 -0.68 0
outer loop
vertex 126.95 -51.74 0.88
vertex 126.88 -51.67 0.88
vertex 126.88 -51.67 0.44
endloop
endfacet
facet normal -0.74 -0.68 0
outer loop
vertex 126.95 -51.74 0.88
vertex 126.88 -51.67 0.44
vertex 126.95 -51.74 0.44
endloop
endfacet
facet normal -0.62 -0.78 0
outer loop
vertex 127.02 -51.80 0.88
vertex 126.95 -51.74 0.88
vertex 126.95 -51.74 0.44
endloop
endfacet
facet normal -0.62 -0.78 0
outer loop
vertex 127.02 -51.80 0.88
vertex 126.95 -51.74 0.44
vertex 127.02 -51.80 0.44
endloop
endfacet
facet normal -0.49 -0.87 0
outer loop
vertex 127.10 -51.84 0.88
vertex 127.02 -51.80 0.88
vertex 127.02 -51.80 0.44
endloop
endfacet
facet normal -0.49 -0.87 0
outer loop
vertex 127.10 -51.84 0.88
vertex 127.02 -51.80 0.44
vertex 127.10 -51.84 0.44
endloop
endfacet
facet normal -0.42 -0.91 0
outer loop
vertex 143.78 -59.62 0.88
vertex 127.10 -51.84 0.88
vertex 127.10 -51.84 0.44
endloop
endfacet
facet normal -0.42 -0.91 0
outer loop
vertex 143.78 -59.62 0.88
vertex 127.10 -51.84 0.44
vertex 143.78 -59.62 0.44
endloop
endfacet
facet normal -0.91 0.42 -8.859824514117267e-7
outer loop
vertex 119.94 -110.74 0.88
vertex 143.78 -59.62 0.88
vertex 143.78 -59.62 0.44
endloop
endfacet
facet normal -0.91 0.42 -8.859824514117267e-7
outer loop
vertex 119.94 -110.74 0.88
vertex 143.78 -59.62 0.44
vertex 143.73 -59.72 0.44
endloop
endfacet
facet normal -0.91 0.42 -8.859824514117267e-7
outer loop
vertex 119.94 -110.74 0.88
vertex 143.73 -59.72 0.44
vertex 119.94 -110.74 0.44
endloop
endfacet
facet normal -0.93 0.36 0
outer loop
vertex 119.91 -110.82 0.88
vertex 119.94 -110.74 0.88
vertex 119.94 -110.74 0.44
endloop
endfacet
facet normal -0.93 0.36 0
outer loop
vertex 119.91 -110.82 0.88
vertex 119.94 -110.74 0.44
vertex 119.91 -110.82 0.44
endloop
endfacet
facet normal 0 0 1
outer loop
vertex 119.89 -110.90 0.88
vertex 119.90 -110.87 0.88
vertex 119.91 -110.82 0.88
endloop
endfacet
facet normal 0 0 1
outer loop
vertex 119.89 -110.90 0.88
vertex 119.91 -110.82 0.88
vertex 119.91 -110.82 0.88
endloop
endfacet
facet normal 0 0 1
outer loop
vertex 119.89 -110.90 0.88
vertex 119.91 -110.82 0.88
vertex 119.91 -110.82 0.44
endloop
endfacet
facet normal 0 0 1
outer loop
vertex 119.89 -110.90 0.88
vertex 119.91 -110.82 0.44
vertex 119.89 -110.90 0.44
endloop
endfacet
facet normal 0 0 1
outer loop
vertex 119.89 -110.99 0.88
vertex 119.89 -110.93 0.88
vertex 119.89 -110.90 0.88
endloop
endfacet
facet normal 0 0 1
outer loop
vertex 119.89 -110.99 0.88
vertex 119.89 -110.90 0.88
vertex 119.89 -110.90 0.44
endloop
endfacet
facet normal 0 0 1
outer loop
vertex 119.89 -110.99 0.88
vertex 119.89 -110.90 0.44
vertex 119.89 -110.99 0.44
endloop
endfacet
facet normal 0 0 -1
outer loop
vertex 119.89 -111.07 0.88
vertex 119.89 -111.04 0.88
vertex 119.89 -110.99 0.88
endloop
endfacet
facet normal 0 0 -1
outer loop
vertex 119.89 -111.07 0.88
vertex 119.89 -110.99 0.88
vertex 119.89 -110.99 0.88
endloop
endfacet
facet normal 0 0 -1
outer loop
vertex 119.89 -111.07 0.88
vertex 119.89 -110.99 0.88
vertex 119.89 -110.99 0.44
endloop
endfacet
facet normal 0 0 -1
outer loop
vertex 119.89 -111.07 0.88
vertex 119.89 -110.99 0.44
vertex 119.89 -111.07 0.44
endloop
endfacet
facet normal 0 0 1
outer loop
vertex 119.91 -111.16 0.88
vertex 119.91 -111.15 0.88
vertex 119.90 -111.10 0.88
endloop
endfacet
facet normal 0 0 1
outer loop
vertex 119.91 -111.16 0.88
vertex 119.90 -111.10 0.88
vertex 119.89 -111.07 0.88
endloop
endfacet
facet normal 0 0 1
outer loop
vertex 119.91 -111.16 0.88
vertex 119.89 -111.07 0.88
vertex 119.89 -111.07 0.44
endloop
endfacet
facet normal 0 0 1
outer loop
vertex 119.91 -111.16 0.88
vertex 119.89 -111.07 0.44
vertex 119.91 -111.16 0.44
endloop
endfacet
facet normal 0 0 -1
outer loop
vertex 119.94 -111.24 0.88
vertex 119.93 -111.20 0.88
vertex 119.91 -111.16 0.88
endloop
endfacet
facet normal 0 0 -1
outer loop
vertex 119.94 -111.24 0.88
vertex 119.91 -111.16 0.88
vertex 119.91 -111.16 0.44
endloop
endfacet
facet normal 0 0 -1
outer loop
vertex 119.94 -111.24 0.88
vertex 119.91 -111.16 0.44
vertex 119.94 -111.24 0.44
endloop
endfacet
facet normal -0.88 -0.48 0
outer loop
vertex 119.98 -111.31 0.88
vertex 119.94 -111.24 0.88
vertex 119.94 -111.24 0.44
endloop
endfacet
facet normal -0.88 -0.48 0
outer loop
vertex 119.98 -111.31 0.88
vertex 119.94 -111.24 0.44
vertex 119.98 -111.31 0.44
endloop
endfacet
facet normal -0.84 -0.54 0
outer loop
vertex 138.26 -139.84 0.88
vertex 119.98 -111.31 0.88
vertex 119.98 -111.31 0.44
endloop
endfacet
facet normal -0.84 -0.54 0
outer loop
vertex 138.26 -139.84 0.88
vertex 119.98 -111.31 0.44
vertex 138.26 -139.84 0.44
endloop
endfacet
facet normal 0 0 -1
outer loop
vertex 145.08 -158.58 0.88
vertex 145.07 -158.56 0.88
vertex 145.05 -158.51 0.88
endloop
endfacet
facet normal 0 0 -1
outer loop
vertex 145.08 -158.58 0.88
vertex 145.05 -158.51 0.88
vertex 138.26 -139.84 0.88
endloop
endfacet
facet normal 0 0 -1
outer loop
vertex 145.08 -158.58 0.88
vertex 138.26 -139.84 0.88
vertex 138.26 -139.84 0.44
endloop
endfacet
facet normal 0 0 -1
outer loop
vertex 145.08 -158.58 0.88
vertex 138.26 -139.84 0.44
vertex 138.29 -139.93 0.44
endloop
endfacet
facet normal 0 0 -1
outer loop
vertex 145.08 -158.58 0.88
vertex 138.29 -139.93 0.44
vertex 145.08 -158.58 0.44
endloop
endfacet
facet normal 0 0 1
outer loop
vertex 151.93 -158.80 0.88
vertex 151.99 -158.73 0.88
vertex 152.03 -158.67 0.88
endloop
endfacet
facet normal 0 0 1
outer loop
vertex 151.93 -158.80 0.88
vertex 152.03 -158.67 0.88
vertex 151.78 -158.67 0.88
endloop
endfacet
facet normal 0 0 1
outer loop
vertex 151.93 -158.80 0.88
vertex 151.78 -158.67 0.88
vertex 151.75 -158.69 0.88
endloop
endfacet
facet normal 0 0 1
outer loop
vertex 151.93 -158.80 0.88
vertex 151.75 -158.69 0.88
vertex 151.87 -158.85 0.88
endloop
endfacet
facet normal 0 0 1
outer loop
vertex 145.41 -158.69 0.88
vertex 145.36 -158.66 0.88
vertex 145.12 -158.66 0.88
endloop
endfacet
facet normal 0 0 1
outer loop
vertex 145.41 -158.69 0.88
vertex 145.12 -158.66 0.88
vertex 145.13 -158.68 0.88
endloop
endfacet
facet normal 0 0 1
outer loop
vertex 145.41 -158.69 0.88
vertex 145.13 -158.68 0.88
vertex 145.20 -158.77 0.88
endloop
endfacet
facet normal 0 0 1
outer loop
vertex 145.41 -158.69 0.88
vertex 145.20 -158.77 0.88
vertex 145.29 -158.85 0.88
endloop
endfacet
facet normal 0 0 1
outer loop
vertex 152.03 -158.67 0.88
vertex 152.04 -158.66 0.88
vertex 152.05 -158.63 0.88
endloop
endfacet
facet normal 0 0 1
outer loop
vertex 152.03 -158.67 0.88
vertex 152.05 -158.63 0.88
vertex 151.81 -158.63 0.88
endloop
endfacet
facet normal 0 0 1
outer loop
vertex 152.03 -158.67 0.88
vertex 151.81 -158.63 0.88
vertex 151.78 -158.67 0.88
endloop
endfacet
facet normal 0 0 1
outer loop
vertex 145.36 -158.66 0.88
vertex 145.32 -158.61 0.88
vertex 145.10 -158.61 0.88
endloop
endfacet
facet normal 0 0 1
outer loop
vertex 145.36 -158.66 0.88
vertex 145.10 -158.61 0.88
vertex 145.12 -158.66 0.88
endloop
endfacet
facet normal 0 0 1
outer loop
vertex 152.05 -158.63 0.88
vertex 152.07 -158.59 0.88
vertex 151.84 -158.59 0.88
endloop
endfacet
facet normal 0 0 1
outer loop
vertex 152.05 -158.63 0.88
vertex 151.84 -158.59 0.88
vertex 151.81 -158.63 0.88
endloop
endfacet
facet normal 0 0 1
outer loop
vertex 145.32 -158.61 0.88
vertex 145.29 -158.56 0.88
vertex 145.07 -158.56 0.88
endloop
endfacet
facet normal 0 0 1
outer loop
vertex 145.32 -158.61 0.88
vertex 145.07 -158.56 0.88
vertex 145.08 -158.58 0.88
endloop
endfacet
facet normal 0 0 1
outer loop
vertex 145.32 -158.61 0.88
vertex 145.08 -158.58 0.88
vertex 145.10 -158.61 0.88
endloop
endfacet
facet normal 0 0 1
outer loop
vertex 152.07 -158.59 0.88
vertex 152.07 -158.58 0.88
vertex 152.08 -158.55 0.88
endloop
endfacet
facet normal 0 0 1
outer loop
vertex 152.07 -158.59 0.88
vertex 152.08 -158.55 0.88
vertex 151.87 -158.55 0.88
endloop
endfacet
facet normal 0 0 1
outer loop
vertex 152.07 -158.59 0.88
vertex 151.87 -158.55 0.88
vertex 151.84 -158.59 0.88
endloop
endfacet
facet normal 0 0 1
outer loop
vertex 145.29 -158.56 0.88
vertex 145.27 -158.51 0.88
vertex 145.05 -158.51 0.88
endloop
endfacet
facet normal 0 0 1
outer loop
vertex 145.29 -158.56 0.88
vertex 145.05 -158.51 0.88
vertex 145.07 -158.56 0.88
endloop
endfacet
facet normal 0 0 1
outer loop
vertex 152.08 -158.55 0.88
vertex 152.10 -158.51 0.88
vertex 151.89 -158.51 0.88
endloop
endfacet
facet normal 0 0 1
outer loop
vertex 152.08 -158.55 0.88
vertex 151.89 -158.51 0.88
vertex 151.87 -158.55 0.88
endloop
endfacet
facet normal 0 0 1
outer loop
vertex 145.56 -158.50 0.88
vertex 145.59 -158.45 0.88
vertex 145.59 -158.45 0.88
endloop
endfacet
facet normal 0 0 1
outer loop
vertex 145.56 -158.50 0.88
vertex 145.59 -158.45 0.88
vertex 145.50 -158.58 0.88
endloop
endfacet
facet normal 0 0 1
outer loop
vertex 151.57 -158.45 0.88
vertex 151.60 -158.50 0.88
vertex 151.66 -158.58 0.88
endloop
endfacet
facet normal 0 0 1
outer loop
vertex 145.79 -158.13 0.88
vertex 145.81 -158.10 0.88
vertex 145.74 -158.21 0.88
endloop
endfacet
facet normal 0 0 1
outer loop
vertex 145.79 -158.13 0.88
vertex 145.74 -158.21 0.88
vertex 145.74 -158.21 0.88
endloop
endfacet
facet normal 0 0 1
outer loop
vertex 151.35 -158.10 0.88
vertex 151.36 -158.13 0.88
vertex 151.42 -158.21 0.88
endloop
endfacet
facet normal 0 0 -1
outer loop
vertex 145.27 -158.51 0.88
vertex 142.16 -149.96 0.88
vertex 141.19 -147.32 0.88
endloop
endfacet
facet normal 0 0 -1
outer loop
vertex 145.27 -158.51 0.88
vertex 141.19 -147.32 0.88
vertex 138.47 -139.84 0.88
endloop
endfacet
facet normal 0 0 -1
outer loop
vertex 145.27 -158.51 0.88
vertex 138.47 -139.84 0.88
vertex 138.26 -139.84 0.88
endloop
endfacet
facet normal 0 0 -1
outer loop
vertex 145.27 -158.51 0.88
vertex 138.26 -139.84 0.88
vertex 145.05 -158.51 0.88
endloop
endfacet
facet normal 0 0 1
outer loop
vertex 152.10 -158.51 0.88
vertex 158.89 -139.84 0.88
vertex 158.68 -139.84 0.88
endloop
endfacet
facet normal 0 0 1
outer loop
vertex 152.10 -158.51 0.88
vertex 158.68 -139.84 0.88
vertex 155.96 -147.32 0.88
endloop
endfacet
facet normal 0 0 1
outer loop
vertex 152.10 -158.51 0.88
vertex 155.96 -147.32 0.88
vertex 155.00 -149.96 0.88
endloop
endfacet
facet normal 0 0 1
outer loop
vertex 152.10 -158.51 0.88
vertex 155.00 -149.96 0.88
vertex 151.89 -158.51 0.88
endloop
endfacet
facet normal 0 0 1
outer loop
vertex 138.47 -139.84 0.88
vertex 138.44 -139.76 0.88
vertex 131.55 -129.00 0.88
endloop
endfacet
facet normal 0 0 1
outer loop
vertex 138.47 -139.84 0.88
vertex 131.55 -129.00 0.88
vertex 130.18 -126.86 0.88
endloop
endfacet
facet normal 0 0 1
outer loop
vertex 138.47 -139.84 0.88
vertex 130.18 -126.86 0.88
vertex 120.15 -111.20 0.88
endloop
endfacet
facet normal 0 0 1
outer loop
vertex 138.47 -139.84 0.88
vertex 120.15 -111.20 0.88
vertex 119.93 -111.20 0.88
endloop
endfacet
facet normal 0 0 1
outer loop
vertex 138.47 -139.84 0.88
vertex 119.93 -111.20 0.88
vertex 119.94 -111.24 0.88
endloop
endfacet
facet normal 0 0 1
outer loop
vertex 138.47 -139.84 0.88
vertex 119.94 -111.24 0.88
vertex 119.98 -111.31 0.88
endloop
endfacet
facet normal 0 0 1
outer loop
vertex 138.47 -139.84 0.88
vertex 119.98 -111.31 0.88
vertex 138.26 -139.84 0.88
endloop
endfacet
facet normal 6.041857968254432e-14 -3.870787144286881e-14 1
outer loop
vertex 158.89 -139.84 0.88
vertex 177.17 -111.31 0.88
vertex 177.21 -111.24 0.88
endloop
endfacet
facet normal 6.041857968254432e-14 -3.870787144286881e-14 1
outer loop
vertex 158.89 -139.84 0.88
vertex 177.21 -111.24 0.88
vertex 177.22 -111.20 0.88
endloop
endfacet
facet normal 6.041857968254432e-14 -3.870787144286881e-14 1
outer loop
vertex 158.89 -139.84 0.88
vertex 177.22 -111.20 0.88
vertex 177.00 -111.20 0.88
endloop
endfacet
facet normal 6.041857968254432e-14 -3.870787144286881e-14 1
outer loop
vertex 158.89 -139.84 0.88
vertex 177.00 -111.20 0.88
vertex 166.97 -126.86 0.88
endloop
endfacet
facet normal 6.041857968254432e-14 -3.870787144286881e-14 1
outer loop
vertex 158.89 -139.84 0.88
vertex 166.97 -126.86 0.88
vertex 165.60 -129.00 0.88
endloop
endfacet
facet normal 6.041857968254432e-14 -3.870787144286881e-14 1
outer loop
vertex 158.89 -139.84 0.88
vertex 165.60 -129.00 0.88
vertex 158.71 -139.76 0.88
endloop
endfacet
facet normal 6.041857968254432e-14 -3.870787144286881e-14 1
outer loop
vertex 158.89 -139.84 0.88
vertex 158.71 -139.76 0.88
vertex 158.68 -139.84 0.88
endloop
endfacet
facet normal 0 0 1
outer loop
vertex 120.15 -111.20 0.88
vertex 120.12 -111.15 0.88
vertex 119.91 -111.15 0.88
endloop
endfacet
facet normal 0 0 1
outer loop
vertex 120.15 -111.20 0.88
vertex 119.91 -111.15 0.88
vertex 119.91 -111.16 0.88
endloop
endfacet
facet normal 0 0 1
outer loop
vertex 120.15 -111.20 0.88
vertex 119.91 -111.16 0.88
vertex 119.93 -111.20 0.88
endloop
endfacet
facet normal 0 0 1
outer loop
vertex 177.22 -111.20 0.88
vertex 177.24 -111.16 0.88
vertex 177.24 -111.15 0.88
endloop
endfacet
facet normal 0 0 1
outer loop
vertex 177.22 -111.20 0.88
vertex 177.24 -111.15 0.88
vertex 177.03 -111.15 0.88
endloop
endfacet
facet normal 0 0 1
outer loop
vertex 177.22 -111.20 0.88
vertex 177.03 -111.15 0.88
vertex 177.00 -111.20 0.88
endloop
endfacet
facet normal 0 0 1
outer loop
vertex 120.12 -111.15 0.88
vertex 120.10 -111.10 0.88
vertex 119.90 -111.10 0.88
endloop
endfacet
facet normal 0 0 1
outer loop
vertex 120.12 -111.15 0.88
vertex 119.90 -111.10 0.88
vertex 119.91 -111.15 0.88
endloop
endfacet
facet normal 0 0 1
outer loop
vertex 177.24 -111.15 0.88
vertex 177.25 -111.10 0.88
vertex 177.05 -111.10 0.88
endloop
endfacet
facet normal 0 0 1
outer loop
vertex 177.24 -111.15 0.88
vertex 177.05 -111.10 0.88
vertex 177.03 -111.15 0.88
endloop
endfacet
facet normal 0 0 1
outer loop
vertex 120.10 -111.10 0.88
vertex 120.09 -111.04 0.88
vertex 119.89 -111.04 0.88
endloop
endfacet
facet normal 0 0 1
outer loop
vertex 120.10 -111.10 0.88
vertex 119.89 -111.04 0.88
vertex 119.89 -111.07 0.88
endloop
endfacet
facet normal 0 0 1
outer loop
vertex 120.10 -111.10 0.88
vertex 119.89 -111.07 0.88
vertex 119.90 -111.10 0.88
endloop
endfacet
facet normal 0 0 1
outer loop
vertex 177.25 -111.10 0.88
vertex 177.26 -111.07 0.88
vertex 177.26 -111.04 0.88
endloop
endfacet
facet normal 0 0 1
outer loop
vertex 177.25 -111.10 0.88
vertex 177.26 -111.04 0.88
vertex 177.06 -111.04 0.88
endloop
endfacet
facet normal 0 0 1
outer loop
vertex 177.25 -111.10 0.88
vertex 177.06 -111.04 0.88
vertex 177.05 -111.10 0.88
endloop
endfacet
facet normal 0 0 1
outer loop
vertex 120.09 -111.04 0.88
vertex 120.09 -110.99 0.88
vertex 119.89 -110.99 0.88
endloop
endfacet
facet normal 0 0 1
outer loop
vertex 120.09 -111.04 0.88
vertex 119.89 -110.99 0.88
vertex 119.89 -111.04 0.88
endloop
endfacet
facet normal 0 0 1
outer loop
vertex 177.26 -111.04 0.88
vertex 177.27 -110.99 0.88
vertex 177.07 -110.99 0.88
endloop
endfacet
facet normal 0 0 1
outer loop
vertex 177.26 -111.04 0.88
vertex 177.07 -110.99 0.88
vertex 177.06 -111.04 0.88
endloop
endfacet
facet normal 0 0 1
outer loop
vertex 120.09 -110.99 0.88
vertex 120.09 -110.93 0.88
vertex 119.89 -110.93 0.88
endloop
endfacet
facet normal 0 0 1
outer loop
vertex 120.09 -110.99 0.88
vertex 119.89 -110.93 0.88
vertex 119.89 -110.99 0.88
endloop
endfacet
facet normal 0 0 1
outer loop
vertex 120.09 -110.99 0.88
vertex 119.89 -110.99 0.88
vertex 119.89 -110.99 0.88
endloop
endfacet
facet normal 0 0 1
outer loop
vertex 177.27 -110.99 0.88
vertex 177.27 -110.99 0.88
vertex 177.26 -110.93 0.88
endloop
endfacet
facet normal 0 0 1
outer loop
vertex 177.27 -110.99 0.88
vertex 177.26 -110.93 0.88
vertex 177.06 -110.93 0.88
endloop
endfacet
facet normal 0 0 1
outer loop
vertex 177.27 -110.99 0.88
vertex 177.06 -110.93 0.88
vertex 177.07 -110.99 0.88
endloop
endfacet
facet normal 0 0 1
outer loop
vertex 120.09 -110.93 0.88
vertex 120.10 -110.87 0.88
vertex 119.90 -110.87 0.88
endloop
endfacet
facet normal 0 0 1
outer loop
vertex 120.09 -110.93 0.88
vertex 119.90 -110.87 0.88
vertex 119.89 -110.90 0.88
endloop
endfacet
facet normal 0 0 1
outer loop
vertex 120.09 -110.93 0.88
vertex 119.89 -110.90 0.88
vertex 119.89 -110.93 0.88
endloop
endfacet
facet normal 0 0 1
outer loop
vertex 177.26 -110.93 0.88
vertex 177.26 -110.90 0.88
vertex 177.25 -110.87 0.88
endloop
endfacet
facet normal 0 0 1
outer loop
vertex 177.26 -110.93 0.88
vertex 177.25 -110.87 0.88
vertex 177.05 -110.87 0.88
endloop
endfacet
facet normal 0 0 1
outer loop
vertex 177.26 -110.93 0.88
vertex 177.05 -110.87 0.88
vertex 177.06 -110.93 0.88
endloop
endfacet
facet normal 0 0 1
outer loop
vertex 177.25 -110.87 0.88
vertex 177.24 -110.82 0.88
vertex 177.03 -110.82 0.88
endloop
endfacet
facet normal 0 0 1
outer loop
vertex 177.25 -110.87 0.88
vertex 177.03 -110.82 0.88
vertex 177.05 -110.87 0.88
endloop
endfacet
facet normal 0 0 1
outer loop
vertex 120.10 -110.87 0.88
vertex 120.12 -110.82 0.88
vertex 119.91 -110.82 0.88
endloop
endfacet
facet normal 0 0 1
outer loop
vertex 120.10 -110.87 0.88
vertex 119.91 -110.82 0.88
vertex 119.90 -110.87 0.88
endloop
endfacet
facet normal 0 0 1
outer loop
vertex 120.12 -110.82 0.88
vertex 144.00 -59.62 0.88
vertex 143.78 -59.62 0.88
endloop
endfacet
facet normal 0 0 1
outer loop
vertex 120.12 -110.82 0.88
vertex 143.78 -59.62 0.88
vertex 119.94 -110.74 0.88
endloop
endfacet
facet normal 0 0 1
outer loop
vertex 120.12 -110.82 0.88
vertex 119.94 -110.74 0.88
vertex 119.91 -110.82 0.88
endloop
endfacet
facet normal 0 0 1
outer loop
vertex 120.12 -110.82 0.88
vertex 119.91 -110.82 0.88
vertex 119.91 -110.82 0.88
endloop
endfacet
facet normal 0 0 1
outer loop
vertex 177.24 -110.82 0.88
vertex 177.24 -110.82 0.88
vertex 177.21 -110.74 0.88
endloop
endfacet
facet normal 0 0 1
outer loop
vertex 177.24 -110.82 0.88
vertex 177.21 -110.74 0.88
vertex 153.37 -59.62 0.88
endloop
endfacet
facet normal 0 0 1
outer loop
vertex 177.24 -110.82 0.88
vertex 153.37 -59.62 0.88
vertex 153.15 -59.62 0.88
endloop
endfacet
facet normal 0 0 1
outer loop
vertex 177.24 -110.82 0.88
vertex 153.15 -59.62 0.88
vertex 177.03 -110.82 0.88
endloop
endfacet
facet normal 5.233033462514664e-17 -2.4402034136622027e-17 1
outer loop
vertex 144.00 -59.62 0.88
vertex 144.04 -59.52 0.88
vertex 137.07 -56.27 0.88
endloop
endfacet
facet normal 5.233033462514664e-17 -2.4402034136622027e-17 1
outer loop
vertex 144.00 -59.62 0.88
vertex 137.07 -56.27 0.88
vertex 134.52 -55.08 0.88
endloop
endfacet
facet normal 5.233033462514664e-17 -2.4402034136622027e-17 1
outer loop
vertex 144.00 -59.62 0.88
vertex 134.52 -55.08 0.88
vertex 127.19 -51.66 0.88
endloop
endfacet
facet normal 5.233033462514664e-17 -2.4402034136622027e-17 1
outer loop
vertex 144.00 -59.62 0.88
vertex 127.19 -51.66 0.88
vertex 126.88 -51.66 0.88
endloop
endfacet
facet normal 5.233033462514664e-17 -2.4402034136622027e-17 1
outer loop
vertex 144.00 -59.62 0.88
vertex 126.88 -51.66 0.88
vertex 126.88 -51.67 0.88
endloop
endfacet
facet normal 5.233033462514664e-17 -2.4402034136622027e-17 1
outer loop
vertex 144.00 -59.62 0.88
vertex 126.88 -51.67 0.88
vertex 126.95 -51.74 0.88
endloop
endfacet
facet normal 5.233033462514664e-17 -2.4402034136622027e-17 1
outer loop
vertex 144.00 -59.62 0.88
vertex 126.95 -51.74 0.88
vertex 127.02 -51.80 0.88
endloop
endfacet
facet normal 5.233033462514664e-17 -2.4402034136622027e-17 1
outer loop
vertex 144.00 -59.62 0.88
vertex 127.02 -51.80 0.88
vertex 127.10 -51.84 0.88
endloop
endfacet
facet normal 5.233033462514664e-17 -2.4402034136622027e-17 1
outer loop
vertex 144.00 -59.62 0.88
vertex 127.10 -51.84 0.88
vertex 143.78 -59.62 0.88
endloop
endfacet
facet normal -1.5153749660562666e-16 2.6786426591535303e-16 1
outer loop
vertex 153.37 -59.62 0.88
vertex 170.05 -51.84 0.88
vertex 170.13 -51.80 0.88
endloop
endfacet
facet normal -1.5153749660562666e-16 2.6786426591535303e-16 1
outer loop
vertex 153.37 -59.62 0.88
vertex 170.13 -51.80 0.88
vertex 170.21 -51.74 0.88
endloop
endfacet
facet normal -1.5153749660562666e-16 2.6786426591535303e-16 1
outer loop
vertex 153.37 -59.62 0.88
vertex 170.21 -51.74 0.88
vertex 170.27 -51.67 0.88
endloop
endfacet
facet normal -1.5153749660562666e-16 2.6786426591535303e-16 1
outer loop
vertex 153.37 -59.62 0.88
vertex 170.27 -51.67 0.88
vertex 170.27 -51.66 0.88
endloop
endfacet
facet normal -1.5153749660562666e-16 2.6786426591535303e-16 1
outer loop
vertex 153.37 -59.62 0.88
vertex 170.27 -51.66 0.88
vertex 169.97 -51.66 0.88
endloop
endfacet
facet normal -1.5153749660562666e-16 2.6786426591535303e-16 1
outer loop
vertex 153.37 -59.62 0.88
vertex 169.97 -51.66 0.88
vertex 162.63 -55.08 0.88
endloop
endfacet
facet normal -1.5153749660562666e-16 2.6786426591535303e-16 1
outer loop
vertex 153.37 -59.62 0.88
vertex 162.63 -55.08 0.88
vertex 160.08 -56.27 0.88
endloop
endfacet
facet normal -1.5153749660562666e-16 2.6786426591535303e-16 1
outer loop
vertex 153.37 -59.62 0.88
vertex 160.08 -56.27 0.88
vertex 153.11 -59.52 0.88
endloop
endfacet
facet normal -1.5153749660562666e-16 2.6786426591535303e-16 1
outer loop
vertex 153.37 -59.62 0.88
vertex 153.11 -59.52 0.88
vertex 153.15 -59.62 0.88
endloop
endfacet
facet normal 0 0 1
outer loop
vertex 127.19 -51.66 0.88
vertex 127.13 -51.63 0.88
vertex 126.86 -51.63 0.88
endloop
endfacet
facet normal 0 0 1
outer loop
vertex 127.19 -51.66 0.88
vertex 126.86 -51.63 0.88
vertex 126.88 -51.66 0.88
endloop
endfacet
facet normal 0 0 1
outer loop
vertex 170.27 -51.66 0.88
vertex 170.30 -51.63 0.88
vertex 170.03 -51.63 0.88
endloop
endfacet
facet normal 0 0 1
outer loop
vertex 170.27 -51.66 0.88
vertex 170.03 -51.63 0.88
vertex 169.97 -51.66 0.88
endloop
endfacet
facet normal 0 0 1
outer loop
vertex 127.13 -51.63 0.88
vertex 127.08 -51.59 0.88
vertex 126.83 -51.59 0.88
endloop
endfacet
facet normal 0 0 1
outer loop
vertex 127.13 -51.63 0.88
vertex 126.83 -51.59 0.88
vertex 126.86 -51.63 0.88
endloop
endfacet
facet normal 0 0 1
outer loop
vertex 170.30 -51.63 0.88
vertex 170.32 -51.59 0.88
vertex 170.33 -51.58 0.88
endloop
endfacet
facet normal 0 0 1
outer loop
vertex 170.30 -51.63 0.88
vertex 170.33 -51.58 0.88
vertex 170.08 -51.58 0.88
endloop
endfacet
facet normal 0 0 1
outer loop
vertex 170.30 -51.63 0.88
vertex 170.08 -51.58 0.88
vertex 170.03 -51.63 0.88
endloop
endfacet
facet normal 0 0 1
outer loop
vertex 127.08 -51.59 0.88
vertex 127.04 -51.55 0.88
vertex 126.81 -51.55 0.88
endloop
endfacet
facet normal 0 0 1
outer loop
vertex 127.08 -51.59 0.88
vertex 126.81 -51.55 0.88
vertex 126.83 -51.59 0.88
endloop
endfacet
facet normal 0 0 1
outer loop
vertex 127.08 -51.59 0.88
vertex 126.83 -51.59 0.88
vertex 126.83 -51.59 0.88
endloop
endfacet
facet normal 0 0 1
outer loop
vertex 170.33 -51.58 0.88
vertex 170.35 -51.53 0.88
vertex 170.12 -51.53 0.88
endloop
endfacet
facet normal 0 0 1
outer loop
vertex 170.33 -51.58 0.88
vertex 170.12 -51.53 0.88
vertex 170.08 -51.58 0.88
endloop
endfacet
facet normal 0 0 1
outer loop
vertex 127.04 -51.55 0.88
vertex 127.01 -51.49 0.88
vertex 126.79 -51.49 0.88
endloop
endfacet
facet normal 0 0 1
outer loop
vertex 127.04 -51.55 0.88
vertex 126.79 -51.49 0.88
vertex 126.79 -51.50 0.88
endloop
endfacet
facet normal 0 0 1
outer loop
vertex 127.04 -51.55 0.88
vertex 126.79 -51.50 0.88
vertex 126.81 -51.55 0.88
endloop
endfacet
facet normal 0 0 1
outer loop
vertex 170.35 -51.53 0.88
vertex 170.36 -51.50 0.88
vertex 170.37 -51.47 0.88
endloop
endfacet
facet normal 0 0 1
outer loop
vertex 170.35 -51.53 0.88
vertex 170.37 -51.47 0.88
vertex 170.16 -51.47 0.88
endloop
endfacet
facet normal 0 0 1
outer loop
vertex 170.35 -51.53 0.88
vertex 170.16 -51.47 0.88
vertex 170.12 -51.53 0.88
endloop
endfacet
facet normal 0 0 1
outer loop
vertex 127.01 -51.49 0.88
vertex 126.98 -51.44 0.88
vertex 126.77 -51.44 0.88
endloop
endfacet
facet normal 0 0 1
outer loop
vertex 127.01 -51.49 0.88
vertex 126.77 -51.44 0.88
vertex 126.79 -51.49 0.88
endloop
endfacet
facet normal 0 0 1
outer loop
vertex 170.37 -51.47 0.88
vertex 170.39 -51.41 0.88
vertex 170.39 -51.40 0.88
endloop
endfacet
facet normal 0 0 1
outer loop
vertex 170.37 -51.47 0.88
vertex 170.39 -51.40 0.88
vertex 170.18 -51.40 0.88
endloop
endfacet
facet normal 0 0 1
outer loop
vertex 170.37 -51.47 0.88
vertex 170.18 -51.40 0.88
vertex 170.16 -51.47 0.88
endloop
endfacet
facet normal 0 0 1
outer loop
vertex 126.98 -51.44 0.88
vertex 126.96 -51.38 0.88
vertex 126.76 -51.38 0.88
endloop
endfacet
facet normal 0 0 1
outer loop
vertex 126.98 -51.44 0.88
vertex 126.76 -51.38 0.88
vertex 126.77 -51.41 0.88
endloop
endfacet
facet normal 0 0 1
outer loop
vertex 126.98 -51.44 0.88
vertex 126.77 -51.41 0.88
vertex 126.77 -51.44 0.88
endloop
endfacet
facet normal 0 0 1
outer loop
vertex 170.39 -51.40 0.88
vertex 170.39 -51.33 0.88
vertex 170.20 -51.33 0.88
endloop
endfacet
facet normal 0 0 1
outer loop
vertex 170.39 -51.40 0.88
vertex 170.20 -51.33 0.88
vertex 170.18 -51.40 0.88
endloop
endfacet
facet normal 0 0 1
outer loop
vertex 126.96 -51.38 0.88
vertex 126.96 -51.31 0.88
vertex 126.76 -51.31 0.88
endloop
endfacet
facet normal 0 0 1
outer loop
vertex 126.96 -51.38 0.88
vertex 126.76 -51.31 0.88
vertex 126.76 -51.32 0.88
endloop
endfacet
facet normal 0 0 1
outer loop
vertex 126.96 -51.38 0.88
vertex 126.76 -51.32 0.88
vertex 126.76 -51.38 0.88
endloop
endfacet
facet normal 0 0 1
outer loop
vertex 170.39 -51.33 0.88
vertex 170.40 -51.32 0.88
vertex 170.39 -51.26 0.88
endloop
endfacet
facet normal 0 0 1
outer loop
vertex 170.39 -51.33 0.88
vertex 170.39 -51.26 0.88
vertex 170.20 -51.26 0.88
endloop
endfacet
facet normal 0 0 1
outer loop
vertex 170.39 -51.33 0.88
vertex 170.20 -51.26 0.88
vertex 170.20 -51.33 0.88
endloop
endfacet
facet normal 0 0 1
outer loop
vertex 126.96 -51.31 0.88
vertex 126.96 -51.25 0.88
vertex 126.76 -51.25 0.88
endloop
endfacet
facet normal 0 0 1
outer loop
vertex 126.96 -51.31 0.88
vertex 126.76 -51.25 0.88
vertex 126.76 -51.31 0.88
endloop
endfacet
facet normal 0 0 1
outer loop
vertex 170.39 -51.26 0.88
vertex 170.39 -51.23 0.88
vertex 170.39 -51.20 0.88
endloop
endfacet
facet normal 0 0 1
outer loop
vertex 170.39 -51.26 0.88
vertex 170.39 -51.20 0.88
vertex 170.18 -51.20 0.88
endloop
endfacet
facet normal 0 0 1
outer loop
vertex 170.39 -51.26 0.88
vertex 170.18 -51.20 0.88
vertex 170.20 -51.26 0.88
endloop
endfacet
facet normal 0 0 1
outer loop
vertex 126.96 -51.25 0.88
vertex 126.97 -51.19 0.88
vertex 126.77 -51.19 0.88
endloop
endfacet
facet normal 0 0 1
outer loop
vertex 126.96 -51.25 0.88
vertex 126.77 -51.19 0.88
vertex 126.76 -51.23 0.88
endloop
endfacet
facet normal 0 0 1
outer loop
vertex 126.96 -51.25 0.88
vertex 126.76 -51.23 0.88
vertex 126.76 -51.25 0.88
endloop
endfacet
facet normal 0 0 1
outer loop
vertex 170.39 -51.20 0.88
vertex 170.37 -51.13 0.88
vertex 170.37 -51.13 0.88
endloop
endfacet
facet normal 0 0 1
outer loop
vertex 170.39 -51.20 0.88
vertex 170.37 -51.13 0.88
vertex 170.16 -51.13 0.88
endloop
endfacet
facet normal 0 0 1
outer loop
vertex 170.39 -51.20 0.88
vertex 170.16 -51.13 0.88
vertex 170.18 -51.20 0.88
endloop
endfacet
facet normal 0 0 1
outer loop
vertex 126.97 -51.19 0.88
vertex 126.99 -51.13 0.88
vertex 126.78 -51.13 0.88
endloop
endfacet
facet normal 0 0 1
outer loop
vertex 126.97 -51.19 0.88
vertex 126.78 -51.13 0.88
vertex 126.78 -51.13 0.88
endloop
endfacet
facet normal 0 0 1
outer loop
vertex 126.97 -51.19 0.88
vertex 126.78 -51.13 0.88
vertex 126.77 -51.19 0.88
endloop
endfacet
facet normal 0 0 1
outer loop
vertex 126.99 -51.13 0.88
vertex 128.11 -48.73 0.88
vertex 127.89 -48.73 0.88
endloop
endfacet
facet normal 0 0 1
outer loop
vertex 126.99 -51.13 0.88
vertex 127.89 -48.73 0.88
vertex 126.81 -51.05 0.88
endloop
endfacet
facet normal 0 0 1
outer loop
vertex 126.99 -51.13 0.88
vertex 126.81 -51.05 0.88
vertex 126.78 -51.13 0.88
endloop
endfacet
facet normal 0 0 1
outer loop
vertex 170.37 -51.13 0.88
vertex 170.34 -51.05 0.88
vertex 169.26 -48.73 0.88
endloop
endfacet
facet normal 0 0 1
outer loop
vertex 170.37 -51.13 0.88
vertex 169.26 -48.73 0.88
vertex 169.04 -48.73 0.88
endloop
endfacet
facet normal 0 0 1
outer loop
vertex 170.37 -51.13 0.88
vertex 169.04 -48.73 0.88
vertex 170.16 -51.13 0.88
endloop
endfacet
facet normal 5.339587286819312e-17 -2.4898905263792826e-17 1
outer loop
vertex 128.11 -48.73 0.88
vertex 128.16 -48.63 0.88
vertex 121.26 -45.59 0.88
endloop
endfacet
facet normal 5.339587286819312e-17 -2.4898905263792826e-17 1
outer loop
vertex 128.11 -48.73 0.88
vertex 121.26 -45.59 0.88
vertex 118.35 -44.32 0.88
endloop
endfacet
facet normal 5.339587286819312e-17 -2.4898905263792826e-17 1
outer loop
vertex 128.11 -48.73 0.88
vertex 118.35 -44.32 0.88
vertex 109.25 -40.31 0.88
endloop
endfacet
facet normal 5.339587286819312e-17 -2.4898905263792826e-17 1
outer loop
vertex 128.11 -48.73 0.88
vertex 109.25 -40.31 0.88
vertex 108.94 -40.31 0.88
endloop
endfacet
facet normal 5.339587286819312e-17 -2.4898905263792826e-17 1
outer loop
vertex 128.11 -48.73 0.88
vertex 108.94 -40.31 0.88
vertex 109.00 -40.38 0.88
endloop
endfacet
facet normal 5.339587286819312e-17 -2.4898905263792826e-17 1
outer loop
vertex 128.11 -48.73 0.88
vertex 109.00 -40.38 0.88
vertex 109.08 -40.44 0.88
endloop
endfacet
facet normal 5.339587286819312e-17 -2.4898905263792826e-17 1
outer loop
vertex 128.11 -48.73 0.88
vertex 109.08 -40.44 0.88
vertex 109.17 -40.49 0.88
endloop
endfacet
facet normal 5.339587286819312e-17 -2.4898905263792826e-17 1
outer loop
vertex 128.11 -48.73 0.88
vertex 109.17 -40.49 0.88
vertex 127.89 -48.73 0.88
endloop
endfacet
facet normal 0 0 1
outer loop
vertex 169.26 -48.73 0.88
vertex 187.98 -40.49 0.88
vertex 188.07 -40.44 0.88
endloop
endfacet
facet normal 0 0 1
outer loop
vertex 169.26 -48.73 0.88
vertex 188.07 -40.44 0.88
vertex 188.15 -40.38 0.88
endloop
endfacet
facet normal 0 0 1
outer loop
vertex 169.26 -48.73 0.88
vertex 188.15 -40.38 0.88
vertex 188.22 -40.31 0.88
endloop
endfacet
facet normal 0 0 1
outer loop
vertex 169.26 -48.73 0.88
vertex 188.22 -40.31 0.88
vertex 187.90 -40.31 0.88
endloop
endfacet
facet normal 0 0 1
outer loop
vertex 169.26 -48.73 0.88
vertex 187.90 -40.31 0.88
vertex 178.80 -44.32 0.88
endloop
endfacet
facet normal 0 0 1
outer loop
vertex 169.26 -48.73 0.88
vertex 178.80 -44.32 0.88
vertex 175.89 -45.59 0.88
endloop
endfacet
facet normal 0 0 1
outer loop
vertex 169.26 -48.73 0.88
vertex 175.89 -45.59 0.88
vertex 168.99 -48.63 0.88
endloop
endfacet
facet normal 0 0 1
outer loop
vertex 169.26 -48.73 0.88
vertex 168.99 -48.63 0.88
vertex 169.04 -48.73 0.88
endloop
endfacet
facet normal 0 0 1
outer loop
vertex 109.25 -40.31 0.88
vertex 109.23 -40.30 0.88
vertex 108.93 -40.30 0.88
endloop
endfacet
facet normal 0 0 1
outer loop
vertex 109.25 -40.31 0.88
vertex 108.93 -40.30 0.88
vertex 108.93 -40.30 0.88
endloop
endfacet
facet normal 0 0 1
outer loop
vertex 109.25 -40.31 0.88
vertex 108.93 -40.30 0.88
vertex 108.94 -40.31 0.88
endloop
endfacet
facet normal 0 0 1
outer loop
vertex 109.23 -40.30 0.88
vertex 109.19 -40.28 0.88
vertex 108.91 -40.28 0.88
endloop
endfacet
facet normal 0 0 1
outer loop
vertex 109.23 -40.30 0.88
vertex 108.91 -40.28 0.88
vertex 108.93 -40.30 0.88
endloop
endfacet
facet normal 0 0 1
outer loop
vertex 188.22 -40.31 0.88
vertex 188.22 -40.30 0.88
vertex 188.24 -40.28 0.88
endloop
endfacet
facet normal 0 0 1
outer loop
vertex 188.22 -40.31 0.88
vertex 188.24 -40.28 0.88
vertex 187.96 -40.28 0.88
endloop
endfacet
facet normal 0 0 1
outer loop
vertex 188.22 -40.31 0.88
vertex 187.96 -40.28 0.88
vertex 187.90 -40.31 0.88
endloop
endfacet
facet normal 0 0 1
outer loop
vertex 109.19 -40.28 0.88
vertex 109.17 -40.26 0.88
vertex 108.90 -40.26 0.88
endloop
endfacet
facet normal 0 0 1
outer loop
vertex 109.19 -40.28 0.88
vertex 108.90 -40.26 0.88
vertex 108.91 -40.28 0.88
endloop
endfacet
facet normal 0 0 1
outer loop
vertex 109.17 -40.26 0.88
vertex 109.14 -40.23 0.88
vertex 108.89 -40.23 0.88
endloop
endfacet
facet normal 0 0 1
outer loop
vertex 109.17 -40.26 0.88
vertex 108.89 -40.23 0.88
vertex 108.90 -40.26 0.88
endloop
endfacet
facet normal 0 0 1
outer loop
vertex 188.24 -40.28 0.88
vertex 188.27 -40.23 0.88
vertex 188.02 -40.23 0.88
endloop
endfacet
facet normal 0 0 1
outer loop
vertex 188.24 -40.28 0.88
vertex 188.02 -40.23 0.88
vertex 187.96 -40.28 0.88
endloop
endfacet
facet normal 0 0 1
outer loop
vertex 109.14 -40.23 0.88
vertex 109.09 -40.19 0.88
vertex 108.86 -40.19 0.88
endloop
endfacet
facet normal 0 0 1
outer loop
vertex 109.14 -40.23 0.88
vertex 108.86 -40.19 0.88
vertex 108.88 -40.22 0.88
endloop
endfacet
facet normal 0 0 1
outer loop
vertex 109.14 -40.23 0.88
vertex 108.88 -40.22 0.88
vertex 108.89 -40.23 0.88
endloop
endfacet
facet normal 0 0 1
outer loop
vertex 109.09 -40.19 0.88
vertex 109.09 -40.18 0.88
vertex 108.86 -40.18 0.88
endloop
endfacet
facet normal 0 0 1
outer loop
vertex 109.09 -40.19 0.88
vertex 108.86 -40.18 0.88
vertex 108.86 -40.19 0.88
endloop
endfacet
facet normal 0 0 1
outer loop
vertex 188.27 -40.23 0.88
vertex 188.28 -40.22 0.88
vertex 188.29 -40.18 0.88
endloop
endfacet
facet normal 0 0 1
outer loop
vertex 188.27 -40.23 0.88
vertex 188.29 -40.18 0.88
vertex 188.06 -40.18 0.88
endloop
endfacet
facet normal 0 0 1
outer loop
vertex 188.27 -40.23 0.88
vertex 188.06 -40.18 0.88
vertex 188.02 -40.23 0.88
endloop
endfacet
facet normal 0 0 1
outer loop
vertex 109.09 -40.18 0.88
vertex 109.05 -40.12 0.88
vertex 108.84 -40.12 0.88
endloop
endfacet
facet normal 0 0 1
outer loop
vertex 109.09 -40.18 0.88
vertex 108.84 -40.12 0.88
vertex 108.86 -40.18 0.88
endloop
endfacet
facet normal 0 0 1
outer loop
vertex 188.29 -40.18 0.88
vertex 188.31 -40.12 0.88
vertex 188.10 -40.12 0.88
endloop
endfacet
facet normal 0 0 1
outer loop
vertex 188.29 -40.18 0.88
vertex 188.10 -40.12 0.88
vertex 188.06 -40.18 0.88
endloop
endfacet
facet normal 0 0 1
outer loop
vertex 109.05 -40.12 0.88
vertex 109.03 -40.06 0.88
vertex 108.82 -40.06 0.88
endloop
endfacet
facet normal 0 0 1
outer loop
vertex 109.05 -40.12 0.88
vertex 108.82 -40.06 0.88
vertex 108.84 -40.12 0.88
endloop
endfacet
facet normal 0 0 1
outer loop
vertex 109.05 -40.12 0.88
vertex 108.84 -40.12 0.88
vertex 108.84 -40.12 0.88
endloop
endfacet
facet normal 0 0 1
outer loop
vertex 188.31 -40.12 0.88
vertex 188.32 -40.12 0.88
vertex 188.33 -40.06 0.88
endloop
endfacet
facet normal 0 0 1
outer loop
vertex 188.31 -40.12 0.88
vertex 188.33 -40.06 0.88
vertex 188.12 -40.06 0.88
endloop
endfacet
facet normal 0 0 1
outer loop
vertex 188.31 -40.12 0.88
vertex 188.12 -40.06 0.88
vertex 188.10 -40.12 0.88
endloop
endfacet
facet normal 0 0 1
outer loop
vertex 109.03 -40.06 0.88
vertex 109.01 -39.99 0.88
vertex 108.81 -39.99 0.88
endloop
endfacet
facet normal 0 0 1
outer loop
vertex 109.03 -40.06 0.88
vertex 108.81 -39.99 0.88
vertex 108.82 -40.02 0.88
endloop
endfacet
facet normal 0 0 1
outer loop
vertex 109.03 -40.06 0.88
vertex 108.82 -40.02 0.88
vertex 108.82 -40.06 0.88
endloop
endfacet
facet normal 0 0 1
outer loop
vertex 188.33 -40.06 0.88
vertex 188.34 -40.02 0.88
vertex 188.34 -39.99 0.88
endloop
endfacet
facet normal 0 0 1
outer loop
vertex 188.33 -40.06 0.88
vertex 188.34 -39.99 0.88
vertex 188.14 -39.99 0.88
endloop
endfacet
facet normal 0 0 1
outer loop
vertex 188.33 -40.06 0.88
vertex 188.14 -39.99 0.88
vertex 188.12 -40.06 0.88
endloop
endfacet
facet normal 0 0 1
outer loop
vertex 109.01 -39.99 0.88
vertex 109.01 -39.93 0.88
vertex 108.81 -39.93 0.88
endloop
endfacet
facet normal 0 0 1
outer loop
vertex 109.01 -39.99 0.88
vertex 108.81 -39.93 0.88
vertex 108.81 -39.99 0.88
endloop
endfacet
facet normal 0 0 1
outer loop
vertex 188.34 -39.99 0.88
vertex 188.34 -39.93 0.88
vertex 188.14 -39.93 0.88
endloop
endfacet
facet normal 0 0 1
outer loop
vertex 188.34 -39.99 0.88
vertex 188.14 -39.93 0.88
vertex 188.14 -39.99 0.88
endloop
endfacet
facet normal 0 0 1
outer loop
vertex 109.01 -39.93 0.88
vertex 109.02 -39.86 0.88
vertex 108.82 -39.86 0.88
endloop
endfacet
facet normal 0 0 1
outer loop
vertex 109.01 -39.93 0.88
vertex 108.82 -39.86 0.88
vertex 108.81 -39.92 0.88
endloop
endfacet
facet normal 0 0 1
outer loop
vertex 109.01 -39.93 0.88
vertex 108.81 -39.92 0.88
vertex 108.81 -39.93 0.88
endloop
endfacet
facet normal 0 0 1
outer loop
vertex 188.34 -39.93 0.88
vertex 188.34 -39.92 0.88
vertex 188.33 -39.86 0.88
endloop
endfacet
facet normal 0 0 1
outer loop
vertex 188.34 -39.93 0.88
vertex 188.33 -39.86 0.88
vertex 188.13 -39.86 0.88
endloop
endfacet
facet normal 0 0 1
outer loop
vertex 188.34 -39.93 0.88
vertex 188.13 -39.86 0.88
vertex 188.14 -39.93 0.88
endloop
endfacet
facet normal 0 0 1
outer loop
vertex 109.02 -39.86 0.88
vertex 109.04 -39.79 0.88
vertex 108.83 -39.79 0.88
endloop
endfacet
facet normal 0 0 1
outer loop
vertex 109.02 -39.86 0.88
vertex 108.83 -39.79 0.88
vertex 108.83 -39.81 0.88
endloop
endfacet
facet normal 0 0 1
outer loop
vertex 109.02 -39.86 0.88
vertex 108.83 -39.81 0.88
vertex 108.82 -39.86 0.88
endloop
endfacet
facet normal 0 0 1
outer loop
vertex 188.33 -39.86 0.88
vertex 188.33 -39.81 0.88
vertex 188.32 -39.79 0.88
endloop
endfacet
facet normal 0 0 1
outer loop
vertex 188.33 -39.86 0.88
vertex 188.32 -39.79 0.88
vertex 188.11 -39.79 0.88
endloop
endfacet
facet normal 0 0 1
outer loop
vertex 188.33 -39.86 0.88
vertex 188.11 -39.79 0.88
vertex 188.13 -39.86 0.88
endloop
endfacet
facet normal 0 0 1
outer loop
vertex 109.04 -39.79 0.88
vertex 115.90 -23.24 0.88
vertex 115.68 -23.24 0.88
endloop
endfacet
facet normal 0 0 1
outer loop
vertex 109.04 -39.79 0.88
vertex 115.68 -23.24 0.88
vertex 108.86 -39.71 0.88
endloop
endfacet
facet normal 0 0 1
outer loop
vertex 109.04 -39.79 0.88
vertex 108.86 -39.71 0.88
vertex 108.83 -39.79 0.88
endloop
endfacet
facet normal 0 0 1
outer loop
vertex 188.32 -39.79 0.88
vertex 188.30 -39.71 0.88
vertex 188.29 -39.70 0.88
endloop
endfacet
facet normal 0 0 1
outer loop
vertex 188.32 -39.79 0.88
vertex 188.29 -39.70 0.88
vertex 181.47 -23.24 0.88
endloop
endfacet
facet normal 0 0 1
outer loop
vertex 188.32 -39.79 0.88
vertex 181.47 -23.24 0.88
vertex 181.26 -23.24 0.88
endloop
endfacet
facet normal 0 0 1
outer loop
vertex 188.32 -39.79 0.88
vertex 181.26 -23.24 0.88
vertex 188.11 -39.79 0.88
endloop
endfacet
facet normal 0 0 -1
outer loop
vertex 151.38 -158.16 0.44
vertex 151.36 -158.13 0.44
vertex 151.16 -157.73 0.44
endloop
endfacet
facet normal 0 0 -1
outer loop
vertex 145.79 -158.13 0.44
vertex 145.77 -158.16 0.44
vertex 146.00 -157.73 0.44
endloop
endfacet
facet normal 0 0 -1
outer loop
vertex 145.56 -158.50 0.44
vertex 145.51 -158.56 0.44
vertex 145.69 -158.29 0.44
endloop
endfacet
facet normal 0 0 -1
outer loop
vertex 151.64 -158.56 0.44
vertex 151.60 -158.50 0.44
vertex 151.46 -158.29 0.44
endloop
endfacet
facet normal 0 0 -1
outer loop
vertex 145.29 -158.85 0.44
vertex 145.28 -158.85 0.44
vertex 145.40 -158.71 0.44
endloop
endfacet
facet normal 0 0 -1
outer loop
vertex 151.87 -158.85 0.44
vertex 151.87 -158.85 0.44
vertex 151.75 -158.70 0.44
endloop
endfacet
facet normal 0 0 -1
outer loop
vertex 181.69 -23.24 0
vertex 182.50 -25.21 0
vertex 148.58 -25.21 0
endloop
endfacet
facet normal 0 0 -1
outer loop
vertex 181.69 -23.24 0
vertex 148.58 -25.21 0
vertex 147.33 -25.21 0
endloop
endfacet
facet normal 0 0 -1
outer loop
vertex 181.69 -23.24 0
vertex 147.33 -25.21 0
vertex 147.33 -23.24 0
endloop
endfacet
facet normal 0 0 -1
outer loop
vertex 148.58 -25.21 0
vertex 148.37 -25.23 0
vertex 147.33 -25.23 0
endloop
endfacet
facet normal 0 0 -1
outer loop
vertex 148.58 -25.21 0
vertex 147.33 -25.23 0
vertex 147.33 -25.21 0
endloop
endfacet
facet normal 0 0 -1
outer loop
vertex 182.50 -25.21 0
vertex 182.51 -25.23 0
vertex 148.78 -25.23 0
endloop
endfacet
facet normal 0 0 -1
outer loop
vertex 182.50 -25.21 0
vertex 148.78 -25.23 0
vertex 148.58 -25.21 0
endloop
endfacet
facet normal 0 0 -1
outer loop
vertex 148.37 -25.23 0
vertex 148.17 -25.29 0
vertex 147.33 -25.29 0
endloop
endfacet
facet normal 0 0 -1
outer loop
vertex 148.37 -25.23 0
vertex 147.33 -25.29 0
vertex 147.33 -25.23 0
endloop
endfacet
facet normal 0 0 -1
outer loop
vertex 182.51 -25.23 0
vertex 182.54 -25.29 0
vertex 148.98 -25.29 0
endloop
endfacet
facet normal 0 0 -1
outer loop
vertex 182.51 -25.23 0
vertex 148.98 -25.29 0
vertex 148.78 -25.23 0
endloop
endfacet
facet normal 0 0 -1
outer loop
vertex 148.17 -25.29 0
vertex 147.99 -25.39 0
vertex 147.33 -25.39 0
endloop
endfacet
facet normal 0 0 -1
outer loop
vertex 148.17 -25.29 0
vertex 147.33 -25.39 0
vertex 147.33 -25.29 0
endloop
endfacet
facet normal 0 0 -1
outer loop
vertex 182.54 -25.29 0
vertex 182.58 -25.39 0
vertex 149.16 -25.39 0
endloop
endfacet
facet normal 0 0 -1
outer loop
vertex 182.54 -25.29 0
vertex 149.16 -25.39 0
vertex 148.98 -25.29 0
endloop
endfacet
facet normal 0 0 -1
outer loop
vertex 147.99 -25.39 0
vertex 147.83 -25.52 0
vertex 147.33 -25.52 0
endloop
endfacet
facet normal 0 0 -1
outer loop
vertex 147.99 -25.39 0
vertex 147.33 -25.52 0
vertex 147.33 -25.39 0
endloop
endfacet
facet normal 0 0 -1
outer loop
vertex 182.58 -25.39 0
vertex 182.63 -25.52 0
vertex 149.32 -25.52 0
endloop
endfacet
facet normal 0 0 -1
outer loop
vertex 182.58 -25.39 0
vertex 149.32 -25.52 0
vertex 149.16 -25.39 0
endloop
endfacet
facet normal 0 0 -1
outer loop
vertex 147.83 -25.52 0
vertex 147.70 -25.68 0
vertex 147.33 -25.68 0
endloop
endfacet
facet normal 0 0 -1
outer loop
vertex 147.83 -25.52 0
vertex 147.33 -25.68 0
vertex 147.33 -25.52 0
endloop
endfacet
facet normal 0 0 -1
outer loop
vertex 182.63 -25.52 0
vertex 182.70 -25.68 0
vertex 149.45 -25.68 0
endloop
endfacet
facet normal 0 0 -1
outer loop
vertex 182.63 -25.52 0
vertex 149.45 -25.68 0
vertex 149.32 -25.52 0
endloop
endfacet
facet normal 0 0 -1
outer loop
vertex 147.70 -25.68 0
vertex 147.61 -25.86 0
vertex 147.33 -25.86 0
endloop
endfacet
facet normal 0 0 -1
outer loop
vertex 147.70 -25.68 0
vertex 147.33 -25.86 0
vertex 147.33 -25.68 0
endloop
endfacet
facet normal 0 0 -1
outer loop
vertex 182.70 -25.68 0
vertex 182.77 -25.86 0
vertex 149.55 -25.86 0
endloop
endfacet
facet normal 0 0 -1
outer loop
vertex 182.70 -25.68 0
vertex 149.55 -25.86 0
vertex 149.45 -25.68 0
endloop
endfacet
facet normal 0 0 -1
outer loop
vertex 147.61 -25.86 0
vertex 147.55 -26.05 0
vertex 147.33 -26.05 0
endloop
endfacet
facet normal 0 0 -1
outer loop
vertex 147.61 -25.86 0
vertex 147.33 -26.05 0
vertex 147.33 -25.86 0
endloop
endfacet
facet normal 0 0 -1
outer loop
vertex 182.77 -25.86 0
vertex 182.85 -26.05 0
vertex 149.61 -26.05 0
endloop
endfacet
facet normal 0 0 -1
outer loop
vertex 182.77 -25.86 0
vertex 149.61 -26.05 0
vertex 149.55 -25.86 0
endloop
endfacet
facet normal 0 0 -1
outer loop
vertex 147.55 -26.05 0
vertex 147.53 -26.26 0
vertex 147.33 -26.26 0
endloop
endfacet
facet normal 0 0 -1
outer loop
vertex 147.55 -26.05 0
vertex 147.33 -26.26 0
vertex 147.33 -26.05 0
endloop
endfacet
facet normal 0 0 -1
outer loop
vertex 182.85 -26.05 0
vertex 182.94 -26.26 0
vertex 149.63 -26.26 0
endloop
endfacet
facet normal 0 0 -1
outer loop
vertex 182.85 -26.05 0
vertex 149.63 -26.26 0
vertex 149.61 -26.05 0
endloop
endfacet
facet normal 0 0 -1
outer loop
vertex 147.53 -26.26 0
vertex 147.55 -26.46 0
vertex 147.33 -26.46 0
endloop
endfacet
facet normal 0 0 -1
outer loop
vertex 147.53 -26.26 0
vertex 147.33 -26.46 0
vertex 147.33 -26.26 0
endloop
endfacet
facet normal 0 0 -1
outer loop
vertex 182.94 -26.26 0
vertex 183.02 -26.46 0
vertex 149.61 -26.46 0
endloop
endfacet
facet normal 0 0 -1
outer loop
vertex 182.94 -26.26 0
vertex 149.61 -26.46 0
vertex 149.63 -26.26 0
endloop
endfacet
facet normal 0 0 -1
outer loop
vertex 147.55 -26.46 0
vertex 147.61 -26.66 0
vertex 147.33 -26.66 0
endloop
endfacet
facet normal 0 0 -1
outer loop
vertex 147.55 -26.46 0
vertex 147.33 -26.66 0
vertex 147.33 -26.46 0
endloop
endfacet
facet normal 0 0 -1
outer loop
vertex 183.02 -26.46 0
vertex 183.11 -26.66 0
vertex 149.55 -26.66 0
endloop
endfacet
facet normal 0 0 -1
outer loop
vertex 183.02 -26.46 0
vertex 149.55 -26.66 0
vertex 149.61 -26.46 0
endloop
endfacet
facet normal 0 0 -1
outer loop
vertex 147.61 -26.66 0
vertex 147.70 -26.84 0
vertex 147.33 -26.84 0
endloop
endfacet
facet normal 0 0 -1
outer loop
vertex 147.61 -26.66 0
vertex 147.33 -26.84 0
vertex 147.33 -26.66 0
endloop
endfacet
facet normal 0 0 -1
outer loop
vertex 183.11 -26.66 0
vertex 183.18 -26.84 0
vertex 149.45 -26.84 0
endloop
endfacet
facet normal 0 0 -1
outer loop
vertex 183.11 -26.66 0
vertex 149.45 -26.84 0
vertex 149.55 -26.66 0
endloop
endfacet
facet normal 0 0 -1
outer loop
vertex 147.70 -26.84 0
vertex 147.83 -27.00 0
vertex 147.33 -27.00 0
endloop
endfacet
facet normal 0 0 -1
outer loop
vertex 147.70 -26.84 0
vertex 147.33 -27.00 0
vertex 147.33 -26.84 0
endloop
endfacet
facet normal 0 0 -1
outer loop
vertex 183.18 -26.84 0
vertex 183.25 -27.00 0
vertex 149.32 -27.00 0
endloop
endfacet
facet normal 0 0 -1
outer loop
vertex 183.18 -26.84 0
vertex 149.32 -27.00 0
vertex 149.45 -26.84 0
endloop
endfacet
facet normal 0 0 -1
outer loop
vertex 147.83 -27.00 0
vertex 147.99 -27.13 0
vertex 147.33 -27.13 0
endloop
endfacet
facet normal 0 0 -1
outer loop
vertex 147.83 -27.00 0
vertex 147.33 -27.13 0
vertex 147.33 -27.00 0
endloop
endfacet
facet normal 0 0 -1
outer loop
vertex 183.25 -27.00 0
vertex 183.30 -27.13 0
vertex 149.16 -27.13 0
endloop
endfacet
facet normal 0 0 -1
outer loop
vertex 183.25 -27.00 0
vertex 149.16 -27.13 0
vertex 149.32 -27.00 0
endloop
endfacet
facet normal 0 0 -1
outer loop
vertex 147.99 -27.13 0
vertex 148.17 -27.23 0
vertex 147.33 -27.23 0
endloop
endfacet
facet normal 0 0 -1
outer loop
vertex 147.99 -27.13 0
vertex 147.33 -27.23 0
vertex 147.33 -27.13 0
endloop
endfacet
facet normal 0 0 -1
outer loop
vertex 183.30 -27.13 0
vertex 183.34 -27.23 0
vertex 148.98 -27.23 0
endloop
endfacet
facet normal 0 0 -1
outer loop
vertex 183.30 -27.13 0
vertex 148.98 -27.23 0
vertex 149.16 -27.13 0
endloop
endfacet
facet normal 0 0 -1
outer loop
vertex 148.17 -27.23 0
vertex 148.37 -27.29 0
vertex 147.33 -27.29 0
endloop
endfacet
facet normal 0 0 -1
outer loop
vertex 148.17 -27.23 0
vertex 147.33 -27.29 0
vertex 147.33 -27.23 0
endloop
endfacet
facet normal 0 0 -1
outer loop
vertex 183.34 -27.23 0
vertex 183.37 -27.29 0
vertex 148.78 -27.29 0
endloop
endfacet
facet normal 0 0 -1
outer loop
vertex 183.34 -27.23 0
vertex 148.78 -27.29 0
vertex 148.98 -27.23 0
endloop
endfacet
facet normal 0 0 -1
outer loop
vertex 148.37 -27.29 0
vertex 148.58 -27.31 0
vertex 147.33 -27.31 0
endloop
endfacet
facet normal 0 0 -1
outer loop
vertex 148.37 -27.29 0
vertex 147.33 -27.31 0
vertex 147.33 -27.29 0
endloop
endfacet
facet normal 0 0 -1
outer loop
vertex 183.37 -27.29 0
vertex 183.37 -27.31 0
vertex 148.58 -27.31 0
endloop
endfacet
facet normal 0 0 -1
outer loop
vertex 183.37 -27.29 0
vertex 148.58 -27.31 0
vertex 148.78 -27.29 0
endloop
endfacet
facet normal 0 0 -1
outer loop
vertex 137.83 -23.24 0
vertex 137.83 -29.01 0
vertex 118.58 -29.01 0
endloop
endfacet
facet normal 0 0 -1
outer loop
vertex 137.83 -23.24 0
vertex 118.58 -29.01 0
vertex 113.07 -29.01 0
endloop
endfacet
facet normal 0 0 -1
outer loop
vertex 137.83 -23.24 0
vertex 113.07 -29.01 0
vertex 115.46 -23.24 0
endloop
endfacet
facet normal 0 0 -1
outer loop
vertex 148.58 -27.31 0
vertex 183.37 -27.31 0
vertex 184.08 -29.01 0
endloop
endfacet
facet normal 0 0 -1
outer loop
vertex 148.58 -27.31 0
vertex 184.08 -29.01 0
vertex 178.57 -29.01 0
endloop
endfacet
facet normal 0 0 -1
outer loop
vertex 148.58 -27.31 0
vertex 178.57 -29.01 0
vertex 147.33 -29.01 0
endloop
endfacet
facet normal 0 0 -1
outer loop
vertex 148.58 -27.31 0
vertex 147.33 -29.01 0
vertex 147.33 -27.31 0
endloop
endfacet
facet normal 0 0 -1
outer loop
vertex 118.58 -29.01 0
vertex 118.35 -29.04 0
vertex 113.06 -29.04 0
endloop
endfacet
facet normal 0 0 -1
outer loop
vertex 118.58 -29.01 0
vertex 113.06 -29.04 0
vertex 113.07 -29.01 0
endloop
endfacet
facet normal 0 0 -1
outer loop
vertex 137.83 -29.01 0
vertex 137.83 -29.04 0
vertex 118.82 -29.04 0
endloop
endfacet
facet normal 0 0 -1
outer loop
vertex 137.83 -29.01 0
vertex 118.82 -29.04 0
vertex 118.58 -29.01 0
endloop
endfacet
facet normal 0 0 -1
outer loop
vertex 178.57 -29.01 0
vertex 178.34 -29.04 0
vertex 147.33 -29.04 0
endloop
endfacet
facet normal 0 0 -1
outer loop
vertex 178.57 -29.01 0
vertex 147.33 -29.04 0
vertex 147.33 -29.01 0
endloop
endfacet
facet normal 0 0 -1
outer loop
vertex 184.08 -29.01 0
vertex 184.09 -29.04 0
vertex 178.80 -29.04 0
endloop
endfacet
facet normal 0 0 -1
outer loop
vertex 184.08 -29.01 0
vertex 178.80 -29.04 0
vertex 178.57 -29.01 0
endloop
endfacet
facet normal 0 0 -1
outer loop
vertex 118.35 -29.04 0
vertex 118.12 -29.11 0
vertex 113.04 -29.11 0
endloop
endfacet
facet normal 0 0 -1
outer loop
vertex 118.35 -29.04 0
vertex 113.04 -29.11 0
vertex 113.06 -29.04 0
endloop
endfacet
facet normal 0 0 -1
outer loop
vertex 137.83 -29.04 0
vertex 137.83 -29.11 0
vertex 119.04 -29.11 0
endloop
endfacet
facet normal 0 0 -1
outer loop
vertex 137.83 -29.04 0
vertex 119.04 -29.11 0
vertex 118.82 -29.04 0
endloop
endfacet
facet normal 0 0 -1
outer loop
vertex 178.34 -29.04 0
vertex 178.11 -29.11 0
vertex 147.33 -29.11 0
endloop
endfacet
facet normal 0 0 -1
outer loop
vertex 178.34 -29.04 0
vertex 147.33 -29.11 0
vertex 147.33 -29.04 0
endloop
endfacet
facet normal 0 0 -1
outer loop
vertex 184.09 -29.04 0
vertex 184.12 -29.11 0
vertex 179.03 -29.11 0
endloop
endfacet
facet normal 0 0 -1
outer loop
vertex 184.09 -29.04 0
vertex 179.03 -29.11 0
vertex 178.80 -29.04 0
endloop
endfacet
facet normal 0 0 -1
outer loop
vertex 118.12 -29.11 0
vertex 117.92 -29.22 0
vertex 112.99 -29.22 0
endloop
endfacet
facet normal 0 0 -1
outer loop
vertex 118.12 -29.11 0
vertex 112.99 -29.22 0
vertex 113.04 -29.11 0
endloop
endfacet
facet normal 0 0 -1
outer loop
vertex 137.83 -29.11 0
vertex 137.83 -29.22 0
vertex 119.25 -29.22 0
endloop
endfacet
facet normal 0 0 -1
outer loop
vertex 137.83 -29.11 0
vertex 119.25 -29.22 0
vertex 119.04 -29.11 0
endloop
endfacet
facet normal 0 0 -1
outer loop
vertex 178.11 -29.11 0
vertex 177.90 -29.22 0
vertex 147.33 -29.22 0
endloop
endfacet
facet normal 0 0 -1
outer loop
vertex 178.11 -29.11 0
vertex 147.33 -29.22 0
vertex 147.33 -29.11 0
endloop
endfacet
facet normal 0 0 -1
outer loop
vertex 184.12 -29.11 0
vertex 184.16 -29.22 0
vertex 179.24 -29.22 0
endloop
endfacet
facet normal 0 0 -1
outer loop
vertex 184.12 -29.11 0
vertex 179.24 -29.22 0
vertex 179.03 -29.11 0
endloop
endfacet
facet normal 0 0 -1
outer loop
vertex 117.92 -29.22 0
vertex 117.73 -29.37 0
vertex 112.93 -29.37 0
endloop
endfacet
facet normal 0 0 -1
outer loop
vertex 117.92 -29.22 0
vertex 112.93 -29.37 0
vertex 112.99 -29.22 0
endloop
endfacet
facet normal 0 0 -1
outer loop
vertex 137.83 -29.22 0
vertex 137.83 -29.37 0
vertex 119.43 -29.37 0
endloop
endfacet
facet normal 0 0 -1
outer loop
vertex 137.83 -29.22 0
vertex 119.43 -29.37 0
vertex 119.25 -29.22 0
endloop
endfacet
facet normal 0 0 -1
outer loop
vertex 177.90 -29.22 0
vertex 177.72 -29.37 0
vertex 147.33 -29.37 0
endloop
endfacet
facet normal 0 0 -1
outer loop
vertex 177.90 -29.22 0
vertex 147.33 -29.37 0
vertex 147.33 -29.22 0
endloop
endfacet
facet normal 0 0 -1
outer loop
vertex 184.16 -29.22 0
vertex 184.23 -29.37 0
vertex 179.42 -29.37 0
endloop
endfacet
facet normal 0 0 -1
outer loop
vertex 184.16 -29.22 0
vertex 179.42 -29.37 0
vertex 179.24 -29.22 0
endloop
endfacet
facet normal 0 0 -1
outer loop
vertex 117.73 -29.37 0
vertex 117.59 -29.55 0
vertex 112.85 -29.55 0
endloop
endfacet
facet normal 0 0 -1
outer loop
vertex 117.73 -29.37 0
vertex 112.85 -29.55 0
vertex 112.93 -29.37 0
endloop
endfacet
facet normal 0 0 -1
outer loop
vertex 137.83 -29.37 0
vertex 137.83 -29.55 0
vertex 119.58 -29.55 0
endloop
endfacet
facet normal 0 0 -1
outer loop
vertex 137.83 -29.37 0
vertex 119.58 -29.55 0
vertex 119.43 -29.37 0
endloop
endfacet
facet normal 0 0 -1
outer loop
vertex 177.72 -29.37 0
vertex 177.57 -29.55 0
vertex 147.33 -29.55 0
endloop
endfacet
facet normal 0 0 -1
outer loop
vertex 177.72 -29.37 0
vertex 147.33 -29.55 0
vertex 147.33 -29.37 0
endloop
endfacet
facet normal 0 0 -1
outer loop
vertex 184.23 -29.37 0
vertex 184.30 -29.55 0
vertex 179.57 -29.55 0
endloop
endfacet
facet normal 0 0 -1
outer loop
vertex 184.23 -29.37 0
vertex 179.57 -29.55 0
vertex 179.42 -29.37 0
endloop
endfacet
facet normal 0 0 -1
outer loop
vertex 117.59 -29.55 0
vertex 117.47 -29.75 0
vertex 112.77 -29.75 0
endloop
endfacet
facet normal 0 0 -1
outer loop
vertex 117.59 -29.55 0
vertex 112.77 -29.75 0
vertex 112.85 -29.55 0
endloop
endfacet
facet normal 0 0 -1
outer loop
vertex 137.83 -29.55 0
vertex 137.83 -29.75 0
vertex 119.69 -29.75 0
endloop
endfacet
facet normal 0 0 -1
outer loop
vertex 137.83 -29.55 0
vertex 119.69 -29.75 0
vertex 119.58 -29.55 0
endloop
endfacet
facet normal 0 0 -1
outer loop
vertex 177.57 -29.55 0
vertex 177.46 -29.75 0
vertex 147.33 -29.75 0
endloop
endfacet
facet normal 0 0 -1
outer loop
vertex 177.57 -29.55 0
vertex 147.33 -29.75 0
vertex 147.33 -29.55 0
endloop
endfacet
facet normal 0 0 -1
outer loop
vertex 184.30 -29.55 0
vertex 184.39 -29.75 0
vertex 179.68 -29.75 0
endloop
endfacet
facet normal 0 0 -1
outer loop
vertex 184.30 -29.55 0
vertex 179.68 -29.75 0
vertex 179.57 -29.55 0
endloop
endfacet
facet normal 0 0 -1
outer loop
vertex 137.83 -29.75 0
vertex 137.83 -29.76 0
vertex 136.08 -29.76 0
endloop
endfacet
facet normal 0 0 -1
outer loop
vertex 137.83 -29.75 0
vertex 136.08 -29.76 0
vertex 119.69 -29.76 0
endloop
endfacet
facet normal 0 0 -1
outer loop
vertex 137.83 -29.75 0
vertex 119.69 -29.76 0
vertex 119.69 -29.75 0
endloop
endfacet
facet normal 0 0 -1
outer loop
vertex 177.46 -29.75 0
vertex 177.46 -29.76 0
vertex 149.08 -29.76 0
endloop
endfacet
facet normal 0 0 -1
outer loop
vertex 177.46 -29.75 0
vertex 149.08 -29.76 0
vertex 147.33 -29.76 0
endloop
endfacet
facet normal 0 0 -1
outer loop
vertex 177.46 -29.75 0
vertex 147.33 -29.76 0
vertex 147.33 -29.75 0
endloop
endfacet
facet normal 0 0 -1
outer loop
vertex 117.47 -29.75 0
vertex 117.41 -29.98 0
vertex 112.67 -29.98 0
endloop
endfacet
facet normal 0 0 -1
outer loop
vertex 117.47 -29.75 0
vertex 112.67 -29.98 0
vertex 112.77 -29.75 0
endloop
endfacet
facet normal 0 0 -1
outer loop
vertex 136.08 -29.76 0
vertex 136.08 -29.98 0
vertex 119.76 -29.98 0
endloop
endfacet
facet normal 0 0 -1
outer loop
vertex 136.08 -29.76 0
vertex 119.76 -29.98 0
vertex 119.69 -29.76 0
endloop
endfacet
facet normal 0 0 -1
outer loop
vertex 177.46 -29.76 0
vertex 177.39 -29.98 0
vertex 149.08 -29.98 0
endloop
endfacet
facet normal 0 0 -1
outer loop
vertex 177.46 -29.76 0
vertex 149.08 -29.98 0
vertex 149.08 -29.76 0
endloop
endfacet
facet normal 0 0 -1
outer loop
vertex 184.39 -29.75 0
vertex 184.48 -29.98 0
vertex 179.75 -29.98 0
endloop
endfacet
facet normal 0 0 -1
outer loop
vertex 184.39 -29.75 0
vertex 179.75 -29.98 0
vertex 179.68 -29.75 0
endloop
endfacet
facet normal 0 0 -1
outer loop
vertex 117.41 -29.98 0
vertex 117.38 -30.21 0
vertex 112.58 -30.21 0
endloop
endfacet
facet normal 0 0 -1
outer loop
vertex 117.41 -29.98 0
vertex 112.58 -30.21 0
vertex 112.67 -29.98 0
endloop
endfacet
facet normal 0 0 -1
outer loop
vertex 136.08 -29.98 0
vertex 136.08 -30.21 0
vertex 119.78 -30.21 0
endloop
endfacet
facet normal 0 0 -1
outer loop
vertex 136.08 -29.98 0
vertex 119.78 -30.21 0
vertex 119.76 -29.98 0
endloop
endfacet
facet normal 0 0 -1
outer loop
vertex 177.39 -29.98 0
vertex 177.37 -30.21 0
vertex 149.08 -30.21 0
endloop
endfacet
facet normal 0 0 -1
outer loop
vertex 177.39 -29.98 0
vertex 149.08 -30.21 0
vertex 149.08 -29.98 0
endloop
endfacet
facet normal 0 0 -1
outer loop
vertex 184.48 -29.98 0
vertex 184.58 -30.21 0
vertex 179.77 -30.21 0
endloop
endfacet
facet normal 0 0 -1
outer loop
vertex 184.48 -29.98 0
vertex 179.77 -30.21 0
vertex 179.75 -29.98 0
endloop
endfacet
facet normal 0 0 -1
outer loop
vertex 117.38 -30.21 0
vertex 117.41 -30.45 0
vertex 112.48 -30.45 0
endloop
endfacet
facet normal 0 0 -1
outer loop
vertex 117.38 -30.21 0
vertex 112.48 -30.45 0
vertex 112.58 -30.21 0
endloop
endfacet
facet normal 0 0 -1
outer loop
vertex 136.08 -30.21 0
vertex 136.08 -30.45 0
vertex 119.76 -30.45 0
endloop
endfacet
facet normal 0 0 -1
outer loop
vertex 136.08 -30.21 0
vertex 119.76 -30.45 0
vertex 119.78 -30.21 0
endloop
endfacet
facet normal 0 0 -1
outer loop
vertex 177.37 -30.21 0
vertex 177.39 -30.45 0
vertex 149.08 -30.45 0
endloop
endfacet
facet normal 0 0 -1
outer loop
vertex 177.37 -30.21 0
vertex 149.08 -30.45 0
vertex 149.08 -30.21 0
endloop
endfacet
facet normal 0 0 -1
outer loop
vertex 184.58 -30.21 0
vertex 184.67 -30.45 0
vertex 179.75 -30.45 0
endloop
endfacet
facet normal 0 0 -1
outer loop
vertex 184.58 -30.21 0
vertex 179.75 -30.45 0
vertex 179.77 -30.21 0
endloop
endfacet
facet normal 0 0 -1
outer loop
vertex 117.41 -30.45 0
vertex 117.47 -30.67 0
vertex 112.39 -30.67 0
endloop
endfacet
facet normal 0 0 -1
outer loop
vertex 117.41 -30.45 0
vertex 112.39 -30.67 0
vertex 112.48 -30.45 0
endloop
endfacet
facet normal 0 0 -1
outer loop
vertex 136.08 -30.45 0
vertex 136.08 -30.67 0
vertex 119.69 -30.67 0
endloop
endfacet
facet normal 0 0 -1
outer loop
vertex 136.08 -30.45 0
vertex 119.69 -30.67 0
vertex 119.76 -30.45 0
endloop
endfacet
facet normal 0 0 -1
outer loop
vertex 177.39 -30.45 0
vertex 177.46 -30.67 0
vertex 149.08 -30.67 0
endloop
endfacet
facet normal 0 0 -1
outer loop
vertex 177.39 -30.45 0
vertex 149.08 -30.67 0
vertex 149.08 -30.45 0
endloop
endfacet
facet normal 0 0 -1
outer loop
vertex 184.67 -30.45 0
vertex 184.77 -30.67 0
vertex 179.68 -30.67 0
endloop
endfacet
facet normal 0 0 -1
outer loop
vertex 184.67 -30.45 0
vertex 179.68 -30.67 0
vertex 179.75 -30.45 0
endloop
endfacet
facet normal 0 0 -1
outer loop
vertex 117.47 -30.67 0
vertex 117.59 -30.88 0
vertex 112.30 -30.88 0
endloop
endfacet
facet normal 0 0 -1
outer loop
vertex 117.47 -30.67 0
vertex 112.30 -30.88 0
vertex 112.39 -30.67 0
endloop
endfacet
facet normal 0 0 -1
outer loop
vertex 136.08 -30.67 0
vertex 136.08 -30.88 0
vertex 119.58 -30.88 0
endloop
endfacet
facet normal 0 0 -1
outer loop
vertex 136.08 -30.67 0
vertex 119.58 -30.88 0
vertex 119.69 -30.67 0
endloop
endfacet
facet normal 0 0 -1
outer loop
vertex 177.46 -30.67 0
vertex 177.57 -30.88 0
vertex 149.08 -30.88 0
endloop
endfacet
facet normal 0 0 -1
outer loop
vertex 177.46 -30.67 0
vertex 149.08 -30.88 0
vertex 149.08 -30.67 0
endloop
endfacet
facet normal 0 0 -1
outer loop
vertex 184.77 -30.67 0
vertex 184.85 -30.88 0
vertex 179.57 -30.88 0
endloop
endfacet
facet normal 0 0 -1
outer loop
vertex 184.77 -30.67 0
vertex 179.57 -30.88 0
vertex 179.68 -30.67 0
endloop
endfacet
facet normal 0 0 -1
outer loop
vertex 117.59 -30.88 0
vertex 117.73 -31.06 0
vertex 112.22 -31.06 0
endloop
endfacet
facet normal 0 0 -1
outer loop
vertex 117.59 -30.88 0
vertex 112.22 -31.06 0
vertex 112.30 -30.88 0
endloop
endfacet
facet normal 0 0 -1
outer loop
vertex 136.08 -30.88 0
vertex 136.08 -31.06 0
vertex 119.43 -31.06 0
endloop
endfacet
facet normal 0 0 -1
outer loop
vertex 136.08 -30.88 0
vertex 119.43 -31.06 0
vertex 119.58 -30.88 0
endloop
endfacet
facet normal 0 0 -1
outer loop
vertex 177.57 -30.88 0
vertex 177.72 -31.06 0
vertex 149.08 -31.06 0
endloop
endfacet
facet normal 0 0 -1
outer loop
vertex 177.57 -30.88 0
vertex 149.08 -31.06 0
vertex 149.08 -30.88 0
endloop
endfacet
facet normal 0 0 -1
outer loop
vertex 184.85 -30.88 0
vertex 184.93 -31.06 0
vertex 179.42 -31.06 0
endloop
endfacet
facet normal 0 0 -1
outer loop
vertex 184.85 -30.88 0
vertex 179.42 -31.06 0
vertex 179.57 -30.88 0
endloop
endfacet
facet normal 0 0 -1
outer loop
vertex 117.73 -31.06 0
vertex 117.92 -31.21 0
vertex 112.16 -31.21 0
endloop
endfacet
facet normal 0 0 -1
outer loop
vertex 117.73 -31.06 0
vertex 112.16 -31.21 0
vertex 112.22 -31.06 0
endloop
endfacet
facet normal 0 0 -1
outer loop
vertex 136.08 -31.06 0
vertex 136.08 -31.21 0
vertex 119.25 -31.21 0
endloop
endfacet
facet normal 0 0 -1
outer loop
vertex 136.08 -31.06 0
vertex 119.25 -31.21 0
vertex 119.43 -31.06 0
endloop
endfacet
facet normal 0 0 -1
outer loop
vertex 177.72 -31.06 0
vertex 177.90 -31.21 0
vertex 149.08 -31.21 0
endloop
endfacet
facet normal 0 0 -1
outer loop
vertex 177.72 -31.06 0
vertex 149.08 -31.21 0
vertex 149.08 -31.06 0
endloop
endfacet
facet normal 0 0 -1
outer loop
vertex 184.93 -31.06 0
vertex 184.99 -31.21 0
vertex 179.24 -31.21 0
endloop
endfacet
facet normal 0 0 -1
outer loop
vertex 184.93 -31.06 0
vertex 179.24 -31.21 0
vertex 179.42 -31.06 0
endloop
endfacet
facet normal 0 0 -1
outer loop
vertex 117.92 -31.21 0
vertex 118.12 -31.32 0
vertex 112.12 -31.32 0
endloop
endfacet
facet normal 0 0 -1
outer loop
vertex 117.92 -31.21 0
vertex 112.12 -31.32 0
vertex 112.16 -31.21 0
endloop
endfacet
facet normal 0 0 -1
outer loop
vertex 136.08 -31.21 0
vertex 136.08 -31.32 0
vertex 119.04 -31.32 0
endloop
endfacet
facet normal 0 0 -1
outer loop
vertex 136.08 -31.21 0
vertex 119.04 -31.32 0
vertex 119.25 -31.21 0
endloop
endfacet
facet normal 0 0 -1
outer loop
vertex 177.90 -31.21 0
vertex 178.11 -31.32 0
vertex 149.08 -31.32 0
endloop
endfacet
facet normal 0 0 -1
outer loop
vertex 177.90 -31.21 0
vertex 149.08 -31.32 0
vertex 149.08 -31.21 0
endloop
endfacet
facet normal 0 0 -1
outer loop
vertex 184.99 -31.21 0
vertex 185.04 -31.32 0
vertex 179.03 -31.32 0
endloop
endfacet
facet normal 0 0 -1
outer loop
vertex 184.99 -31.21 0
vertex 179.03 -31.32 0
vertex 179.24 -31.21 0
endloop
endfacet
facet normal 0 0 -1
outer loop
vertex 118.12 -31.32 0
vertex 118.35 -31.39 0
vertex 112.09 -31.39 0
endloop
endfacet
facet normal 0 0 -1
outer loop
vertex 118.12 -31.32 0
vertex 112.09 -31.39 0
vertex 112.12 -31.32 0
endloop
endfacet
facet normal 0 0 -1
outer loop
vertex 136.08 -31.32 0
vertex 136.08 -31.39 0
vertex 118.82 -31.39 0
endloop
endfacet
facet normal 0 0 -1
outer loop
vertex 136.08 -31.32 0
vertex 118.82 -31.39 0
vertex 119.04 -31.32 0
endloop
endfacet
facet normal 0 0 -1
outer loop
vertex 178.11 -31.32 0
vertex 178.34 -31.39 0
vertex 149.08 -31.39 0
endloop
endfacet
facet normal 0 0 -1
outer loop
vertex 178.11 -31.32 0
vertex 149.08 -31.39 0
vertex 149.08 -31.32 0
endloop
endfacet
facet normal 0 0 -1
outer loop
vertex 185.04 -31.32 0
vertex 185.06 -31.39 0
vertex 178.80 -31.39 0
endloop
endfacet
facet normal 0 0 -1
outer loop
vertex 185.04 -31.32 0
vertex 178.80 -31.39 0
vertex 179.03 -31.32 0
endloop
endfacet
facet normal 0 0 -1
outer loop
vertex 118.35 -31.39 0
vertex 118.58 -31.41 0
vertex 112.08 -31.41 0
endloop
endfacet
facet normal 0 0 -1
outer loop
vertex 118.35 -31.39 0
vertex 112.08 -31.41 0
vertex 112.09 -31.39 0
endloop
endfacet
facet normal 0 0 -1
outer loop
vertex 136.08 -31.39 0
vertex 136.08 -31.41 0
vertex 118.58 -31.41 0
endloop
endfacet
facet normal 0 0 -1
outer loop
vertex 136.08 -31.39 0
vertex 118.58 -31.41 0
vertex 118.82 -31.39 0
endloop
endfacet
facet normal 0 0 -1
outer loop
vertex 178.34 -31.39 0
vertex 178.57 -31.41 0
vertex 149.08 -31.41 0
endloop
endfacet
facet normal 0 0 -1
outer loop
vertex 178.34 -31.39 0
vertex 149.08 -31.41 0
vertex 149.08 -31.39 0
endloop
endfacet
facet normal 0 0 -1
outer loop
vertex 185.06 -31.39 0
vertex 185.07 -31.41 0
vertex 178.57 -31.41 0
endloop
endfacet
facet normal 0 0 -1
outer loop
vertex 185.06 -31.39 0
vertex 178.57 -31.41 0
vertex 178.80 -31.39 0
endloop
endfacet
facet normal 0 0 -1
outer loop
vertex 118.58 -31.41 0
vertex 136.08 -31.41 0
vertex 136.08 -41.76 0
endloop
endfacet
facet normal 0 0 -1
outer loop
vertex 118.58 -31.41 0
vertex 136.08 -41.76 0
vertex 111.55 -41.76 0
endloop
endfacet
facet normal 0 0 -1
outer loop
vertex 118.58 -31.41 0
vertex 111.55 -41.76 0
vertex 109.09 -40.68 0
endloop
endfacet
facet normal 0 0 -1
outer loop
vertex 118.58 -31.41 0
vertex 109.09 -40.68 0
vertex 108.97 -40.61 0
endloop
endfacet
facet normal 0 0 -1
outer loop
vertex 118.58 -31.41 0
vertex 108.97 -40.61 0
vertex 108.86 -40.53 0
endloop
endfacet
facet normal 0 0 -1
outer loop
vertex 118.58 -31.41 0
vertex 108.86 -40.53 0
vertex 108.77 -40.42 0
endloop
endfacet
facet normal 0 0 -1
outer loop
vertex 118.58 -31.41 0
vertex 108.77 -40.42 0
vertex 108.70 -40.31 0
endloop
endfacet
facet normal 0 0 -1
outer loop
vertex 118.58 -31.41 0
vertex 108.70 -40.31 0
vertex 108.65 -40.18 0
endloop
endfacet
facet normal 0 0 -1
outer loop
vertex 118.58 -31.41 0
vertex 108.65 -40.18 0
vertex 108.62 -40.04 0
endloop
endfacet
facet normal 0 0 -1
outer loop
vertex 118.58 -31.41 0
vertex 108.62 -40.04 0
vertex 108.61 -39.91 0
endloop
endfacet
facet normal 0 0 -1
outer loop
vertex 118.58 -31.41 0
vertex 108.61 -39.91 0
vertex 108.63 -39.77 0
endloop
endfacet
facet normal 0 0 -1
outer loop
vertex 118.58 -31.41 0
vertex 108.63 -39.77 0
vertex 108.67 -39.64 0
endloop
endfacet
facet normal 0 0 -1
outer loop
vertex 118.58 -31.41 0
vertex 108.67 -39.64 0
vertex 112.08 -31.41 0
endloop
endfacet
facet normal 0 0 -1
outer loop
vertex 178.57 -31.41 0
vertex 185.07 -31.41 0
vertex 188.48 -39.64 0
endloop
endfacet
facet normal 0 0 -1
outer loop
vertex 178.57 -31.41 0
vertex 188.48 -39.64 0
vertex 188.52 -39.77 0
endloop
endfacet
facet normal 0 0 -1
outer loop
vertex 178.57 -31.41 0
vertex 188.52 -39.77 0
vertex 188.54 -39.91 0
endloop
endfacet
facet normal 0 0 -1
outer loop
vertex 178.57 -31.41 0
vertex 188.54 -39.91 0
vertex 188.54 -40.04 0
endloop
endfacet
facet normal 0 0 -1
outer loop
vertex 178.57 -31.41 0
vertex 188.54 -40.04 0
vertex 188.51 -40.18 0
endloop
endfacet
facet normal 0 0 -1
outer loop
vertex 178.57 -31.41 0
vertex 188.51 -40.18 0
vertex 188.46 -40.31 0
endloop
endfacet
facet normal 0 0 -1
outer loop
vertex 178.57 -31.41 0
vertex 188.46 -40.31 0
vertex 188.38 -40.42 0
endloop
endfacet
facet normal 0 0 -1
outer loop
vertex 178.57 -31.41 0
vertex 188.38 -40.42 0
vertex 188.29 -40.53 0
endloop
endfacet
facet normal 0 0 -1
outer loop
vertex 178.57 -31.41 0
vertex 188.29 -40.53 0
vertex 188.19 -40.61 0
endloop
endfacet
facet normal 0 0 -1
outer loop
vertex 178.57 -31.41 0
vertex 188.19 -40.61 0
vertex 188.06 -40.68 0
endloop
endfacet
facet normal 0 0 -1
outer loop
vertex 178.57 -31.41 0
vertex 188.06 -40.68 0
vertex 185.60 -41.76 0
endloop
endfacet
facet normal 0 0 -1
outer loop
vertex 178.57 -31.41 0
vertex 185.60 -41.76 0
vertex 149.08 -41.76 0
endloop
endfacet
facet normal 0 0 -1
outer loop
vertex 178.57 -31.41 0
vertex 149.08 -41.76 0
vertex 149.08 -31.41 0
endloop
endfacet
facet normal 0 0 -1
outer loop
vertex 136.08 -41.76 0
vertex 149.08 -41.76 0
vertex 185.60 -41.76 0
endloop
endfacet
facet normal 0 0 -1
outer loop
vertex 136.08 -41.76 0
vertex 185.60 -41.76 0
vertex 169.53 -48.83 0
endloop
endfacet
facet normal 0 0 -1
outer loop
vertex 136.08 -41.76 0
vertex 169.53 -48.83 0
vertex 127.62 -48.83 0
endloop
endfacet
facet normal 0 0 -1
outer loop
vertex 136.08 -41.76 0
vertex 127.62 -48.83 0
vertex 111.55 -41.76 0
endloop
endfacet
facet normal 0 0 -1
outer loop
vertex 169.53 -48.83 0
vertex 169.73 -49.26 0
vertex 148.58 -49.26 0
endloop
endfacet
facet normal 0 0 -1
outer loop
vertex 169.53 -48.83 0
vertex 148.58 -49.26 0
vertex 144.58 -49.26 0
endloop
endfacet
facet normal 0 0 -1
outer loop
vertex 169.53 -48.83 0
vertex 144.58 -49.26 0
vertex 140.58 -49.26 0
endloop
endfacet
facet normal 0 0 -1
outer loop
vertex 169.53 -48.83 0
vertex 140.58 -49.26 0
vertex 136.58 -49.26 0
endloop
endfacet
facet normal 0 0 -1
outer loop
vertex 169.53 -48.83 0
vertex 136.58 -49.26 0
vertex 127.43 -49.26 0
endloop
endfacet
facet normal 0 0 -1
outer loop
vertex 169.53 -48.83 0
vertex 127.43 -49.26 0
vertex 127.62 -48.83 0
endloop
endfacet
facet normal 0 0 -1
outer loop
vertex 136.58 -49.26 0
vertex 136.28 -49.29 0
vertex 127.41 -49.29 0
endloop
endfacet
facet normal 0 0 -1
outer loop
vertex 136.58 -49.26 0
vertex 127.41 -49.29 0
vertex 127.43 -49.26 0
endloop
endfacet
facet normal 0 0 -1
outer loop
vertex 140.58 -49.26 0
vertex 140.28 -49.29 0
vertex 136.87 -49.29 0
endloop
endfacet
facet normal 0 0 -1
outer loop
vertex 140.58 -49.26 0
vertex 136.87 -49.29 0
vertex 136.58 -49.26 0
endloop
endfacet
facet normal 0 0 -1
outer loop
vertex 144.58 -49.26 0
vertex 144.28 -49.29 0
vertex 140.87 -49.29 0
endloop
endfacet
facet normal 0 0 -1
outer loop
vertex 144.58 -49.26 0
vertex 140.87 -49.29 0
vertex 140.58 -49.26 0
endloop
endfacet
facet normal 0 0 -1
outer loop
vertex 148.58 -49.26 0
vertex 148.28 -49.29 0
vertex 144.87 -49.29 0
endloop
endfacet
facet normal 0 0 -1
outer loop
vertex 148.58 -49.26 0
vertex 144.87 -49.29 0
vertex 144.58 -49.26 0
endloop
endfacet
facet normal 0 0 -1
outer loop
vertex 169.73 -49.26 0
vertex 169.74 -49.29 0
vertex 148.87 -49.29 0
endloop
endfacet
facet normal 0 0 -1
outer loop
vertex 169.73 -49.26 0
vertex 148.87 -49.29 0
vertex 148.58 -49.26 0
endloop
endfacet
facet normal 0 0 -1
outer loop
vertex 136.28 -49.29 0
vertex 136.00 -49.37 0
vertex 127.37 -49.37 0
endloop
endfacet
facet normal 0 0 -1
outer loop
vertex 136.28 -49.29 0
vertex 127.37 -49.37 0
vertex 127.41 -49.29 0
endloop
endfacet
facet normal 0 0 -1
outer loop
vertex 140.28 -49.29 0
vertex 140.00 -49.37 0
vertex 137.15 -49.37 0
endloop
endfacet
facet normal 0 0 -1
outer loop
vertex 140.28 -49.29 0
vertex 137.15 -49.37 0
vertex 136.87 -49.29 0
endloop
endfacet
facet normal 0 0 -1
outer loop
vertex 144.28 -49.29 0
vertex 144.00 -49.37 0
vertex 141.15 -49.37 0
endloop
endfacet
facet normal 0 0 -1
outer loop
vertex 144.28 -49.29 0
vertex 141.15 -49.37 0
vertex 140.87 -49.29 0
endloop
endfacet
facet normal 0 0 -1
outer loop
vertex 148.28 -49.29 0
vertex 148.00 -49.37 0
vertex 145.15 -49.37 0
endloop
endfacet
facet normal 0 0 -1
outer loop
vertex 148.28 -49.29 0
vertex 145.15 -49.37 0
vertex 144.87 -49.29 0
endloop
endfacet
facet normal 0 0 -1
outer loop
vertex 169.74 -49.29 0
vertex 169.78 -49.37 0
vertex 149.15 -49.37 0
endloop
endfacet
facet normal 0 0 -1
outer loop
vertex 169.74 -49.29 0
vertex 149.15 -49.37 0
vertex 148.87 -49.29 0
endloop
endfacet
facet normal 0 0 -1
outer loop
vertex 136.00 -49.37 0
vertex 135.74 -49.51 0
vertex 127.31 -49.51 0
endloop
endfacet
facet normal 0 0 -1
outer loop
vertex 136.00 -49.37 0
vertex 127.31 -49.51 0
vertex 127.37 -49.37 0
endloop
endfacet
facet normal 0 0 -1
outer loop
vertex 140.00 -49.37 0
vertex 139.74 -49.51 0
vertex 137.41 -49.51 0
endloop
endfacet
facet normal 0 0 -1
outer loop
vertex 140.00 -49.37 0
vertex 137.41 -49.51 0
vertex 137.15 -49.37 0
endloop
endfacet
facet normal 0 0 -1
outer loop
vertex 144.00 -49.37 0
vertex 143.74 -49.51 0
vertex 141.41 -49.51 0
endloop
endfacet
facet normal 0 0 -1
outer loop
vertex 144.00 -49.37 0
vertex 141.41 -49.51 0
vertex 141.15 -49.37 0
endloop
endfacet
facet normal 0 0 -1
outer loop
vertex 148.00 -49.37 0
vertex 147.74 -49.51 0
vertex 145.41 -49.51 0
endloop
endfacet
facet normal 0 0 -1
outer loop
vertex 148.00 -49.37 0
vertex 145.41 -49.51 0
vertex 145.15 -49.37 0
endloop
endfacet
facet normal 0 0 -1
outer loop
vertex 169.78 -49.37 0
vertex 169.85 -49.51 0
vertex 149.41 -49.51 0
endloop
endfacet
facet normal 0 0 -1
outer loop
vertex 169.78 -49.37 0
vertex 149.41 -49.51 0
vertex 149.15 -49.37 0
endloop
endfacet
facet normal 0 0 -1
outer loop
vertex 135.74 -49.51 0
vertex 135.52 -49.70 0
vertex 127.22 -49.70 0
endloop
endfacet
facet normal 0 0 -1
outer loop
vertex 135.74 -49.51 0
vertex 127.22 -49.70 0
vertex 127.31 -49.51 0
endloop
endfacet
facet normal 0 0 -1
outer loop
vertex 139.74 -49.51 0
vertex 139.52 -49.70 0
vertex 137.64 -49.70 0
endloop
endfacet
facet normal 0 0 -1
outer loop
vertex 139.74 -49.51 0
vertex 137.64 -49.70 0
vertex 137.41 -49.51 0
endloop
endfacet
facet normal 0 0 -1
outer loop
vertex 143.74 -49.51 0
vertex 143.52 -49.70 0
vertex 141.64 -49.70 0
endloop
endfacet
facet normal 0 0 -1
outer loop
vertex 143.74 -49.51 0
vertex 141.64 -49.70 0
vertex 141.41 -49.51 0
endloop
endfacet
facet normal 0 0 -1
outer loop
vertex 147.74 -49.51 0
vertex 147.52 -49.70 0
vertex 145.64 -49.70 0
endloop
endfacet
facet normal 0 0 -1
outer loop
vertex 147.74 -49.51 0
vertex 145.64 -49.70 0
vertex 145.41 -49.51 0
endloop
endfacet
facet normal 0 0 -1
outer loop
vertex 169.85 -49.51 0
vertex 169.93 -49.70 0
vertex 149.64 -49.70 0
endloop
endfacet
facet normal 0 0 -1
outer loop
vertex 169.85 -49.51 0
vertex 149.64 -49.70 0
vertex 149.41 -49.51 0
endloop
endfacet
facet normal 0 0 -1
outer loop
vertex 135.52 -49.70 0
vertex 135.33 -49.93 0
vertex 127.11 -49.93 0
endloop
endfacet
facet normal 0 0 -1
outer loop
vertex 135.52 -49.70 0
vertex 127.11 -49.93 0
vertex 127.22 -49.70 0
endloop
endfacet
facet normal 0 0 -1
outer loop
vertex 139.52 -49.70 0
vertex 139.33 -49.93 0
vertex 137.82 -49.93 0
endloop
endfacet
facet normal 0 0 -1
outer loop
vertex 139.52 -49.70 0
vertex 137.82 -49.93 0
vertex 137.64 -49.70 0
endloop
endfacet
facet normal 0 0 -1
outer loop
vertex 143.52 -49.70 0
vertex 143.33 -49.93 0
vertex 141.82 -49.93 0
endloop
endfacet
facet normal 0 0 -1
outer loop
vertex 143.52 -49.70 0
vertex 141.82 -49.93 0
vertex 141.64 -49.70 0
endloop
endfacet
facet normal 0 0 -1
outer loop
vertex 147.52 -49.70 0
vertex 147.33 -49.93 0
vertex 145.82 -49.93 0
endloop
endfacet
facet normal 0 0 -1
outer loop
vertex 147.52 -49.70 0
vertex 145.82 -49.93 0
vertex 145.64 -49.70 0
endloop
endfacet
facet normal 0 0 -1
outer loop
vertex 169.93 -49.70 0
vertex 170.04 -49.93 0
vertex 149.82 -49.93 0
endloop
endfacet
facet normal 0 0 -1
outer loop
vertex 169.93 -49.70 0
vertex 149.82 -49.93 0
vertex 149.64 -49.70 0
endloop
endfacet
facet normal 0 0 -1
outer loop
vertex 135.33 -49.93 0
vertex 135.19 -50.19 0
vertex 126.99 -50.19 0
endloop
endfacet
facet normal 0 0 -1
outer loop
vertex 135.33 -49.93 0
vertex 126.99 -50.19 0
vertex 127.11 -49.93 0
endloop
endfacet
facet normal 0 0 -1
outer loop
vertex 139.33 -49.93 0
vertex 139.19 -50.19 0
vertex 137.96 -50.19 0
endloop
endfacet
facet normal 0 0 -1
outer loop
vertex 139.33 -49.93 0
vertex 137.96 -50.19 0
vertex 137.82 -49.93 0
endloop
endfacet
facet normal 0 0 -1
outer loop
vertex 143.33 -49.93 0
vertex 143.19 -50.19 0
vertex 141.96 -50.19 0
endloop
endfacet
facet normal 0 0 -1
outer loop
vertex 143.33 -49.93 0
vertex 141.96 -50.19 0
vertex 141.82 -49.93 0
endloop
endfacet
facet normal 0 0 -1
outer loop
vertex 147.33 -49.93 0
vertex 147.19 -50.19 0
vertex 145.96 -50.19 0
endloop
endfacet
facet normal 0 0 -1
outer loop
vertex 147.33 -49.93 0
vertex 145.96 -50.19 0
vertex 145.82 -49.93 0
endloop
endfacet
facet normal 0 0 -1
outer loop
vertex 170.04 -49.93 0
vertex 170.16 -50.19 0
vertex 149.96 -50.19 0
endloop
endfacet
facet normal 0 0 -1
outer loop
vertex 170.04 -49.93 0
vertex 149.96 -50.19 0
vertex 149.82 -49.93 0
endloop
endfacet
facet normal 0 0 -1
outer loop
vertex 135.19 -50.19 0
vertex 135.11 -50.47 0
vertex 126.86 -50.47 0
endloop
endfacet
facet normal 0 0 -1
outer loop
vertex 135.19 -50.19 0
vertex 126.86 -50.47 0
vertex 126.99 -50.19 0
endloop
endfacet
facet normal 0 0 -1
outer loop
vertex 139.19 -50.19 0
vertex 139.11 -50.47 0
vertex 138.05 -50.47 0
endloop
endfacet
facet normal 0 0 -1
outer loop
vertex 139.19 -50.19 0
vertex 138.05 -50.47 0
vertex 137.96 -50.19 0
endloop
endfacet
facet normal 0 0 -1
outer loop
vertex 143.19 -50.19 0
vertex 143.11 -50.47 0
vertex 142.05 -50.47 0
endloop
endfacet
facet normal 0 0 -1
outer loop
vertex 143.19 -50.19 0
vertex 142.05 -50.47 0
vertex 141.96 -50.19 0
endloop
endfacet
facet normal 0 0 -1
outer loop
vertex 147.19 -50.19 0
vertex 147.11 -50.47 0
vertex 146.05 -50.47 0
endloop
endfacet
facet normal 0 0 -1
outer loop
vertex 147.19 -50.19 0
vertex 146.05 -50.47 0
vertex 145.96 -50.19 0
endloop
endfacet
facet normal 0 0 -1
outer loop
vertex 170.16 -50.19 0
vertex 170.29 -50.47 0
vertex 150.05 -50.47 0
endloop
endfacet
facet normal 0 0 -1
outer loop
vertex 170.16 -50.19 0
vertex 150.05 -50.47 0
vertex 149.96 -50.19 0
endloop
endfacet
facet normal 0 0 -1
outer loop
vertex 135.11 -50.47 0
vertex 135.08 -50.76 0
vertex 126.73 -50.76 0
endloop
endfacet
facet normal 0 0 -1
outer loop
vertex 135.11 -50.47 0
vertex 126.73 -50.76 0
vertex 126.86 -50.47 0
endloop
endfacet
facet normal 0 0 -1
outer loop
vertex 139.11 -50.47 0
vertex 139.08 -50.76 0
vertex 138.08 -50.76 0
endloop
endfacet
facet normal 0 0 -1
outer loop
vertex 139.11 -50.47 0
vertex 138.08 -50.76 0
vertex 138.05 -50.47 0
endloop
endfacet
facet normal 0 0 -1
outer loop
vertex 143.11 -50.47 0
vertex 143.08 -50.76 0
vertex 142.08 -50.76 0
endloop
endfacet
facet normal 0 0 -1
outer loop
vertex 143.11 -50.47 0
vertex 142.08 -50.76 0
vertex 142.05 -50.47 0
endloop
endfacet
facet normal 0 0 -1
outer loop
vertex 147.11 -50.47 0
vertex 147.08 -50.76 0
vertex 146.08 -50.76 0
endloop
endfacet
facet normal 0 0 -1
outer loop
vertex 147.11 -50.47 0
vertex 146.08 -50.76 0
vertex 146.05 -50.47 0
endloop
endfacet
facet normal 0 0 -1
outer loop
vertex 170.29 -50.47 0
vertex 170.43 -50.76 0
vertex 150.08 -50.76 0
endloop
endfacet
facet normal 0 0 -1
outer loop
vertex 170.29 -50.47 0
vertex 150.08 -50.76 0
vertex 150.05 -50.47 0
endloop
endfacet
facet normal 0 0 -1
outer loop
vertex 170.43 -50.76 0
vertex 170.52 -50.96 0
vertex 150.06 -50.96 0
endloop
endfacet
facet normal 0 0 -1
outer loop
vertex 170.43 -50.76 0
vertex 150.06 -50.96 0
vertex 150.08 -50.76 0
endloop
endfacet
facet normal 0 0 -1
outer loop
vertex 135.08 -50.76 0
vertex 135.11 -51.05 0
vertex 126.60 -51.05 0
endloop
endfacet
facet normal 0 0 -1
outer loop
vertex 135.08 -50.76 0
vertex 126.60 -51.05 0
vertex 126.63 -50.96 0
endloop
endfacet
facet normal 0 0 -1
outer loop
vertex 135.08 -50.76 0
vertex 126.63 -50.96 0
vertex 126.73 -50.76 0
endloop
endfacet
facet normal 0 0 -1
outer loop
vertex 139.08 -50.76 0
vertex 139.11 -51.05 0
vertex 138.05 -51.05 0
endloop
endfacet
facet normal 0 0 -1
outer loop
vertex 139.08 -50.76 0
vertex 138.05 -51.05 0
vertex 138.08 -50.76 0
endloop
endfacet
facet normal 0 0 -1
outer loop
vertex 143.08 -50.76 0
vertex 143.11 -51.05 0
vertex 142.05 -51.05 0
endloop
endfacet
facet normal 0 0 -1
outer loop
vertex 143.08 -50.76 0
vertex 142.05 -51.05 0
vertex 142.08 -50.76 0
endloop
endfacet
facet normal 0 0 -1
outer loop
vertex 147.08 -50.76 0
vertex 147.11 -51.05 0
vertex 146.05 -51.05 0
endloop
endfacet
facet normal 0 0 -1
outer loop
vertex 147.08 -50.76 0
vertex 146.05 -51.05 0
vertex 146.08 -50.76 0
endloop
endfacet
facet normal 0 0 -1
outer loop
vertex 170.52 -50.96 0
vertex 170.55 -51.05 0
vertex 150.05 -51.05 0
endloop
endfacet
facet normal 0 0 -1
outer loop
vertex 170.52 -50.96 0
vertex 150.05 -51.05 0
vertex 150.06 -50.96 0
endloop
endfacet
facet normal 0 0 -1
outer loop
vertex 135.11 -51.05 0
vertex 135.19 -51.33 0
vertex 126.56 -51.33 0
endloop
endfacet
facet normal 0 0 -1
outer loop
vertex 135.11 -51.05 0
vertex 126.56 -51.33 0
vertex 126.56 -51.33 0
endloop
endfacet
facet normal 0 0 -1
outer loop
vertex 135.11 -51.05 0
vertex 126.56 -51.33 0
vertex 126.56 -51.20 0
endloop
endfacet
facet normal 0 0 -1
outer loop
vertex 135.11 -51.05 0
vertex 126.56 -51.20 0
vertex 126.59 -51.08 0
endloop
endfacet
facet normal 0 0 -1
outer loop
vertex 135.11 -51.05 0
vertex 126.59 -51.08 0
vertex 126.60 -51.05 0
endloop
endfacet
facet normal 0 0 -1
outer loop
vertex 139.11 -51.05 0
vertex 139.19 -51.33 0
vertex 137.96 -51.33 0
endloop
endfacet
facet normal 0 0 -1
outer loop
vertex 139.11 -51.05 0
vertex 137.96 -51.33 0
vertex 138.05 -51.05 0
endloop
endfacet
facet normal 0 0 -1
outer loop
vertex 143.11 -51.05 0
vertex 143.19 -51.33 0
vertex 141.96 -51.33 0
endloop
endfacet
facet normal 0 0 -1
outer loop
vertex 143.11 -51.05 0
vertex 141.96 -51.33 0
vertex 142.05 -51.05 0
endloop
endfacet
facet normal 0 0 -1
outer loop
vertex 147.11 -51.05 0
vertex 147.19 -51.33 0
vertex 145.96 -51.33 0
endloop
endfacet
facet normal 0 0 -1
outer loop
vertex 147.11 -51.05 0
vertex 145.96 -51.33 0
vertex 146.05 -51.05 0
endloop
endfacet
facet normal 0 0 -1
outer loop
vertex 170.55 -51.05 0
vertex 170.57 -51.09 0
vertex 170.59 -51.23 0
endloop
endfacet
facet normal 0 0 -1
outer loop
vertex 170.55 -51.05 0
vertex 170.59 -51.23 0
vertex 170.59 -51.33 0
endloop
endfacet
facet normal 0 0 -1
outer loop
vertex 170.55 -51.05 0
vertex 170.59 -51.33 0
vertex 149.96 -51.33 0
endloop
endfacet
facet normal 0 0 -1
outer loop
vertex 170.55 -51.05 0
vertex 149.96 -51.33 0
vertex 150.05 -51.05 0
endloop
endfacet
facet normal 0 0 -1
outer loop
vertex 135.19 -51.33 0
vertex 135.33 -51.59 0
vertex 126.61 -51.59 0
endloop
endfacet
facet normal 0 0 -1
outer loop
vertex 135.19 -51.33 0
vertex 126.61 -51.59 0
vertex 126.60 -51.57 0
endloop
endfacet
facet normal 0 0 -1
outer loop
vertex 135.19 -51.33 0
vertex 126.60 -51.57 0
vertex 126.57 -51.45 0
endloop
endfacet
facet normal 0 0 -1
outer loop
vertex 135.19 -51.33 0
vertex 126.57 -51.45 0
vertex 126.56 -51.33 0
endloop
endfacet
facet normal 0 0 -1
outer loop
vertex 139.19 -51.33 0
vertex 139.33 -51.59 0
vertex 137.82 -51.59 0
endloop
endfacet
facet normal 0 0 -1
outer loop
vertex 139.19 -51.33 0
vertex 137.82 -51.59 0
vertex 137.96 -51.33 0
endloop
endfacet
facet normal 0 0 -1
outer loop
vertex 143.19 -51.33 0
vertex 143.33 -51.59 0
vertex 141.82 -51.59 0
endloop
endfacet
facet normal 0 0 -1
outer loop
vertex 143.19 -51.33 0
vertex 141.82 -51.59 0
vertex 141.96 -51.33 0
endloop
endfacet
facet normal 0 0 -1
outer loop
vertex 147.19 -51.33 0
vertex 147.33 -51.59 0
vertex 145.82 -51.59 0
endloop
endfacet
facet normal 0 0 -1
outer loop
vertex 147.19 -51.33 0
vertex 145.82 -51.59 0
vertex 145.96 -51.33 0
endloop
endfacet
facet normal 0 0 -1
outer loop
vertex 170.59 -51.33 0
vertex 170.59 -51.37 0
vertex 170.57 -51.51 0
endloop
endfacet
facet normal 0 0 -1
outer loop
vertex 170.59 -51.33 0
vertex 170.57 -51.51 0
vertex 170.54 -51.59 0
endloop
endfacet
facet normal 0 0 -1
outer loop
vertex 170.59 -51.33 0
vertex 170.54 -51.59 0
vertex 149.82 -51.59 0
endloop
endfacet
facet normal 0 0 -1
outer loop
vertex 170.59 -51.33 0
vertex 149.82 -51.59 0
vertex 149.96 -51.33 0
endloop
endfacet
facet normal 0 0 -1
outer loop
vertex 135.33 -51.59 0
vertex 135.52 -51.82 0
vertex 126.75 -51.82 0
endloop
endfacet
facet normal 0 0 -1
outer loop
vertex 135.33 -51.59 0
vertex 126.75 -51.82 0
vertex 126.73 -51.79 0
endloop
endfacet
facet normal 0 0 -1
outer loop
vertex 135.33 -51.59 0
vertex 126.73 -51.79 0
vertex 126.66 -51.69 0
endloop
endfacet
facet normal 0 0 -1
outer loop
vertex 135.33 -51.59 0
vertex 126.66 -51.69 0
vertex 126.61 -51.59 0
endloop
endfacet
facet normal 0 0 -1
outer loop
vertex 139.33 -51.59 0
vertex 139.52 -51.82 0
vertex 137.64 -51.82 0
endloop
endfacet
facet normal 0 0 -1
outer loop
vertex 139.33 -51.59 0
vertex 137.64 -51.82 0
vertex 137.82 -51.59 0
endloop
endfacet
facet normal 0 0 -1
outer loop
vertex 143.33 -51.59 0
vertex 143.52 -51.82 0
vertex 141.64 -51.82 0
endloop
endfacet
facet normal 0 0 -1
outer loop
vertex 143.33 -51.59 0
vertex 141.64 -51.82 0
vertex 141.82 -51.59 0
endloop
endfacet
facet normal 0 0 -1
outer loop
vertex 147.33 -51.59 0
vertex 147.52 -51.82 0
vertex 145.64 -51.82 0
endloop
endfacet
facet normal 0 0 -1
outer loop
vertex 147.33 -51.59 0
vertex 145.64 -51.82 0
vertex 145.82 -51.59 0
endloop
endfacet
facet normal 0 0 -1
outer loop
vertex 170.54 -51.59 0
vertex 170.52 -51.64 0
vertex 170.45 -51.76 0
endloop
endfacet
facet normal 0 0 -1
outer loop
vertex 170.54 -51.59 0
vertex 170.45 -51.76 0
vertex 170.40 -51.82 0
endloop
endfacet
facet normal 0 0 -1
outer loop
vertex 170.54 -51.59 0
vertex 170.40 -51.82 0
vertex 149.64 -51.82 0
endloop
endfacet
facet normal 0 0 -1
outer loop
vertex 170.54 -51.59 0
vertex 149.64 -51.82 0
vertex 149.82 -51.59 0
endloop
endfacet
facet normal 0 0 -1
outer loop
vertex 135.52 -51.82 0
vertex 135.74 -52.01 0
vertex 126.99 -52.01 0
endloop
endfacet
facet normal 0 0 -1
outer loop
vertex 135.52 -51.82 0
vertex 126.99 -52.01 0
vertex 126.91 -51.96 0
endloop
endfacet
facet normal 0 0 -1
outer loop
vertex 135.52 -51.82 0
vertex 126.91 -51.96 0
vertex 126.81 -51.88 0
endloop
endfacet
facet normal 0 0 -1
outer loop
vertex 135.52 -51.82 0
vertex 126.81 -51.88 0
vertex 126.75 -51.82 0
endloop
endfacet
facet normal 0 0 -1
outer loop
vertex 139.52 -51.82 0
vertex 139.74 -52.01 0
vertex 137.41 -52.01 0
endloop
endfacet
facet normal 0 0 -1
outer loop
vertex 139.52 -51.82 0
vertex 137.41 -52.01 0
vertex 137.64 -51.82 0
endloop
endfacet
facet normal 0 0 -1
outer loop
vertex 143.52 -51.82 0
vertex 143.74 -52.01 0
vertex 141.41 -52.01 0
endloop
endfacet
facet normal 0 0 -1
outer loop
vertex 143.52 -51.82 0
vertex 141.41 -52.01 0
vertex 141.64 -51.82 0
endloop
endfacet
facet normal 0 0 -1
outer loop
vertex 147.52 -51.82 0
vertex 147.74 -52.01 0
vertex 145.41 -52.01 0
endloop
endfacet
facet normal 0 0 -1
outer loop
vertex 147.52 -51.82 0
vertex 145.41 -52.01 0
vertex 145.64 -51.82 0
endloop
endfacet
facet normal 0 0 -1
outer loop
vertex 170.40 -51.82 0
vertex 170.36 -51.87 0
vertex 170.26 -51.95 0
endloop
endfacet
facet normal 0 0 -1
outer loop
vertex 170.40 -51.82 0
vertex 170.26 -51.95 0
vertex 170.17 -52.01 0
endloop
endfacet
facet normal 0 0 -1
outer loop
vertex 170.40 -51.82 0
vertex 170.17 -52.01 0
vertex 149.41 -52.01 0
endloop
endfacet
facet normal 0 0 -1
outer loop
vertex 170.40 -51.82 0
vertex 149.41 -52.01 0
vertex 149.64 -51.82 0
endloop
endfacet
facet normal 0 0 -1
outer loop
vertex 135.74 -52.01 0
vertex 136.00 -52.14 0
vertex 127.28 -52.14 0
endloop
endfacet
facet normal 0 0 -1
outer loop
vertex 135.74 -52.01 0
vertex 127.28 -52.14 0
vertex 127.02 -52.02 0
endloop
endfacet
facet normal 0 0 -1
outer loop
vertex 135.74 -52.01 0
vertex 127.02 -52.02 0
vertex 126.99 -52.01 0
endloop
endfacet
facet normal 0 0 -1
outer loop
vertex 139.74 -52.01 0
vertex 140.00 -52.14 0
vertex 137.15 -52.14 0
endloop
endfacet
facet normal 0 0 -1
outer loop
vertex 139.74 -52.01 0
vertex 137.15 -52.14 0
vertex 137.41 -52.01 0
endloop
endfacet
facet normal 0 0 -1
outer loop
vertex 143.74 -52.01 0
vertex 144.00 -52.14 0
vertex 141.15 -52.14 0
endloop
endfacet
facet normal 0 0 -1
outer loop
vertex 143.74 -52.01 0
vertex 141.15 -52.14 0
vertex 141.41 -52.01 0
endloop
endfacet
facet normal 0 0 -1
outer loop
vertex 147.74 -52.01 0
vertex 148.00 -52.14 0
vertex 145.15 -52.14 0
endloop
endfacet
facet normal 0 0 -1
outer loop
vertex 147.74 -52.01 0
vertex 145.15 -52.14 0
vertex 145.41 -52.01 0
endloop
endfacet
facet normal 0 0 -1
outer loop
vertex 170.17 -52.01 0
vertex 170.13 -52.02 0
vertex 169.88 -52.14 0
endloop
endfacet
facet normal 0 0 -1
outer loop
vertex 170.17 -52.01 0
vertex 169.88 -52.14 0
vertex 149.15 -52.14 0
endloop
endfacet
facet normal 0 0 -1
outer loop
vertex 170.17 -52.01 0
vertex 149.15 -52.14 0
vertex 149.41 -52.01 0
endloop
endfacet
facet normal 0 0 -1
outer loop
vertex 136.00 -52.14 0
vertex 136.28 -52.23 0
vertex 127.46 -52.23 0
endloop
endfacet
facet normal 0 0 -1
outer loop
vertex 136.00 -52.14 0
vertex 127.46 -52.23 0
vertex 127.28 -52.14 0
endloop
endfacet
facet normal 0 0 -1
outer loop
vertex 140.00 -52.14 0
vertex 140.28 -52.23 0
vertex 136.87 -52.23 0
endloop
endfacet
facet normal 0 0 -1
outer loop
vertex 140.00 -52.14 0
vertex 136.87 -52.23 0
vertex 137.15 -52.14 0
endloop
endfacet
facet normal 0 0 -1
outer loop
vertex 144.00 -52.14 0
vertex 144.28 -52.23 0
vertex 140.87 -52.23 0
endloop
endfacet
facet normal 0 0 -1
outer loop
vertex 144.00 -52.14 0
vertex 140.87 -52.23 0
vertex 141.15 -52.14 0
endloop
endfacet
facet normal 0 0 -1
outer loop
vertex 148.00 -52.14 0
vertex 148.28 -52.23 0
vertex 144.87 -52.23 0
endloop
endfacet
facet normal 0 0 -1
outer loop
vertex 148.00 -52.14 0
vertex 144.87 -52.23 0
vertex 145.15 -52.14 0
endloop
endfacet
facet normal 0 0 -1
outer loop
vertex 169.88 -52.14 0
vertex 169.69 -52.23 0
vertex 148.87 -52.23 0
endloop
endfacet
facet normal 0 0 -1
outer loop
vertex 169.88 -52.14 0
vertex 148.87 -52.23 0
vertex 149.15 -52.14 0
endloop
endfacet
facet normal 0 0 -1
outer loop
vertex 136.28 -52.23 0
vertex 136.58 -52.26 0
vertex 127.52 -52.26 0
endloop
endfacet
facet normal 0 0 -1
outer loop
vertex 136.28 -52.23 0
vertex 127.52 -52.26 0
vertex 127.46 -52.23 0
endloop
endfacet
facet normal 0 0 -1
outer loop
vertex 140.28 -52.23 0
vertex 140.58 -52.26 0
vertex 136.58 -52.26 0
endloop
endfacet
facet normal 0 0 -1
outer loop
vertex 140.28 -52.23 0
vertex 136.58 -52.26 0
vertex 136.87 -52.23 0
endloop
endfacet
facet normal 0 0 -1
outer loop
vertex 144.28 -52.23 0
vertex 144.58 -52.26 0
vertex 140.58 -52.26 0
endloop
endfacet
facet normal 0 0 -1
outer loop
vertex 144.28 -52.23 0
vertex 140.58 -52.26 0
vertex 140.87 -52.23 0
endloop
endfacet
facet normal 0 0 -1
outer loop
vertex 148.28 -52.23 0
vertex 148.58 -52.26 0
vertex 144.58 -52.26 0
endloop
endfacet
facet normal 0 0 -1
outer loop
vertex 148.28 -52.23 0
vertex 144.58 -52.26 0
vertex 144.87 -52.23 0
endloop
endfacet
facet normal 0 0 -1
outer loop
vertex 169.69 -52.23 0
vertex 169.63 -52.26 0
vertex 148.58 -52.26 0
endloop
endfacet
facet normal 0 0 -1
outer loop
vertex 169.69 -52.23 0
vertex 148.58 -52.26 0
vertex 148.87 -52.23 0
endloop
endfacet
facet normal 0 0 -1
outer loop
vertex 136.58 -52.26 0
vertex 140.58 -52.26 0
vertex 144.58 -52.26 0
endloop
endfacet
facet normal 0 0 -1
outer loop
vertex 136.58 -52.26 0
vertex 144.58 -52.26 0
vertex 148.58 -52.26 0
endloop
endfacet
facet normal 0 0 -1
outer loop
vertex 136.58 -52.26 0
vertex 148.58 -52.26 0
vertex 169.63 -52.26 0
endloop
endfacet
facet normal 0 0 -1
outer loop
vertex 136.58 -52.26 0
vertex 169.63 -52.26 0
vertex 153.64 -59.72 0
endloop
endfacet
facet normal 0 0 -1
outer loop
vertex 136.58 -52.26 0
vertex 153.64 -59.72 0
vertex 143.51 -59.72 0
endloop
endfacet
facet normal 0 0 -1
outer loop
vertex 136.58 -52.26 0
vertex 143.51 -59.72 0
vertex 127.52 -52.26 0
endloop
endfacet
facet normal 0 0 -1
outer loop
vertex 153.64 -59.72 0
vertex 161.59 -76.76 0
vertex 151.58 -76.76 0
endloop
endfacet
facet normal 0 0 -1
outer loop
vertex 153.64 -59.72 0
vertex 151.58 -76.76 0
vertex 145.58 -76.76 0
endloop
endfacet
facet normal 0 0 -1
outer loop
vertex 153.64 -59.72 0
vertex 145.58 -76.76 0
vertex 144.65 -76.76 0
endloop
endfacet
facet normal 0 0 -1
outer loop
vertex 153.64 -59.72 0
vertex 144.65 -76.76 0
vertex 135.57 -76.76 0
endloop
endfacet
facet normal 0 0 -1
outer loop
vertex 153.64 -59.72 0
vertex 135.57 -76.76 0
vertex 143.51 -59.72 0
endloop
endfacet
facet normal 0 0 1
outer loop
vertex 149.46 -76.76 0
vertex 161.59 -76.76 0
vertex 149.46 -76.76 0
endloop
endfacet
facet normal 0 0 1
outer loop
vertex 149.46 -76.76 0
vertex 149.46 -76.76 0
vertex 144.65 -76.76 0
endloop
endfacet
facet normal 0 0 -1
outer loop
vertex 161.59 -76.76 0
vertex 161.59 -76.77 0
vertex 151.75 -76.77 0
endloop
endfacet
facet normal 0 0 -1
outer loop
vertex 161.59 -76.76 0
vertex 151.75 -76.77 0
vertex 151.58 -76.76 0
endloop
endfacet
facet normal 0 0 -1
outer loop
vertex 144.65 -76.76 0
vertex 145.58 -76.76 0
vertex 145.40 -76.77 0
endloop
endfacet
facet normal 0 0 -1
outer loop
vertex 144.65 -76.76 0
vertex 145.40 -76.77 0
vertex 144.89 -76.82 0
endloop
endfacet
facet normal 0 0 -1
outer loop
vertex 144.65 -76.76 0
vertex 144.89 -76.82 0
vertex 135.54 -76.82 0
endloop
endfacet
facet normal 0 0 -1
outer loop
vertex 144.65 -76.76 0
vertex 135.54 -76.82 0
vertex 135.57 -76.76 0
endloop
endfacet
facet normal 0 0 -1
outer loop
vertex 145.23 -76.82 0
vertex 144.89 -76.82 0
vertex 145.40 -76.77 0
endloop
endfacet
facet normal 0 0 -1
outer loop
vertex 161.59 -76.77 0
vertex 161.62 -76.82 0
vertex 151.92 -76.82 0
endloop
endfacet
facet normal 0 0 -1
outer loop
vertex 161.59 -76.77 0
vertex 151.92 -76.82 0
vertex 151.75 -76.77 0
endloop
endfacet
facet normal 0 0 -1
outer loop
vertex 144.89 -76.82 0
vertex 145.23 -76.82 0
vertex 145.08 -76.89 0
endloop
endfacet
facet normal 0 0 -1
outer loop
vertex 144.89 -76.82 0
vertex 145.08 -76.89 0
vertex 135.50 -76.89 0
endloop
endfacet
facet normal 0 0 -1
outer loop
vertex 144.89 -76.82 0
vertex 135.50 -76.89 0
vertex 135.54 -76.82 0
endloop
endfacet
facet normal 0 0 -1
outer loop
vertex 161.62 -76.82 0
vertex 161.65 -76.89 0
vertex 152.08 -76.89 0
endloop
endfacet
facet normal 0 0 -1
outer loop
vertex 161.62 -76.82 0
vertex 152.08 -76.89 0
vertex 151.92 -76.82 0
endloop
endfacet
facet normal 0 0 -1
outer loop
vertex 145.08 -76.89 0
vertex 144.93 -76.99 0
vertex 135.46 -76.99 0
endloop
endfacet
facet normal 0 0 -1
outer loop
vertex 145.08 -76.89 0
vertex 135.46 -76.99 0
vertex 135.50 -76.89 0
endloop
endfacet
facet normal 0 0 -1
outer loop
vertex 161.65 -76.89 0
vertex 161.70 -76.99 0
vertex 152.22 -76.99 0
endloop
endfacet
facet normal 0 0 -1
outer loop
vertex 161.65 -76.89 0
vertex 152.22 -76.99 0
vertex 152.08 -76.89 0
endloop
endfacet
facet normal 0 0 -1
outer loop
vertex 144.93 -76.99 0
vertex 144.81 -77.12 0
vertex 135.40 -77.12 0
endloop
endfacet
facet normal 0 0 -1
outer loop
vertex 144.93 -76.99 0
vertex 135.40 -77.12 0
vertex 135.46 -76.99 0
endloop
endfacet
facet normal 0 0 -1
outer loop
vertex 161.70 -76.99 0
vertex 161.75 -77.12 0
vertex 152.34 -77.12 0
endloop
endfacet
facet normal 0 0 -1
outer loop
vertex 161.70 -76.99 0
vertex 152.34 -77.12 0
vertex 152.22 -76.99 0
endloop
endfacet
facet normal 0 0 -1
outer loop
vertex 144.81 -77.12 0
vertex 144.71 -77.26 0
vertex 135.33 -77.26 0
endloop
endfacet
facet normal 0 0 -1
outer loop
vertex 144.81 -77.12 0
vertex 135.33 -77.26 0
vertex 135.40 -77.12 0
endloop
endfacet
facet normal 0 0 -1
outer loop
vertex 161.75 -77.12 0
vertex 161.82 -77.26 0
vertex 152.44 -77.26 0
endloop
endfacet
facet normal 0 0 -1
outer loop
vertex 161.75 -77.12 0
vertex 152.44 -77.26 0
vertex 152.34 -77.12 0
endloop
endfacet
facet normal 0 0 -1
outer loop
vertex 144.71 -77.26 0
vertex 144.64 -77.42 0
vertex 135.26 -77.42 0
endloop
endfacet
facet normal 0 0 -1
outer loop
vertex 144.71 -77.26 0
vertex 135.26 -77.42 0
vertex 135.33 -77.26 0
endloop
endfacet
facet normal 0 0 -1
outer loop
vertex 161.82 -77.26 0
vertex 161.89 -77.42 0
vertex 152.52 -77.42 0
endloop
endfacet
facet normal 0 0 -1
outer loop
vertex 161.82 -77.26 0
vertex 152.52 -77.42 0
vertex 152.44 -77.26 0
endloop
endfacet
facet normal 0 0 -1
outer loop
vertex 144.64 -77.42 0
vertex 144.59 -77.59 0
vertex 135.18 -77.59 0
endloop
endfacet
facet normal 0 0 -1
outer loop
vertex 144.64 -77.42 0
vertex 135.18 -77.59 0
vertex 135.26 -77.42 0
endloop
endfacet
facet normal 0 0 -1
outer loop
vertex 161.89 -77.42 0
vertex 161.97 -77.59 0
vertex 152.56 -77.59 0
endloop
endfacet
facet normal 0 0 -1
outer loop
vertex 161.89 -77.42 0
vertex 152.56 -77.59 0
vertex 152.52 -77.42 0
endloop
endfacet
facet normal 0 0 -1
outer loop
vertex 161.97 -77.59 0
vertex 162.05 -77.76 0
vertex 152.58 -77.76 0
endloop
endfacet
facet normal 0 0 -1
outer loop
vertex 161.97 -77.59 0
vertex 152.58 -77.76 0
vertex 152.56 -77.59 0
endloop
endfacet
facet normal 0 0 -1
outer loop
vertex 144.59 -77.59 0
vertex 144.58 -77.76 0
vertex 135.10 -77.76 0
endloop
endfacet
facet normal 0 0 -1
outer loop
vertex 144.59 -77.59 0
vertex 135.10 -77.76 0
vertex 135.18 -77.59 0
endloop
endfacet
facet normal 0 0 -1
outer loop
vertex 144.58 -77.76 0
vertex 144.58 -82.93 0
vertex 144.58 -82.93 0
endloop
endfacet
facet normal 0 0 -1
outer loop
vertex 144.58 -77.76 0
vertex 144.58 -82.93 0
vertex 144.16 -83.12 0
endloop
endfacet
facet normal 0 0 -1
outer loop
vertex 144.58 -77.76 0
vertex 144.16 -83.12 0
vertex 132.60 -83.12 0
endloop
endfacet
facet normal 0 0 -1
outer loop
vertex 144.58 -77.76 0
vertex 132.60 -83.12 0
vertex 135.10 -77.76 0
endloop
endfacet
facet normal 0 0 -1
outer loop
vertex 162.05 -77.76 0
vertex 164.55 -83.12 0
vertex 153.00 -83.12 0
endloop
endfacet
facet normal 0 0 -1
outer loop
vertex 162.05 -77.76 0
vertex 153.00 -83.12 0
vertex 152.58 -82.93 0
endloop
endfacet
facet normal 0 0 -1
outer loop
vertex 162.05 -77.76 0
vertex 152.58 -82.93 0
vertex 152.58 -77.76 0
endloop
endfacet
facet normal 0 0 -1
outer loop
vertex 144.16 -83.12 0
vertex 143.77 -83.37 0
vertex 132.49 -83.37 0
endloop
endfacet
facet normal 0 0 -1
outer loop
vertex 144.16 -83.12 0
vertex 132.49 -83.37 0
vertex 132.60 -83.12 0
endloop
endfacet
facet normal 0 0 -1
outer loop
vertex 164.55 -83.12 0
vertex 164.67 -83.37 0
vertex 153.39 -83.37 0
endloop
endfacet
facet normal 0 0 -1
outer loop
vertex 164.55 -83.12 0
vertex 153.39 -83.37 0
vertex 153.00 -83.12 0
endloop
endfacet
facet normal 0 0 -1
outer loop
vertex 143.77 -83.37 0
vertex 143.42 -83.67 0
vertex 132.34 -83.67 0
endloop
endfacet
facet normal 0 0 -1
outer loop
vertex 143.77 -83.37 0
vertex 132.34 -83.67 0
vertex 132.49 -83.37 0
endloop
endfacet
facet normal 0 0 -1
outer loop
vertex 164.67 -83.37 0
vertex 164.81 -83.67 0
vertex 153.73 -83.67 0
endloop
endfacet
facet normal 0 0 -1
outer loop
vertex 164.67 -83.37 0
vertex 153.73 -83.67 0
vertex 153.39 -83.37 0
endloop
endfacet
facet normal 0 0 -1
outer loop
vertex 143.42 -83.67 0
vertex 143.13 -84.03 0
vertex 132.18 -84.03 0
endloop
endfacet
facet normal 0 0 -1
outer loop
vertex 143.42 -83.67 0
vertex 132.18 -84.03 0
vertex 132.34 -83.67 0
endloop
endfacet
facet normal 0 0 -1
outer loop
vertex 164.81 -83.67 0
vertex 164.98 -84.03 0
vertex 154.03 -84.03 0
endloop
endfacet
facet normal 0 0 -1
outer loop
vertex 164.81 -83.67 0
vertex 154.03 -84.03 0
vertex 153.73 -83.67 0
endloop
endfacet
facet normal 0 0 -1
outer loop
vertex 164.98 -84.03 0
vertex 165.16 -84.42 0
vertex 154.26 -84.42 0
endloop
endfacet
facet normal 0 0 -1
outer loop
vertex 164.98 -84.03 0
vertex 154.26 -84.42 0
vertex 154.03 -84.03 0
endloop
endfacet
facet normal 0 0 -1
outer loop
vertex 143.13 -84.03 0
vertex 142.89 -84.42 0
vertex 131.99 -84.42 0
endloop
endfacet
facet normal 0 0 -1
outer loop
vertex 143.13 -84.03 0
vertex 131.99 -84.42 0
vertex 132.18 -84.03 0
endloop
endfacet
facet normal 0 0 -1
outer loop
vertex 165.16 -84.42 0
vertex 165.36 -84.85 0
vertex 154.44 -84.85 0
endloop
endfacet
facet normal 0 0 -1
outer loop
vertex 165.16 -84.42 0
vertex 154.44 -84.85 0
vertex 154.26 -84.42 0
endloop
endfacet
facet normal 0 0 -1
outer loop
vertex 142.89 -84.42 0
vertex 142.72 -84.85 0
vertex 131.79 -84.85 0
endloop
endfacet
facet normal 0 0 -1
outer loop
vertex 142.89 -84.42 0
vertex 131.79 -84.85 0
vertex 131.99 -84.42 0
endloop
endfacet
facet normal 0 0 -1
outer loop
vertex 165.36 -84.85 0
vertex 165.57 -85.30 0
vertex 154.54 -85.30 0
endloop
endfacet
facet normal 0 0 -1
outer loop
vertex 165.36 -84.85 0
vertex 154.54 -85.30 0
vertex 154.44 -84.85 0
endloop
endfacet
facet normal 0 0 -1
outer loop
vertex 142.72 -84.85 0
vertex 142.61 -85.30 0
vertex 131.58 -85.30 0
endloop
endfacet
facet normal 0 0 -1
outer loop
vertex 142.72 -84.85 0
vertex 131.58 -85.30 0
vertex 131.79 -84.85 0
endloop
endfacet
facet normal 0 0 -1
outer loop
vertex 165.57 -85.30 0
vertex 165.78 -85.76 0
vertex 154.58 -85.76 0
endloop
endfacet
facet normal 0 0 -1
outer loop
vertex 165.57 -85.30 0
vertex 154.58 -85.76 0
vertex 154.54 -85.30 0
endloop
endfacet
facet normal 0 0 -1
outer loop
vertex 142.61 -85.30 0
vertex 142.58 -85.76 0
vertex 131.37 -85.76 0
endloop
endfacet
facet normal 0 0 -1
outer loop
vertex 142.61 -85.30 0
vertex 131.37 -85.76 0
vertex 131.58 -85.30 0
endloop
endfacet
facet normal 0 0 -1
outer loop
vertex 142.58 -85.76 0
vertex 142.58 -95.76 0
vertex 126.71 -95.76 0
endloop
endfacet
facet normal 0 0 -1
outer loop
vertex 142.58 -85.76 0
vertex 126.71 -95.76 0
vertex 131.37 -85.76 0
endloop
endfacet
facet normal 0 0 -1
outer loop
vertex 165.78 -85.76 0
vertex 170.45 -95.76 0
vertex 154.58 -95.76 0
endloop
endfacet
facet normal 0 0 -1
outer loop
vertex 165.78 -85.76 0
vertex 154.58 -95.76 0
vertex 154.58 -85.76 0
endloop
endfacet
facet normal 0 0 -1
outer loop
vertex 142.58 -95.76 0
vertex 142.62 -96.28 0
vertex 126.46 -96.28 0
endloop
endfacet
facet normal 0 0 -1
outer loop
vertex 142.58 -95.76 0
vertex 126.46 -96.28 0
vertex 126.71 -95.76 0
endloop
endfacet
facet normal 0 0 -1
outer loop
vertex 170.45 -95.76 0
vertex 170.69 -96.28 0
vertex 154.53 -96.28 0
endloop
endfacet
facet normal 0 0 -1
outer loop
vertex 170.45 -95.76 0
vertex 154.53 -96.28 0
vertex 154.58 -95.76 0
endloop
endfacet
facet normal 0 0 -1
outer loop
vertex 142.62 -96.28 0
vertex 142.76 -96.79 0
vertex 126.23 -96.79 0
endloop
endfacet
facet normal 0 0 -1
outer loop
vertex 142.62 -96.28 0
vertex 126.23 -96.79 0
vertex 126.46 -96.28 0
endloop
endfacet
facet normal 0 0 -1
outer loop
vertex 170.69 -96.28 0
vertex 170.93 -96.79 0
vertex 154.40 -96.79 0
endloop
endfacet
facet normal 0 0 -1
outer loop
vertex 170.69 -96.28 0
vertex 154.40 -96.79 0
vertex 154.53 -96.28 0
endloop
endfacet
facet normal 0 0 -1
outer loop
vertex 142.76 -96.79 0
vertex 142.98 -97.26 0
vertex 126.01 -97.26 0
endloop
endfacet
facet normal 0 0 -1
outer loop
vertex 142.76 -96.79 0
vertex 126.01 -97.26 0
vertex 126.23 -96.79 0
endloop
endfacet
facet normal 0 0 -1
outer loop
vertex 170.93 -96.79 0
vertex 171.15 -97.26 0
vertex 154.17 -97.26 0
endloop
endfacet
facet normal 0 0 -1
outer loop
vertex 170.93 -96.79 0
vertex 154.17 -97.26 0
vertex 154.40 -96.79 0
endloop
endfacet
facet normal 0 0 -1
outer loop
vertex 142.98 -97.26 0
vertex 143.28 -97.69 0
vertex 125.81 -97.69 0
endloop
endfacet
facet normal 0 0 -1
outer loop
vertex 142.98 -97.26 0
vertex 125.81 -97.69 0
vertex 126.01 -97.26 0
endloop
endfacet
facet normal 0 0 -1
outer loop
vertex 171.15 -97.26 0
vertex 171.35 -97.69 0
vertex 153.87 -97.69 0
endloop
endfacet
facet normal 0 0 -1
outer loop
vertex 171.15 -97.26 0
vertex 153.87 -97.69 0
vertex 154.17 -97.26 0
endloop
endfacet
facet normal 0 0 -1
outer loop
vertex 143.28 -97.69 0
vertex 143.65 -98.06 0
vertex 125.63 -98.06 0
endloop
endfacet
facet normal 0 0 -1
outer loop
vertex 143.28 -97.69 0
vertex 125.63 -98.06 0
vertex 125.81 -97.69 0
endloop
endfacet
facet normal 0 0 -1
outer loop
vertex 171.35 -97.69 0
vertex 171.52 -98.06 0
vertex 153.51 -98.06 0
endloop
endfacet
facet normal 0 0 -1
outer loop
vertex 171.35 -97.69 0
vertex 153.51 -98.06 0
vertex 153.87 -97.69 0
endloop
endfacet
facet normal 0 0 -1
outer loop
vertex 143.65 -98.06 0
vertex 144.08 -98.36 0
vertex 125.49 -98.36 0
endloop
endfacet
facet normal 0 0 -1
outer loop
vertex 143.65 -98.06 0
vertex 125.49 -98.36 0
vertex 125.63 -98.06 0
endloop
endfacet
facet normal 0 0 -1
outer loop
vertex 171.52 -98.06 0
vertex 171.66 -98.36 0
vertex 153.08 -98.36 0
endloop
endfacet
facet normal 0 0 -1
outer loop
vertex 171.52 -98.06 0
vertex 153.08 -98.36 0
vertex 153.51 -98.06 0
endloop
endfacet
facet normal 0 0 -1
outer loop
vertex 144.08 -98.36 0
vertex 144.55 -98.58 0
vertex 125.39 -98.58 0
endloop
endfacet
facet normal 0 0 -1
outer loop
vertex 144.08 -98.36 0
vertex 125.39 -98.58 0
vertex 125.49 -98.36 0
endloop
endfacet
facet normal 0 0 -1
outer loop
vertex 171.66 -98.36 0
vertex 171.76 -98.58 0
vertex 152.60 -98.58 0
endloop
endfacet
facet normal 0 0 -1
outer loop
vertex 171.66 -98.36 0
vertex 152.60 -98.58 0
vertex 153.08 -98.36 0
endloop
endfacet
facet normal 0 0 -1
outer loop
vertex 144.55 -98.58 0
vertex 145.06 -98.71 0
vertex 125.33 -98.71 0
endloop
endfacet
facet normal 0 0 -1
outer loop
vertex 144.55 -98.58 0
vertex 125.33 -98.71 0
vertex 125.39 -98.58 0
endloop
endfacet
facet normal 0 0 -1
outer loop
vertex 171.76 -98.58 0
vertex 171.82 -98.71 0
vertex 152.10 -98.71 0
endloop
endfacet
facet normal 0 0 -1
outer loop
vertex 171.76 -98.58 0
vertex 152.10 -98.71 0
vertex 152.60 -98.58 0
endloop
endfacet
facet normal 0 0 -1
outer loop
vertex 145.06 -98.71 0
vertex 145.58 -98.76 0
vertex 145.58 -104.76 0
endloop
endfacet
facet normal 0 0 -1
outer loop
vertex 145.06 -98.71 0
vertex 145.58 -104.76 0
vertex 122.51 -104.76 0
endloop
endfacet
facet normal 0 0 -1
outer loop
vertex 145.06 -98.71 0
vertex 122.51 -104.76 0
vertex 125.33 -98.71 0
endloop
endfacet
facet normal 0 0 -1
outer loop
vertex 171.82 -98.71 0
vertex 174.64 -104.76 0
vertex 151.58 -104.76 0
endloop
endfacet
facet normal 0 0 -1
outer loop
vertex 171.82 -98.71 0
vertex 151.58 -104.76 0
vertex 151.58 -98.76 0
endloop
endfacet
facet normal 0 0 -1
outer loop
vertex 171.82 -98.71 0
vertex 151.58 -98.76 0
vertex 152.10 -98.71 0
endloop
endfacet
facet normal 0 0 -1
outer loop
vertex 145.58 -104.76 0
vertex 145.61 -105.11 0
vertex 122.35 -105.11 0
endloop
endfacet
facet normal 0 0 -1
outer loop
vertex 145.58 -104.76 0
vertex 122.35 -105.11 0
vertex 122.51 -104.76 0
endloop
endfacet
facet normal 0 0 -1
outer loop
vertex 174.64 -104.76 0
vertex 174.81 -105.11 0
vertex 151.55 -105.11 0
endloop
endfacet
facet normal 0 0 -1
outer loop
vertex 174.64 -104.76 0
vertex 151.55 -105.11 0
vertex 151.58 -104.76 0
endloop
endfacet
facet normal 0 0 -1
outer loop
vertex 145.61 -105.11 0
vertex 145.70 -105.44 0
vertex 122.19 -105.44 0
endloop
endfacet
facet normal 0 0 -1
outer loop
vertex 145.61 -105.11 0
vertex 122.19 -105.44 0
vertex 122.35 -105.11 0
endloop
endfacet
facet normal 0 0 -1
outer loop
vertex 174.81 -105.11 0
vertex 174.96 -105.44 0
vertex 151.46 -105.44 0
endloop
endfacet
facet normal 0 0 -1
outer loop
vertex 174.81 -105.11 0
vertex 151.46 -105.44 0
vertex 151.55 -105.11 0
endloop
endfacet
facet normal 0 0 -1
outer loop
vertex 145.70 -105.44 0
vertex 145.84 -105.76 0
vertex 122.04 -105.76 0
endloop
endfacet
facet normal 0 0 -1
outer loop
vertex 145.70 -105.44 0
vertex 122.04 -105.76 0
vertex 122.19 -105.44 0
endloop
endfacet
facet normal 0 0 -1
outer loop
vertex 174.96 -105.44 0
vertex 175.11 -105.76 0
vertex 151.31 -105.76 0
endloop
endfacet
facet normal 0 0 -1
outer loop
vertex 174.96 -105.44 0
vertex 151.31 -105.76 0
vertex 151.46 -105.44 0
endloop
endfacet
facet normal 0 0 -1
outer loop
vertex 145.84 -105.76 0
vertex 146.04 -106.04 0
vertex 121.91 -106.04 0
endloop
endfacet
facet normal 0 0 -1
outer loop
vertex 145.84 -105.76 0
vertex 121.91 -106.04 0
vertex 122.04 -105.76 0
endloop
endfacet
facet normal 0 0 -1
outer loop
vertex 175.11 -105.76 0
vertex 175.24 -106.04 0
vertex 151.11 -106.04 0
endloop
endfacet
facet normal 0 0 -1
outer loop
vertex 175.11 -105.76 0
vertex 151.11 -106.04 0
vertex 151.31 -105.76 0
endloop
endfacet
facet normal 0 0 -1
outer loop
vertex 146.04 -106.04 0
vertex 146.29 -106.29 0
vertex 121.80 -106.29 0
endloop
endfacet
facet normal 0 0 -1
outer loop
vertex 146.04 -106.04 0
vertex 121.80 -106.29 0
vertex 121.91 -106.04 0
endloop
endfacet
facet normal 0 0 -1
outer loop
vertex 175.24 -106.04 0
vertex 175.36 -106.29 0
vertex 150.86 -106.29 0
endloop
endfacet
facet normal 0 0 -1
outer loop
vertex 175.24 -106.04 0
vertex 150.86 -106.29 0
vertex 151.11 -106.04 0
endloop
endfacet
facet normal 0 0 -1
outer loop
vertex 146.29 -106.29 0
vertex 146.58 -106.49 0
vertex 121.70 -106.49 0
endloop
endfacet
facet normal 0 0 -1
outer loop
vertex 146.29 -106.29 0
vertex 121.70 -106.49 0
vertex 121.80 -106.29 0
endloop
endfacet
facet normal 0 0 -1
outer loop
vertex 175.36 -106.29 0
vertex 175.45 -106.49 0
vertex 150.58 -106.49 0
endloop
endfacet
facet normal 0 0 -1
outer loop
vertex 175.36 -106.29 0
vertex 150.58 -106.49 0
vertex 150.86 -106.29 0
endloop
endfacet
facet normal 0 0 -1
outer loop
vertex 146.58 -106.49 0
vertex 146.89 -106.64 0
vertex 121.63 -106.64 0
endloop
endfacet
facet normal 0 0 -1
outer loop
vertex 146.58 -106.49 0
vertex 121.63 -106.64 0
vertex 121.70 -106.49 0
endloop
endfacet
facet normal 0 0 -1
outer loop
vertex 175.45 -106.49 0
vertex 175.52 -106.64 0
vertex 150.26 -106.64 0
endloop
endfacet
facet normal 0 0 -1
outer loop
vertex 175.45 -106.49 0
vertex 150.26 -106.64 0
vertex 150.58 -106.49 0
endloop
endfacet
facet normal 0 0 -1
outer loop
vertex 146.89 -106.64 0
vertex 147.23 -106.73 0
vertex 121.59 -106.73 0
endloop
endfacet
facet normal 0 0 -1
outer loop
vertex 146.89 -106.64 0
vertex 121.59 -106.73 0
vertex 121.63 -106.64 0
endloop
endfacet
facet normal 0 0 -1
outer loop
vertex 175.52 -106.64 0
vertex 175.56 -106.73 0
vertex 149.92 -106.73 0
endloop
endfacet
facet normal 0 0 -1
outer loop
vertex 175.52 -106.64 0
vertex 149.92 -106.73 0
vertex 150.26 -106.64 0
endloop
endfacet
facet normal 0 0 -1
outer loop
vertex 175.56 -106.73 0
vertex 175.58 -106.76 0
vertex 149.58 -106.76 0
endloop
endfacet
facet normal 0 0 -1
outer loop
vertex 175.56 -106.73 0
vertex 149.58 -106.76 0
vertex 149.92 -106.73 0
endloop
endfacet
facet normal 0 0 -1
outer loop
vertex 147.23 -106.73 0
vertex 147.58 -106.76 0
vertex 121.58 -106.76 0
endloop
endfacet
facet normal 0 0 -1
outer loop
vertex 147.23 -106.73 0
vertex 121.58 -106.76 0
vertex 121.59 -106.73 0
endloop
endfacet
facet normal 0 0 -1
outer loop
vertex 175.58 -106.76 0
vertex 147.58 -106.76 0
vertex 149.58 -106.76 0
endloop
endfacet
facet normal 0 0 -1
outer loop
vertex 147.58 -106.76 0
vertex 175.58 -106.76 0
vertex 177.39 -110.65 0
endloop
endfacet
facet normal 0 0 -1
outer loop
vertex 147.58 -106.76 0
vertex 177.39 -110.65 0
vertex 177.43 -110.76 0
endloop
endfacet
facet normal 0 0 -1
outer loop
vertex 147.58 -106.76 0
vertex 177.43 -110.76 0
vertex 177.46 -110.87 0
endloop
endfacet
facet normal 0 0 -1
outer loop
vertex 147.58 -106.76 0
vertex 177.46 -110.87 0
vertex 177.47 -110.98 0
endloop
endfacet
facet normal 0 0 -1
outer loop
vertex 147.58 -106.76 0
vertex 177.47 -110.98 0
vertex 177.46 -111.10 0
endloop
endfacet
facet normal 0 0 -1
outer loop
vertex 147.58 -106.76 0
vertex 177.46 -111.10 0
vertex 177.43 -111.21 0
endloop
endfacet
facet normal 0 0 -1
outer loop
vertex 147.58 -106.76 0
vertex 177.43 -111.21 0
vertex 177.39 -111.32 0
endloop
endfacet
facet normal 0 0 -1
outer loop
vertex 147.58 -106.76 0
vertex 177.39 -111.32 0
vertex 177.36 -111.38 0
endloop
endfacet
facet normal 0 0 -1
outer loop
vertex 147.58 -106.76 0
vertex 177.36 -111.38 0
vertex 170.18 -111.38 0
endloop
endfacet
facet normal 0 0 -1
outer loop
vertex 147.58 -106.76 0
vertex 170.18 -111.38 0
vertex 126.97 -111.38 0
endloop
endfacet
facet normal 0 0 -1
outer loop
vertex 147.58 -106.76 0
vertex 126.97 -111.38 0
vertex 119.79 -111.38 0
endloop
endfacet
facet normal 0 0 -1
outer loop
vertex 147.58 -106.76 0
vertex 119.79 -111.38 0
vertex 119.76 -111.32 0
endloop
endfacet
facet normal 0 0 -1
outer loop
vertex 147.58 -106.76 0
vertex 119.76 -111.32 0
vertex 119.72 -111.21 0
endloop
endfacet
facet normal 0 0 -1
outer loop
vertex 147.58 -106.76 0
vertex 119.72 -111.21 0
vertex 119.69 -111.10 0
endloop
endfacet
facet normal 0 0 -1
outer loop
vertex 147.58 -106.76 0
vertex 119.69 -111.10 0
vertex 119.69 -110.98 0
endloop
endfacet
facet normal 0 0 -1
outer loop
vertex 147.58 -106.76 0
vertex 119.69 -110.98 0
vertex 119.70 -110.87 0
endloop
endfacet
facet normal 0 0 -1
outer loop
vertex 147.58 -106.76 0
vertex 119.70 -110.87 0
vertex 119.72 -110.76 0
endloop
endfacet
facet normal 0 0 -1
outer loop
vertex 147.58 -106.76 0
vertex 119.72 -110.76 0
vertex 119.76 -110.65 0
endloop
endfacet
facet normal 0 0 -1
outer loop
vertex 147.58 -106.76 0
vertex 119.76 -110.65 0
vertex 121.58 -106.76 0
endloop
endfacet
facet normal 0 0 -1
outer loop
vertex 126.97 -111.38 0
vertex 126.74 -111.40 0
vertex 119.80 -111.40 0
endloop
endfacet
facet normal 0 0 -1
outer loop
vertex 126.97 -111.38 0
vertex 119.80 -111.40 0
vertex 119.79 -111.38 0
endloop
endfacet
facet normal 0 0 -1
outer loop
vertex 170.18 -111.38 0
vertex 169.95 -111.40 0
vertex 127.21 -111.40 0
endloop
endfacet
facet normal 0 0 -1
outer loop
vertex 170.18 -111.38 0
vertex 127.21 -111.40 0
vertex 126.97 -111.38 0
endloop
endfacet
facet normal 0 0 -1
outer loop
vertex 177.36 -111.38 0
vertex 177.35 -111.40 0
vertex 170.42 -111.40 0
endloop
endfacet
facet normal 0 0 -1
outer loop
vertex 177.36 -111.38 0
vertex 170.42 -111.40 0
vertex 170.18 -111.38 0
endloop
endfacet
facet normal 0 0 -1
outer loop
vertex 126.74 -111.40 0
vertex 126.51 -111.47 0
vertex 119.84 -111.47 0
endloop
endfacet
facet normal 0 0 -1
outer loop
vertex 126.74 -111.40 0
vertex 119.84 -111.47 0
vertex 119.81 -111.42 0
endloop
endfacet
facet normal 0 0 -1
outer loop
vertex 126.74 -111.40 0
vertex 119.81 -111.42 0
vertex 119.80 -111.40 0
endloop
endfacet
facet normal 0 0 -1
outer loop
vertex 169.95 -111.40 0
vertex 169.72 -111.47 0
vertex 127.43 -111.47 0
endloop
endfacet
facet normal 0 0 -1
outer loop
vertex 169.95 -111.40 0
vertex 127.43 -111.47 0
vertex 127.21 -111.40 0
endloop
endfacet
facet normal 0 0 -1
outer loop
vertex 177.35 -111.40 0
vertex 177.34 -111.42 0
vertex 177.31 -111.47 0
endloop
endfacet
facet normal 0 0 -1
outer loop
vertex 177.35 -111.40 0
vertex 177.31 -111.47 0
vertex 170.64 -111.47 0
endloop
endfacet
facet normal 0 0 -1
outer loop
vertex 177.35 -111.40 0
vertex 170.64 -111.47 0
vertex 170.42 -111.40 0
endloop
endfacet
facet normal 0 0 -1
outer loop
vertex 126.51 -111.47 0
vertex 126.30 -111.58 0
vertex 119.91 -111.58 0
endloop
endfacet
facet normal 0 0 -1
outer loop
vertex 126.51 -111.47 0
vertex 119.91 -111.58 0
vertex 119.84 -111.47 0
endloop
endfacet
facet normal 0 0 -1
outer loop
vertex 169.72 -111.47 0
vertex 169.52 -111.58 0
vertex 127.64 -111.58 0
endloop
endfacet
facet normal 0 0 -1
outer loop
vertex 169.72 -111.47 0
vertex 127.64 -111.58 0
vertex 127.43 -111.47 0
endloop
endfacet
facet normal 0 0 -1
outer loop
vertex 177.31 -111.47 0
vertex 177.24 -111.58 0
vertex 170.85 -111.58 0
endloop
endfacet
facet normal 0 0 -1
outer loop
vertex 177.31 -111.47 0
vertex 170.85 -111.58 0
vertex 170.64 -111.47 0
endloop
endfacet
facet normal 0 0 -1
outer loop
vertex 126.30 -111.58 0
vertex 126.12 -111.73 0
vertex 120.01 -111.73 0
endloop
endfacet
facet normal 0 0 -1
outer loop
vertex 126.30 -111.58 0
vertex 120.01 -111.73 0
vertex 119.91 -111.58 0
endloop
endfacet
facet normal 0 0 -1
outer loop
vertex 169.52 -111.58 0
vertex 169.33 -111.73 0
vertex 127.82 -111.73 0
endloop
endfacet
facet normal 0 0 -1
outer loop
vertex 169.52 -111.58 0
vertex 127.82 -111.73 0
vertex 127.64 -111.58 0
endloop
endfacet
facet normal 0 0 -1
outer loop
vertex 177.24 -111.58 0
vertex 177.14 -111.73 0
vertex 171.03 -111.73 0
endloop
endfacet
facet normal 0 0 -1
outer loop
vertex 177.24 -111.58 0
vertex 171.03 -111.73 0
vertex 170.85 -111.58 0
endloop
endfacet
facet normal 0 0 -1
outer loop
vertex 126.12 -111.73 0
vertex 125.97 -111.91 0
vertex 120.13 -111.91 0
endloop
endfacet
facet normal 0 0 -1
outer loop
vertex 126.12 -111.73 0
vertex 120.13 -111.91 0
vertex 120.01 -111.73 0
endloop
endfacet
facet normal 0 0 -1
outer loop
vertex 169.33 -111.73 0
vertex 169.18 -111.91 0
vertex 127.97 -111.91 0
endloop
endfacet
facet normal 0 0 -1
outer loop
vertex 169.33 -111.73 0
vertex 127.97 -111.91 0
vertex 127.82 -111.73 0
endloop
endfacet
facet normal 0 0 -1
outer loop
vertex 177.14 -111.73 0
vertex 177.03 -111.91 0
vertex 171.18 -111.91 0
endloop
endfacet
facet normal 0 0 -1
outer loop
vertex 177.14 -111.73 0
vertex 171.18 -111.91 0
vertex 171.03 -111.73 0
endloop
endfacet
facet normal 0 0 -1
outer loop
vertex 125.97 -111.91 0
vertex 125.86 -112.12 0
vertex 120.26 -112.12 0
endloop
endfacet
facet normal 0 0 -1
outer loop
vertex 125.97 -111.91 0
vertex 120.26 -112.12 0
vertex 120.13 -111.91 0
endloop
endfacet
facet normal 0 0 -1
outer loop
vertex 169.18 -111.91 0
vertex 169.07 -112.12 0
vertex 128.08 -112.12 0
endloop
endfacet
facet normal 0 0 -1
outer loop
vertex 169.18 -111.91 0
vertex 128.08 -112.12 0
vertex 127.97 -111.91 0
endloop
endfacet
facet normal 0 0 -1
outer loop
vertex 177.03 -111.91 0
vertex 176.89 -112.12 0
vertex 171.29 -112.12 0
endloop
endfacet
facet normal 0 0 -1
outer loop
vertex 177.03 -111.91 0
vertex 171.29 -112.12 0
vertex 171.18 -111.91 0
endloop
endfacet
facet normal 0 0 -1
outer loop
vertex 125.86 -112.12 0
vertex 125.79 -112.34 0
vertex 120.40 -112.34 0
endloop
endfacet
facet normal 0 0 -1
outer loop
vertex 125.86 -112.12 0
vertex 120.40 -112.34 0
vertex 120.26 -112.12 0
endloop
endfacet
facet normal 0 0 -1
outer loop
vertex 169.07 -112.12 0
vertex 169.01 -112.34 0
vertex 128.15 -112.34 0
endloop
endfacet
facet normal 0 0 -1
outer loop
vertex 169.07 -112.12 0
vertex 128.15 -112.34 0
vertex 128.08 -112.12 0
endloop
endfacet
facet normal 0 0 -1
outer loop
vertex 176.89 -112.12 0
vertex 176.75 -112.34 0
vertex 171.36 -112.34 0
endloop
endfacet
facet normal 0 0 -1
outer loop
vertex 176.89 -112.12 0
vertex 171.36 -112.34 0
vertex 171.29 -112.12 0
endloop
endfacet
facet normal 0 0 -1
outer loop
vertex 125.79 -112.34 0
vertex 125.77 -112.58 0
vertex 120.55 -112.58 0
endloop
endfacet
facet normal 0 0 -1
outer loop
vertex 125.79 -112.34 0
vertex 120.55 -112.58 0
vertex 120.40 -112.34 0
endloop
endfacet
facet normal 0 0 -1
outer loop
vertex 169.01 -112.34 0
vertex 168.98 -112.58 0
vertex 128.17 -112.58 0
endloop
endfacet
facet normal 0 0 -1
outer loop
vertex 169.01 -112.34 0
vertex 128.17 -112.58 0
vertex 128.15 -112.34 0
endloop
endfacet
facet normal 0 0 -1
outer loop
vertex 176.75 -112.34 0
vertex 176.60 -112.58 0
vertex 171.38 -112.58 0
endloop
endfacet
facet normal 0 0 -1
outer loop
vertex 176.75 -112.34 0
vertex 171.38 -112.58 0
vertex 171.36 -112.34 0
endloop
endfacet
facet normal 0 0 -1
outer loop
vertex 125.77 -112.58 0
vertex 125.79 -112.81 0
vertex 120.70 -112.81 0
endloop
endfacet
facet normal 0 0 -1
outer loop
vertex 125.77 -112.58 0
vertex 120.70 -112.81 0
vertex 120.55 -112.58 0
endloop
endfacet
facet normal 0 0 -1
outer loop
vertex 168.98 -112.58 0
vertex 169.01 -112.81 0
vertex 128.15 -112.81 0
endloop
endfacet
facet normal 0 0 -1
outer loop
vertex 168.98 -112.58 0
vertex 128.15 -112.81 0
vertex 128.17 -112.58 0
endloop
endfacet
facet normal 0 0 -1
outer loop
vertex 176.60 -112.58 0
vertex 176.45 -112.81 0
vertex 171.36 -112.81 0
endloop
endfacet
facet normal 0 0 -1
outer loop
vertex 176.60 -112.58 0
vertex 171.36 -112.81 0
vertex 171.38 -112.58 0
endloop
endfacet
facet normal 0 0 -1
outer loop
vertex 125.79 -112.81 0
vertex 125.86 -113.04 0
vertex 120.85 -113.04 0
endloop
endfacet
facet normal 0 0 -1
outer loop
vertex 125.79 -112.81 0
vertex 120.85 -113.04 0
vertex 120.70 -112.81 0
endloop
endfacet
facet normal 0 0 -1
outer loop
vertex 169.01 -112.81 0
vertex 169.07 -113.04 0
vertex 128.08 -113.04 0
endloop
endfacet
facet normal 0 0 -1
outer loop
vertex 169.01 -112.81 0
vertex 128.08 -113.04 0
vertex 128.15 -112.81 0
endloop
endfacet
facet normal 0 0 -1
outer loop
vertex 176.45 -112.81 0
vertex 176.31 -113.04 0
vertex 171.29 -113.04 0
endloop
endfacet
facet normal 0 0 -1
outer loop
vertex 176.45 -112.81 0
vertex 171.29 -113.04 0
vertex 171.36 -112.81 0
endloop
endfacet
facet normal 0 0 -1
outer loop
vertex 125.86 -113.04 0
vertex 125.97 -113.24 0
vertex 120.98 -113.24 0
endloop
endfacet
facet normal 0 0 -1
outer loop
vertex 125.86 -113.04 0
vertex 120.98 -113.24 0
vertex 120.85 -113.04 0
endloop
endfacet
facet normal 0 0 -1
outer loop
vertex 169.07 -113.04 0
vertex 169.18 -113.24 0
vertex 127.97 -113.24 0
endloop
endfacet
facet normal 0 0 -1
outer loop
vertex 169.07 -113.04 0
vertex 127.97 -113.24 0
vertex 128.08 -113.04 0
endloop
endfacet
facet normal 0 0 -1
outer loop
vertex 176.31 -113.04 0
vertex 176.17 -113.24 0
vertex 171.18 -113.24 0
endloop
endfacet
facet normal 0 0 -1
outer loop
vertex 176.31 -113.04 0
vertex 171.18 -113.24 0
vertex 171.29 -113.04 0
endloop
endfacet
facet normal 0 0 -1
outer loop
vertex 125.97 -113.24 0
vertex 126.12 -113.42 0
vertex 121.10 -113.42 0
endloop
endfacet
facet normal 0 0 -1
outer loop
vertex 125.97 -113.24 0
vertex 121.10 -113.42 0
vertex 120.98 -113.24 0
endloop
endfacet
facet normal 0 0 -1
outer loop
vertex 169.18 -113.24 0
vertex 169.33 -113.42 0
vertex 127.82 -113.42 0
endloop
endfacet
facet normal 0 0 -1
outer loop
vertex 169.18 -113.24 0
vertex 127.82 -113.42 0
vertex 127.97 -113.24 0
endloop
endfacet
facet normal 0 0 -1
outer loop
vertex 176.17 -113.24 0
vertex 176.06 -113.42 0
vertex 171.03 -113.42 0
endloop
endfacet
facet normal 0 0 -1
outer loop
vertex 176.17 -113.24 0
vertex 171.03 -113.42 0
vertex 171.18 -113.24 0
endloop
endfacet
facet normal 0 0 -1
outer loop
vertex 126.12 -113.42 0
vertex 126.30 -113.57 0
vertex 121.19 -113.57 0
endloop
endfacet
facet normal 0 0 -1
outer loop
vertex 126.12 -113.42 0
vertex 121.19 -113.57 0
vertex 121.10 -113.42 0
endloop
endfacet
facet normal 0 0 -1
outer loop
vertex 169.33 -113.42 0
vertex 169.52 -113.57 0
vertex 127.64 -113.57 0
endloop
endfacet
facet normal 0 0 -1
outer loop
vertex 169.33 -113.42 0
vertex 127.64 -113.57 0
vertex 127.82 -113.42 0
endloop
endfacet
facet normal 0 0 -1
outer loop
vertex 176.06 -113.42 0
vertex 175.96 -113.57 0
vertex 170.85 -113.57 0
endloop
endfacet
facet normal 0 0 -1
outer loop
vertex 176.06 -113.42 0
vertex 170.85 -113.57 0
vertex 171.03 -113.42 0
endloop
endfacet
facet normal 0 0 -1
outer loop
vertex 126.30 -113.57 0
vertex 126.51 -113.68 0
vertex 121.26 -113.68 0
endloop
endfacet
facet normal 0 0 -1
outer loop
vertex 126.30 -113.57 0
vertex 121.26 -113.68 0
vertex 121.19 -113.57 0
endloop
endfacet
facet normal 0 0 -1
outer loop
vertex 169.52 -113.57 0
vertex 169.72 -113.68 0
vertex 127.43 -113.68 0
endloop
endfacet
facet normal 0 0 -1
outer loop
vertex 169.52 -113.57 0
vertex 127.43 -113.68 0
vertex 127.64 -113.57 0
endloop
endfacet
facet normal 0 0 -1
outer loop
vertex 175.96 -113.57 0
vertex 175.89 -113.68 0
vertex 170.64 -113.68 0
endloop
endfacet
facet normal 0 0 -1
outer loop
vertex 175.96 -113.57 0
vertex 170.64 -113.68 0
vertex 170.85 -113.57 0
endloop
endfacet
facet normal 0 0 -1
outer loop
vertex 126.51 -113.68 0
vertex 126.74 -113.75 0
vertex 121.31 -113.75 0
endloop
endfacet
facet normal 0 0 -1
outer loop
vertex 126.51 -113.68 0
vertex 121.31 -113.75 0
vertex 121.26 -113.68 0
endloop
endfacet
facet normal 0 0 -1
outer loop
vertex 169.72 -113.68 0
vertex 169.95 -113.75 0
vertex 127.21 -113.75 0
endloop
endfacet
facet normal 0 0 -1
outer loop
vertex 169.72 -113.68 0
vertex 127.21 -113.75 0
vertex 127.43 -113.68 0
endloop
endfacet
facet normal 0 0 -1
outer loop
vertex 175.89 -113.68 0
vertex 175.85 -113.75 0
vertex 170.42 -113.75 0
endloop
endfacet
facet normal 0 0 -1
outer loop
vertex 175.89 -113.68 0
vertex 170.42 -113.75 0
vertex 170.64 -113.68 0
endloop
endfacet
facet normal 0 0 -1
outer loop
vertex 126.74 -113.75 0
vertex 126.97 -113.78 0
vertex 121.32 -113.78 0
endloop
endfacet
facet normal 0 0 -1
outer loop
vertex 126.74 -113.75 0
vertex 121.32 -113.78 0
vertex 121.31 -113.75 0
endloop
endfacet
facet normal 0 0 -1
outer loop
vertex 169.95 -113.75 0
vertex 170.18 -113.78 0
vertex 126.97 -113.78 0
endloop
endfacet
facet normal 0 0 -1
outer loop
vertex 169.95 -113.75 0
vertex 126.97 -113.78 0
vertex 127.21 -113.75 0
endloop
endfacet
facet normal 0 0 -1
outer loop
vertex 175.85 -113.75 0
vertex 175.83 -113.78 0
vertex 170.18 -113.78 0
endloop
endfacet
facet normal 0 0 -1
outer loop
vertex 175.85 -113.75 0
vertex 170.18 -113.78 0
vertex 170.42 -113.75 0
endloop
endfacet
facet normal 0 0 -1
outer loop
vertex 126.97 -113.78 0
vertex 170.18 -113.78 0
vertex 175.83 -113.78 0
endloop
endfacet
facet normal 0 0 -1
outer loop
vertex 126.97 -113.78 0
vertex 175.83 -113.78 0
vertex 159.07 -139.93 0
endloop
endfacet
facet normal 0 0 -1
outer loop
vertex 126.97 -113.78 0
vertex 159.07 -139.93 0
vertex 138.08 -139.93 0
endloop
endfacet
facet normal 0 0 -1
outer loop
vertex 126.97 -113.78 0
vertex 138.08 -139.93 0
vertex 121.32 -113.78 0
endloop
endfacet
facet normal 0 0 -1
outer loop
vertex 159.07 -139.93 0
vertex 155.21 -150.55 0
vertex 148.58 -150.55 0
endloop
endfacet
facet normal 0 0 -1
outer loop
vertex 159.07 -139.93 0
vertex 148.58 -150.55 0
vertex 141.95 -150.55 0
endloop
endfacet
facet normal 0 0 -1
outer loop
vertex 159.07 -139.93 0
vertex 141.95 -150.55 0
vertex 138.08 -139.93 0
endloop
endfacet
facet normal 0 0 -1
outer loop
vertex 148.58 -150.55 0
vertex 148.34 -150.58 0
vertex 141.95 -150.58 0
endloop
endfacet
facet normal 0 0 -1
outer loop
vertex 148.58 -150.55 0
vertex 141.95 -150.58 0
vertex 141.95 -150.55 0
endloop
endfacet
facet normal 0 0 -1
outer loop
vertex 155.21 -150.55 0
vertex 155.20 -150.58 0
vertex 148.81 -150.58 0
endloop
endfacet
facet normal 0 0 -1
outer loop
vertex 155.21 -150.55 0
vertex 148.81 -150.58 0
vertex 148.58 -150.55 0
endloop
endfacet
facet normal 0 0 -1
outer loop
vertex 148.34 -150.58 0
vertex 148.12 -150.64 0
vertex 141.98 -150.64 0
endloop
endfacet
facet normal 0 0 -1
outer loop
vertex 148.34 -150.58 0
vertex 141.98 -150.64 0
vertex 141.95 -150.58 0
endloop
endfacet
facet normal 0 0 -1
outer loop
vertex 155.20 -150.58 0
vertex 155.17 -150.64 0
vertex 149.04 -150.64 0
endloop
endfacet
facet normal 0 0 -1
outer loop
vertex 155.20 -150.58 0
vertex 149.04 -150.64 0
vertex 148.81 -150.58 0
endloop
endfacet
facet normal 0 0 -1
outer loop
vertex 148.12 -150.64 0
vertex 147.91 -150.76 0
vertex 142.02 -150.76 0
endloop
endfacet
facet normal 0 0 -1
outer loop
vertex 148.12 -150.64 0
vertex 142.02 -150.76 0
vertex 141.98 -150.64 0
endloop
endfacet
facet normal 0 0 -1
outer loop
vertex 155.17 -150.64 0
vertex 155.13 -150.76 0
vertex 149.24 -150.76 0
endloop
endfacet
facet normal 0 0 -1
outer loop
vertex 155.17 -150.64 0
vertex 149.24 -150.76 0
vertex 149.04 -150.64 0
endloop
endfacet
facet normal 0 0 -1
outer loop
vertex 147.91 -150.76 0
vertex 147.73 -150.91 0
vertex 142.07 -150.91 0
endloop
endfacet
facet normal 0 0 -1
outer loop
vertex 147.91 -150.76 0
vertex 142.07 -150.91 0
vertex 142.02 -150.76 0
endloop
endfacet
facet normal 0 0 -1
outer loop
vertex 155.13 -150.76 0
vertex 155.08 -150.91 0
vertex 149.43 -150.91 0
endloop
endfacet
facet normal 0 0 -1
outer loop
vertex 155.13 -150.76 0
vertex 149.43 -150.91 0
vertex 149.24 -150.76 0
endloop
endfacet
facet normal 0 0 -1
outer loop
vertex 147.73 -150.91 0
vertex 147.58 -151.09 0
vertex 142.14 -151.09 0
endloop
endfacet
facet normal 0 0 -1
outer loop
vertex 147.73 -150.91 0
vertex 142.14 -151.09 0
vertex 142.07 -150.91 0
endloop
endfacet
facet normal 0 0 -1
outer loop
vertex 155.08 -150.91 0
vertex 155.01 -151.09 0
vertex 149.57 -151.09 0
endloop
endfacet
facet normal 0 0 -1
outer loop
vertex 155.08 -150.91 0
vertex 149.57 -151.09 0
vertex 149.43 -150.91 0
endloop
endfacet
facet normal 0 0 -1
outer loop
vertex 147.58 -151.09 0
vertex 147.47 -151.29 0
vertex 142.22 -151.29 0
endloop
endfacet
facet normal 0 0 -1
outer loop
vertex 147.58 -151.09 0
vertex 142.22 -151.29 0
vertex 142.14 -151.09 0
endloop
endfacet
facet normal 0 0 -1
outer loop
vertex 155.01 -151.09 0
vertex 154.94 -151.29 0
vertex 149.69 -151.29 0
endloop
endfacet
facet normal 0 0 -1
outer loop
vertex 155.01 -151.09 0
vertex 149.69 -151.29 0
vertex 149.57 -151.09 0
endloop
endfacet
facet normal 0 0 -1
outer loop
vertex 147.47 -151.29 0
vertex 147.40 -151.52 0
vertex 142.30 -151.52 0
endloop
endfacet
facet normal 0 0 -1
outer loop
vertex 147.47 -151.29 0
vertex 142.30 -151.52 0
vertex 142.22 -151.29 0
endloop
endfacet
facet normal 0 0 -1
outer loop
vertex 154.94 -151.29 0
vertex 154.86 -151.52 0
vertex 149.75 -151.52 0
endloop
endfacet
facet normal 0 0 -1
outer loop
vertex 154.94 -151.29 0
vertex 149.75 -151.52 0
vertex 149.69 -151.29 0
endloop
endfacet
facet normal 0 0 -1
outer loop
vertex 147.40 -151.52 0
vertex 147.38 -151.75 0
vertex 142.38 -151.75 0
endloop
endfacet
facet normal 0 0 -1
outer loop
vertex 147.40 -151.52 0
vertex 142.38 -151.75 0
vertex 142.30 -151.52 0
endloop
endfacet
facet normal 0 0 -1
outer loop
vertex 154.86 -151.52 0
vertex 154.77 -151.75 0
vertex 149.78 -151.75 0
endloop
endfacet
facet normal 0 0 -1
outer loop
vertex 154.86 -151.52 0
vertex 149.78 -151.75 0
vertex 149.75 -151.52 0
endloop
endfacet
facet normal 0 0 -1
outer loop
vertex 147.38 -151.75 0
vertex 147.40 -151.99 0
vertex 142.47 -151.99 0
endloop
endfacet
facet normal 0 0 -1
outer loop
vertex 147.38 -151.75 0
vertex 142.47 -151.99 0
vertex 142.38 -151.75 0
endloop
endfacet
facet normal 0 0 -1
outer loop
vertex 154.77 -151.75 0
vertex 154.69 -151.99 0
vertex 149.75 -151.99 0
endloop
endfacet
facet normal 0 0 -1
outer loop
vertex 154.77 -151.75 0
vertex 149.75 -151.99 0
vertex 149.78 -151.75 0
endloop
endfacet
facet normal 0 0 -1
outer loop
vertex 147.40 -151.99 0
vertex 147.47 -152.21 0
vertex 142.55 -152.21 0
endloop
endfacet
facet normal 0 0 -1
outer loop
vertex 147.40 -151.99 0
vertex 142.55 -152.21 0
vertex 142.47 -151.99 0
endloop
endfacet
facet normal 0 0 -1
outer loop
vertex 154.69 -151.99 0
vertex 154.60 -152.21 0
vertex 149.69 -152.21 0
endloop
endfacet
facet normal 0 0 -1
outer loop
vertex 154.69 -151.99 0
vertex 149.69 -152.21 0
vertex 149.75 -151.99 0
endloop
endfacet
facet normal 0 0 -1
outer loop
vertex 147.47 -152.21 0
vertex 147.58 -152.42 0
vertex 142.63 -152.42 0
endloop
endfacet
facet normal 0 0 -1
outer loop
vertex 147.47 -152.21 0
vertex 142.63 -152.42 0
vertex 142.55 -152.21 0
endloop
endfacet
facet normal 0 0 -1
outer loop
vertex 154.60 -152.21 0
vertex 154.53 -152.42 0
vertex 149.57 -152.42 0
endloop
endfacet
facet normal 0 0 -1
outer loop
vertex 154.60 -152.21 0
vertex 149.57 -152.42 0
vertex 149.69 -152.21 0
endloop
endfacet
facet normal 0 0 -1
outer loop
vertex 147.58 -152.42 0
vertex 147.73 -152.60 0
vertex 142.69 -152.60 0
endloop
endfacet
facet normal 0 0 -1
outer loop
vertex 147.58 -152.42 0
vertex 142.69 -152.60 0
vertex 142.63 -152.42 0
endloop
endfacet
facet normal 0 0 -1
outer loop
vertex 154.53 -152.42 0
vertex 154.46 -152.60 0
vertex 149.43 -152.60 0
endloop
endfacet
facet normal 0 0 -1
outer loop
vertex 154.53 -152.42 0
vertex 149.43 -152.60 0
vertex 149.57 -152.42 0
endloop
endfacet
facet normal 0 0 -1
outer loop
vertex 147.73 -152.60 0
vertex 147.91 -152.75 0
vertex 142.75 -152.75 0
endloop
endfacet
facet normal 0 0 -1
outer loop
vertex 147.73 -152.60 0
vertex 142.75 -152.75 0
vertex 142.69 -152.60 0
endloop
endfacet
facet normal 0 0 -1
outer loop
vertex 154.46 -152.60 0
vertex 154.41 -152.75 0
vertex 149.24 -152.75 0
endloop
endfacet
facet normal 0 0 -1
outer loop
vertex 154.46 -152.60 0
vertex 149.24 -152.75 0
vertex 149.43 -152.60 0
endloop
endfacet
facet normal 0 0 -1
outer loop
vertex 147.91 -152.75 0
vertex 148.12 -152.86 0
vertex 142.79 -152.86 0
endloop
endfacet
facet normal 0 0 -1
outer loop
vertex 147.91 -152.75 0
vertex 142.79 -152.86 0
vertex 142.75 -152.75 0
endloop
endfacet
facet normal 0 0 -1
outer loop
vertex 154.41 -152.75 0
vertex 154.37 -152.86 0
vertex 149.04 -152.86 0
endloop
endfacet
facet normal 0 0 -1
outer loop
vertex 154.41 -152.75 0
vertex 149.04 -152.86 0
vertex 149.24 -152.75 0
endloop
endfacet
facet normal 0 0 -1
outer loop
vertex 148.12 -152.86 0
vertex 148.34 -152.93 0
vertex 142.81 -152.93 0
endloop
endfacet
facet normal 0 0 -1
outer loop
vertex 148.12 -152.86 0
vertex 142.81 -152.93 0
vertex 142.79 -152.86 0
endloop
endfacet
facet normal 0 0 -1
outer loop
vertex 154.37 -152.86 0
vertex 154.34 -152.93 0
vertex 148.81 -152.93 0
endloop
endfacet
facet normal 0 0 -1
outer loop
vertex 154.37 -152.86 0
vertex 148.81 -152.93 0
vertex 149.04 -152.86 0
endloop
endfacet
facet normal 0 0 -1
outer loop
vertex 148.34 -152.93 0
vertex 148.58 -152.95 0
vertex 142.82 -152.95 0
endloop
endfacet
facet normal 0 0 -1
outer loop
vertex 148.34 -152.93 0
vertex 142.82 -152.95 0
vertex 142.81 -152.93 0
endloop
endfacet
facet normal 0 0 -1
outer loop
vertex 154.34 -152.93 0
vertex 154.33 -152.95 0
vertex 148.58 -152.95 0
endloop
endfacet
facet normal 0 0 -1
outer loop
vertex 154.34 -152.93 0
vertex 148.58 -152.95 0
vertex 148.81 -152.93 0
endloop
endfacet
facet normal 0 0 -1
outer loop
vertex 148.58 -152.95 0
vertex 154.33 -152.95 0
vertex 152.59 -157.73 0
endloop
endfacet
facet normal 0 0 -1
outer loop
vertex 148.58 -152.95 0
vertex 152.59 -157.73 0
vertex 151.16 -157.73 0
endloop
endfacet
facet normal 0 0 -1
outer loop
vertex 148.58 -152.95 0
vertex 151.16 -157.73 0
vertex 146.00 -157.73 0
endloop
endfacet
facet normal 0 0 -1
outer loop
vertex 148.58 -152.95 0
vertex 146.00 -157.73 0
vertex 144.56 -157.73 0
endloop
endfacet
facet normal 0 0 -1
outer loop
vertex 148.58 -152.95 0
vertex 144.56 -157.73 0
vertex 142.82 -152.95 0
endloop
endfacet
facet normal 0 0 -1
outer loop
vertex 146.00 -157.73 0
vertex 145.76 -158.18 0
vertex 145.48 -158.61 0
endloop
endfacet
facet normal 0 0 -1
outer loop
vertex 146.00 -157.73 0
vertex 145.48 -158.61 0
vertex 145.15 -159.00 0
endloop
endfacet
facet normal 0 0 -1
outer loop
vertex 146.00 -157.73 0
vertex 145.15 -159.00 0
vertex 145.04 -158.90 0
endloop
endfacet
facet normal 0 0 -1
outer loop
vertex 146.00 -157.73 0
vertex 145.04 -158.90 0
vertex 144.96 -158.78 0
endloop
endfacet
facet normal 0 0 -1
outer loop
vertex 146.00 -157.73 0
vertex 144.96 -158.78 0
vertex 144.89 -158.64 0
endloop
endfacet
facet normal 0 0 -1
outer loop
vertex 146.00 -157.73 0
vertex 144.89 -158.64 0
vertex 144.56 -157.73 0
endloop
endfacet
facet normal 0 0 -1
outer loop
vertex 152.26 -158.64 0
vertex 152.22 -158.75 0
vertex 152.16 -158.84 0
endloop
endfacet
facet normal 0 0 -1
outer loop
vertex 152.26 -158.64 0
vertex 152.16 -158.84 0
vertex 152.08 -158.93 0
endloop
endfacet
facet normal 0 0 -1
outer loop
vertex 152.26 -158.64 0
vertex 152.08 -158.93 0
vertex 152.00 -159.00 0
endloop
endfacet
facet normal 0 0 -1
outer loop
vertex 152.26 -158.64 0
vertex 152.00 -159.00 0
vertex 151.68 -158.61 0
endloop
endfacet
facet normal 0 0 -1
outer loop
vertex 152.26 -158.64 0
vertex 151.68 -158.61 0
vertex 151.39 -158.18 0
endloop
endfacet
facet normal 0 0 -1
outer loop
vertex 152.26 -158.64 0
vertex 151.39 -158.18 0
vertex 151.16 -157.73 0
endloop
endfacet
facet normal 0 0 -1
outer loop
vertex 152.26 -158.64 0
vertex 151.16 -157.73 0
vertex 152.59 -157.73 0
endloop
endfacet
facet normal 0 0 1
outer loop
vertex 144.96 -158.78 0.44
vertex 144.95 -158.77 0.44
vertex 144.91 -158.68 0.44
endloop
endfacet
facet normal 0 0 1
outer loop
vertex 144.96 -158.78 0.44
vertex 144.91 -158.68 0.44
vertex 144.89 -158.64 0.44
endloop
endfacet
facet normal 0 0 1
outer loop
vertex 144.96 -158.78 0.44
vertex 144.89 -158.64 0.44
vertex 144.89 -158.64 0
endloop
endfacet
facet normal 0 0 1
outer loop
vertex 144.96 -158.78 0.44
vertex 144.89 -158.64 0
vertex 144.96 -158.78 0
endloop
endfacet
facet normal -0.81 -0.59 0
outer loop
vertex 145.04 -158.90 0.44
vertex 144.96 -158.78 0.44
vertex 144.96 -158.78 0
endloop
endfacet
facet normal -0.81 -0.59 0
outer loop
vertex 145.04 -158.90 0.44
vertex 144.96 -158.78 0
vertex 145.04 -158.90 0
endloop
endfacet
facet normal -0.68 -0.73 0
outer loop
vertex 145.15 -159.00 0.44
vertex 145.04 -158.90 0.44
vertex 145.04 -158.90 0
endloop
endfacet
facet normal -0.68 -0.73 0
outer loop
vertex 145.15 -159.00 0.44
vertex 145.04 -158.90 0
vertex 145.15 -159.00 0
endloop
endfacet
facet normal 0 0 1
outer loop
vertex 145.48 -158.61 0.44
vertex 145.40 -158.71 0.44
vertex 145.28 -158.85 0.44
endloop
endfacet
facet normal 0 0 1
outer loop
vertex 145.48 -158.61 0.44
vertex 145.28 -158.85 0.44
vertex 145.15 -159.00 0.44
endloop
endfacet
facet normal 0 0 1
outer loop
vertex 145.48 -158.61 0.44
vertex 145.15 -159.00 0.44
vertex 145.15 -159.00 0
endloop
endfacet
facet normal 0 0 1
outer loop
vertex 145.48 -158.61 0.44
vertex 145.15 -159.00 0
vertex 145.48 -158.61 0
endloop
endfacet
facet normal 0 0 1
outer loop
vertex 145.76 -158.18 0.44
vertex 145.69 -158.29 0.44
vertex 145.51 -158.56 0.44
endloop
endfacet
facet normal 0 0 1
outer loop
vertex 145.76 -158.18 0.44
vertex 145.51 -158.56 0.44
vertex 145.48 -158.61 0.44
endloop
endfacet
facet normal 0 0 1
outer loop
vertex 145.76 -158.18 0.44
vertex 145.48 -158.61 0.44
vertex 145.48 -158.61 0
endloop
endfacet
facet normal 0 0 1
outer loop
vertex 145.76 -158.18 0.44
vertex 145.48 -158.61 0
vertex 145.76 -158.18 0
endloop
endfacet
facet normal 0 0 1
outer loop
vertex 146.00 -157.73 0.44
vertex 145.77 -158.16 0.44
vertex 145.76 -158.18 0.44
endloop
endfacet
facet normal 0 0 1
outer loop
vertex 146.00 -157.73 0.44
vertex 145.76 -158.18 0.44
vertex 145.76 -158.18 0
endloop
endfacet
facet normal 0 0 1
outer loop
vertex 146.00 -157.73 0.44
vertex 145.76 -158.18 0
vertex 146.00 -157.73 0
endloop
endfacet
facet normal -5.203406772125163e-7 -1.00 0
outer loop
vertex 151.16 -157.73 0.44
vertex 146.00 -157.73 0.44
vertex 146.00 -157.73 0
endloop
endfacet
facet normal -5.203406772125163e-7 -1.00 0
outer loop
vertex 151.16 -157.73 0.44
vertex 146.00 -157.73 0
vertex 151.16 -157.73 0
endloop
endfacet
facet normal 0 0 1
outer loop
vertex 151.39 -158.18 0.44
vertex 151.38 -158.16 0.44
vertex 151.16 -157.73 0.44
endloop
endfacet
facet normal 0 0 1
outer loop
vertex 151.39 -158.18 0.44
vertex 151.16 -157.73 0.44
vertex 151.16 -157.73 0
endloop
endfacet
facet normal 0 0 1
outer loop
vertex 151.39 -158.18 0.44
vertex 151.16 -157.73 0
vertex 151.39 -158.18 0
endloop
endfacet
facet normal 0.02 0.01 -1.00
outer loop
vertex 151.68 -158.61 0.44
vertex 151.64 -158.56 0.44
vertex 151.46 -158.29 0.44
endloop
endfacet
facet normal 0.02 0.01 -1.00
outer loop
vertex 151.68 -158.61 0.44
vertex 151.46 -158.29 0.44
vertex 151.39 -158.18 0.44
endloop
endfacet
facet normal 0.02 0.01 -1.00
outer loop
vertex 151.68 -158.61 0.44
vertex 151.39 -158.18 0.44
vertex 151.39 -158.18 0
endloop
endfacet
facet normal 0.02 0.01 -1.00
outer loop
vertex 151.68 -158.61 0.44
vertex 151.39 -158.18 0
vertex 151.68 -158.61 0
endloop
endfacet
facet normal 0 0 -1
outer loop
vertex 152.00 -159.00 0.44
vertex 151.87 -158.85 0.44
vertex 151.75 -158.70 0.44
endloop
endfacet
facet normal 0 0 -1
outer loop
vertex 152.00 -159.00 0.44
vertex 151.75 -158.70 0.44
vertex 151.68 -158.61 0.44
endloop
endfacet
facet normal 0 0 -1
outer loop
vertex 152.00 -159.00 0.44
vertex 151.68 -158.61 0.44
vertex 151.68 -158.61 0
endloop
endfacet
facet normal 0 0 -1
outer loop
vertex 152.00 -159.00 0.44
vertex 151.68 -158.61 0
vertex 152.00 -159.00 0
endloop
endfacet
facet normal 0.67 -0.75 0
outer loop
vertex 152.08 -158.93 0.44
vertex 152.00 -159.00 0.44
vertex 152.00 -159.00 0
endloop
endfacet
facet normal 0.67 -0.75 0
outer loop
vertex 152.08 -158.93 0.44
vertex 152.00 -159.00 0
vertex 152.08 -158.93 0
endloop
endfacet
facet normal 0.76 -0.65 0
outer loop
vertex 152.16 -158.84 0.44
vertex 152.08 -158.93 0.44
vertex 152.08 -158.93 0
endloop
endfacet
facet normal 0.76 -0.65 0
outer loop
vertex 152.16 -158.84 0.44
vertex 152.08 -158.93 0
vertex 152.16 -158.84 0
endloop
endfacet
facet normal 0 0 -1
outer loop
vertex 152.22 -158.75 0.44
vertex 152.19 -158.80 0.44
vertex 152.16 -158.84 0.44
endloop
endfacet
facet normal 0 0 -1
outer loop
vertex 152.22 -158.75 0.44
vertex 152.16 -158.84 0.44
vertex 152.16 -158.84 0
endloop
endfacet
facet normal 0 0 -1
outer loop
vertex 152.22 -158.75 0.44
vertex 152.16 -158.84 0
vertex 152.22 -158.75 0
endloop
endfacet
facet normal -0.00 0.00 1.00
outer loop
vertex 152.26 -158.64 0.44
vertex 152.26 -158.66 0.44
vertex 152.22 -158.73 0.44
endloop
endfacet
facet normal -0.00 0.00 1.00
outer loop
vertex 152.26 -158.64 0.44
vertex 152.22 -158.73 0.44
vertex 152.22 -158.75 0.44
endloop
endfacet
facet normal -0.00 0.00 1.00
outer loop
vertex 152.26 -158.64 0.44
vertex 152.22 -158.75 0.44
vertex 152.22 -158.75 0
endloop
endfacet
facet normal -0.00 0.00 1.00
outer loop
vertex 152.26 -158.64 0.44
vertex 152.22 -158.75 0
vertex 152.26 -158.64 0
endloop
endfacet
facet normal -0.00 0.00 1.00
outer loop
vertex 159.07 -139.93 0.44
vertex 152.29 -158.58 0.44
vertex 152.26 -158.64 0.44
endloop
endfacet
facet normal -0.00 0.00 1.00
outer loop
vertex 159.07 -139.93 0.44
vertex 152.26 -158.64 0.44
vertex 152.26 -158.64 0
endloop
endfacet
facet normal -0.00 0.00 1.00
outer loop
vertex 159.07 -139.93 0.44
vertex 152.26 -158.64 0
vertex 152.59 -157.73 0
endloop
endfacet
facet normal -0.00 0.00 1.00
outer loop
vertex 159.07 -139.93 0.44
vertex 152.59 -157.73 0
vertex 154.33 -152.95 0
endloop
endfacet
facet normal -0.00 0.00 1.00
outer loop
vertex 159.07 -139.93 0.44
vertex 154.33 -152.95 0
vertex 154.34 -152.93 0
endloop
endfacet
facet normal -0.00 0.00 1.00
outer loop
vertex 159.07 -139.93 0.44
vertex 154.34 -152.93 0
vertex 154.37 -152.86 0
endloop
endfacet
facet normal -0.00 0.00 1.00
outer loop
vertex 159.07 -139.93 0.44
vertex 154.37 -152.86 0
vertex 154.41 -152.75 0
endloop
endfacet
facet normal -0.00 0.00 1.00
outer loop
vertex 159.07 -139.93 0.44
vertex 154.41 -152.75 0
vertex 154.46 -152.60 0
endloop
endfacet
facet normal -0.00 0.00 1.00
outer loop
vertex 159.07 -139.93 0.44
vertex 154.46 -152.60 0
vertex 154.53 -152.42 0
endloop
endfacet
facet normal -0.00 0.00 1.00
outer loop
vertex 159.07 -139.93 0.44
vertex 154.53 -152.42 0
vertex 154.60 -152.21 0
endloop
endfacet
facet normal -0.00 0.00 1.00
outer loop
vertex 159.07 -139.93 0.44
vertex 154.60 -152.21 0
vertex 154.69 -151.99 0
endloop
endfacet
facet normal -0.00 0.00 1.00
outer loop
vertex 159.07 -139.93 0.44
vertex 154.69 -151.99 0
vertex 154.77 -151.75 0
endloop
endfacet
facet normal -0.00 0.00 1.00
outer loop
vertex 159.07 -139.93 0.44
vertex 154.77 -151.75 0
vertex 154.86 -151.52 0
endloop
endfacet
facet normal -0.00 0.00 1.00
outer loop
vertex 159.07 -139.93 0.44
vertex 154.86 -151.52 0
vertex 154.94 -151.29 0
endloop
endfacet
facet normal -0.00 0.00 1.00
outer loop
vertex 159.07 -139.93 0.44
vertex 154.94 -151.29 0
vertex 155.01 -151.09 0
endloop
endfacet
facet normal -0.00 0.00 1.00
outer loop
vertex 159.07 -139.93 0.44
vertex 155.01 -151.09 0
vertex 155.08 -150.91 0
endloop
endfacet
facet normal -0.00 0.00 1.00
outer loop
vertex 159.07 -139.93 0.44
vertex 155.08 -150.91 0
vertex 155.13 -150.76 0
endloop
endfacet
facet normal -0.00 0.00 1.00
outer loop
vertex 159.07 -139.93 0.44
vertex 155.13 -150.76 0
vertex 155.17 -150.64 0
endloop
endfacet
facet normal -0.00 0.00 1.00
outer loop
vertex 159.07 -139.93 0.44
vertex 155.17 -150.64 0
vertex 155.20 -150.58 0
endloop
endfacet
facet normal -0.00 0.00 1.00
outer loop
vertex 159.07 -139.93 0.44
vertex 155.20 -150.58 0
vertex 155.21 -150.55 0
endloop
endfacet
facet normal -0.00 0.00 1.00
outer loop
vertex 159.07 -139.93 0.44
vertex 155.21 -150.55 0
vertex 159.07 -139.93 0
endloop
endfacet
facet normal 0.84 -0.54 -1.8769810770578567e-12
outer loop
vertex 177.34 -111.42 0.44
vertex 159.07 -139.93 0.44
vertex 159.07 -139.93 0
endloop
endfacet
facet normal 0.84 -0.54 -1.8769810770578567e-12
outer loop
vertex 177.34 -111.42 0.44
vertex 159.07 -139.93 0
vertex 175.83 -113.78 0
endloop
endfacet
facet normal 0.84 -0.54 -1.8769810770578567e-12
outer loop
vertex 177.34 -111.42 0.44
vertex 175.83 -113.78 0
vertex 175.85 -113.75 0
endloop
endfacet
facet normal 0.84 -0.54 -1.8769810770578567e-12
outer loop
vertex 177.34 -111.42 0.44
vertex 175.85 -113.75 0
vertex 175.89 -113.68 0
endloop
endfacet
facet normal 0.84 -0.54 -1.8769810770578567e-12
outer loop
vertex 177.34 -111.42 0.44
vertex 175.89 -113.68 0
vertex 175.96 -113.57 0
endloop
endfacet
facet normal 0.84 -0.54 -1.8769810770578567e-12
outer loop
vertex 177.34 -111.42 0.44
vertex 175.96 -113.57 0
vertex 176.06 -113.42 0
endloop
endfacet
facet normal 0.84 -0.54 -1.8769810770578567e-12
outer loop
vertex 177.34 -111.42 0.44
vertex 176.06 -113.42 0
vertex 176.17 -113.24 0
endloop
endfacet
facet normal 0.84 -0.54 -1.8769810770578567e-12
outer loop
vertex 177.34 -111.42 0.44
vertex 176.17 -113.24 0
vertex 176.31 -113.04 0
endloop
endfacet
facet normal 0.84 -0.54 -1.8769810770578567e-12
outer loop
vertex 177.34 -111.42 0.44
vertex 176.31 -113.04 0
vertex 176.45 -112.81 0
endloop
endfacet
facet normal 0.84 -0.54 -1.8769810770578567e-12
outer loop
vertex 177.34 -111.42 0.44
vertex 176.45 -112.81 0
vertex 176.60 -112.58 0
endloop
endfacet
facet normal 0.84 -0.54 -1.8769810770578567e-12
outer loop
vertex 177.34 -111.42 0.44
vertex 176.60 -112.58 0
vertex 176.75 -112.34 0
endloop
endfacet
facet normal 0.84 -0.54 -1.8769810770578567e-12
outer loop
vertex 177.34 -111.42 0.44
vertex 176.75 -112.34 0
vertex 176.89 -112.12 0
endloop
endfacet
facet normal 0.84 -0.54 -1.8769810770578567e-12
outer loop
vertex 177.34 -111.42 0.44
vertex 176.89 -112.12 0
vertex 177.03 -111.91 0
endloop
endfacet
facet normal 0.84 -0.54 -1.8769810770578567e-12
outer loop
vertex 177.34 -111.42 0.44
vertex 177.03 -111.91 0
vertex 177.14 -111.73 0
endloop
endfacet
facet normal 0.84 -0.54 -1.8769810770578567e-12
outer loop
vertex 177.34 -111.42 0.44
vertex 177.14 -111.73 0
vertex 177.24 -111.58 0
endloop
endfacet
facet normal 0.84 -0.54 -1.8769810770578567e-12
outer loop
vertex 177.34 -111.42 0.44
vertex 177.24 -111.58 0
vertex 177.31 -111.47 0
endloop
endfacet
facet normal 0.84 -0.54 -1.8769810770578567e-12
outer loop
vertex 177.34 -111.42 0.44
vertex 177.31 -111.47 0
vertex 177.34 -111.42 0
endloop
endfacet
facet normal 0.88 -0.48 -7.445054105822457e-14
outer loop
vertex 177.39 -111.32 0.44
vertex 177.34 -111.42 0.44
vertex 177.34 -111.42 0
endloop
endfacet
facet normal 0.88 -0.48 -7.445054105822457e-14
outer loop
vertex 177.39 -111.32 0.44
vertex 177.34 -111.42 0
vertex 177.35 -111.40 0
endloop
endfacet
facet normal 0.88 -0.48 -7.445054105822457e-14
outer loop
vertex 177.39 -111.32 0.44
vertex 177.35 -111.40 0
vertex 177.36 -111.38 0
endloop
endfacet
facet normal 0.88 -0.48 -7.445054105822457e-14
outer loop
vertex 177.39 -111.32 0.44
vertex 177.36 -111.38 0
vertex 177.39 -111.32 0
endloop
endfacet
facet normal -0.00 0.00 1.00
outer loop
vertex 177.43 -111.21 0.44
vertex 177.43 -111.24 0.44
vertex 177.40 -111.31 0.44
endloop
endfacet
facet normal -0.00 0.00 1.00
outer loop
vertex 177.43 -111.21 0.44
vertex 177.40 -111.31 0.44
vertex 177.39 -111.32 0.44
endloop
endfacet
facet normal -0.00 0.00 1.00
outer loop
vertex 177.43 -111.21 0.44
vertex 177.39 -111.32 0.44
vertex 177.39 -111.32 0
endloop
endfacet
facet normal -0.00 0.00 1.00
outer loop
vertex 177.43 -111.21 0.44
vertex 177.39 -111.32 0
vertex 177.43 -111.21 0
endloop
endfacet
facet normal -6.930032878494011e-9 1.4802822573927926e-9 1
outer loop
vertex 177.46 -111.10 0.44
vertex 177.45 -111.16 0.44
vertex 177.43 -111.21 0.44
endloop
endfacet
facet normal -6.930032878494011e-9 1.4802822573927926e-9 1
outer loop
vertex 177.46 -111.10 0.44
vertex 177.43 -111.21 0.44
vertex 177.43 -111.21 0
endloop
endfacet
facet normal -6.930032878494011e-9 1.4802822573927926e-9 1
outer loop
vertex 177.46 -111.10 0.44
vertex 177.43 -111.21 0
vertex 177.46 -111.10 0
endloop
endfacet
facet normal -0.00 0.00 -1.00
outer loop
vertex 177.47 -110.98 0.44
vertex 177.47 -110.99 0.44
vertex 177.46 -111.07 0.44
endloop
endfacet
facet normal -0.00 0.00 -1.00
outer loop
vertex 177.47 -110.98 0.44
vertex 177.46 -111.07 0.44
vertex 177.46 -111.10 0.44
endloop
endfacet
facet normal -0.00 0.00 -1.00
outer loop
vertex 177.47 -110.98 0.44
vertex 177.46 -111.10 0.44
vertex 177.46 -111.10 0
endloop
endfacet
facet normal -0.00 0.00 -1.00
outer loop
vertex 177.47 -110.98 0.44
vertex 177.46 -111.10 0
vertex 177.47 -110.98 0
endloop
endfacet
facet normal -0.00 -0.00 -1.00
outer loop
vertex 177.46 -110.87 0.44
vertex 177.46 -110.90 0.44
vertex 177.47 -110.98 0.44
endloop
endfacet
facet normal -0.00 -0.00 -1.00
outer loop
vertex 177.46 -110.87 0.44
vertex 177.47 -110.98 0.44
vertex 177.47 -110.98 0
endloop
endfacet
facet normal -0.00 -0.00 -1.00
outer loop
vertex 177.46 -110.87 0.44
vertex 177.47 -110.98 0
vertex 177.46 -110.87 0
endloop
endfacet
facet normal -0.00 -0.00 -1.00
outer loop
vertex 177.43 -110.76 0.44
vertex 177.45 -110.82 0.44
vertex 177.46 -110.87 0.44
endloop
endfacet
facet normal -0.00 -0.00 -1.00
outer loop
vertex 177.43 -110.76 0.44
vertex 177.46 -110.87 0.44
vertex 177.46 -110.87 0
endloop
endfacet
facet normal -0.00 -0.00 -1.00
outer loop
vertex 177.43 -110.76 0.44
vertex 177.46 -110.87 0
vertex 177.43 -110.76 0
endloop
endfacet
facet normal -0.00 -0.00 -1.00
outer loop
vertex 177.39 -110.65 0.44
vertex 177.42 -110.74 0.44
vertex 177.43 -110.76 0.44
endloop
endfacet
facet normal -0.00 -0.00 -1.00
outer loop
vertex 177.39 -110.65 0.44
vertex 177.43 -110.76 0.44
vertex 177.43 -110.76 0
endloop
endfacet
facet normal -0.00 -0.00 -1.00
outer loop
vertex 177.39 -110.65 0.44
vertex 177.43 -110.76 0
vertex 177.39 -110.65 0
endloop
endfacet
facet normal 0.91 0.42 1.186153670346455e-12
outer loop
vertex 153.64 -59.72 0.44
vertex 177.39 -110.65 0.44
vertex 177.39 -110.65 0
endloop
endfacet
facet normal 0.91 0.42 1.186153670346455e-12
outer loop
vertex 153.64 -59.72 0.44
vertex 177.39 -110.65 0
vertex 175.58 -106.76 0
endloop
endfacet
facet normal 0.91 0.42 1.186153670346455e-12
outer loop
vertex 153.64 -59.72 0.44
vertex 175.58 -106.76 0
vertex 175.56 -106.73 0
endloop
endfacet
facet normal 0.91 0.42 1.186153670346455e-12
outer loop
vertex 153.64 -59.72 0.44
vertex 175.56 -106.73 0
vertex 175.52 -106.64 0
endloop
endfacet
facet normal 0.91 0.42 1.186153670346455e-12
outer loop
vertex 153.64 -59.72 0.44
vertex 175.52 -106.64 0
vertex 175.45 -106.49 0
endloop
endfacet
facet normal 0.91 0.42 1.186153670346455e-12
outer loop
vertex 153.64 -59.72 0.44
vertex 175.45 -106.49 0
vertex 175.36 -106.29 0
endloop
endfacet
facet normal 0.91 0.42 1.186153670346455e-12
outer loop
vertex 153.64 -59.72 0.44
vertex 175.36 -106.29 0
vertex 175.24 -106.04 0
endloop
endfacet
facet normal 0.91 0.42 1.186153670346455e-12
outer loop
vertex 153.64 -59.72 0.44
vertex 175.24 -106.04 0
vertex 175.11 -105.76 0
endloop
endfacet
facet normal 0.91 0.42 1.186153670346455e-12
outer loop
vertex 153.64 -59.72 0.44
vertex 175.11 -105.76 0
vertex 174.96 -105.44 0
endloop
endfacet
facet normal 0.91 0.42 1.186153670346455e-12
outer loop
vertex 153.64 -59.72 0.44
vertex 174.96 -105.44 0
vertex 174.81 -105.11 0
endloop
endfacet
facet normal 0.91 0.42 1.186153670346455e-12
outer loop
vertex 153.64 -59.72 0.44
vertex 174.81 -105.11 0
vertex 174.64 -104.76 0
endloop
endfacet
facet normal 0.91 0.42 1.186153670346455e-12
outer loop
vertex 153.64 -59.72 0.44
vertex 174.64 -104.76 0
vertex 171.82 -98.71 0
endloop
endfacet
facet normal 0.91 0.42 1.186153670346455e-12
outer loop
vertex 153.64 -59.72 0.44
vertex 171.82 -98.71 0
vertex 171.76 -98.58 0
endloop
endfacet
facet normal 0.91 0.42 1.186153670346455e-12
outer loop
vertex 153.64 -59.72 0.44
vertex 171.76 -98.58 0
vertex 171.66 -98.36 0
endloop
endfacet
facet normal 0.91 0.42 1.186153670346455e-12
outer loop
vertex 153.64 -59.72 0.44
vertex 171.66 -98.36 0
vertex 171.52 -98.06 0
endloop
endfacet
facet normal 0.91 0.42 1.186153670346455e-12
outer loop
vertex 153.64 -59.72 0.44
vertex 171.52 -98.06 0
vertex 171.35 -97.69 0
endloop
endfacet
facet normal 0.91 0.42 1.186153670346455e-12
outer loop
vertex 153.64 -59.72 0.44
vertex 171.35 -97.69 0
vertex 171.15 -97.26 0
endloop
endfacet
facet normal 0.91 0.42 1.186153670346455e-12
outer loop
vertex 153.64 -59.72 0.44
vertex 171.15 -97.26 0
vertex 170.93 -96.79 0
endloop
endfacet
facet normal 0.91 0.42 1.186153670346455e-12
outer loop
vertex 153.64 -59.72 0.44
vertex 170.93 -96.79 0
vertex 170.69 -96.28 0
endloop
endfacet
facet normal 0.91 0.42 1.186153670346455e-12
outer loop
vertex 153.64 -59.72 0.44
vertex 170.69 -96.28 0
vertex 170.45 -95.76 0
endloop
endfacet
facet normal 0.91 0.42 1.186153670346455e-12
outer loop
vertex 153.64 -59.72 0.44
vertex 170.45 -95.76 0
vertex 165.78 -85.76 0
endloop
endfacet
facet normal 0.91 0.42 1.186153670346455e-12
outer loop
vertex 153.64 -59.72 0.44
vertex 165.78 -85.76 0
vertex 165.57 -85.30 0
endloop
endfacet
facet normal 0.91 0.42 1.186153670346455e-12
outer loop
vertex 153.64 -59.72 0.44
vertex 165.57 -85.30 0
vertex 165.36 -84.85 0
endloop
endfacet
facet normal 0.91 0.42 1.186153670346455e-12
outer loop
vertex 153.64 -59.72 0.44
vertex 165.36 -84.85 0
vertex 165.16 -84.42 0
endloop
endfacet
facet normal 0.91 0.42 1.186153670346455e-12
outer loop
vertex 153.64 -59.72 0.44
vertex 165.16 -84.42 0
vertex 164.98 -84.03 0
endloop
endfacet
facet normal 0.91 0.42 1.186153670346455e-12
outer loop
vertex 153.64 -59.72 0.44
vertex 164.98 -84.03 0
vertex 164.81 -83.67 0
endloop
endfacet
facet normal 0.91 0.42 1.186153670346455e-12
outer loop
vertex 153.64 -59.72 0.44
vertex 164.81 -83.67 0
vertex 164.67 -83.37 0
endloop
endfacet
facet normal 0.91 0.42 1.186153670346455e-12
outer loop
vertex 153.64 -59.72 0.44
vertex 164.67 -83.37 0
vertex 164.55 -83.12 0
endloop
endfacet
facet normal 0.91 0.42 1.186153670346455e-12
outer loop
vertex 153.64 -59.72 0.44
vertex 164.55 -83.12 0
vertex 162.05 -77.76 0
endloop
endfacet
facet normal 0.91 0.42 1.186153670346455e-12
outer loop
vertex 153.64 -59.72 0.44
vertex 162.05 -77.76 0
vertex 161.97 -77.59 0
endloop
endfacet
facet normal 0.91 0.42 1.186153670346455e-12
outer loop
vertex 153.64 -59.72 0.44
vertex 161.97 -77.59 0
vertex 161.89 -77.42 0
endloop
endfacet
facet normal 0.91 0.42 1.186153670346455e-12
outer loop
vertex 153.64 -59.72 0.44
vertex 161.89 -77.42 0
vertex 161.82 -77.26 0
endloop
endfacet
facet normal 0.91 0.42 1.186153670346455e-12
outer loop
vertex 153.64 -59.72 0.44
vertex 161.82 -77.26 0
vertex 161.75 -77.12 0
endloop
endfacet
facet normal 0.91 0.42 1.186153670346455e-12
outer loop
vertex 153.64 -59.72 0.44
vertex 161.75 -77.12 0
vertex 161.70 -76.99 0
endloop
endfacet
facet normal 0.91 0.42 1.186153670346455e-12
outer loop
vertex 153.64 -59.72 0.44
vertex 161.70 -76.99 0
vertex 161.65 -76.89 0
endloop
endfacet
facet normal 0.91 0.42 1.186153670346455e-12
outer loop
vertex 153.64 -59.72 0.44
vertex 161.65 -76.89 0
vertex 161.62 -76.82 0
endloop
endfacet
facet normal 0.91 0.42 1.186153670346455e-12
outer loop
vertex 153.64 -59.72 0.44
vertex 161.62 -76.82 0
vertex 161.59 -76.77 0
endloop
endfacet
facet normal 0.91 0.42 1.186153670346455e-12
outer loop
vertex 153.64 -59.72 0.44
vertex 161.59 -76.77 0
vertex 161.59 -76.76 0
endloop
endfacet
facet normal 0.91 0.42 1.186153670346455e-12
outer loop
vertex 153.64 -59.72 0.44
vertex 161.59 -76.76 0
vertex 153.64 -59.72 0
endloop
endfacet
facet normal 0.42 -0.91 -2.484415148510823e-14
outer loop
vertex 170.13 -52.02 0.44
vertex 153.64 -59.72 0.44
vertex 153.64 -59.72 0
endloop
endfacet
facet normal 0.42 -0.91 -2.484415148510823e-14
outer loop
vertex 170.13 -52.02 0.44
vertex 153.64 -59.72 0
vertex 169.63 -52.26 0
endloop
endfacet
facet normal 0.42 -0.91 -2.484415148510823e-14
outer loop
vertex 170.13 -52.02 0.44
vertex 169.63 -52.26 0
vertex 169.69 -52.23 0
endloop
endfacet
facet normal 0.42 -0.91 -2.484415148510823e-14
outer loop
vertex 170.13 -52.02 0.44
vertex 169.69 -52.23 0
vertex 169.88 -52.14 0
endloop
endfacet
facet normal 0.42 -0.91 -2.484415148510823e-14
outer loop
vertex 170.13 -52.02 0.44
vertex 169.88 -52.14 0
vertex 170.13 -52.02 0
endloop
endfacet
facet normal 0.50 -0.87 1.3975153371462664e-12
outer loop
vertex 170.26 -51.95 0.44
vertex 170.13 -52.02 0.44
vertex 170.13 -52.02 0
endloop
endfacet
facet normal 0.50 -0.87 1.3975153371462664e-12
outer loop
vertex 170.26 -51.95 0.44
vertex 170.13 -52.02 0
vertex 170.17 -52.01 0
endloop
endfacet
facet normal 0.50 -0.87 1.3975153371462664e-12
outer loop
vertex 170.26 -51.95 0.44
vertex 170.17 -52.01 0
vertex 170.26 -51.95 0
endloop
endfacet
facet normal 0.64 -0.77 0
outer loop
vertex 170.36 -51.87 0.44
vertex 170.26 -51.95 0.44
vertex 170.26 -51.95 0
endloop
endfacet
facet normal 0.64 -0.77 0
outer loop
vertex 170.36 -51.87 0.44
vertex 170.26 -51.95 0
vertex 170.36 -51.87 0
endloop
endfacet
facet normal 0 0 -1
outer loop
vertex 170.45 -51.76 0.44
vertex 170.42 -51.80 0.44
vertex 170.38 -51.84 0.44
endloop
endfacet
facet normal 0 0 -1
outer loop
vertex 170.45 -51.76 0.44
vertex 170.38 -51.84 0.44
vertex 170.36 -51.87 0.44
endloop
endfacet
facet normal 0 0 -1
outer loop
vertex 170.45 -51.76 0.44
vertex 170.36 -51.87 0.44
vertex 170.36 -51.87 0
endloop
endfacet
facet normal 0 0 -1
outer loop
vertex 170.45 -51.76 0.44
vertex 170.36 -51.87 0
vertex 170.40 -51.82 0
endloop
endfacet
facet normal 0 0 -1
outer loop
vertex 170.45 -51.76 0.44
vertex 170.40 -51.82 0
vertex 170.45 -51.76 0
endloop
endfacet
facet normal 0 0 -1
outer loop
vertex 170.52 -51.64 0.44
vertex 170.50 -51.67 0.44
vertex 170.46 -51.74 0.44
endloop
endfacet
facet normal 0 0 -1
outer loop
vertex 170.52 -51.64 0.44
vertex 170.46 -51.74 0.44
vertex 170.45 -51.76 0.44
endloop
endfacet
facet normal 0 0 -1
outer loop
vertex 170.52 -51.64 0.44
vertex 170.45 -51.76 0.44
vertex 170.45 -51.76 0
endloop
endfacet
facet normal 0 0 -1
outer loop
vertex 170.52 -51.64 0.44
vertex 170.45 -51.76 0
vertex 170.52 -51.64 0
endloop
endfacet
facet normal 0 0 -1
outer loop
vertex 170.57 -51.51 0.44
vertex 170.54 -51.59 0.44
vertex 170.52 -51.64 0.44
endloop
endfacet
facet normal 0 0 -1
outer loop
vertex 170.57 -51.51 0.44
vertex 170.52 -51.64 0.44
vertex 170.52 -51.64 0
endloop
endfacet
facet normal 0 0 -1
outer loop
vertex 170.57 -51.51 0.44
vertex 170.52 -51.64 0
vertex 170.54 -51.59 0
endloop
endfacet
facet normal 0 0 -1
outer loop
vertex 170.57 -51.51 0.44
vertex 170.54 -51.59 0
vertex 170.57 -51.51 0
endloop
endfacet
facet normal 0 0 1
outer loop
vertex 170.59 -51.37 0.44
vertex 170.59 -51.41 0.44
vertex 170.57 -51.50 0.44
endloop
endfacet
facet normal 0 0 1
outer loop
vertex 170.59 -51.37 0.44
vertex 170.57 -51.50 0.44
vertex 170.57 -51.51 0.44
endloop
endfacet
facet normal 0 0 1
outer loop
vertex 170.59 -51.37 0.44
vertex 170.57 -51.51 0.44
vertex 170.57 -51.51 0
endloop
endfacet
facet normal 0 0 1
outer loop
vertex 170.59 -51.37 0.44
vertex 170.57 -51.51 0
vertex 170.59 -51.37 0
endloop
endfacet
facet normal -1.2200007788738574e-10 -2.5105940825603886e-15 1
outer loop
vertex 170.59 -51.23 0.44
vertex 170.59 -51.32 0.44
vertex 170.59 -51.37 0.44
endloop
endfacet
facet normal -1.2200007788738574e-10 -2.5105940825603886e-15 1
outer loop
vertex 170.59 -51.23 0.44
vertex 170.59 -51.37 0.44
vertex 170.59 -51.37 0
endloop
endfacet
facet normal -1.2200007788738574e-10 -2.5105940825603886e-15 1
outer loop
vertex 170.59 -51.23 0.44
vertex 170.59 -51.37 0
vertex 170.59 -51.33 0
endloop
endfacet
facet normal -1.2200007788738574e-10 -2.5105940825603886e-15 1
outer loop
vertex 170.59 -51.23 0.44
vertex 170.59 -51.33 0
vertex 170.59 -51.23 0
endloop
endfacet
facet normal 0 0 1
outer loop
vertex 170.57 -51.09 0.44
vertex 170.58 -51.13 0.44
vertex 170.59 -51.23 0.44
endloop
endfacet
facet normal 0 0 1
outer loop
vertex 170.57 -51.09 0.44
vertex 170.59 -51.23 0.44
vertex 170.59 -51.23 0.44
endloop
endfacet
facet normal 0 0 1
outer loop
vertex 170.57 -51.09 0.44
vertex 170.59 -51.23 0.44
vertex 170.59 -51.23 0
endloop
endfacet
facet normal 0 0 1
outer loop
vertex 170.57 -51.09 0.44
vertex 170.59 -51.23 0
vertex 170.57 -51.09 0
endloop
endfacet
facet normal 0 0 1
outer loop
vertex 170.52 -50.96 0.44
vertex 170.55 -51.05 0.44
vertex 170.57 -51.09 0.44
endloop
endfacet
facet normal 0 0 1
outer loop
vertex 170.52 -50.96 0.44
vertex 170.57 -51.09 0.44
vertex 170.57 -51.09 0
endloop
endfacet
facet normal 0 0 1
outer loop
vertex 170.52 -50.96 0.44
vertex 170.57 -51.09 0
vertex 170.55 -51.05 0
endloop
endfacet
facet normal 0 0 1
outer loop
vertex 170.52 -50.96 0.44
vertex 170.55 -51.05 0
vertex 170.52 -50.96 0
endloop
endfacet
facet normal 0.91 0.42 -1.8875245770935273e-12
outer loop
vertex 169.53 -48.83 0.44
vertex 170.52 -50.96 0.44
vertex 170.52 -50.96 0
endloop
endfacet
facet normal 0.91 0.42 -1.8875245770935273e-12
outer loop
vertex 169.53 -48.83 0.44
vertex 170.52 -50.96 0
vertex 170.43 -50.76 0
endloop
endfacet
facet normal 0.91 0.42 -1.8875245770935273e-12
outer loop
vertex 169.53 -48.83 0.44
vertex 170.43 -50.76 0
vertex 170.29 -50.47 0
endloop
endfacet
facet normal 0.91 0.42 -1.8875245770935273e-12
outer loop
vertex 169.53 -48.83 0.44
vertex 170.29 -50.47 0
vertex 170.16 -50.19 0
endloop
endfacet
facet normal 0.91 0.42 -1.8875245770935273e-12
outer loop
vertex 169.53 -48.83 0.44
vertex 170.16 -50.19 0
vertex 170.04 -49.93 0
endloop
endfacet
facet normal 0.91 0.42 -1.8875245770935273e-12
outer loop
vertex 169.53 -48.83 0.44
vertex 170.04 -49.93 0
vertex 169.93 -49.70 0
endloop
endfacet
facet normal 0.91 0.42 -1.8875245770935273e-12
outer loop
vertex 169.53 -48.83 0.44
vertex 169.93 -49.70 0
vertex 169.85 -49.51 0
endloop
endfacet
facet normal 0.91 0.42 -1.8875245770935273e-12
outer loop
vertex 169.53 -48.83 0.44
vertex 169.85 -49.51 0
vertex 169.78 -49.37 0
endloop
endfacet
facet normal 0.91 0.42 -1.8875245770935273e-12
outer loop
vertex 169.53 -48.83 0.44
vertex 169.78 -49.37 0
vertex 169.74 -49.29 0
endloop
endfacet
facet normal 0.91 0.42 -1.8875245770935273e-12
outer loop
vertex 169.53 -48.83 0.44
vertex 169.74 -49.29 0
vertex 169.73 -49.26 0
endloop
endfacet
facet normal 0.91 0.42 -1.8875245770935273e-12
outer loop
vertex 169.53 -48.83 0.44
vertex 169.73 -49.26 0
vertex 169.53 -48.83 0
endloop
endfacet
facet normal 0.40 -0.92 -8.293551809244739e-14
outer loop
vertex 188.06 -40.68 0.44
vertex 169.53 -48.83 0.44
vertex 169.53 -48.83 0
endloop
endfacet
facet normal 0.40 -0.92 -8.293551809244739e-14
outer loop
vertex 188.06 -40.68 0.44
vertex 169.53 -48.83 0
vertex 185.60 -41.76 0
endloop
endfacet
facet normal 0.40 -0.92 -8.293551809244739e-14
outer loop
vertex 188.06 -40.68 0.44
vertex 185.60 -41.76 0
vertex 188.06 -40.68 0
endloop
endfacet
facet normal 0.48 -0.88 0
outer loop
vertex 188.19 -40.61 0.44
vertex 188.06 -40.68 0.44
vertex 188.06 -40.68 0
endloop
endfacet
facet normal 0.48 -0.88 0
outer loop
vertex 188.19 -40.61 0.44
vertex 188.06 -40.68 0
vertex 188.19 -40.61 0
endloop
endfacet
facet normal 0.62 -0.78 0
outer loop
vertex 188.29 -40.53 0.44
vertex 188.19 -40.61 0.44
vertex 188.19 -40.61 0
endloop
endfacet
facet normal 0.62 -0.78 0
outer loop
vertex 188.29 -40.53 0.44
vertex 188.19 -40.61 0
vertex 188.29 -40.53 0
endloop
endfacet
facet normal -6.262320805413838e-10 5.559439595117887e-10 -1
outer loop
vertex 188.38 -40.42 0.44
vertex 188.36 -40.44 0.44
vertex 188.32 -40.49 0.44
endloop
endfacet
facet normal -6.262320805413838e-10 5.559439595117887e-10 -1
outer loop
vertex 188.38 -40.42 0.44
vertex 188.32 -40.49 0.44
vertex 188.29 -40.53 0.44
endloop
endfacet
facet normal -6.262320805413838e-10 5.559439595117887e-10 -1
outer loop
vertex 188.38 -40.42 0.44
vertex 188.29 -40.53 0.44
vertex 188.29 -40.53 0
endloop
endfacet
facet normal -6.262320805413838e-10 5.559439595117887e-10 -1
outer loop
vertex 188.38 -40.42 0.44
vertex 188.29 -40.53 0
vertex 188.38 -40.42 0
endloop
endfacet
facet normal -0.01 0.01 1.00
outer loop
vertex 188.46 -40.31 0.44
vertex 188.41 -40.38 0.44
vertex 188.38 -40.42 0.44
endloop
endfacet
facet normal -0.01 0.01 1.00
outer loop
vertex 188.46 -40.31 0.44
vertex 188.38 -40.42 0.44
vertex 188.38 -40.42 0
endloop
endfacet
facet normal -0.01 0.01 1.00
outer loop
vertex 188.46 -40.31 0.44
vertex 188.38 -40.42 0
vertex 188.46 -40.31 0
endloop
endfacet
facet normal 0 0 1
outer loop
vertex 188.51 -40.18 0.44
vertex 188.49 -40.22 0.44
vertex 188.46 -40.30 0.44
endloop
endfacet
facet normal 0 0 1
outer loop
vertex 188.51 -40.18 0.44
vertex 188.46 -40.30 0.44
vertex 188.46 -40.31 0.44
endloop
endfacet
facet normal 0 0 1
outer loop
vertex 188.51 -40.18 0.44
vertex 188.46 -40.31 0.44
vertex 188.46 -40.31 0
endloop
endfacet
facet normal 0 0 1
outer loop
vertex 188.51 -40.18 0.44
vertex 188.46 -40.31 0
vertex 188.51 -40.18 0
endloop
endfacet
facet normal 0 0 -1
outer loop
vertex 188.54 -40.04 0.44
vertex 188.52 -40.12 0.44
vertex 188.51 -40.18 0.44
endloop
endfacet
facet normal 0 0 -1
outer loop
vertex 188.54 -40.04 0.44
vertex 188.51 -40.18 0.44
vertex 188.51 -40.18 0
endloop
endfacet
facet normal 0 0 -1
outer loop
vertex 188.54 -40.04 0.44
vertex 188.51 -40.18 0
vertex 188.54 -40.04 0
endloop
endfacet
facet normal 0 0 1
outer loop
vertex 188.54 -39.91 0.44
vertex 188.54 -39.92 0.44
vertex 188.54 -40.02 0.44
endloop
endfacet
facet normal 0 0 1
outer loop
vertex 188.54 -39.91 0.44
vertex 188.54 -40.02 0.44
vertex 188.54 -40.04 0.44
endloop
endfacet
facet normal 0 0 1
outer loop
vertex 188.54 -39.91 0.44
vertex 188.54 -40.04 0.44
vertex 188.54 -40.04 0
endloop
endfacet
facet normal 0 0 1
outer loop
vertex 188.54 -39.91 0.44
vertex 188.54 -40.04 0
vertex 188.54 -39.91 0
endloop
endfacet
facet normal -0.00 -0.00 1.00
outer loop
vertex 188.52 -39.77 0.44
vertex 188.53 -39.81 0.44
vertex 188.54 -39.91 0.44
endloop
endfacet
facet normal -0.00 -0.00 1.00
outer loop
vertex 188.52 -39.77 0.44
vertex 188.54 -39.91 0.44
vertex 188.54 -39.91 0
endloop
endfacet
facet normal -0.00 -0.00 1.00
outer loop
vertex 188.52 -39.77 0.44
vertex 188.54 -39.91 0
vertex 188.52 -39.77 0
endloop
endfacet
facet normal 0 0 1
outer loop
vertex 188.48 -39.64 0.44
vertex 188.50 -39.70 0.44
vertex 188.51 -39.71 0.44
endloop
endfacet
facet normal 0 0 1
outer loop
vertex 188.48 -39.64 0.44
vertex 188.51 -39.71 0.44
vertex 188.52 -39.77 0.44
endloop
endfacet
facet normal 0 0 1
outer loop
vertex 188.48 -39.64 0.44
vertex 188.52 -39.77 0.44
vertex 188.52 -39.77 0
endloop
endfacet
facet normal 0 0 1
outer loop
vertex 188.48 -39.64 0.44
vertex 188.52 -39.77 0
vertex 188.48 -39.64 0
endloop
endfacet
facet normal 0.92 0.38 9.53681771687456e-13
outer loop
vertex 181.69 -23.24 0.44
vertex 188.48 -39.64 0.44
vertex 188.48 -39.64 0
endloop
endfacet
facet normal 0.92 0.38 9.53681771687456e-13
outer loop
vertex 181.69 -23.24 0.44
vertex 188.48 -39.64 0
vertex 185.07 -31.41 0
endloop
endfacet
facet normal 0.92 0.38 9.53681771687456e-13
outer loop
vertex 181.69 -23.24 0.44
vertex 185.07 -31.41 0
vertex 185.06 -31.39 0
endloop
endfacet
facet normal 0.92 0.38 9.53681771687456e-13
outer loop
vertex 181.69 -23.24 0.44
vertex 185.06 -31.39 0
vertex 185.04 -31.32 0
endloop
endfacet
facet normal 0.92 0.38 9.53681771687456e-13
outer loop
vertex 181.69 -23.24 0.44
vertex 185.04 -31.32 0
vertex 184.99 -31.21 0
endloop
endfacet
facet normal 0.92 0.38 9.53681771687456e-13
outer loop
vertex 181.69 -23.24 0.44
vertex 184.99 -31.21 0
vertex 184.93 -31.06 0
endloop
endfacet
facet normal 0.92 0.38 9.53681771687456e-13
outer loop
vertex 181.69 -23.24 0.44
vertex 184.93 -31.06 0
vertex 184.85 -30.88 0
endloop
endfacet
facet normal 0.92 0.38 9.53681771687456e-13
outer loop
vertex 181.69 -23.24 0.44
vertex 184.85 -30.88 0
vertex 184.77 -30.67 0
endloop
endfacet
facet normal 0.92 0.38 9.53681771687456e-13
outer loop
vertex 181.69 -23.24 0.44
vertex 184.77 -30.67 0
vertex 184.67 -30.45 0
endloop
endfacet
facet normal 0.92 0.38 9.53681771687456e-13
outer loop
vertex 181.69 -23.24 0.44
vertex 184.67 -30.45 0
vertex 184.58 -30.21 0
endloop
endfacet
facet normal 0.92 0.38 9.53681771687456e-13
outer loop
vertex 181.69 -23.24 0.44
vertex 184.58 -30.21 0
vertex 184.48 -29.98 0
endloop
endfacet
facet normal 0.92 0.38 9.53681771687456e-13
outer loop
vertex 181.69 -23.24 0.44
vertex 184.48 -29.98 0
vertex 184.39 -29.75 0
endloop
endfacet
facet normal 0.92 0.38 9.53681771687456e-13
outer loop
vertex 181.69 -23.24 0.44
vertex 184.39 -29.75 0
vertex 184.30 -29.55 0
endloop
endfacet
facet normal 0.92 0.38 9.53681771687456e-13
outer loop
vertex 181.69 -23.24 0.44
vertex 184.30 -29.55 0
vertex 184.23 -29.37 0
endloop
endfacet
facet normal 0.92 0.38 9.53681771687456e-13
outer loop
vertex 181.69 -23.24 0.44
vertex 184.23 -29.37 0
vertex 184.16 -29.22 0
endloop
endfacet
facet normal 0.92 0.38 9.53681771687456e-13
outer loop
vertex 181.69 -23.24 0.44
vertex 184.16 -29.22 0
vertex 184.12 -29.11 0
endloop
endfacet
facet normal 0.92 0.38 9.53681771687456e-13
outer loop
vertex 181.69 -23.24 0.44
vertex 184.12 -29.11 0
vertex 184.09 -29.04 0
endloop
endfacet
facet normal 0.92 0.38 9.53681771687456e-13
outer loop
vertex 181.69 -23.24 0.44
vertex 184.09 -29.04 0
vertex 184.08 -29.01 0
endloop
endfacet
facet normal 0.92 0.38 9.53681771687456e-13
outer loop
vertex 181.69 -23.24 0.44
vertex 184.08 -29.01 0
vertex 183.37 -27.31 0
endloop
endfacet
facet normal 0.92 0.38 9.53681771687456e-13
outer loop
vertex 181.69 -23.24 0.44
vertex 183.37 -27.31 0
vertex 183.37 -27.29 0
endloop
endfacet
facet normal 0.92 0.38 9.53681771687456e-13
outer loop
vertex 181.69 -23.24 0.44
vertex 183.37 -27.29 0
vertex 183.34 -27.23 0
endloop
endfacet
facet normal 0.92 0.38 9.53681771687456e-13
outer loop
vertex 181.69 -23.24 0.44
vertex 183.34 -27.23 0
vertex 183.30 -27.13 0
endloop
endfacet
facet normal 0.92 0.38 9.53681771687456e-13
outer loop
vertex 181.69 -23.24 0.44
vertex 183.30 -27.13 0
vertex 183.25 -27.00 0
endloop
endfacet
facet normal 0.92 0.38 9.53681771687456e-13
outer loop
vertex 181.69 -23.24 0.44
vertex 183.25 -27.00 0
vertex 183.18 -26.84 0
endloop
endfacet
facet normal 0.92 0.38 9.53681771687456e-13
outer loop
vertex 181.69 -23.24 0.44
vertex 183.18 -26.84 0
vertex 183.11 -26.66 0
endloop
endfacet
facet normal 0.92 0.38 9.53681771687456e-13
outer loop
vertex 181.69 -23.24 0.44
vertex 183.11 -26.66 0
vertex 183.02 -26.46 0
endloop
endfacet
facet normal 0.92 0.38 9.53681771687456e-13
outer loop
vertex 181.69 -23.24 0.44
vertex 183.02 -26.46 0
vertex 182.94 -26.26 0
endloop
endfacet
facet normal 0.92 0.38 9.53681771687456e-13
outer loop
vertex 181.69 -23.24 0.44
vertex 182.94 -26.26 0
vertex 182.85 -26.05 0
endloop
endfacet
facet normal 0.92 0.38 9.53681771687456e-13
outer loop
vertex 181.69 -23.24 0.44
vertex 182.85 -26.05 0
vertex 182.77 -25.86 0
endloop
endfacet
facet normal 0.92 0.38 9.53681771687456e-13
outer loop
vertex 181.69 -23.24 0.44
vertex 182.77 -25.86 0
vertex 182.70 -25.68 0
endloop
endfacet
facet normal 0.92 0.38 9.53681771687456e-13
outer loop
vertex 181.69 -23.24 0.44
vertex 182.70 -25.68 0
vertex 182.63 -25.52 0
endloop
endfacet
facet normal 0.92 0.38 9.53681771687456e-13
outer loop
vertex 181.69 -23.24 0.44
vertex 182.63 -25.52 0
vertex 182.58 -25.39 0
endloop
endfacet
facet normal 0.92 0.38 9.53681771687456e-13
outer loop
vertex 181.69 -23.24 0.44
vertex 182.58 -25.39 0
vertex 182.54 -25.29 0
endloop
endfacet
facet normal 0.92 0.38 9.53681771687456e-13
outer loop
vertex 181.69 -23.24 0.44
vertex 182.54 -25.29 0
vertex 182.51 -25.23 0
endloop
endfacet
facet normal 0.92 0.38 9.53681771687456e-13
outer loop
vertex 181.69 -23.24 0.44
vertex 182.51 -25.23 0
vertex 182.50 -25.21 0
endloop
endfacet
facet normal 0.92 0.38 9.53681771687456e-13
outer loop
vertex 181.69 -23.24 0.44
vertex 182.50 -25.21 0
vertex 181.69 -23.24 0
endloop
endfacet
facet normal -0.92 0.38 0
outer loop
vertex 108.67 -39.64 0.44
vertex 115.46 -23.24 0.44
vertex 115.46 -23.24 0
endloop
endfacet
facet normal -0.92 0.38 0
outer loop
vertex 108.67 -39.64 0.44
vertex 115.46 -23.24 0
vertex 113.07 -29.01 0
endloop
endfacet
facet normal -0.92 0.38 0
outer loop
vertex 108.67 -39.64 0.44
vertex 113.07 -29.01 0
vertex 113.06 -29.04 0
endloop
endfacet
facet normal -0.92 0.38 0
outer loop
vertex 108.67 -39.64 0.44
vertex 113.06 -29.04 0
vertex 113.04 -29.11 0
endloop
endfacet
facet normal -0.92 0.38 0
outer loop
vertex 108.67 -39.64 0.44
vertex 113.04 -29.11 0
vertex 112.99 -29.22 0
endloop
endfacet
facet normal -0.92 0.38 0
outer loop
vertex 108.67 -39.64 0.44
vertex 112.99 -29.22 0
vertex 112.93 -29.37 0
endloop
endfacet
facet normal -0.92 0.38 0
outer loop
vertex 108.67 -39.64 0.44
vertex 112.93 -29.37 0
vertex 112.85 -29.55 0
endloop
endfacet
facet normal -0.92 0.38 0
outer loop
vertex 108.67 -39.64 0.44
vertex 112.85 -29.55 0
vertex 112.77 -29.75 0
endloop
endfacet
facet normal -0.92 0.38 0
outer loop
vertex 108.67 -39.64 0.44
vertex 112.77 -29.75 0
vertex 112.67 -29.98 0
endloop
endfacet
facet normal -0.92 0.38 0
outer loop
vertex 108.67 -39.64 0.44
vertex 112.67 -29.98 0
vertex 112.58 -30.21 0
endloop
endfacet
facet normal -0.92 0.38 0
outer loop
vertex 108.67 -39.64 0.44
vertex 112.58 -30.21 0
vertex 112.48 -30.45 0
endloop
endfacet
facet normal -0.92 0.38 0
outer loop
vertex 108.67 -39.64 0.44
vertex 112.48 -30.45 0
vertex 112.39 -30.67 0
endloop
endfacet
facet normal -0.92 0.38 0
outer loop
vertex 108.67 -39.64 0.44
vertex 112.39 -30.67 0
vertex 112.30 -30.88 0
endloop
endfacet
facet normal -0.92 0.38 0
outer loop
vertex 108.67 -39.64 0.44
vertex 112.30 -30.88 0
vertex 112.22 -31.06 0
endloop
endfacet
facet normal -0.92 0.38 0
outer loop
vertex 108.67 -39.64 0.44
vertex 112.22 -31.06 0
vertex 112.16 -31.21 0
endloop
endfacet
facet normal -0.92 0.38 0
outer loop
vertex 108.67 -39.64 0.44
vertex 112.16 -31.21 0
vertex 112.12 -31.32 0
endloop
endfacet
facet normal -0.92 0.38 0
outer loop
vertex 108.67 -39.64 0.44
vertex 112.12 -31.32 0
vertex 112.09 -31.39 0
endloop
endfacet
facet normal -0.92 0.38 0
outer loop
vertex 108.67 -39.64 0.44
vertex 112.09 -31.39 0
vertex 112.08 -31.41 0
endloop
endfacet
facet normal -0.92 0.38 0
outer loop
vertex 108.67 -39.64 0.44
vertex 112.08 -31.41 0
vertex 108.67 -39.64 0
endloop
endfacet
facet normal 0.00 -0.00 -1.00
outer loop
vertex 108.63 -39.77 0.44
vertex 108.65 -39.71 0.44
vertex 108.67 -39.64 0.44
endloop
endfacet
facet normal 0.00 -0.00 -1.00
outer loop
vertex 108.63 -39.77 0.44
vertex 108.67 -39.64 0.44
vertex 108.67 -39.64 0
endloop
endfacet
facet normal 0.00 -0.00 -1.00
outer loop
vertex 108.63 -39.77 0.44
vertex 108.67 -39.64 0
vertex 108.63 -39.77 0
endloop
endfacet
facet normal 0.00 -0.00 1.00
outer loop
vertex 108.61 -39.91 0.44
vertex 108.62 -39.81 0.44
vertex 108.63 -39.77 0.44
endloop
endfacet
facet normal 0.00 -0.00 1.00
outer loop
vertex 108.61 -39.91 0.44
vertex 108.63 -39.77 0.44
vertex 108.63 -39.77 0
endloop
endfacet
facet normal 0.00 -0.00 1.00
outer loop
vertex 108.61 -39.91 0.44
vertex 108.63 -39.77 0
vertex 108.61 -39.91 0
endloop
endfacet
facet normal 0 0 1
outer loop
vertex 108.62 -40.04 0.44
vertex 108.62 -40.02 0.44
vertex 108.61 -39.92 0.44
endloop
endfacet
facet normal 0 0 1
outer loop
vertex 108.62 -40.04 0.44
vertex 108.61 -39.92 0.44
vertex 108.61 -39.91 0.44
endloop
endfacet
facet normal 0 0 1
outer loop
vertex 108.62 -40.04 0.44
vertex 108.61 -39.91 0.44
vertex 108.61 -39.91 0
endloop
endfacet
facet normal 0 0 1
outer loop
vertex 108.62 -40.04 0.44
vertex 108.61 -39.91 0
vertex 108.62 -40.04 0
endloop
endfacet
facet normal 0.00 0.00 1.00
outer loop
vertex 108.65 -40.18 0.44
vertex 108.63 -40.12 0.44
vertex 108.62 -40.04 0.44
endloop
endfacet
facet normal 0.00 0.00 1.00
outer loop
vertex 108.65 -40.18 0.44
vertex 108.62 -40.04 0.44
vertex 108.62 -40.04 0
endloop
endfacet
facet normal 0.00 0.00 1.00
outer loop
vertex 108.65 -40.18 0.44
vertex 108.62 -40.04 0
vertex 108.65 -40.18 0
endloop
endfacet
facet normal 0 0 1
outer loop
vertex 108.70 -40.31 0.44
vertex 108.70 -40.30 0.44
vertex 108.66 -40.22 0.44
endloop
endfacet
facet normal 0 0 1
outer loop
vertex 108.70 -40.31 0.44
vertex 108.66 -40.22 0.44
vertex 108.65 -40.18 0.44
endloop
endfacet
facet normal 0 0 1
outer loop
vertex 108.70 -40.31 0.44
vertex 108.65 -40.18 0.44
vertex 108.65 -40.18 0
endloop
endfacet
facet normal 0 0 1
outer loop
vertex 108.70 -40.31 0.44
vertex 108.65 -40.18 0
vertex 108.70 -40.31 0
endloop
endfacet
facet normal 0 0 -1
outer loop
vertex 108.77 -40.42 0.44
vertex 108.74 -40.38 0.44
vertex 108.70 -40.31 0.44
endloop
endfacet
facet normal 0 0 -1
outer loop
vertex 108.77 -40.42 0.44
vertex 108.70 -40.31 0.44
vertex 108.70 -40.31 0
endloop
endfacet
facet normal 0 0 -1
outer loop
vertex 108.77 -40.42 0.44
vertex 108.70 -40.31 0
vertex 108.77 -40.42 0
endloop
endfacet
facet normal 0 0 1
outer loop
vertex 108.86 -40.53 0.44
vertex 108.83 -40.49 0.44
vertex 108.79 -40.44 0.44
endloop
endfacet
facet normal 0 0 1
outer loop
vertex 108.86 -40.53 0.44
vertex 108.79 -40.44 0.44
vertex 108.77 -40.42 0.44
endloop
endfacet
facet normal 0 0 1
outer loop
vertex 108.86 -40.53 0.44
vertex 108.77 -40.42 0.44
vertex 108.77 -40.42 0
endloop
endfacet
facet normal 0 0 1
outer loop
vertex 108.86 -40.53 0.44
vertex 108.77 -40.42 0
vertex 108.86 -40.53 0
endloop
endfacet
facet normal -0.62 -0.78 0
outer loop
vertex 108.97 -40.61 0.44
vertex 108.86 -40.53 0.44
vertex 108.86 -40.53 0
endloop
endfacet
facet normal -0.62 -0.78 0
outer loop
vertex 108.97 -40.61 0.44
vertex 108.86 -40.53 0
vertex 108.97 -40.61 0
endloop
endfacet
facet normal -0.48 -0.88 0
outer loop
vertex 109.09 -40.68 0.44
vertex 108.97 -40.61 0.44
vertex 108.97 -40.61 0
endloop
endfacet
facet normal -0.48 -0.88 0
outer loop
vertex 109.09 -40.68 0.44
vertex 108.97 -40.61 0
vertex 109.09 -40.68 0
endloop
endfacet
facet normal -0.40 -0.92 -3.33655828353552e-12
outer loop
vertex 127.62 -48.83 0.44
vertex 109.09 -40.68 0.44
vertex 109.09 -40.68 0
endloop
endfacet
facet normal -0.40 -0.92 -3.33655828353552e-12
outer loop
vertex 127.62 -48.83 0.44
vertex 109.09 -40.68 0
vertex 111.55 -41.76 0
endloop
endfacet
facet normal -0.40 -0.92 -3.33655828353552e-12
outer loop
vertex 127.62 -48.83 0.44
vertex 111.55 -41.76 0
vertex 127.62 -48.83 0
endloop
endfacet
facet normal -0.91 0.42 -6.015321557832872e-14
outer loop
vertex 126.63 -50.96 0.44
vertex 127.62 -48.83 0.44
vertex 127.62 -48.83 0
endloop
endfacet
facet normal -0.91 0.42 -6.015321557832872e-14
outer loop
vertex 126.63 -50.96 0.44
vertex 127.62 -48.83 0
vertex 127.43 -49.26 0
endloop
endfacet
facet normal -0.91 0.42 -6.015321557832872e-14
outer loop
vertex 126.63 -50.96 0.44
vertex 127.43 -49.26 0
vertex 127.41 -49.29 0
endloop
endfacet
facet normal -0.91 0.42 -6.015321557832872e-14
outer loop
vertex 126.63 -50.96 0.44
vertex 127.41 -49.29 0
vertex 127.37 -49.37 0
endloop
endfacet
facet normal -0.91 0.42 -6.015321557832872e-14
outer loop
vertex 126.63 -50.96 0.44
vertex 127.37 -49.37 0
vertex 127.31 -49.51 0
endloop
endfacet
facet normal -0.91 0.42 -6.015321557832872e-14
outer loop
vertex 126.63 -50.96 0.44
vertex 127.31 -49.51 0
vertex 127.22 -49.70 0
endloop
endfacet
facet normal -0.91 0.42 -6.015321557832872e-14
outer loop
vertex 126.63 -50.96 0.44
vertex 127.22 -49.70 0
vertex 127.11 -49.93 0
endloop
endfacet
facet normal -0.91 0.42 -6.015321557832872e-14
outer loop
vertex 126.63 -50.96 0.44
vertex 127.11 -49.93 0
vertex 126.99 -50.19 0
endloop
endfacet
facet normal -0.91 0.42 -6.015321557832872e-14
outer loop
vertex 126.63 -50.96 0.44
vertex 126.99 -50.19 0
vertex 126.86 -50.47 0
endloop
endfacet
facet normal -0.91 0.42 -6.015321557832872e-14
outer loop
vertex 126.63 -50.96 0.44
vertex 126.86 -50.47 0
vertex 126.73 -50.76 0
endloop
endfacet
facet normal -0.91 0.42 -6.015321557832872e-14
outer loop
vertex 126.63 -50.96 0.44
vertex 126.73 -50.76 0
vertex 126.63 -50.96 0
endloop
endfacet
facet normal 3.958915883077098e-9 -1.4803022744389592e-9 1
outer loop
vertex 126.59 -51.08 0.44
vertex 126.60 -51.05 0.44
vertex 126.63 -50.96 0.44
endloop
endfacet
facet normal 3.958915883077098e-9 -1.4803022744389592e-9 1
outer loop
vertex 126.59 -51.08 0.44
vertex 126.63 -50.96 0.44
vertex 126.63 -50.96 0
endloop
endfacet
facet normal 3.958915883077098e-9 -1.4803022744389592e-9 1
outer loop
vertex 126.59 -51.08 0.44
vertex 126.63 -50.96 0
vertex 126.60 -51.05 0
endloop
endfacet
facet normal 3.958915883077098e-9 -1.4803022744389592e-9 1
outer loop
vertex 126.59 -51.08 0.44
vertex 126.60 -51.05 0
vertex 126.59 -51.08 0
endloop
endfacet
facet normal 0.00 -0.00 1.00
outer loop
vertex 126.56 -51.20 0.44
vertex 126.58 -51.13 0.44
vertex 126.59 -51.08 0.44
endloop
endfacet
facet normal 0.00 -0.00 1.00
outer loop
vertex 126.56 -51.20 0.44
vertex 126.59 -51.08 0.44
vertex 126.59 -51.08 0
endloop
endfacet
facet normal 0.00 -0.00 1.00
outer loop
vertex 126.56 -51.20 0.44
vertex 126.59 -51.08 0
vertex 126.56 -51.20 0
endloop
endfacet
facet normal 0.00 -0.00 -1.00
outer loop
vertex 126.56 -51.33 0.44
vertex 126.56 -51.32 0.44
vertex 126.56 -51.23 0.44
endloop
endfacet
facet normal 0.00 -0.00 -1.00
outer loop
vertex 126.56 -51.33 0.44
vertex 126.56 -51.23 0.44
vertex 126.56 -51.20 0.44
endloop
endfacet
facet normal 0.00 -0.00 -1.00
outer loop
vertex 126.56 -51.33 0.44
vertex 126.56 -51.20 0.44
vertex 126.56 -51.20 0
endloop
endfacet
facet normal 0.00 -0.00 -1.00
outer loop
vertex 126.56 -51.33 0.44
vertex 126.56 -51.20 0
vertex 126.56 -51.33 0
endloop
endfacet
facet normal 0.00 0.00 -1.00
outer loop
vertex 126.57 -51.45 0.44
vertex 126.57 -51.41 0.44
vertex 126.56 -51.33 0.44
endloop
endfacet
facet normal 0.00 0.00 -1.00
outer loop
vertex 126.57 -51.45 0.44
vertex 126.56 -51.33 0.44
vertex 126.56 -51.33 0
endloop
endfacet
facet normal 0.00 0.00 -1.00
outer loop
vertex 126.57 -51.45 0.44
vertex 126.56 -51.33 0
vertex 126.56 -51.33 0
endloop
endfacet
facet normal 0.00 0.00 -1.00
outer loop
vertex 126.57 -51.45 0.44
vertex 126.56 -51.33 0
vertex 126.57 -51.45 0
endloop
endfacet
facet normal 0.00 0.00 1.00
outer loop
vertex 126.60 -51.57 0.44
vertex 126.59 -51.50 0.44
vertex 126.57 -51.45 0.44
endloop
endfacet
facet normal 0.00 0.00 1.00
outer loop
vertex 126.60 -51.57 0.44
vertex 126.57 -51.45 0.44
vertex 126.57 -51.45 0
endloop
endfacet
facet normal 0.00 0.00 1.00
outer loop
vertex 126.60 -51.57 0.44
vertex 126.57 -51.45 0
vertex 126.60 -51.57 0
endloop
endfacet
facet normal 0.00 0.00 1.00
outer loop
vertex 126.66 -51.69 0.44
vertex 126.65 -51.67 0.44
vertex 126.61 -51.59 0.44
endloop
endfacet
facet normal 0.00 0.00 1.00
outer loop
vertex 126.66 -51.69 0.44
vertex 126.61 -51.59 0.44
vertex 126.60 -51.57 0.44
endloop
endfacet
facet normal 0.00 0.00 1.00
outer loop
vertex 126.66 -51.69 0.44
vertex 126.60 -51.57 0.44
vertex 126.60 -51.57 0
endloop
endfacet
facet normal 0.00 0.00 1.00
outer loop
vertex 126.66 -51.69 0.44
vertex 126.60 -51.57 0
vertex 126.61 -51.59 0
endloop
endfacet
facet normal 0.00 0.00 1.00
outer loop
vertex 126.66 -51.69 0.44
vertex 126.61 -51.59 0
vertex 126.66 -51.69 0
endloop
endfacet
facet normal 0.00 0.00 -1.00
outer loop
vertex 126.73 -51.79 0.44
vertex 126.69 -51.74 0.44
vertex 126.66 -51.69 0.44
endloop
endfacet
facet normal 0.00 0.00 -1.00
outer loop
vertex 126.73 -51.79 0.44
vertex 126.66 -51.69 0.44
vertex 126.66 -51.69 0
endloop
endfacet
facet normal 0.00 0.00 -1.00
outer loop
vertex 126.73 -51.79 0.44
vertex 126.66 -51.69 0
vertex 126.73 -51.79 0
endloop
endfacet
facet normal 0 0 -1
outer loop
vertex 126.81 -51.88 0.44
vertex 126.77 -51.84 0.44
vertex 126.73 -51.80 0.44
endloop
endfacet
facet normal 0 0 -1
outer loop
vertex 126.81 -51.88 0.44
vertex 126.73 -51.80 0.44
vertex 126.73 -51.79 0.44
endloop
endfacet
facet normal 0 0 -1
outer loop
vertex 126.81 -51.88 0.44
vertex 126.73 -51.79 0.44
vertex 126.73 -51.79 0
endloop
endfacet
facet normal 0 0 -1
outer loop
vertex 126.81 -51.88 0.44
vertex 126.73 -51.79 0
vertex 126.75 -51.82 0
endloop
endfacet
facet normal 0 0 -1
outer loop
vertex 126.81 -51.88 0.44
vertex 126.75 -51.82 0
vertex 126.81 -51.88 0
endloop
endfacet
facet normal -0.62 -0.78 0
outer loop
vertex 126.91 -51.96 0.44
vertex 126.81 -51.88 0.44
vertex 126.81 -51.88 0
endloop
endfacet
facet normal -0.62 -0.78 0
outer loop
vertex 126.91 -51.96 0.44
vertex 126.81 -51.88 0
vertex 126.91 -51.96 0
endloop
endfacet
facet normal -0.49 -0.87 2.541722840206358e-12
outer loop
vertex 127.02 -52.02 0.44
vertex 126.91 -51.96 0.44
vertex 126.91 -51.96 0
endloop
endfacet
facet normal -0.49 -0.87 2.541722840206358e-12
outer loop
vertex 127.02 -52.02 0.44
vertex 126.91 -51.96 0
vertex 126.99 -52.01 0
endloop
endfacet
facet normal -0.49 -0.87 2.541722840206358e-12
outer loop
vertex 127.02 -52.02 0.44
vertex 126.99 -52.01 0
vertex 127.02 -52.02 0
endloop
endfacet
facet normal -0.42 -0.91 -0.00
outer loop
vertex 143.51 -59.72 0.44
vertex 127.02 -52.02 0.44
vertex 127.02 -52.02 0
endloop
endfacet
facet normal -0.42 -0.91 -0.00
outer loop
vertex 143.51 -59.72 0.44
vertex 127.02 -52.02 0
vertex 127.28 -52.14 0
endloop
endfacet
facet normal -0.42 -0.91 -0.00
outer loop
vertex 143.51 -59.72 0.44
vertex 127.28 -52.14 0
vertex 127.46 -52.23 0
endloop
endfacet
facet normal -0.42 -0.91 -0.00
outer loop
vertex 143.51 -59.72 0.44
vertex 127.46 -52.23 0
vertex 127.52 -52.26 0
endloop
endfacet
facet normal -0.42 -0.91 -0.00
outer loop
vertex 143.51 -59.72 0.44
vertex 127.52 -52.26 0
vertex 143.51 -59.72 0
endloop
endfacet
facet normal -0.91 0.42 -1.4711981538081754e-13
outer loop
vertex 119.76 -110.65 0.44
vertex 143.51 -59.72 0.44
vertex 143.51 -59.72 0
endloop
endfacet
facet normal -0.91 0.42 -1.4711981538081754e-13
outer loop
vertex 119.76 -110.65 0.44
vertex 143.51 -59.72 0
vertex 135.57 -76.76 0
endloop
endfacet
facet normal -0.91 0.42 -1.4711981538081754e-13
outer loop
vertex 119.76 -110.65 0.44
vertex 135.57 -76.76 0
vertex 135.54 -76.82 0
endloop
endfacet
facet normal -0.91 0.42 -1.4711981538081754e-13
outer loop
vertex 119.76 -110.65 0.44
vertex 135.54 -76.82 0
vertex 135.50 -76.89 0
endloop
endfacet
facet normal -0.91 0.42 -1.4711981538081754e-13
outer loop
vertex 119.76 -110.65 0.44
vertex 135.50 -76.89 0
vertex 135.46 -76.99 0
endloop
endfacet
facet normal -0.91 0.42 -1.4711981538081754e-13
outer loop
vertex 119.76 -110.65 0.44
vertex 135.46 -76.99 0
vertex 135.40 -77.12 0
endloop
endfacet
facet normal -0.91 0.42 -1.4711981538081754e-13
outer loop
vertex 119.76 -110.65 0.44
vertex 135.40 -77.12 0
vertex 135.33 -77.26 0
endloop
endfacet
facet normal -0.91 0.42 -1.4711981538081754e-13
outer loop
vertex 119.76 -110.65 0.44
vertex 135.33 -77.26 0
vertex 135.26 -77.42 0
endloop
endfacet
facet normal -0.91 0.42 -1.4711981538081754e-13
outer loop
vertex 119.76 -110.65 0.44
vertex 135.26 -77.42 0
vertex 135.18 -77.59 0
endloop
endfacet
facet normal -0.91 0.42 -1.4711981538081754e-13
outer loop
vertex 119.76 -110.65 0.44
vertex 135.18 -77.59 0
vertex 135.10 -77.76 0
endloop
endfacet
facet normal -0.91 0.42 -1.4711981538081754e-13
outer loop
vertex 119.76 -110.65 0.44
vertex 135.10 -77.76 0
vertex 132.60 -83.12 0
endloop
endfacet
facet normal -0.91 0.42 -1.4711981538081754e-13
outer loop
vertex 119.76 -110.65 0.44
vertex 132.60 -83.12 0
vertex 132.49 -83.37 0
endloop
endfacet
facet normal -0.91 0.42 -1.4711981538081754e-13
outer loop
vertex 119.76 -110.65 0.44
vertex 132.49 -83.37 0
vertex 132.34 -83.67 0
endloop
endfacet
facet normal -0.91 0.42 -1.4711981538081754e-13
outer loop
vertex 119.76 -110.65 0.44
vertex 132.34 -83.67 0
vertex 132.18 -84.03 0
endloop
endfacet
facet normal -0.91 0.42 -1.4711981538081754e-13
outer loop
vertex 119.76 -110.65 0.44
vertex 132.18 -84.03 0
vertex 131.99 -84.42 0
endloop
endfacet
facet normal -0.91 0.42 -1.4711981538081754e-13
outer loop
vertex 119.76 -110.65 0.44
vertex 131.99 -84.42 0
vertex 131.79 -84.85 0
endloop
endfacet
facet normal -0.91 0.42 -1.4711981538081754e-13
outer loop
vertex 119.76 -110.65 0.44
vertex 131.79 -84.85 0
vertex 131.58 -85.30 0
endloop
endfacet
facet normal -0.91 0.42 -1.4711981538081754e-13
outer loop
vertex 119.76 -110.65 0.44
vertex 131.58 -85.30 0
vertex 131.37 -85.76 0
endloop
endfacet
facet normal -0.91 0.42 -1.4711981538081754e-13
outer loop
vertex 119.76 -110.65 0.44
vertex 131.37 -85.76 0
vertex 126.71 -95.76 0
endloop
endfacet
facet normal -0.91 0.42 -1.4711981538081754e-13
outer loop
vertex 119.76 -110.65 0.44
vertex 126.71 -95.76 0
vertex 126.46 -96.28 0
endloop
endfacet
facet normal -0.91 0.42 -1.4711981538081754e-13
outer loop
vertex 119.76 -110.65 0.44
vertex 126.46 -96.28 0
vertex 126.23 -96.79 0
endloop
endfacet
facet normal -0.91 0.42 -1.4711981538081754e-13
outer loop
vertex 119.76 -110.65 0.44
vertex 126.23 -96.79 0
vertex 126.01 -97.26 0
endloop
endfacet
facet normal -0.91 0.42 -1.4711981538081754e-13
outer loop
vertex 119.76 -110.65 0.44
vertex 126.01 -97.26 0
vertex 125.81 -97.69 0
endloop
endfacet
facet normal -0.91 0.42 -1.4711981538081754e-13
outer loop
vertex 119.76 -110.65 0.44
vertex 125.81 -97.69 0
vertex 125.63 -98.06 0
endloop
endfacet
facet normal -0.91 0.42 -1.4711981538081754e-13
outer loop
vertex 119.76 -110.65 0.44
vertex 125.63 -98.06 0
vertex 125.49 -98.36 0
endloop
endfacet
facet normal -0.91 0.42 -1.4711981538081754e-13
outer loop
vertex 119.76 -110.65 0.44
vertex 125.49 -98.36 0
vertex 125.39 -98.58 0
endloop
endfacet
facet normal -0.91 0.42 -1.4711981538081754e-13
outer loop
vertex 119.76 -110.65 0.44
vertex 125.39 -98.58 0
vertex 125.33 -98.71 0
endloop
endfacet
facet normal -0.91 0.42 -1.4711981538081754e-13
outer loop
vertex 119.76 -110.65 0.44
vertex 125.33 -98.71 0
vertex 122.51 -104.76 0
endloop
endfacet
facet normal -0.91 0.42 -1.4711981538081754e-13
outer loop
vertex 119.76 -110.65 0.44
vertex 122.51 -104.76 0
vertex 122.35 -105.11 0
endloop
endfacet
facet normal -0.91 0.42 -1.4711981538081754e-13
outer loop
vertex 119.76 -110.65 0.44
vertex 122.35 -105.11 0
vertex 122.19 -105.44 0
endloop
endfacet
facet normal -0.91 0.42 -1.4711981538081754e-13
outer loop
vertex 119.76 -110.65 0.44
vertex 122.19 -105.44 0
vertex 122.04 -105.76 0
endloop
endfacet
facet normal -0.91 0.42 -1.4711981538081754e-13
outer loop
vertex 119.76 -110.65 0.44
vertex 122.04 -105.76 0
vertex 121.91 -106.04 0
endloop
endfacet
facet normal -0.91 0.42 -1.4711981538081754e-13
outer loop
vertex 119.76 -110.65 0.44
vertex 121.91 -106.04 0
vertex 121.80 -106.29 0
endloop
endfacet
facet normal -0.91 0.42 -1.4711981538081754e-13
outer loop
vertex 119.76 -110.65 0.44
vertex 121.80 -106.29 0
vertex 121.70 -106.49 0
endloop
endfacet
facet normal -0.91 0.42 -1.4711981538081754e-13
outer loop
vertex 119.76 -110.65 0.44
vertex 121.70 -106.49 0
vertex 121.63 -106.64 0
endloop
endfacet
facet normal -0.91 0.42 -1.4711981538081754e-13
outer loop
vertex 119.76 -110.65 0.44
vertex 121.63 -106.64 0
vertex 121.59 -106.73 0
endloop
endfacet
facet normal -0.91 0.42 -1.4711981538081754e-13
outer loop
vertex 119.76 -110.65 0.44
vertex 121.59 -106.73 0
vertex 121.58 -106.76 0
endloop
endfacet
facet normal -0.91 0.42 -1.4711981538081754e-13
outer loop
vertex 119.76 -110.65 0.44
vertex 121.58 -106.76 0
vertex 119.76 -110.65 0
endloop
endfacet
facet normal 0.00 -0.00 1.00
outer loop
vertex 119.72 -110.76 0.44
vertex 119.73 -110.74 0.44
vertex 119.76 -110.65 0.44
endloop
endfacet
facet normal 0.00 -0.00 1.00
outer loop
vertex 119.72 -110.76 0.44
vertex 119.76 -110.65 0.44
vertex 119.76 -110.65 0
endloop
endfacet
facet normal 0.00 -0.00 1.00
outer loop
vertex 119.72 -110.76 0.44
vertex 119.76 -110.65 0
vertex 119.72 -110.76 0
endloop
endfacet
facet normal 0.00 -0.00 -1.00
outer loop
vertex 119.70 -110.87 0.44
vertex 119.71 -110.82 0.44
vertex 119.72 -110.76 0.44
endloop
endfacet
facet normal 0.00 -0.00 -1.00
outer loop
vertex 119.70 -110.87 0.44
vertex 119.72 -110.76 0.44
vertex 119.72 -110.76 0
endloop
endfacet
facet normal 0.00 -0.00 -1.00
outer loop
vertex 119.70 -110.87 0.44
vertex 119.72 -110.76 0
vertex 119.70 -110.87 0
endloop
endfacet
facet normal 0 0 -1
outer loop
vertex 119.69 -110.98 0.44
vertex 119.69 -110.90 0.44
vertex 119.70 -110.87 0.44
endloop
endfacet
facet normal 0 0 -1
outer loop
vertex 119.69 -110.98 0.44
vertex 119.70 -110.87 0.44
vertex 119.70 -110.87 0
endloop
endfacet
facet normal 0 0 -1
outer loop
vertex 119.69 -110.98 0.44
vertex 119.70 -110.87 0
vertex 119.69 -110.98 0
endloop
endfacet
facet normal 0 0 -1
outer loop
vertex 119.69 -111.10 0.44
vertex 119.69 -111.07 0.44
vertex 119.69 -110.99 0.44
endloop
endfacet
facet normal 0 0 -1
outer loop
vertex 119.69 -111.10 0.44
vertex 119.69 -110.99 0.44
vertex 119.69 -110.98 0.44
endloop
endfacet
facet normal 0 0 -1
outer loop
vertex 119.69 -111.10 0.44
vertex 119.69 -110.98 0.44
vertex 119.69 -110.98 0
endloop
endfacet
facet normal 0 0 -1
outer loop
vertex 119.69 -111.10 0.44
vertex 119.69 -110.98 0
vertex 119.69 -111.10 0
endloop
endfacet
facet normal 0 0 1
outer loop
vertex 119.72 -111.21 0.44
vertex 119.71 -111.16 0.44
vertex 119.69 -111.10 0.44
endloop
endfacet
facet normal 0 0 1
outer loop
vertex 119.72 -111.21 0.44
vertex 119.69 -111.10 0.44
vertex 119.69 -111.10 0
endloop
endfacet
facet normal 0 0 1
outer loop
vertex 119.72 -111.21 0.44
vertex 119.69 -111.10 0
vertex 119.72 -111.21 0
endloop
endfacet
facet normal 0 0 -1
outer loop
vertex 119.76 -111.32 0.44
vertex 119.76 -111.31 0.44
vertex 119.73 -111.24 0.44
endloop
endfacet
facet normal 0 0 -1
outer loop
vertex 119.76 -111.32 0.44
vertex 119.73 -111.24 0.44
vertex 119.72 -111.21 0.44
endloop
endfacet
facet normal 0 0 -1
outer loop
vertex 119.76 -111.32 0.44
vertex 119.72 -111.21 0.44
vertex 119.72 -111.21 0
endloop
endfacet
facet normal 0 0 -1
outer loop
vertex 119.76 -111.32 0.44
vertex 119.72 -111.21 0
vertex 119.76 -111.32 0
endloop
endfacet
facet normal -0.88 -0.48 1.1319766155443161e-12
outer loop
vertex 119.81 -111.42 0.44
vertex 119.76 -111.32 0.44
vertex 119.76 -111.32 0
endloop
endfacet
facet normal -0.88 -0.48 1.1319766155443161e-12
outer loop
vertex 119.81 -111.42 0.44
vertex 119.76 -111.32 0
vertex 119.79 -111.38 0
endloop
endfacet
facet normal -0.88 -0.48 1.1319766155443161e-12
outer loop
vertex 119.81 -111.42 0.44
vertex 119.79 -111.38 0
vertex 119.80 -111.40 0
endloop
endfacet
facet normal -0.88 -0.48 1.1319766155443161e-12
outer loop
vertex 119.81 -111.42 0.44
vertex 119.80 -111.40 0
vertex 119.81 -111.42 0
endloop
endfacet
facet normal -0.84 -0.54 -2.685762120813216e-12
outer loop
vertex 138.08 -139.93 0.44
vertex 119.81 -111.42 0.44
vertex 119.81 -111.42 0
endloop
endfacet
facet normal -0.84 -0.54 -2.685762120813216e-12
outer loop
vertex 138.08 -139.93 0.44
vertex 119.81 -111.42 0
vertex 119.84 -111.47 0
endloop
endfacet
facet normal -0.84 -0.54 -2.685762120813216e-12
outer loop
vertex 138.08 -139.93 0.44
vertex 119.84 -111.47 0
vertex 119.91 -111.58 0
endloop
endfacet
facet normal -0.84 -0.54 -2.685762120813216e-12
outer loop
vertex 138.08 -139.93 0.44
vertex 119.91 -111.58 0
vertex 120.01 -111.73 0
endloop
endfacet
facet normal -0.84 -0.54 -2.685762120813216e-12
outer loop
vertex 138.08 -139.93 0.44
vertex 120.01 -111.73 0
vertex 120.13 -111.91 0
endloop
endfacet
facet normal -0.84 -0.54 -2.685762120813216e-12
outer loop
vertex 138.08 -139.93 0.44
vertex 120.13 -111.91 0
vertex 120.26 -112.12 0
endloop
endfacet
facet normal -0.84 -0.54 -2.685762120813216e-12
outer loop
vertex 138.08 -139.93 0.44
vertex 120.26 -112.12 0
vertex 120.40 -112.34 0
endloop
endfacet
facet normal -0.84 -0.54 -2.685762120813216e-12
outer loop
vertex 138.08 -139.93 0.44
vertex 120.40 -112.34 0
vertex 120.55 -112.58 0
endloop
endfacet
facet normal -0.84 -0.54 -2.685762120813216e-12
outer loop
vertex 138.08 -139.93 0.44
vertex 120.55 -112.58 0
vertex 120.70 -112.81 0
endloop
endfacet
facet normal -0.84 -0.54 -2.685762120813216e-12
outer loop
vertex 138.08 -139.93 0.44
vertex 120.70 -112.81 0
vertex 120.85 -113.04 0
endloop
endfacet
facet normal -0.84 -0.54 -2.685762120813216e-12
outer loop
vertex 138.08 -139.93 0.44
vertex 120.85 -113.04 0
vertex 120.98 -113.24 0
endloop
endfacet
facet normal -0.84 -0.54 -2.685762120813216e-12
outer loop
vertex 138.08 -139.93 0.44
vertex 120.98 -113.24 0
vertex 121.10 -113.42 0
endloop
endfacet
facet normal -0.84 -0.54 -2.685762120813216e-12
outer loop
vertex 138.08 -139.93 0.44
vertex 121.10 -113.42 0
vertex 121.19 -113.57 0
endloop
endfacet
facet normal -0.84 -0.54 -2.685762120813216e-12
outer loop
vertex 138.08 -139.93 0.44
vertex 121.19 -113.57 0
vertex 121.26 -113.68 0
endloop
endfacet
facet normal -0.84 -0.54 -2.685762120813216e-12
outer loop
vertex 138.08 -139.93 0.44
vertex 121.26 -113.68 0
vertex 121.31 -113.75 0
endloop
endfacet
facet normal -0.84 -0.54 -2.685762120813216e-12
outer loop
vertex 138.08 -139.93 0.44
vertex 121.31 -113.75 0
vertex 121.32 -113.78 0
endloop
endfacet
facet normal -0.84 -0.54 -2.685762120813216e-12
outer loop
vertex 138.08 -139.93 0.44
vertex 121.32 -113.78 0
vertex 138.08 -139.93 0
endloop
endfacet
facet normal 0 0 -1
outer loop
vertex 144.89 -158.64 0.44
vertex 144.87 -158.58 0.44
vertex 138.08 -139.93 0.44
endloop
endfacet
facet normal 0 0 -1
outer loop
vertex 144.89 -158.64 0.44
vertex 138.08 -139.93 0.44
vertex 138.08 -139.93 0
endloop
endfacet
facet normal 0 0 -1
outer loop
vertex 144.89 -158.64 0.44
vertex 138.08 -139.93 0
vertex 141.95 -150.55 0
endloop
endfacet
facet normal 0 0 -1
outer loop
vertex 144.89 -158.64 0.44
vertex 141.95 -150.55 0
vertex 141.95 -150.58 0
endloop
endfacet
facet normal 0 0 -1
outer loop
vertex 144.89 -158.64 0.44
vertex 141.95 -150.58 0
vertex 141.98 -150.64 0
endloop
endfacet
facet normal 0 0 -1
outer loop
vertex 144.89 -158.64 0.44
vertex 141.98 -150.64 0
vertex 142.02 -150.76 0
endloop
endfacet
facet normal 0 0 -1
outer loop
vertex 144.89 -158.64 0.44
vertex 142.02 -150.76 0
vertex 142.07 -150.91 0
endloop
endfacet
facet normal 0 0 -1
outer loop
vertex 144.89 -158.64 0.44
vertex 142.07 -150.91 0
vertex 142.14 -151.09 0
endloop
endfacet
facet normal 0 0 -1
outer loop
vertex 144.89 -158.64 0.44
vertex 142.14 -151.09 0
vertex 142.22 -151.29 0
endloop
endfacet
facet normal 0 0 -1
outer loop
vertex 144.89 -158.64 0.44
vertex 142.22 -151.29 0
vertex 142.30 -151.52 0
endloop
endfacet
facet normal 0 0 -1
outer loop
vertex 144.89 -158.64 0.44
vertex 142.30 -151.52 0
vertex 142.38 -151.75 0
endloop
endfacet
facet normal 0 0 -1
outer loop
vertex 144.89 -158.64 0.44
vertex 142.38 -151.75 0
vertex 142.47 -151.99 0
endloop
endfacet
facet normal 0 0 -1
outer loop
vertex 144.89 -158.64 0.44
vertex 142.47 -151.99 0
vertex 142.55 -152.21 0
endloop
endfacet
facet normal 0 0 -1
outer loop
vertex 144.89 -158.64 0.44
vertex 142.55 -152.21 0
vertex 142.63 -152.42 0
endloop
endfacet
facet normal 0 0 -1
outer loop
vertex 144.89 -158.64 0.44
vertex 142.63 -152.42 0
vertex 142.69 -152.60 0
endloop
endfacet
facet normal 0 0 -1
outer loop
vertex 144.89 -158.64 0.44
vertex 142.69 -152.60 0
vertex 142.75 -152.75 0
endloop
endfacet
facet normal 0 0 -1
outer loop
vertex 144.89 -158.64 0.44
vertex 142.75 -152.75 0
vertex 142.79 -152.86 0
endloop
endfacet
facet normal 0 0 -1
outer loop
vertex 144.89 -158.64 0.44
vertex 142.79 -152.86 0
vertex 142.81 -152.93 0
endloop
endfacet
facet normal 0 0 -1
outer loop
vertex 144.89 -158.64 0.44
vertex 142.81 -152.93 0
vertex 142.82 -152.95 0
endloop
endfacet
facet normal 0 0 -1
outer loop
vertex 144.89 -158.64 0.44
vertex 142.82 -152.95 0
vertex 144.56 -157.73 0
endloop
endfacet
facet normal 0 0 -1
outer loop
vertex 144.89 -158.64 0.44
vertex 144.56 -157.73 0
vertex 144.89 -158.64 0
endloop
endfacet
facet normal 0 0 1
outer loop
vertex 152.08 -158.93 0.44
vertex 152.16 -158.84 0.44
vertex 152.19 -158.80 0.44
endloop
endfacet
facet normal 0 0 1
outer loop
vertex 152.08 -158.93 0.44
vertex 152.19 -158.80 0.44
vertex 151.93 -158.80 0.44
endloop
endfacet
facet normal 0 0 1
outer loop
vertex 152.08 -158.93 0.44
vertex 151.93 -158.80 0.44
vertex 151.87 -158.85 0.44
endloop
endfacet
facet normal 0 0 1
outer loop
vertex 152.08 -158.93 0.44
vertex 151.87 -158.85 0.44
vertex 152.00 -159.00 0.44
endloop
endfacet
facet normal 0 0 1
outer loop
vertex 145.28 -158.85 0.44
vertex 145.20 -158.77 0.44
vertex 144.95 -158.77 0.44
endloop
endfacet
facet normal 0 0 1
outer loop
vertex 145.28 -158.85 0.44
vertex 144.95 -158.77 0.44
vertex 144.96 -158.78 0.44
endloop
endfacet
facet normal 0 0 1
outer loop
vertex 145.28 -158.85 0.44
vertex 144.96 -158.78 0.44
vertex 145.04 -158.90 0.44
endloop
endfacet
facet normal 0 0 1
outer loop
vertex 145.28 -158.85 0.44
vertex 145.04 -158.90 0.44
vertex 145.15 -159.00 0.44
endloop
endfacet
facet normal 0 0 1
outer loop
vertex 152.19 -158.80 0.44
vertex 152.22 -158.75 0.44
vertex 152.22 -158.73 0.44
endloop
endfacet
facet normal 0 0 1
outer loop
vertex 152.19 -158.80 0.44
vertex 152.22 -158.73 0.44
vertex 151.99 -158.73 0.44
endloop
endfacet
facet normal 0 0 1
outer loop
vertex 152.19 -158.80 0.44
vertex 151.99 -158.73 0.44
vertex 151.93 -158.80 0.44
endloop
endfacet
facet normal 0 0 1
outer loop
vertex 145.20 -158.77 0.44
vertex 145.13 -158.68 0.44
vertex 144.91 -158.68 0.44
endloop
endfacet
facet normal 0 0 1
outer loop
vertex 145.20 -158.77 0.44
vertex 144.91 -158.68 0.44
vertex 144.95 -158.77 0.44
endloop
endfacet
facet normal 0 0 1
outer loop
vertex 152.22 -158.73 0.44
vertex 152.26 -158.66 0.44
vertex 152.04 -158.66 0.44
endloop
endfacet
facet normal 0 0 1
outer loop
vertex 152.22 -158.73 0.44
vertex 152.04 -158.66 0.44
vertex 151.99 -158.73 0.44
endloop
endfacet
facet normal 0 0 1
outer loop
vertex 145.13 -158.68 0.44
vertex 145.08 -158.58 0.44
vertex 144.87 -158.58 0.44
endloop
endfacet
facet normal 0 0 1
outer loop
vertex 145.13 -158.68 0.44
vertex 144.87 -158.58 0.44
vertex 144.89 -158.64 0.44
endloop
endfacet
facet normal 0 0 1
outer loop
vertex 145.13 -158.68 0.44
vertex 144.89 -158.64 0.44
vertex 144.91 -158.68 0.44
endloop
endfacet
facet normal 0 0 1
outer loop
vertex 152.26 -158.66 0.44
vertex 152.26 -158.64 0.44
vertex 152.29 -158.58 0.44
endloop
endfacet
facet normal 0 0 1
outer loop
vertex 152.26 -158.66 0.44
vertex 152.29 -158.58 0.44
vertex 152.07 -158.58 0.44
endloop
endfacet
facet normal 0 0 1
outer loop
vertex 152.26 -158.66 0.44
vertex 152.07 -158.58 0.44
vertex 152.04 -158.66 0.44
endloop
endfacet
facet normal 0 0 1
outer loop
vertex 151.64 -158.56 0.44
vertex 151.68 -158.61 0.44
vertex 151.75 -158.70 0.44
endloop
endfacet
facet normal 0 0 1
outer loop
vertex 145.48 -158.61 0.44
vertex 145.51 -158.56 0.44
vertex 145.40 -158.71 0.44
endloop
endfacet
facet normal 0 0 1
outer loop
vertex 145.76 -158.18 0.44
vertex 145.77 -158.16 0.44
vertex 145.69 -158.29 0.44
endloop
endfacet
facet normal 0 0 1
outer loop
vertex 151.38 -158.16 0.44
vertex 151.39 -158.18 0.44
vertex 151.46 -158.29 0.44
endloop
endfacet
facet normal 0 0 1
outer loop
vertex 145.08 -158.58 0.44
vertex 138.29 -139.93 0.44
vertex 138.08 -139.93 0.44
endloop
endfacet
facet normal 0 0 1
outer loop
vertex 145.08 -158.58 0.44
vertex 138.08 -139.93 0.44
vertex 144.87 -158.58 0.44
endloop
endfacet
facet normal 0 0 1
outer loop
vertex 152.29 -158.58 0.44
vertex 159.07 -139.93 0.44
vertex 158.86 -139.93 0.44
endloop
endfacet
facet normal 0 0 1
outer loop
vertex 152.29 -158.58 0.44
vertex 158.86 -139.93 0.44
vertex 152.07 -158.58 0.44
endloop
endfacet
facet normal 0 0 1
outer loop
vertex 138.29 -139.93 0.44
vertex 138.26 -139.84 0.44
vertex 119.98 -111.31 0.44
endloop
endfacet
facet normal 0 0 1
outer loop
vertex 138.29 -139.93 0.44
vertex 119.98 -111.31 0.44
vertex 119.76 -111.31 0.44
endloop
endfacet
facet normal 0 0 1
outer loop
vertex 138.29 -139.93 0.44
vertex 119.76 -111.31 0.44
vertex 119.76 -111.32 0.44
endloop
endfacet
facet normal 0 0 1
outer loop
vertex 138.29 -139.93 0.44
vertex 119.76 -111.32 0.44
vertex 119.81 -111.42 0.44
endloop
endfacet
facet normal 0 0 1
outer loop
vertex 138.29 -139.93 0.44
vertex 119.81 -111.42 0.44
vertex 138.08 -139.93 0.44
endloop
endfacet
facet normal 0 0 1
outer loop
vertex 159.07 -139.93 0.44
vertex 177.34 -111.42 0.44
vertex 177.39 -111.32 0.44
endloop
endfacet
facet normal 0 0 1
outer loop
vertex 159.07 -139.93 0.44
vertex 177.39 -111.32 0.44
vertex 177.40 -111.31 0.44
endloop
endfacet
facet normal 0 0 1
outer loop
vertex 159.07 -139.93 0.44
vertex 177.40 -111.31 0.44
vertex 177.17 -111.31 0.44
endloop
endfacet
facet normal 0 0 1
outer loop
vertex 159.07 -139.93 0.44
vertex 177.17 -111.31 0.44
vertex 158.89 -139.84 0.44
endloop
endfacet
facet normal 0 0 1
outer loop
vertex 159.07 -139.93 0.44
vertex 158.89 -139.84 0.44
vertex 158.86 -139.93 0.44
endloop
endfacet
facet normal 0 0 1
outer loop
vertex 119.98 -111.31 0.44
vertex 119.94 -111.24 0.44
vertex 119.73 -111.24 0.44
endloop
endfacet
facet normal 0 0 1
outer loop
vertex 119.98 -111.31 0.44
vertex 119.73 -111.24 0.44
vertex 119.76 -111.31 0.44
endloop
endfacet
facet normal 0 0 1
outer loop
vertex 177.40 -111.31 0.44
vertex 177.43 -111.24 0.44
vertex 177.21 -111.24 0.44
endloop
endfacet
facet normal 0 0 1
outer loop
vertex 177.40 -111.31 0.44
vertex 177.21 -111.24 0.44
vertex 177.17 -111.31 0.44
endloop
endfacet
facet normal 0 0 1
outer loop
vertex 119.94 -111.24 0.44
vertex 119.91 -111.16 0.44
vertex 119.71 -111.16 0.44
endloop
endfacet
facet normal 0 0 1
outer loop
vertex 119.94 -111.24 0.44
vertex 119.71 -111.16 0.44
vertex 119.72 -111.21 0.44
endloop
endfacet
facet normal 0 0 1
outer loop
vertex 119.94 -111.24 0.44
vertex 119.72 -111.21 0.44
vertex 119.73 -111.24 0.44
endloop
endfacet
facet normal 0 0 1
outer loop
vertex 177.43 -111.24 0.44
vertex 177.43 -111.21 0.44
vertex 177.45 -111.16 0.44
endloop
endfacet
facet normal 0 0 1
outer loop
vertex 177.43 -111.24 0.44
vertex 177.45 -111.16 0.44
vertex 177.24 -111.16 0.44
endloop
endfacet
facet normal 0 0 1
outer loop
vertex 177.43 -111.24 0.44
vertex 177.24 -111.16 0.44
vertex 177.21 -111.24 0.44
endloop
endfacet
facet normal 0 0 1
outer loop
vertex 119.91 -111.16 0.44
vertex 119.89 -111.07 0.44
vertex 119.69 -111.07 0.44
endloop
endfacet
facet normal 0 0 1
outer loop
vertex 119.91 -111.16 0.44
vertex 119.69 -111.07 0.44
vertex 119.69 -111.10 0.44
endloop
endfacet
facet normal 0 0 1
outer loop
vertex 119.91 -111.16 0.44
vertex 119.69 -111.10 0.44
vertex 119.71 -111.16 0.44
endloop
endfacet
facet normal 0 0 1
outer loop
vertex 177.45 -111.16 0.44
vertex 177.46 -111.10 0.44
vertex 177.46 -111.07 0.44
endloop
endfacet
facet normal 0 0 1
outer loop
vertex 177.45 -111.16 0.44
vertex 177.46 -111.07 0.44
vertex 177.26 -111.07 0.44
endloop
endfacet
facet normal 0 0 1
outer loop
vertex 177.45 -111.16 0.44
vertex 177.26 -111.07 0.44
vertex 177.24 -111.16 0.44
endloop
endfacet
facet normal 0 0 1
outer loop
vertex 119.89 -111.07 0.44
vertex 119.89 -110.99 0.44
vertex 119.69 -110.99 0.44
endloop
endfacet
facet normal 0 0 1
outer loop
vertex 119.89 -111.07 0.44
vertex 119.69 -110.99 0.44
vertex 119.69 -111.07 0.44
endloop
endfacet
facet normal 0 0 1
outer loop
vertex 177.46 -111.07 0.44
vertex 177.47 -110.99 0.44
vertex 177.27 -110.99 0.44
endloop
endfacet
facet normal 0 0 1
outer loop
vertex 177.46 -111.07 0.44
vertex 177.27 -110.99 0.44
vertex 177.26 -111.07 0.44
endloop
endfacet
facet normal 0 0 1
outer loop
vertex 119.89 -110.99 0.44
vertex 119.89 -110.90 0.44
vertex 119.69 -110.90 0.44
endloop
endfacet
facet normal 0 0 1
outer loop
vertex 119.89 -110.99 0.44
vertex 119.69 -110.90 0.44
vertex 119.69 -110.98 0.44
endloop
endfacet
facet normal 0 0 1
outer loop
vertex 119.89 -110.99 0.44
vertex 119.69 -110.98 0.44
vertex 119.69 -110.99 0.44
endloop
endfacet
facet normal 0 0 1
outer loop
vertex 177.47 -110.99 0.44
vertex 177.47 -110.98 0.44
vertex 177.46 -110.90 0.44
endloop
endfacet
facet normal 0 0 1
outer loop
vertex 177.47 -110.99 0.44
vertex 177.46 -110.90 0.44
vertex 177.26 -110.90 0.44
endloop
endfacet
facet normal 0 0 1
outer loop
vertex 177.47 -110.99 0.44
vertex 177.26 -110.90 0.44
vertex 177.27 -110.99 0.44
endloop
endfacet
facet normal 0 0 1
outer loop
vertex 119.89 -110.90 0.44
vertex 119.91 -110.82 0.44
vertex 119.71 -110.82 0.44
endloop
endfacet
facet normal 0 0 1
outer loop
vertex 119.89 -110.90 0.44
vertex 119.71 -110.82 0.44
vertex 119.70 -110.87 0.44
endloop
endfacet
facet normal 0 0 1
outer loop
vertex 119.89 -110.90 0.44
vertex 119.70 -110.87 0.44
vertex 119.69 -110.90 0.44
endloop
endfacet
facet normal 0 0 1
outer loop
vertex 177.46 -110.90 0.44
vertex 177.46 -110.87 0.44
vertex 177.45 -110.82 0.44
endloop
endfacet
facet normal 0 0 1
outer loop
vertex 177.46 -110.90 0.44
vertex 177.45 -110.82 0.44
vertex 177.24 -110.82 0.44
endloop
endfacet
facet normal 0 0 1
outer loop
vertex 177.46 -110.90 0.44
vertex 177.24 -110.82 0.44
vertex 177.26 -110.90 0.44
endloop
endfacet
facet normal 0 0 1
outer loop
vertex 177.45 -110.82 0.44
vertex 177.43 -110.76 0.44
vertex 177.42 -110.74 0.44
endloop
endfacet
facet normal 0 0 1
outer loop
vertex 177.45 -110.82 0.44
vertex 177.42 -110.74 0.44
vertex 177.21 -110.74 0.44
endloop
endfacet
facet normal 0 0 1
outer loop
vertex 177.45 -110.82 0.44
vertex 177.21 -110.74 0.44
vertex 177.24 -110.82 0.44
endloop
endfacet
facet normal 0 0 1
outer loop
vertex 119.91 -110.82 0.44
vertex 119.94 -110.74 0.44
vertex 119.73 -110.74 0.44
endloop
endfacet
facet normal 0 0 1
outer loop
vertex 119.91 -110.82 0.44
vertex 119.73 -110.74 0.44
vertex 119.72 -110.76 0.44
endloop
endfacet
facet normal 0 0 1
outer loop
vertex 119.91 -110.82 0.44
vertex 119.72 -110.76 0.44
vertex 119.71 -110.82 0.44
endloop
endfacet
facet normal 0 0 1
outer loop
vertex 119.94 -110.74 0.44
vertex 143.73 -59.72 0.44
vertex 143.51 -59.72 0.44
endloop
endfacet
facet normal 0 0 1
outer loop
vertex 119.94 -110.74 0.44
vertex 143.51 -59.72 0.44
vertex 119.76 -110.65 0.44
endloop
endfacet
facet normal 0 0 1
outer loop
vertex 119.94 -110.74 0.44
vertex 119.76 -110.65 0.44
vertex 119.73 -110.74 0.44
endloop
endfacet
facet normal 0 0 1
outer loop
vertex 177.42 -110.74 0.44
vertex 177.39 -110.65 0.44
vertex 153.64 -59.72 0.44
endloop
endfacet
facet normal 0 0 1
outer loop
vertex 177.42 -110.74 0.44
vertex 153.64 -59.72 0.44
vertex 153.42 -59.72 0.44
endloop
endfacet
facet normal 0 0 1
outer loop
vertex 177.42 -110.74 0.44
vertex 153.42 -59.72 0.44
vertex 177.21 -110.74 0.44
endloop
endfacet
facet normal 0 0 1
outer loop
vertex 143.73 -59.72 0.44
vertex 143.78 -59.62 0.44
vertex 127.10 -51.84 0.44
endloop
endfacet
facet normal 0 0 1
outer loop
vertex 143.73 -59.72 0.44
vertex 127.10 -51.84 0.44
vertex 126.77 -51.84 0.44
endloop
endfacet
facet normal 0 0 1
outer loop
vertex 143.73 -59.72 0.44
vertex 126.77 -51.84 0.44
vertex 126.81 -51.88 0.44
endloop
endfacet
facet normal 0 0 1
outer loop
vertex 143.73 -59.72 0.44
vertex 126.81 -51.88 0.44
vertex 126.91 -51.96 0.44
endloop
endfacet
facet normal 0 0 1
outer loop
vertex 143.73 -59.72 0.44
vertex 126.91 -51.96 0.44
vertex 127.02 -52.02 0.44
endloop
endfacet
facet normal 0 0 1
outer loop
vertex 143.73 -59.72 0.44
vertex 127.02 -52.02 0.44
vertex 143.51 -59.72 0.44
endloop
endfacet
facet normal 0 0 1
outer loop
vertex 153.64 -59.72 0.44
vertex 170.13 -52.02 0.44
vertex 170.26 -51.95 0.44
endloop
endfacet
facet normal 0 0 1
outer loop
vertex 153.64 -59.72 0.44
vertex 170.26 -51.95 0.44
vertex 170.36 -51.87 0.44
endloop
endfacet
facet normal 0 0 1
outer loop
vertex 153.64 -59.72 0.44
vertex 170.36 -51.87 0.44
vertex 170.38 -51.84 0.44
endloop
endfacet
facet normal 0 0 1
outer loop
vertex 153.64 -59.72 0.44
vertex 170.38 -51.84 0.44
vertex 170.05 -51.84 0.44
endloop
endfacet
facet normal 0 0 1
outer loop
vertex 153.64 -59.72 0.44
vertex 170.05 -51.84 0.44
vertex 153.37 -59.62 0.44
endloop
endfacet
facet normal 0 0 1
outer loop
vertex 153.64 -59.72 0.44
vertex 153.37 -59.62 0.44
vertex 153.42 -59.72 0.44
endloop
endfacet
facet normal 0 0 1
outer loop
vertex 170.38 -51.84 0.44
vertex 170.42 -51.80 0.44
vertex 170.13 -51.80 0.44
endloop
endfacet
facet normal 0 0 1
outer loop
vertex 170.38 -51.84 0.44
vertex 170.13 -51.80 0.44
vertex 170.05 -51.84 0.44
endloop
endfacet
facet normal 0 0 1
outer loop
vertex 127.10 -51.84 0.44
vertex 127.02 -51.80 0.44
vertex 126.73 -51.80 0.44
endloop
endfacet
facet normal 0 0 1
outer loop
vertex 127.10 -51.84 0.44
vertex 126.73 -51.80 0.44
vertex 126.77 -51.84 0.44
endloop
endfacet
facet normal 0 0 1
outer loop
vertex 170.42 -51.80 0.44
vertex 170.45 -51.76 0.44
vertex 170.46 -51.74 0.44
endloop
endfacet
facet normal 0 0 1
outer loop
vertex 170.42 -51.80 0.44
vertex 170.46 -51.74 0.44
vertex 170.21 -51.74 0.44
endloop
endfacet
facet normal 0 0 1
outer loop
vertex 170.42 -51.80 0.44
vertex 170.21 -51.74 0.44
vertex 170.13 -51.80 0.44
endloop
endfacet
facet normal 0 0 1
outer loop
vertex 127.02 -51.80 0.44
vertex 126.95 -51.74 0.44
vertex 126.69 -51.74 0.44
endloop
endfacet
facet normal 0 0 1
outer loop
vertex 127.02 -51.80 0.44
vertex 126.69 -51.74 0.44
vertex 126.73 -51.79 0.44
endloop
endfacet
facet normal 0 0 1
outer loop
vertex 127.02 -51.80 0.44
vertex 126.73 -51.79 0.44
vertex 126.73 -51.80 0.44
endloop
endfacet
facet normal 0 0 1
outer loop
vertex 170.46 -51.74 0.44
vertex 170.50 -51.67 0.44
vertex 170.27 -51.67 0.44
endloop
endfacet
facet normal 0 0 1
outer loop
vertex 170.46 -51.74 0.44
vertex 170.27 -51.67 0.44
vertex 170.21 -51.74 0.44
endloop
endfacet
facet normal 0 0 1
outer loop
vertex 126.95 -51.74 0.44
vertex 126.88 -51.67 0.44
vertex 126.65 -51.67 0.44
endloop
endfacet
facet normal 0 0 1
outer loop
vertex 126.95 -51.74 0.44
vertex 126.65 -51.67 0.44
vertex 126.66 -51.69 0.44
endloop
endfacet
facet normal 0 0 1
outer loop
vertex 126.95 -51.74 0.44
vertex 126.66 -51.69 0.44
vertex 126.69 -51.74 0.44
endloop
endfacet
facet normal 0 0 1
outer loop
vertex 170.50 -51.67 0.44
vertex 170.52 -51.64 0.44
vertex 170.54 -51.59 0.44
endloop
endfacet
facet normal 0 0 1
outer loop
vertex 170.50 -51.67 0.44
vertex 170.54 -51.59 0.44
vertex 170.32 -51.59 0.44
endloop
endfacet
facet normal 0 0 1
outer loop
vertex 170.50 -51.67 0.44
vertex 170.32 -51.59 0.44
vertex 170.27 -51.67 0.44
endloop
endfacet
facet normal 0 0 1
outer loop
vertex 126.88 -51.67 0.44
vertex 126.83 -51.59 0.44
vertex 126.61 -51.59 0.44
endloop
endfacet
facet normal 0 0 1
outer loop
vertex 126.88 -51.67 0.44
vertex 126.61 -51.59 0.44
vertex 126.65 -51.67 0.44
endloop
endfacet
facet normal 0 0 1
outer loop
vertex 170.54 -51.59 0.44
vertex 170.57 -51.51 0.44
vertex 170.57 -51.50 0.44
endloop
endfacet
facet normal 0 0 1
outer loop
vertex 170.54 -51.59 0.44
vertex 170.57 -51.50 0.44
vertex 170.36 -51.50 0.44
endloop
endfacet
facet normal 0 0 1
outer loop
vertex 170.54 -51.59 0.44
vertex 170.36 -51.50 0.44
vertex 170.32 -51.59 0.44
endloop
endfacet
facet normal 0 0 1
outer loop
vertex 126.83 -51.59 0.44
vertex 126.79 -51.50 0.44
vertex 126.59 -51.50 0.44
endloop
endfacet
facet normal 0 0 1
outer loop
vertex 126.83 -51.59 0.44
vertex 126.59 -51.50 0.44
vertex 126.60 -51.57 0.44
endloop
endfacet
facet normal 0 0 1
outer loop
vertex 126.83 -51.59 0.44
vertex 126.60 -51.57 0.44
vertex 126.61 -51.59 0.44
endloop
endfacet
facet normal 0 0 1
outer loop
vertex 170.57 -51.50 0.44
vertex 170.59 -51.41 0.44
vertex 170.39 -51.41 0.44
endloop
endfacet
facet normal 0 0 1
outer loop
vertex 170.57 -51.50 0.44
vertex 170.39 -51.41 0.44
vertex 170.36 -51.50 0.44
endloop
endfacet
facet normal 0 0 1
outer loop
vertex 126.79 -51.50 0.44
vertex 126.77 -51.41 0.44
vertex 126.57 -51.41 0.44
endloop
endfacet
facet normal 0 0 1
outer loop
vertex 126.79 -51.50 0.44
vertex 126.57 -51.41 0.44
vertex 126.57 -51.45 0.44
endloop
endfacet
facet normal 0 0 1
outer loop
vertex 126.79 -51.50 0.44
vertex 126.57 -51.45 0.44
vertex 126.59 -51.50 0.44
endloop
endfacet
facet normal 0 0 1
outer loop
vertex 170.59 -51.41 0.44
vertex 170.59 -51.37 0.44
vertex 170.59 -51.32 0.44
endloop
endfacet
facet normal 0 0 1
outer loop
vertex 170.59 -51.41 0.44
vertex 170.59 -51.32 0.44
vertex 170.40 -51.32 0.44
endloop
endfacet
facet normal 0 0 1
outer loop
vertex 170.59 -51.41 0.44
vertex 170.40 -51.32 0.44
vertex 170.39 -51.41 0.44
endloop
endfacet
facet normal 0 0 1
outer loop
vertex 126.77 -51.41 0.44
vertex 126.76 -51.32 0.44
vertex 126.56 -51.32 0.44
endloop
endfacet
facet normal 0 0 1
outer loop
vertex 126.77 -51.41 0.44
vertex 126.56 -51.32 0.44
vertex 126.56 -51.33 0.44
endloop
endfacet
facet normal 0 0 1
outer loop
vertex 126.77 -51.41 0.44
vertex 126.56 -51.33 0.44
vertex 126.57 -51.41 0.44
endloop
endfacet
facet normal 0 0 1
outer loop
vertex 170.59 -51.32 0.44
vertex 170.59 -51.23 0.44
vertex 170.59 -51.23 0.44
endloop
endfacet
facet normal 0 0 1
outer loop
vertex 170.59 -51.32 0.44
vertex 170.59 -51.23 0.44
vertex 170.39 -51.23 0.44
endloop
endfacet
facet normal 0 0 1
outer loop
vertex 170.59 -51.32 0.44
vertex 170.39 -51.23 0.44
vertex 170.40 -51.32 0.44
endloop
endfacet
facet normal 0 0 1
outer loop
vertex 126.76 -51.32 0.44
vertex 126.76 -51.23 0.44
vertex 126.56 -51.23 0.44
endloop
endfacet
facet normal 0 0 1
outer loop
vertex 126.76 -51.32 0.44
vertex 126.56 -51.23 0.44
vertex 126.56 -51.32 0.44
endloop
endfacet
facet normal 0 0 1
outer loop
vertex 170.59 -51.23 0.44
vertex 170.58 -51.13 0.44
vertex 170.37 -51.13 0.44
endloop
endfacet
facet normal 0 0 1
outer loop
vertex 170.59 -51.23 0.44
vertex 170.37 -51.13 0.44
vertex 170.39 -51.23 0.44
endloop
endfacet
facet normal 0 0 1
outer loop
vertex 126.76 -51.23 0.44
vertex 126.78 -51.13 0.44
vertex 126.58 -51.13 0.44
endloop
endfacet
facet normal 0 0 1
outer loop
vertex 126.76 -51.23 0.44
vertex 126.58 -51.13 0.44
vertex 126.56 -51.20 0.44
endloop
endfacet
facet normal 0 0 1
outer loop
vertex 126.76 -51.23 0.44
vertex 126.56 -51.20 0.44
vertex 126.56 -51.23 0.44
endloop
endfacet
facet normal 0 0 1
outer loop
vertex 126.78 -51.13 0.44
vertex 126.81 -51.05 0.44
vertex 126.60 -51.05 0.44
endloop
endfacet
facet normal 0 0 1
outer loop
vertex 126.78 -51.13 0.44
vertex 126.60 -51.05 0.44
vertex 126.59 -51.08 0.44
endloop
endfacet
facet normal 0 0 1
outer loop
vertex 126.78 -51.13 0.44
vertex 126.59 -51.08 0.44
vertex 126.58 -51.13 0.44
endloop
endfacet
facet normal 0 0 1
outer loop
vertex 170.58 -51.13 0.44
vertex 170.57 -51.09 0.44
vertex 170.55 -51.05 0.44
endloop
endfacet
facet normal 0 0 1
outer loop
vertex 170.58 -51.13 0.44
vertex 170.55 -51.05 0.44
vertex 170.34 -51.05 0.44
endloop
endfacet
facet normal 0 0 1
outer loop
vertex 170.58 -51.13 0.44
vertex 170.34 -51.05 0.44
vertex 170.37 -51.13 0.44
endloop
endfacet
facet normal 0 0 1
outer loop
vertex 126.81 -51.05 0.44
vertex 127.85 -48.83 0.44
vertex 127.62 -48.83 0.44
endloop
endfacet
facet normal 0 0 1
outer loop
vertex 126.81 -51.05 0.44
vertex 127.62 -48.83 0.44
vertex 126.63 -50.96 0.44
endloop
endfacet
facet normal 0 0 1
outer loop
vertex 126.81 -51.05 0.44
vertex 126.63 -50.96 0.44
vertex 126.60 -51.05 0.44
endloop
endfacet
facet normal 0 0 1
outer loop
vertex 170.55 -51.05 0.44
vertex 170.52 -50.96 0.44
vertex 169.53 -48.83 0.44
endloop
endfacet
facet normal 0 0 1
outer loop
vertex 170.55 -51.05 0.44
vertex 169.53 -48.83 0.44
vertex 169.31 -48.83 0.44
endloop
endfacet
facet normal 0 0 1
outer loop
vertex 170.55 -51.05 0.44
vertex 169.31 -48.83 0.44
vertex 170.34 -51.05 0.44
endloop
endfacet
facet normal 0 0 1
outer loop
vertex 127.85 -48.83 0.44
vertex 127.89 -48.73 0.44
vertex 109.17 -40.49 0.44
endloop
endfacet
facet normal 0 0 1
outer loop
vertex 127.85 -48.83 0.44
vertex 109.17 -40.49 0.44
vertex 108.83 -40.49 0.44
endloop
endfacet
facet normal 0 0 1
outer loop
vertex 127.85 -48.83 0.44
vertex 108.83 -40.49 0.44
vertex 108.86 -40.53 0.44
endloop
endfacet
facet normal 0 0 1
outer loop
vertex 127.85 -48.83 0.44
vertex 108.86 -40.53 0.44
vertex 108.97 -40.61 0.44
endloop
endfacet
facet normal 0 0 1
outer loop
vertex 127.85 -48.83 0.44
vertex 108.97 -40.61 0.44
vertex 109.09 -40.68 0.44
endloop
endfacet
facet normal 0 0 1
outer loop
vertex 127.85 -48.83 0.44
vertex 109.09 -40.68 0.44
vertex 127.62 -48.83 0.44
endloop
endfacet
facet normal 0 0 1
outer loop
vertex 169.53 -48.83 0.44
vertex 188.06 -40.68 0.44
vertex 188.19 -40.61 0.44
endloop
endfacet
facet normal 0 0 1
outer loop
vertex 169.53 -48.83 0.44
vertex 188.19 -40.61 0.44
vertex 188.29 -40.53 0.44
endloop
endfacet
facet normal 0 0 1
outer loop
vertex 169.53 -48.83 0.44
vertex 188.29 -40.53 0.44
vertex 188.32 -40.49 0.44
endloop
endfacet
facet normal 0 0 1
outer loop
vertex 169.53 -48.83 0.44
vertex 188.32 -40.49 0.44
vertex 187.98 -40.49 0.44
endloop
endfacet
facet normal 0 0 1
outer loop
vertex 169.53 -48.83 0.44
vertex 187.98 -40.49 0.44
vertex 169.26 -48.73 0.44
endloop
endfacet
facet normal 0 0 1
outer loop
vertex 169.53 -48.83 0.44
vertex 169.26 -48.73 0.44
vertex 169.31 -48.83 0.44
endloop
endfacet
facet normal 0 0 1
outer loop
vertex 188.32 -40.49 0.44
vertex 188.36 -40.44 0.44
vertex 188.07 -40.44 0.44
endloop
endfacet
facet normal 0 0 1
outer loop
vertex 188.32 -40.49 0.44
vertex 188.07 -40.44 0.44
vertex 187.98 -40.49 0.44
endloop
endfacet
facet normal 0 0 1
outer loop
vertex 109.17 -40.49 0.44
vertex 109.08 -40.44 0.44
vertex 108.79 -40.44 0.44
endloop
endfacet
facet normal 0 0 1
outer loop
vertex 109.17 -40.49 0.44
vertex 108.79 -40.44 0.44
vertex 108.83 -40.49 0.44
endloop
endfacet
facet normal 0 0 1
outer loop
vertex 188.36 -40.44 0.44
vertex 188.38 -40.42 0.44
vertex 188.41 -40.38 0.44
endloop
endfacet
facet normal 0 0 1
outer loop
vertex 188.36 -40.44 0.44
vertex 188.41 -40.38 0.44
vertex 188.15 -40.38 0.44
endloop
endfacet
facet normal 0 0 1
outer loop
vertex 188.36 -40.44 0.44
vertex 188.15 -40.38 0.44
vertex 188.07 -40.44 0.44
endloop
endfacet
facet normal 0 0 1
outer loop
vertex 109.08 -40.44 0.44
vertex 109.00 -40.38 0.44
vertex 108.74 -40.38 0.44
endloop
endfacet
facet normal 0 0 1
outer loop
vertex 109.08 -40.44 0.44
vertex 108.74 -40.38 0.44
vertex 108.77 -40.42 0.44
endloop
endfacet
facet normal 0 0 1
outer loop
vertex 109.08 -40.44 0.44
vertex 108.77 -40.42 0.44
vertex 108.79 -40.44 0.44
endloop
endfacet
facet normal 0 0 1
outer loop
vertex 188.41 -40.38 0.44
vertex 188.46 -40.31 0.44
vertex 188.46 -40.30 0.44
endloop
endfacet
facet normal 0 0 1
outer loop
vertex 188.41 -40.38 0.44
vertex 188.46 -40.30 0.44
vertex 188.22 -40.30 0.44
endloop
endfacet
facet normal 0 0 1
outer loop
vertex 188.41 -40.38 0.44
vertex 188.22 -40.30 0.44
vertex 188.15 -40.38 0.44
endloop
endfacet
facet normal 0 0 1
outer loop
vertex 109.00 -40.38 0.44
vertex 108.93 -40.30 0.44
vertex 108.70 -40.30 0.44
endloop
endfacet
facet normal 0 0 1
outer loop
vertex 109.00 -40.38 0.44
vertex 108.70 -40.30 0.44
vertex 108.70 -40.31 0.44
endloop
endfacet
facet normal 0 0 1
outer loop
vertex 109.00 -40.38 0.44
vertex 108.70 -40.31 0.44
vertex 108.74 -40.38 0.44
endloop
endfacet
facet normal 0 0 1
outer loop
vertex 188.46 -40.30 0.44
vertex 188.49 -40.22 0.44
vertex 188.28 -40.22 0.44
endloop
endfacet
facet normal 0 0 1
outer loop
vertex 188.46 -40.30 0.44
vertex 188.28 -40.22 0.44
vertex 188.22 -40.30 0.44
endloop
endfacet
facet normal 0 0 1
outer loop
vertex 108.93 -40.30 0.44
vertex 108.88 -40.22 0.44
vertex 108.66 -40.22 0.44
endloop
endfacet
facet normal 0 0 1
outer loop
vertex 108.93 -40.30 0.44
vertex 108.66 -40.22 0.44
vertex 108.70 -40.30 0.44
endloop
endfacet
facet normal 0 0 1
outer loop
vertex 188.49 -40.22 0.44
vertex 188.51 -40.18 0.44
vertex 188.52 -40.12 0.44
endloop
endfacet
facet normal 0 0 1
outer loop
vertex 188.49 -40.22 0.44
vertex 188.52 -40.12 0.44
vertex 188.32 -40.12 0.44
endloop
endfacet
facet normal 0 0 1
outer loop
vertex 188.49 -40.22 0.44
vertex 188.32 -40.12 0.44
vertex 188.28 -40.22 0.44
endloop
endfacet
facet normal 0 0 1
outer loop
vertex 108.88 -40.22 0.44
vertex 108.84 -40.12 0.44
vertex 108.63 -40.12 0.44
endloop
endfacet
facet normal 0 0 1
outer loop
vertex 108.88 -40.22 0.44
vertex 108.63 -40.12 0.44
vertex 108.65 -40.18 0.44
endloop
endfacet
facet normal 0 0 1
outer loop
vertex 108.88 -40.22 0.44
vertex 108.65 -40.18 0.44
vertex 108.66 -40.22 0.44
endloop
endfacet
facet normal 0 0 1
outer loop
vertex 188.52 -40.12 0.44
vertex 188.54 -40.04 0.44
vertex 188.54 -40.02 0.44
endloop
endfacet
facet normal 0 0 1
outer loop
vertex 188.52 -40.12 0.44
vertex 188.54 -40.02 0.44
vertex 188.34 -40.02 0.44
endloop
endfacet
facet normal 0 0 1
outer loop
vertex 188.52 -40.12 0.44
vertex 188.34 -40.02 0.44
vertex 188.32 -40.12 0.44
endloop
endfacet
facet normal 0 0 1
outer loop
vertex 108.84 -40.12 0.44
vertex 108.82 -40.02 0.44
vertex 108.62 -40.02 0.44
endloop
endfacet
facet normal 0 0 1
outer loop
vertex 108.84 -40.12 0.44
vertex 108.62 -40.02 0.44
vertex 108.62 -40.04 0.44
endloop
endfacet
facet normal 0 0 1
outer loop
vertex 108.84 -40.12 0.44
vertex 108.62 -40.04 0.44
vertex 108.63 -40.12 0.44
endloop
endfacet
facet normal 0 0 1
outer loop
vertex 188.54 -40.02 0.44
vertex 188.54 -39.92 0.44
vertex 188.34 -39.92 0.44
endloop
endfacet
facet normal 0 0 1
outer loop
vertex 188.54 -40.02 0.44
vertex 188.34 -39.92 0.44
vertex 188.34 -40.02 0.44
endloop
endfacet
facet normal 0 0 1
outer loop
vertex 108.82 -40.02 0.44
vertex 108.81 -39.92 0.44
vertex 108.61 -39.92 0.44
endloop
endfacet
facet normal 0 0 1
outer loop
vertex 108.82 -40.02 0.44
vertex 108.61 -39.92 0.44
vertex 108.62 -40.02 0.44
endloop
endfacet
facet normal 0 0 1
outer loop
vertex 188.54 -39.92 0.44
vertex 188.54 -39.91 0.44
vertex 188.53 -39.81 0.44
endloop
endfacet
facet normal 0 0 1
outer loop
vertex 188.54 -39.92 0.44
vertex 188.53 -39.81 0.44
vertex 188.33 -39.81 0.44
endloop
endfacet
facet normal 0 0 1
outer loop
vertex 188.54 -39.92 0.44
vertex 188.33 -39.81 0.44
vertex 188.34 -39.92 0.44
endloop
endfacet
facet normal 0 0 1
outer loop
vertex 108.81 -39.92 0.44
vertex 108.83 -39.81 0.44
vertex 108.62 -39.81 0.44
endloop
endfacet
facet normal 0 0 1
outer loop
vertex 108.81 -39.92 0.44
vertex 108.62 -39.81 0.44
vertex 108.61 -39.91 0.44
endloop
endfacet
facet normal 0 0 1
outer loop
vertex 108.81 -39.92 0.44
vertex 108.61 -39.91 0.44
vertex 108.61 -39.92 0.44
endloop
endfacet
facet normal 0 0 1
outer loop
vertex 108.83 -39.81 0.44
vertex 108.86 -39.71 0.44
vertex 108.65 -39.71 0.44
endloop
endfacet
facet normal 0 0 1
outer loop
vertex 108.83 -39.81 0.44
vertex 108.65 -39.71 0.44
vertex 108.63 -39.77 0.44
endloop
endfacet
facet normal 0 0 1
outer loop
vertex 108.83 -39.81 0.44
vertex 108.63 -39.77 0.44
vertex 108.62 -39.81 0.44
endloop
endfacet
facet normal 0 0 1
outer loop
vertex 188.53 -39.81 0.44
vertex 188.52 -39.77 0.44
vertex 188.51 -39.71 0.44
endloop
endfacet
facet normal 0 0 1
outer loop
vertex 188.53 -39.81 0.44
vertex 188.51 -39.71 0.44
vertex 188.30 -39.71 0.44
endloop
endfacet
facet normal 0 0 1
outer loop
vertex 188.53 -39.81 0.44
vertex 188.30 -39.71 0.44
vertex 188.33 -39.81 0.44
endloop
endfacet
facet normal 0 0 1
outer loop
vertex 188.51 -39.71 0.44
vertex 188.50 -39.70 0.44
vertex 188.29 -39.70 0.44
endloop
endfacet
facet normal 0 0 1
outer loop
vertex 188.51 -39.71 0.44
vertex 188.29 -39.70 0.44
vertex 188.30 -39.71 0.44
endloop
endfacet
facet normal 0 0 1
outer loop
vertex 108.86 -39.71 0.44
vertex 115.68 -23.24 0.44
vertex 115.46 -23.24 0.44
endloop
endfacet
facet normal 0 0 1
outer loop
vertex 108.86 -39.71 0.44
vertex 115.46 -23.24 0.44
vertex 108.67 -39.64 0.44
endloop
endfacet
facet normal 0 0 1
outer loop
vertex 108.86 -39.71 0.44
vertex 108.67 -39.64 0.44
vertex 108.65 -39.71 0.44
endloop
endfacet
facet normal 0 0 1
outer loop
vertex 188.50 -39.70 0.44
vertex 188.48 -39.64 0.44
vertex 181.69 -23.24 0.44
endloop
endfacet
facet normal 0 0 1
outer loop
vertex 188.50 -39.70 0.44
vertex 181.69 -23.24 0.44
vertex 181.47 -23.24 0.44
endloop
endfacet
facet normal 0 0 1
outer loop
vertex 188.50 -39.70 0.44
vertex 181.47 -23.24 0.44
vertex 188.29 -39.70 0.44
endloop
endfacet
facet normal -1.00 0.10 0
outer loop
vertex 149.63 -26.26 0
vertex 149.61 -26.46 0
vertex 149.61 -26.46 2.2
endloop
endfacet
facet normal -1.00 0.10 0
outer loop
vertex 149.63 -26.26 0
vertex 149.61 -26.46 2.2
vertex 149.63 -26.26 2.2
endloop
endfacet
facet normal -1.00 -0.10 0
outer loop
vertex 149.61 -26.05 0
vertex 149.63 -26.26 0
vertex 149.63 -26.26 2.2
endloop
endfacet
facet normal -1.00 -0.10 0
outer loop
vertex 149.61 -26.05 0
vertex 149.63 -26.26 2.2
vertex 149.61 -26.05 2.2
endloop
endfacet
facet normal -0.96 -0.29 0
outer loop
vertex 149.55 -25.86 0
vertex 149.61 -26.05 0
vertex 149.61 -26.05 2.2
endloop
endfacet
facet normal -0.96 -0.29 0
outer loop
vertex 149.55 -25.86 0
vertex 149.61 -26.05 2.2
vertex 149.55 -25.86 2.2
endloop
endfacet
facet normal -0.88 -0.47 0
outer loop
vertex 149.45 -25.68 0
vertex 149.55 -25.86 0
vertex 149.55 -25.86 2.2
endloop
endfacet
facet normal -0.88 -0.47 0
outer loop
vertex 149.45 -25.68 0
vertex 149.55 -25.86 2.2
vertex 149.45 -25.68 2.2
endloop
endfacet
facet normal -0.77 -0.63 0
outer loop
vertex 149.32 -25.52 0
vertex 149.45 -25.68 0
vertex 149.45 -25.68 2.2
endloop
endfacet
facet normal -0.77 -0.63 0
outer loop
vertex 149.32 -25.52 0
vertex 149.45 -25.68 2.2
vertex 149.32 -25.52 2.2
endloop
endfacet
facet normal -0.63 -0.77 0
outer loop
vertex 149.16 -25.39 0
vertex 149.32 -25.52 0
vertex 149.32 -25.52 2.2
endloop
endfacet
facet normal -0.63 -0.77 0
outer loop
vertex 149.16 -25.39 0
vertex 149.32 -25.52 2.2
vertex 149.16 -25.39 2.2
endloop
endfacet
facet normal -0.47 -0.88 0
outer loop
vertex 148.98 -25.29 0
vertex 149.16 -25.39 0
vertex 149.16 -25.39 2.2
endloop
endfacet
facet normal -0.47 -0.88 0
outer loop
vertex 148.98 -25.29 0
vertex 149.16 -25.39 2.2
vertex 148.98 -25.29 2.2
endloop
endfacet
facet normal -0.29 -0.96 0
outer loop
vertex 148.78 -25.23 0
vertex 148.98 -25.29 0
vertex 148.98 -25.29 2.2
endloop
endfacet
facet normal -0.29 -0.96 0
outer loop
vertex 148.78 -25.23 0
vertex 148.98 -25.29 2.2
vertex 148.78 -25.23 2.2
endloop
endfacet
facet normal -0.10 -1.00 0
outer loop
vertex 148.58 -25.21 0
vertex 148.78 -25.23 0
vertex 148.78 -25.23 2.2
endloop
endfacet
facet normal -0.10 -1.00 0
outer loop
vertex 148.58 -25.21 0
vertex 148.78 -25.23 2.2
vertex 148.58 -25.21 2.2
endloop
endfacet
facet normal 0.10 -1.00 0
outer loop
vertex 148.37 -25.23 0
vertex 148.58 -25.21 0
vertex 148.58 -25.21 2.2
endloop
endfacet
facet normal 0.10 -1.00 0
outer loop
vertex 148.37 -25.23 0
vertex 148.58 -25.21 2.2
vertex 148.37 -25.23 2.2
endloop
endfacet
facet normal 0.29 -0.96 0
outer loop
vertex 148.17 -25.29 0
vertex 148.37 -25.23 0
vertex 148.37 -25.23 2.2
endloop
endfacet
facet normal 0.29 -0.96 0
outer loop
vertex 148.17 -25.29 0
vertex 148.37 -25.23 2.2
vertex 148.17 -25.29 2.2
endloop
endfacet
facet normal 0.47 -0.88 0
outer loop
vertex 147.99 -25.39 0
vertex 148.17 -25.29 0
vertex 148.17 -25.29 2.2
endloop
endfacet
facet normal 0.47 -0.88 0
outer loop
vertex 147.99 -25.39 0
vertex 148.17 -25.29 2.2
vertex 147.99 -25.39 2.2
endloop
endfacet
facet normal 0.63 -0.77 0
outer loop
vertex 147.83 -25.52 0
vertex 147.99 -25.39 0
vertex 147.99 -25.39 2.2
endloop
endfacet
facet normal 0.63 -0.77 0
outer loop
vertex 147.83 -25.52 0
vertex 147.99 -25.39 2.2
vertex 147.83 -25.52 2.2
endloop
endfacet
facet normal 0.77 -0.63 0
outer loop
vertex 147.70 -25.68 0
vertex 147.83 -25.52 0
vertex 147.83 -25.52 2.2
endloop
endfacet
facet normal 0.77 -0.63 0
outer loop
vertex 147.70 -25.68 0
vertex 147.83 -25.52 2.2
vertex 147.70 -25.68 2.2
endloop
endfacet
facet normal 0.88 -0.47 0
outer loop
vertex 147.61 -25.86 0
vertex 147.70 -25.68 0
vertex 147.70 -25.68 2.2
endloop
endfacet
facet normal 0.88 -0.47 0
outer loop
vertex 147.61 -25.86 0
vertex 147.70 -25.68 2.2
vertex 147.61 -25.86 2.2
endloop
endfacet
facet normal 0.96 -0.29 0
outer loop
vertex 147.55 -26.05 0
vertex 147.61 -25.86 0
vertex 147.61 -25.86 2.2
endloop
endfacet
facet normal 0.96 -0.29 0
outer loop
vertex 147.55 -26.05 0
vertex 147.61 -25.86 2.2
vertex 147.55 -26.05 2.2
endloop
endfacet
facet normal 1.00 -0.10 0
outer loop
vertex 147.53 -26.26 0
vertex 147.55 -26.05 0
vertex 147.55 -26.05 2.2
endloop
endfacet
facet normal 1.00 -0.10 0
outer loop
vertex 147.53 -26.26 0
vertex 147.55 -26.05 2.2
vertex 147.53 -26.26 2.2
endloop
endfacet
facet normal 1.00 0.10 0
outer loop
vertex 147.55 -26.46 0
vertex 147.53 -26.26 0
vertex 147.53 -26.26 2.2
endloop
endfacet
facet normal 1.00 0.10 0
outer loop
vertex 147.55 -26.46 0
vertex 147.53 -26.26 2.2
vertex 147.55 -26.46 2.2
endloop
endfacet
facet normal 0.96 0.29 0
outer loop
vertex 147.61 -26.66 0
vertex 147.55 -26.46 0
vertex 147.55 -26.46 2.2
endloop
endfacet
facet normal 0.96 0.29 0
outer loop
vertex 147.61 -26.66 0
vertex 147.55 -26.46 2.2
vertex 147.61 -26.66 2.2
endloop
endfacet
facet normal 0.88 0.47 0
outer loop
vertex 147.70 -26.84 0
vertex 147.61 -26.66 0
vertex 147.61 -26.66 2.2
endloop
endfacet
facet normal 0.88 0.47 0
outer loop
vertex 147.70 -26.84 0
vertex 147.61 -26.66 2.2
vertex 147.70 -26.84 2.2
endloop
endfacet
facet normal 0.77 0.63 0
outer loop
vertex 147.83 -27.00 0
vertex 147.70 -26.84 0
vertex 147.70 -26.84 2.2
endloop
endfacet
facet normal 0.77 0.63 0
outer loop
vertex 147.83 -27.00 0
vertex 147.70 -26.84 2.2
vertex 147.83 -27.00 2.2
endloop
endfacet
facet normal 0.63 0.77 0
outer loop
vertex 147.99 -27.13 0
vertex 147.83 -27.00 0
vertex 147.83 -27.00 2.2
endloop
endfacet
facet normal 0.63 0.77 0
outer loop
vertex 147.99 -27.13 0
vertex 147.83 -27.00 2.2
vertex 147.99 -27.13 2.2
endloop
endfacet
facet normal 0.47 0.88 0
outer loop
vertex 148.17 -27.23 0
vertex 147.99 -27.13 0
vertex 147.99 -27.13 2.2
endloop
endfacet
facet normal 0.47 0.88 0
outer loop
vertex 148.17 -27.23 0
vertex 147.99 -27.13 2.2
vertex 148.17 -27.23 2.2
endloop
endfacet
facet normal 0.29 0.96 0
outer loop
vertex 148.37 -27.29 0
vertex 148.17 -27.23 0
vertex 148.17 -27.23 2.2
endloop
endfacet
facet normal 0.29 0.96 0
outer loop
vertex 148.37 -27.29 0
vertex 148.17 -27.23 2.2
vertex 148.37 -27.29 2.2
endloop
endfacet
facet normal 0.10 1.00 0
outer loop
vertex 148.58 -27.31 0
vertex 148.37 -27.29 0
vertex 148.37 -27.29 2.2
endloop
endfacet
facet normal 0.10 1.00 0
outer loop
vertex 148.58 -27.31 0
vertex 148.37 -27.29 2.2
vertex 148.58 -27.31 2.2
endloop
endfacet
facet normal -0.10 1.00 0
outer loop
vertex 148.78 -27.29 0
vertex 148.58 -27.31 0
vertex 148.58 -27.31 2.2
endloop
endfacet
facet normal -0.10 1.00 0
outer loop
vertex 148.78 -27.29 0
vertex 148.58 -27.31 2.2
vertex 148.78 -27.29 2.2
endloop
endfacet
facet normal -0.29 0.96 0
outer loop
vertex 148.98 -27.23 0
vertex 148.78 -27.29 0
vertex 148.78 -27.29 2.2
endloop
endfacet
facet normal -0.29 0.96 0
outer loop
vertex 148.98 -27.23 0
vertex 148.78 -27.29 2.2
vertex 148.98 -27.23 2.2
endloop
endfacet
facet normal -0.47 0.88 0
outer loop
vertex 149.16 -27.13 0
vertex 148.98 -27.23 0
vertex 148.98 -27.23 2.2
endloop
endfacet
facet normal -0.47 0.88 0
outer loop
vertex 149.16 -27.13 0
vertex 148.98 -27.23 2.2
vertex 149.16 -27.13 2.2
endloop
endfacet
facet normal -0.63 0.77 0
outer loop
vertex 149.32 -27.00 0
vertex 149.16 -27.13 0
vertex 149.16 -27.13 2.2
endloop
endfacet
facet normal -0.63 0.77 0
outer loop
vertex 149.32 -27.00 0
vertex 149.16 -27.13 2.2
vertex 149.32 -27.00 2.2
endloop
endfacet
facet normal -0.77 0.63 0
outer loop
vertex 149.45 -26.84 0
vertex 149.32 -27.00 0
vertex 149.32 -27.00 2.2
endloop
endfacet
facet normal -0.77 0.63 0
outer loop
vertex 149.45 -26.84 0
vertex 149.32 -27.00 2.2
vertex 149.45 -26.84 2.2
endloop
endfacet
facet normal -0.88 0.47 0
outer loop
vertex 149.55 -26.66 0
vertex 149.45 -26.84 0
vertex 149.45 -26.84 2.2
endloop
endfacet
facet normal -0.88 0.47 0
outer loop
vertex 149.55 -26.66 0
vertex 149.45 -26.84 2.2
vertex 149.55 -26.66 2.2
endloop
endfacet
facet normal -0.96 0.29 0
outer loop
vertex 149.61 -26.46 0
vertex 149.55 -26.66 0
vertex 149.55 -26.66 2.2
endloop
endfacet
facet normal -0.96 0.29 0
outer loop
vertex 149.61 -26.46 0
vertex 149.55 -26.66 2.2
vertex 149.61 -26.46 2.2
endloop
endfacet
facet normal 0 0 -1
outer loop
vertex 113.07 -44.05 0.90
vertex 112.10 -44.05 0.90
vertex 113.07 -44.05 0.90
endloop
endfacet
facet normal 0 0 -1
outer loop
vertex 113.07 -44.05 0.90
vertex 113.07 -44.05 0.90
vertex 113.26 -44.05 0.90
endloop
endfacet
facet normal 0 0 -1
outer loop
vertex 136.44 -142.90 0.90
vertex 136.68 -142.90 0.90
vertex 136.44 -142.90 0.90
endloop
endfacet
facet normal 0 0 -1
outer loop
vertex 136.44 -142.90 0.90
vertex 136.44 -142.90 0.90
vertex 135.52 -142.90 0.90
endloop
endfacet
facet normal 0 0 1
outer loop
vertex 137.14 -142.90 0.90
vertex 137.00 -142.90 0.90
vertex 135.52 -142.90 0.90
endloop
endfacet
facet normal 0 0 1
outer loop
vertex 137.14 -142.90 0.90
vertex 135.52 -142.90 0.90
vertex 137.00 -142.90 0.90
endloop
endfacet
facet normal 0.17 -0.98 -4.6214332360089223e-7
outer loop
vertex 177.98 -44.17 1.20
vertex 178.15 -44.14 1.20
vertex 178.15 -44.14 2.2
endloop
endfacet
facet normal 0.17 -0.98 -4.6214332360089223e-7
outer loop
vertex 177.98 -44.17 1.20
vertex 178.15 -44.14 2.2
vertex 178.15 -44.14 2.2
endloop
endfacet
facet normal 0.17 -0.98 -4.6214332360089223e-7
outer loop
vertex 177.98 -44.17 1.20
vertex 178.15 -44.14 2.2
vertex 177.98 -44.17 2.2
endloop
endfacet
facet normal 0.34 -0.94 1.0177985324914575e-12
outer loop
vertex 177.81 -44.23 1.20
vertex 177.98 -44.17 1.20
vertex 177.98 -44.17 2.2
endloop
endfacet
facet normal 0.34 -0.94 1.0177985324914575e-12
outer loop
vertex 177.81 -44.23 1.20
vertex 177.98 -44.17 2.2
vertex 177.98 -44.17 2.2
endloop
endfacet
facet normal 0.34 -0.94 1.0177985324914575e-12
outer loop
vertex 177.81 -44.23 1.20
vertex 177.98 -44.17 2.2
vertex 177.81 -44.23 2.2
endloop
endfacet
facet normal 0.42 -0.91 0
outer loop
vertex 176.45 -44.87 1.20
vertex 177.81 -44.23 1.20
vertex 177.81 -44.23 2.2
endloop
endfacet
facet normal 0.42 -0.91 0
outer loop
vertex 176.45 -44.87 1.20
vertex 177.81 -44.23 2.2
vertex 176.45 -44.87 2.2
endloop
endfacet
facet normal 0.50 -0.87 0
outer loop
vertex 176.30 -44.95 1.20
vertex 176.45 -44.87 1.20
vertex 176.45 -44.87 2.2
endloop
endfacet
facet normal 0.50 -0.87 0
outer loop
vertex 176.30 -44.95 1.20
vertex 176.45 -44.87 2.2
vertex 176.30 -44.95 2.2
endloop
endfacet
facet normal -0.50 -0.87 0
outer loop
vertex 120.70 -44.87 1.20
vertex 120.85 -44.95 1.20
vertex 120.85 -44.95 2.2
endloop
endfacet
facet normal -0.50 -0.87 0
outer loop
vertex 120.70 -44.87 1.20
vertex 120.85 -44.95 2.2
vertex 120.70 -44.87 2.2
endloop
endfacet
facet normal -0.42 -0.91 0
outer loop
vertex 119.34 -44.23 1.20
vertex 120.70 -44.87 1.20
vertex 120.70 -44.87 2.2
endloop
endfacet
facet normal -0.42 -0.91 0
outer loop
vertex 119.34 -44.23 1.20
vertex 120.70 -44.87 2.2
vertex 119.34 -44.23 2.2
endloop
endfacet
facet normal -0.34 -0.94 -5.037797266968202e-13
outer loop
vertex 119.18 -44.17 1.20
vertex 119.34 -44.23 1.20
vertex 119.34 -44.23 2.2
endloop
endfacet
facet normal -0.34 -0.94 -5.037797266968202e-13
outer loop
vertex 119.18 -44.17 1.20
vertex 119.34 -44.23 2.2
vertex 119.34 -44.23 2.2
endloop
endfacet
facet normal -0.34 -0.94 -5.037797266968202e-13
outer loop
vertex 119.18 -44.17 1.20
vertex 119.34 -44.23 2.2
vertex 119.18 -44.17 2.2
endloop
endfacet
facet normal -0.17 -0.98 -0.00
outer loop
vertex 119.01 -44.14 1.20
vertex 119.18 -44.17 1.20
vertex 119.18 -44.17 2.2
endloop
endfacet
facet normal -0.17 -0.98 -0.00
outer loop
vertex 119.01 -44.14 1.20
vertex 119.18 -44.17 2.2
vertex 119.18 -44.17 2.2
endloop
endfacet
facet normal -0.17 -0.98 -0.00
outer loop
vertex 119.01 -44.14 1.20
vertex 119.18 -44.17 2.2
vertex 119.01 -44.14 2.2
endloop
endfacet
facet normal 0 1 0
outer loop
vertex 137.83 -29.76 0.20
vertex 137.83 -29.76 1.7
vertex 147.33 -29.76 1.7
endloop
endfacet
facet normal 0 1 0
outer loop
vertex 137.83 -29.76 0.20
vertex 147.33 -29.76 1.7
vertex 147.33 -29.76 0.20
endloop
endfacet
facet normal 0 -1 0
outer loop
vertex 137.83 -29.76 0.20
vertex 147.33 -29.76 0.20
vertex 149.08 -29.76 0.2
endloop
endfacet
facet normal 0 -1 0
outer loop
vertex 137.83 -29.76 0.20
vertex 149.08 -29.76 0.2
vertex 149.08 -41.76 0.2
endloop
endfacet
facet normal 0 -1 0
outer loop
vertex 137.83 -29.76 0.20
vertex 149.08 -41.76 0.2
vertex 136.08 -41.76 0.2
endloop
endfacet
facet normal 0 -1 0
outer loop
vertex 137.83 -29.76 0.20
vertex 136.08 -41.76 0.2
vertex 136.08 -29.76 0.2
endloop
endfacet
facet normal 0 1 0
outer loop
vertex 136.08 -41.76 0
vertex 136.08 -41.76 0.2
vertex 149.08 -41.76 0.2
endloop
endfacet
facet normal 0 1 0
outer loop
vertex 136.08 -41.76 0
vertex 149.08 -41.76 0.2
vertex 149.08 -41.76 0
endloop
endfacet
facet normal -1 0 0
outer loop
vertex 149.08 -29.98 0
vertex 149.08 -30.21 0
vertex 149.08 -30.45 0
endloop
endfacet
facet normal -1 0 0
outer loop
vertex 149.08 -29.98 0
vertex 149.08 -30.45 0
vertex 149.08 -30.67 0
endloop
endfacet
facet normal -1 0 0
outer loop
vertex 149.08 -29.98 0
vertex 149.08 -30.67 0
vertex 149.08 -30.88 0
endloop
endfacet
facet normal -1 0 0
outer loop
vertex 149.08 -29.98 0
vertex 149.08 -30.88 0
vertex 149.08 -31.06 0
endloop
endfacet
facet normal -1 0 0
outer loop
vertex 149.08 -29.98 0
vertex 149.08 -31.06 0
vertex 149.08 -31.21 0
endloop
endfacet
facet normal -1 0 0
outer loop
vertex 149.08 -29.98 0
vertex 149.08 -31.21 0
vertex 149.08 -31.32 0
endloop
endfacet
facet normal -1 0 0
outer loop
vertex 149.08 -29.98 0
vertex 149.08 -31.32 0
vertex 149.08 -31.39 0
endloop
endfacet
facet normal -1 0 0
outer loop
vertex 149.08 -29.98 0
vertex 149.08 -31.39 0
vertex 149.08 -31.41 0
endloop
endfacet
facet normal -1 0 0
outer loop
vertex 149.08 -29.98 0
vertex 149.08 -31.41 0
vertex 149.08 -41.76 0
endloop
endfacet
facet normal -1 0 0
outer loop
vertex 149.08 -29.98 0
vertex 149.08 -41.76 0
vertex 149.08 -41.76 0.2
endloop
endfacet
facet normal -1 0 0
outer loop
vertex 149.08 -29.98 0
vertex 149.08 -41.76 0.2
vertex 149.08 -29.76 0.2
endloop
endfacet
facet normal -1 0 0
outer loop
vertex 149.08 -29.98 0
vertex 149.08 -29.76 0.2
vertex 149.08 -29.76 0
endloop
endfacet
facet normal 1 0 0
outer loop
vertex 136.08 -41.76 0.2
vertex 136.08 -41.76 0
vertex 136.08 -31.41 0
endloop
endfacet
facet normal 1 0 0
outer loop
vertex 136.08 -41.76 0.2
vertex 136.08 -31.41 0
vertex 136.08 -31.39 0
endloop
endfacet
facet normal 1 0 0
outer loop
vertex 136.08 -41.76 0.2
vertex 136.08 -31.39 0
vertex 136.08 -31.32 0
endloop
endfacet
facet normal 1 0 0
outer loop
vertex 136.08 -41.76 0.2
vertex 136.08 -31.32 0
vertex 136.08 -31.21 0
endloop
endfacet
facet normal 1 0 0
outer loop
vertex 136.08 -41.76 0.2
vertex 136.08 -31.21 0
vertex 136.08 -31.06 0
endloop
endfacet
facet normal 1 0 0
outer loop
vertex 136.08 -41.76 0.2
vertex 136.08 -31.06 0
vertex 136.08 -30.88 0
endloop
endfacet
facet normal 1 0 0
outer loop
vertex 136.08 -41.76 0.2
vertex 136.08 -30.88 0
vertex 136.08 -30.67 0
endloop
endfacet
facet normal 1 0 0
outer loop
vertex 136.08 -41.76 0.2
vertex 136.08 -30.67 0
vertex 136.08 -30.45 0
endloop
endfacet
facet normal 1 0 0
outer loop
vertex 136.08 -41.76 0.2
vertex 136.08 -30.45 0
vertex 136.08 -30.21 0
endloop
endfacet
facet normal 1 0 0
outer loop
vertex 136.08 -41.76 0.2
vertex 136.08 -30.21 0
vertex 136.08 -29.98 0
endloop
endfacet
facet normal 1 0 0
outer loop
vertex 136.08 -41.76 0.2
vertex 136.08 -29.98 0
vertex 136.08 -29.76 0
endloop
endfacet
facet normal 1 0 0
outer loop
vertex 136.08 -41.76 0.2
vertex 136.08 -29.76 0
vertex 136.08 -29.76 0.2
endloop
endfacet
facet normal 0 -1 0
outer loop
vertex 137.83 -29.76 0
vertex 137.83 -29.76 0.20
vertex 136.08 -29.76 0.2
endloop
endfacet
facet normal 0 -1 0
outer loop
vertex 137.83 -29.76 0
vertex 136.08 -29.76 0.2
vertex 136.08 -29.76 0
endloop
endfacet
facet normal 0 -1 0
outer loop
vertex 149.08 -29.76 0
vertex 149.08 -29.76 0.2
vertex 147.33 -29.76 0.20
endloop
endfacet
facet normal 0 -1 0
outer loop
vertex 149.08 -29.76 0
vertex 147.33 -29.76 0.20
vertex 147.33 -29.76 0
endloop
endfacet
facet normal 0 0 -1
outer loop
vertex 136.87 -49.29 1
vertex 137.15 -49.37 1
vertex 137.41 -49.51 1
endloop
endfacet
facet normal 0 0 -1
outer loop
vertex 136.87 -49.29 1
vertex 137.41 -49.51 1
vertex 137.64 -49.70 1
endloop
endfacet
facet normal 0 0 -1
outer loop
vertex 136.87 -49.29 1
vertex 137.64 -49.70 1
vertex 137.82 -49.93 1
endloop
endfacet
facet normal 0 0 -1
outer loop
vertex 136.87 -49.29 1
vertex 137.82 -49.93 1
vertex 137.96 -50.19 1
endloop
endfacet
facet normal 0 0 -1
outer loop
vertex 136.87 -49.29 1
vertex 137.96 -50.19 1
vertex 138.05 -50.47 1
endloop
endfacet
facet normal 0 0 -1
outer loop
vertex 136.87 -49.29 1
vertex 138.05 -50.47 1
vertex 138.08 -50.76 1
endloop
endfacet
facet normal 0 0 -1
outer loop
vertex 136.87 -49.29 1
vertex 138.08 -50.76 1
vertex 138.05 -51.05 1
endloop
endfacet
facet normal 0 0 -1
outer loop
vertex 136.87 -49.29 1
vertex 138.05 -51.05 1
vertex 137.96 -51.33 1
endloop
endfacet
facet normal 0 0 -1
outer loop
vertex 136.87 -49.29 1
vertex 137.96 -51.33 1
vertex 137.82 -51.59 1
endloop
endfacet
facet normal 0 0 -1
outer loop
vertex 136.87 -49.29 1
vertex 137.82 -51.59 1
vertex 137.64 -51.82 1
endloop
endfacet
facet normal 0 0 -1
outer loop
vertex 136.87 -49.29 1
vertex 137.64 -51.82 1
vertex 137.41 -52.01 1
endloop
endfacet
facet normal 0 0 -1
outer loop
vertex 136.87 -49.29 1
vertex 137.41 -52.01 1
vertex 137.15 -52.14 1
endloop
endfacet
facet normal 0 0 -1
outer loop
vertex 136.87 -49.29 1
vertex 137.15 -52.14 1
vertex 136.87 -52.23 1
endloop
endfacet
facet normal 0 0 -1
outer loop
vertex 136.87 -49.29 1
vertex 136.87 -52.23 1
vertex 136.58 -52.26 1
endloop
endfacet
facet normal 0 0 -1
outer loop
vertex 136.87 -49.29 1
vertex 136.58 -52.26 1
vertex 136.28 -52.23 1
endloop
endfacet
facet normal 0 0 -1
outer loop
vertex 136.87 -49.29 1
vertex 136.28 -52.23 1
vertex 136.00 -52.14 1
endloop
endfacet
facet normal 0 0 -1
outer loop
vertex 136.87 -49.29 1
vertex 136.00 -52.14 1
vertex 135.74 -52.01 1
endloop
endfacet
facet normal 0 0 -1
outer loop
vertex 136.87 -49.29 1
vertex 135.74 -52.01 1
vertex 135.52 -51.82 1
endloop
endfacet
facet normal 0 0 -1
outer loop
vertex 136.87 -49.29 1
vertex 135.52 -51.82 1
vertex 135.33 -51.59 1
endloop
endfacet
facet normal 0 0 -1
outer loop
vertex 136.87 -49.29 1
vertex 135.33 -51.59 1
vertex 135.19 -51.33 1
endloop
endfacet
facet normal 0 0 -1
outer loop
vertex 136.87 -49.29 1
vertex 135.19 -51.33 1
vertex 135.11 -51.05 1
endloop
endfacet
facet normal 0 0 -1
outer loop
vertex 136.87 -49.29 1
vertex 135.11 -51.05 1
vertex 135.08 -50.76 1
endloop
endfacet
facet normal 0 0 -1
outer loop
vertex 136.87 -49.29 1
vertex 135.08 -50.76 1
vertex 135.11 -50.47 1
endloop
endfacet
facet normal 0 0 -1
outer loop
vertex 136.87 -49.29 1
vertex 135.11 -50.47 1
vertex 135.19 -50.19 1
endloop
endfacet
facet normal 0 0 -1
outer loop
vertex 136.87 -49.29 1
vertex 135.19 -50.19 1
vertex 135.33 -49.93 1
endloop
endfacet
facet normal 0 0 -1
outer loop
vertex 136.87 -49.29 1
vertex 135.33 -49.93 1
vertex 135.52 -49.70 1
endloop
endfacet
facet normal 0 0 -1
outer loop
vertex 136.87 -49.29 1
vertex 135.52 -49.70 1
vertex 135.74 -49.51 1
endloop
endfacet
facet normal 0 0 -1
outer loop
vertex 136.87 -49.29 1
vertex 135.74 -49.51 1
vertex 136.00 -49.37 1
endloop
endfacet
facet normal 0 0 -1
outer loop
vertex 136.87 -49.29 1
vertex 136.00 -49.37 1
vertex 136.28 -49.29 1
endloop
endfacet
facet normal 0 0 -1
outer loop
vertex 136.87 -49.29 1
vertex 136.28 -49.29 1
vertex 136.58 -49.26 1
endloop
endfacet
facet normal 0 0 -1
outer loop
vertex 140.87 -49.29 1
vertex 141.15 -49.37 1
vertex 141.41 -49.51 1
endloop
endfacet
facet normal 0 0 -1
outer loop
vertex 140.87 -49.29 1
vertex 141.41 -49.51 1
vertex 141.64 -49.70 1
endloop
endfacet
facet normal 0 0 -1
outer loop
vertex 140.87 -49.29 1
vertex 141.64 -49.70 1
vertex 141.82 -49.93 1
endloop
endfacet
facet normal 0 0 -1
outer loop
vertex 140.87 -49.29 1
vertex 141.82 -49.93 1
vertex 141.96 -50.19 1
endloop
endfacet
facet normal 0 0 -1
outer loop
vertex 140.87 -49.29 1
vertex 141.96 -50.19 1
vertex 142.05 -50.47 1
endloop
endfacet
facet normal 0 0 -1
outer loop
vertex 140.87 -49.29 1
vertex 142.05 -50.47 1
vertex 142.08 -50.76 1
endloop
endfacet
facet normal 0 0 -1
outer loop
vertex 140.87 -49.29 1
vertex 142.08 -50.76 1
vertex 142.05 -51.05 1
endloop
endfacet
facet normal 0 0 -1
outer loop
vertex 140.87 -49.29 1
vertex 142.05 -51.05 1
vertex 141.96 -51.33 1
endloop
endfacet
facet normal 0 0 -1
outer loop
vertex 140.87 -49.29 1
vertex 141.96 -51.33 1
vertex 141.82 -51.59 1
endloop
endfacet
facet normal 0 0 -1
outer loop
vertex 140.87 -49.29 1
vertex 141.82 -51.59 1
vertex 141.64 -51.82 1
endloop
endfacet
facet normal 0 0 -1
outer loop
vertex 140.87 -49.29 1
vertex 141.64 -51.82 1
vertex 141.41 -52.01 1
endloop
endfacet
facet normal 0 0 -1
outer loop
vertex 140.87 -49.29 1
vertex 141.41 -52.01 1
vertex 141.15 -52.14 1
endloop
endfacet
facet normal 0 0 -1
outer loop
vertex 140.87 -49.29 1
vertex 141.15 -52.14 1
vertex 140.87 -52.23 1
endloop
endfacet
facet normal 0 0 -1
outer loop
vertex 140.87 -49.29 1
vertex 140.87 -52.23 1
vertex 140.58 -52.26 1
endloop
endfacet
facet normal 0 0 -1
outer loop
vertex 140.87 -49.29 1
vertex 140.58 -52.26 1
vertex 140.28 -52.23 1
endloop
endfacet
facet normal 0 0 -1
outer loop
vertex 140.87 -49.29 1
vertex 140.28 -52.23 1
vertex 140.00 -52.14 1
endloop
endfacet
facet normal 0 0 -1
outer loop
vertex 140.87 -49.29 1
vertex 140.00 -52.14 1
vertex 139.74 -52.01 1
endloop
endfacet
facet normal 0 0 -1
outer loop
vertex 140.87 -49.29 1
vertex 139.74 -52.01 1
vertex 139.52 -51.82 1
endloop
endfacet
facet normal 0 0 -1
outer loop
vertex 140.87 -49.29 1
vertex 139.52 -51.82 1
vertex 139.33 -51.59 1
endloop
endfacet
facet normal 0 0 -1
outer loop
vertex 140.87 -49.29 1
vertex 139.33 -51.59 1
vertex 139.19 -51.33 1
endloop
endfacet
facet normal 0 0 -1
outer loop
vertex 140.87 -49.29 1
vertex 139.19 -51.33 1
vertex 139.11 -51.05 1
endloop
endfacet
facet normal 0 0 -1
outer loop
vertex 140.87 -49.29 1
vertex 139.11 -51.05 1
vertex 139.08 -50.76 1
endloop
endfacet
facet normal 0 0 -1
outer loop
vertex 140.87 -49.29 1
vertex 139.08 -50.76 1
vertex 139.11 -50.47 1
endloop
endfacet
facet normal 0 0 -1
outer loop
vertex 140.87 -49.29 1
vertex 139.11 -50.47 1
vertex 139.19 -50.19 1
endloop
endfacet
facet normal 0 0 -1
outer loop
vertex 140.87 -49.29 1
vertex 139.19 -50.19 1
vertex 139.33 -49.93 1
endloop
endfacet
facet normal 0 0 -1
outer loop
vertex 140.87 -49.29 1
vertex 139.33 -49.93 1
vertex 139.52 -49.70 1
endloop
endfacet
facet normal 0 0 -1
outer loop
vertex 140.87 -49.29 1
vertex 139.52 -49.70 1
vertex 139.74 -49.51 1
endloop
endfacet
facet normal 0 0 -1
outer loop
vertex 140.87 -49.29 1
vertex 139.74 -49.51 1
vertex 140.00 -49.37 1
endloop
endfacet
facet normal 0 0 -1
outer loop
vertex 140.87 -49.29 1
vertex 140.00 -49.37 1
vertex 140.28 -49.29 1
endloop
endfacet
facet normal 0 0 -1
outer loop
vertex 140.87 -49.29 1
vertex 140.28 -49.29 1
vertex 140.58 -49.26 1
endloop
endfacet
facet normal 0 0 -1
outer loop
vertex 144.87 -49.29 1
vertex 145.15 -49.37 1
vertex 145.41 -49.51 1
endloop
endfacet
facet normal 0 0 -1
outer loop
vertex 144.87 -49.29 1
vertex 145.41 -49.51 1
vertex 145.64 -49.70 1
endloop
endfacet
facet normal 0 0 -1
outer loop
vertex 144.87 -49.29 1
vertex 145.64 -49.70 1
vertex 145.82 -49.93 1
endloop
endfacet
facet normal 0 0 -1
outer loop
vertex 144.87 -49.29 1
vertex 145.82 -49.93 1
vertex 145.96 -50.19 1
endloop
endfacet
facet normal 0 0 -1
outer loop
vertex 144.87 -49.29 1
vertex 145.96 -50.19 1
vertex 146.05 -50.47 1
endloop
endfacet
facet normal 0 0 -1
outer loop
vertex 144.87 -49.29 1
vertex 146.05 -50.47 1
vertex 146.08 -50.76 1
endloop
endfacet
facet normal 0 0 -1
outer loop
vertex 144.87 -49.29 1
vertex 146.08 -50.76 1
vertex 146.05 -51.05 1
endloop
endfacet
facet normal 0 0 -1
outer loop
vertex 144.87 -49.29 1
vertex 146.05 -51.05 1
vertex 145.96 -51.33 1
endloop
endfacet
facet normal 0 0 -1
outer loop
vertex 144.87 -49.29 1
vertex 145.96 -51.33 1
vertex 145.82 -51.59 1
endloop
endfacet
facet normal 0 0 -1
outer loop
vertex 144.87 -49.29 1
vertex 145.82 -51.59 1
vertex 145.64 -51.82 1
endloop
endfacet
facet normal 0 0 -1
outer loop
vertex 144.87 -49.29 1
vertex 145.64 -51.82 1
vertex 145.41 -52.01 1
endloop
endfacet
facet normal 0 0 -1
outer loop
vertex 144.87 -49.29 1
vertex 145.41 -52.01 1
vertex 145.15 -52.14 1
endloop
endfacet
facet normal 0 0 -1
outer loop
vertex 144.87 -49.29 1
vertex 145.15 -52.14 1
vertex 144.87 -52.23 1
endloop
endfacet
facet normal 0 0 -1
outer loop
vertex 144.87 -49.29 1
vertex 144.87 -52.23 1
vertex 144.58 -52.26 1
endloop
endfacet
facet normal 0 0 -1
outer loop
vertex 144.87 -49.29 1
vertex 144.58 -52.26 1
vertex 144.28 -52.23 1
endloop
endfacet
facet normal 0 0 -1
outer loop
vertex 144.87 -49.29 1
vertex 144.28 -52.23 1
vertex 144.00 -52.14 1
endloop
endfacet
facet normal 0 0 -1
outer loop
vertex 144.87 -49.29 1
vertex 144.00 -52.14 1
vertex 143.74 -52.01 1
endloop
endfacet
facet normal 0 0 -1
outer loop
vertex 144.87 -49.29 1
vertex 143.74 -52.01 1
vertex 143.52 -51.82 1
endloop
endfacet
facet normal 0 0 -1
outer loop
vertex 144.87 -49.29 1
vertex 143.52 -51.82 1
vertex 143.33 -51.59 1
endloop
endfacet
facet normal 0 0 -1
outer loop
vertex 144.87 -49.29 1
vertex 143.33 -51.59 1
vertex 143.19 -51.33 1
endloop
endfacet
facet normal 0 0 -1
outer loop
vertex 144.87 -49.29 1
vertex 143.19 -51.33 1
vertex 143.11 -51.05 1
endloop
endfacet
facet normal 0 0 -1
outer loop
vertex 144.87 -49.29 1
vertex 143.11 -51.05 1
vertex 143.08 -50.76 1
endloop
endfacet
facet normal 0 0 -1
outer loop
vertex 144.87 -49.29 1
vertex 143.08 -50.76 1
vertex 143.11 -50.47 1
endloop
endfacet
facet normal 0 0 -1
outer loop
vertex 144.87 -49.29 1
vertex 143.11 -50.47 1
vertex 143.19 -50.19 1
endloop
endfacet
facet normal 0 0 -1
outer loop
vertex 144.87 -49.29 1
vertex 143.19 -50.19 1
vertex 143.33 -49.93 1
endloop
endfacet
facet normal 0 0 -1
outer loop
vertex 144.87 -49.29 1
vertex 143.33 -49.93 1
vertex 143.52 -49.70 1
endloop
endfacet
facet normal 0 0 -1
outer loop
vertex 144.87 -49.29 1
vertex 143.52 -49.70 1
vertex 143.74 -49.51 1
endloop
endfacet
facet normal 0 0 -1
outer loop
vertex 144.87 -49.29 1
vertex 143.74 -49.51 1
vertex 144.00 -49.37 1
endloop
endfacet
facet normal 0 0 -1
outer loop
vertex 144.87 -49.29 1
vertex 144.00 -49.37 1
vertex 144.28 -49.29 1
endloop
endfacet
facet normal 0 0 -1
outer loop
vertex 144.87 -49.29 1
vertex 144.28 -49.29 1
vertex 144.58 -49.26 1
endloop
endfacet
facet normal 0 0 -1
outer loop
vertex 148.87 -49.29 1
vertex 149.15 -49.37 1
vertex 149.41 -49.51 1
endloop
endfacet
facet normal 0 0 -1
outer loop
vertex 148.87 -49.29 1
vertex 149.41 -49.51 1
vertex 149.64 -49.70 1
endloop
endfacet
facet normal 0 0 -1
outer loop
vertex 148.87 -49.29 1
vertex 149.64 -49.70 1
vertex 149.82 -49.93 1
endloop
endfacet
facet normal 0 0 -1
outer loop
vertex 148.87 -49.29 1
vertex 149.82 -49.93 1
vertex 149.96 -50.19 1
endloop
endfacet
facet normal 0 0 -1
outer loop
vertex 148.87 -49.29 1
vertex 149.96 -50.19 1
vertex 150.05 -50.47 1
endloop
endfacet
facet normal 0 0 -1
outer loop
vertex 148.87 -49.29 1
vertex 150.05 -50.47 1
vertex 150.08 -50.76 1
endloop
endfacet
facet normal 0 0 -1
outer loop
vertex 148.87 -49.29 1
vertex 150.08 -50.76 1
vertex 150.05 -51.05 1
endloop
endfacet
facet normal 0 0 -1
outer loop
vertex 148.87 -49.29 1
vertex 150.05 -51.05 1
vertex 149.96 -51.33 1
endloop
endfacet
facet normal 0 0 -1
outer loop
vertex 148.87 -49.29 1
vertex 149.96 -51.33 1
vertex 149.82 -51.59 1
endloop
endfacet
facet normal 0 0 -1
outer loop
vertex 148.87 -49.29 1
vertex 149.82 -51.59 1
vertex 149.64 -51.82 1
endloop
endfacet
facet normal 0 0 -1
outer loop
vertex 148.87 -49.29 1
vertex 149.64 -51.82 1
vertex 149.41 -52.01 1
endloop
endfacet
facet normal 0 0 -1
outer loop
vertex 148.87 -49.29 1
vertex 149.41 -52.01 1
vertex 149.15 -52.14 1
endloop
endfacet
facet normal 0 0 -1
outer loop
vertex 148.87 -49.29 1
vertex 149.15 -52.14 1
vertex 148.87 -52.23 1
endloop
endfacet
facet normal 0 0 -1
outer loop
vertex 148.87 -49.29 1
vertex 148.87 -52.23 1
vertex 148.58 -52.26 1
endloop
endfacet
facet normal 0 0 -1
outer loop
vertex 148.87 -49.29 1
vertex 148.58 -52.26 1
vertex 148.28 -52.23 1
endloop
endfacet
facet normal 0 0 -1
outer loop
vertex 148.87 -49.29 1
vertex 148.28 -52.23 1
vertex 148.00 -52.14 1
endloop
endfacet
facet normal 0 0 -1
outer loop
vertex 148.87 -49.29 1
vertex 148.00 -52.14 1
vertex 147.74 -52.01 1
endloop
endfacet
facet normal 0 0 -1
outer loop
vertex 148.87 -49.29 1
vertex 147.74 -52.01 1
vertex 147.52 -51.82 1
endloop
endfacet
facet normal 0 0 -1
outer loop
vertex 148.87 -49.29 1
vertex 147.52 -51.82 1
vertex 147.33 -51.59 1
endloop
endfacet
facet normal 0 0 -1
outer loop
vertex 148.87 -49.29 1
vertex 147.33 -51.59 1
vertex 147.19 -51.33 1
endloop
endfacet
facet normal 0 0 -1
outer loop
vertex 148.87 -49.29 1
vertex 147.19 -51.33 1
vertex 147.11 -51.05 1
endloop
endfacet
facet normal 0 0 -1
outer loop
vertex 148.87 -49.29 1
vertex 147.11 -51.05 1
vertex 147.08 -50.76 1
endloop
endfacet
facet normal 0 0 -1
outer loop
vertex 148.87 -49.29 1
vertex 147.08 -50.76 1
vertex 147.11 -50.47 1
endloop
endfacet
facet normal 0 0 -1
outer loop
vertex 148.87 -49.29 1
vertex 147.11 -50.47 1
vertex 147.19 -50.19 1
endloop
endfacet
facet normal 0 0 -1
outer loop
vertex 148.87 -49.29 1
vertex 147.19 -50.19 1
vertex 147.33 -49.93 1
endloop
endfacet
facet normal 0 0 -1
outer loop
vertex 148.87 -49.29 1
vertex 147.33 -49.93 1
vertex 147.52 -49.70 1
endloop
endfacet
facet normal 0 0 -1
outer loop
vertex 148.87 -49.29 1
vertex 147.52 -49.70 1
vertex 147.74 -49.51 1
endloop
endfacet
facet normal 0 0 -1
outer loop
vertex 148.87 -49.29 1
vertex 147.74 -49.51 1
vertex 148.00 -49.37 1
endloop
endfacet
facet normal 0 0 -1
outer loop
vertex 148.87 -49.29 1
vertex 148.00 -49.37 1
vertex 148.28 -49.29 1
endloop
endfacet
facet normal 0 0 -1
outer loop
vertex 148.87 -49.29 1
vertex 148.28 -49.29 1
vertex 148.58 -49.26 1
endloop
endfacet
facet normal -1.00 0.10 0
outer loop
vertex 138.08 -50.76 0
vertex 138.05 -51.05 0
vertex 138.05 -51.05 1
endloop
endfacet
facet normal -1.00 0.10 0
outer loop
vertex 138.08 -50.76 0
vertex 138.05 -51.05 1
vertex 138.08 -50.76 1
endloop
endfacet
facet normal -1.00 -0.10 0
outer loop
vertex 138.05 -50.47 0
vertex 138.08 -50.76 0
vertex 138.08 -50.76 1
endloop
endfacet
facet normal -1.00 -0.10 0
outer loop
vertex 138.05 -50.47 0
vertex 138.08 -50.76 1
vertex 138.05 -50.47 1
endloop
endfacet
facet normal -0.96 -0.29 0
outer loop
vertex 137.96 -50.19 0
vertex 138.05 -50.47 0
vertex 138.05 -50.47 1
endloop
endfacet
facet normal -0.96 -0.29 0
outer loop
vertex 137.96 -50.19 0
vertex 138.05 -50.47 1
vertex 137.96 -50.19 1
endloop
endfacet
facet normal -0.88 -0.47 0
outer loop
vertex 137.82 -49.93 0
vertex 137.96 -50.19 0
vertex 137.96 -50.19 1
endloop
endfacet
facet normal -0.88 -0.47 0
outer loop
vertex 137.82 -49.93 0
vertex 137.96 -50.19 1
vertex 137.82 -49.93 1
endloop
endfacet
facet normal -0.77 -0.63 0
outer loop
vertex 137.64 -49.70 0
vertex 137.82 -49.93 0
vertex 137.82 -49.93 1
endloop
endfacet
facet normal -0.77 -0.63 0
outer loop
vertex 137.64 -49.70 0
vertex 137.82 -49.93 1
vertex 137.64 -49.70 1
endloop
endfacet
facet normal -0.63 -0.77 0
outer loop
vertex 137.41 -49.51 0
vertex 137.64 -49.70 0
vertex 137.64 -49.70 1
endloop
endfacet
facet normal -0.63 -0.77 0
outer loop
vertex 137.41 -49.51 0
vertex 137.64 -49.70 1
vertex 137.41 -49.51 1
endloop
endfacet
facet normal -0.47 -0.88 0
outer loop
vertex 137.15 -49.37 0
vertex 137.41 -49.51 0
vertex 137.41 -49.51 1
endloop
endfacet
facet normal -0.47 -0.88 0
outer loop
vertex 137.15 -49.37 0
vertex 137.41 -49.51 1
vertex 137.15 -49.37 1
endloop
endfacet
facet normal -0.29 -0.96 0
outer loop
vertex 136.87 -49.29 0
vertex 137.15 -49.37 0
vertex 137.15 -49.37 1
endloop
endfacet
facet normal -0.29 -0.96 0
outer loop
vertex 136.87 -49.29 0
vertex 137.15 -49.37 1
vertex 136.87 -49.29 1
endloop
endfacet
facet normal -0.10 -1.00 0
outer loop
vertex 136.58 -49.26 0
vertex 136.87 -49.29 0
vertex 136.87 -49.29 1
endloop
endfacet
facet normal -0.10 -1.00 0
outer loop
vertex 136.58 -49.26 0
vertex 136.87 -49.29 1
vertex 136.58 -49.26 1
endloop
endfacet
facet normal 0.10 -1.00 0
outer loop
vertex 136.28 -49.29 0
vertex 136.58 -49.26 0
vertex 136.58 -49.26 1
endloop
endfacet
facet normal 0.10 -1.00 0
outer loop
vertex 136.28 -49.29 0
vertex 136.58 -49.26 1
vertex 136.28 -49.29 1
endloop
endfacet
facet normal 0.29 -0.96 0
outer loop
vertex 136.00 -49.37 0
vertex 136.28 -49.29 0
vertex 136.28 -49.29 1
endloop
endfacet
facet normal 0.29 -0.96 0
outer loop
vertex 136.00 -49.37 0
vertex 136.28 -49.29 1
vertex 136.00 -49.37 1
endloop
endfacet
facet normal 0.47 -0.88 0
outer loop
vertex 135.74 -49.51 0
vertex 136.00 -49.37 0
vertex 136.00 -49.37 1
endloop
endfacet
facet normal 0.47 -0.88 0
outer loop
vertex 135.74 -49.51 0
vertex 136.00 -49.37 1
vertex 135.74 -49.51 1
endloop
endfacet
facet normal 0.63 -0.77 0
outer loop
vertex 135.52 -49.70 0
vertex 135.74 -49.51 0
vertex 135.74 -49.51 1
endloop
endfacet
facet normal 0.63 -0.77 0
outer loop
vertex 135.52 -49.70 0
vertex 135.74 -49.51 1
vertex 135.52 -49.70 1
endloop
endfacet
facet normal 0.77 -0.63 0
outer loop
vertex 135.33 -49.93 0
vertex 135.52 -49.70 0
vertex 135.52 -49.70 1
endloop
endfacet
facet normal 0.77 -0.63 0
outer loop
vertex 135.33 -49.93 0
vertex 135.52 -49.70 1
vertex 135.33 -49.93 1
endloop
endfacet
facet normal 0.88 -0.47 0
outer loop
vertex 135.19 -50.19 0
vertex 135.33 -49.93 0
vertex 135.33 -49.93 1
endloop
endfacet
facet normal 0.88 -0.47 0
outer loop
vertex 135.19 -50.19 0
vertex 135.33 -49.93 1
vertex 135.19 -50.19 1
endloop
endfacet
facet normal 0.96 -0.29 0
outer loop
vertex 135.11 -50.47 0
vertex 135.19 -50.19 0
vertex 135.19 -50.19 1
endloop
endfacet
facet normal 0.96 -0.29 0
outer loop
vertex 135.11 -50.47 0
vertex 135.19 -50.19 1
vertex 135.11 -50.47 1
endloop
endfacet
facet normal 1.00 -0.10 0
outer loop
vertex 135.08 -50.76 0
vertex 135.11 -50.47 0
vertex 135.11 -50.47 1
endloop
endfacet
facet normal 1.00 -0.10 0
outer loop
vertex 135.08 -50.76 0
vertex 135.11 -50.47 1
vertex 135.08 -50.76 1
endloop
endfacet
facet normal 1.00 0.10 0
outer loop
vertex 135.11 -51.05 0
vertex 135.08 -50.76 0
vertex 135.08 -50.76 1
endloop
endfacet
facet normal 1.00 0.10 0
outer loop
vertex 135.11 -51.05 0
vertex 135.08 -50.76 1
vertex 135.11 -51.05 1
endloop
endfacet
facet normal 0.96 0.29 0
outer loop
vertex 135.19 -51.33 0
vertex 135.11 -51.05 0
vertex 135.11 -51.05 1
endloop
endfacet
facet normal 0.96 0.29 0
outer loop
vertex 135.19 -51.33 0
vertex 135.11 -51.05 1
vertex 135.19 -51.33 1
endloop
endfacet
facet normal 0.88 0.47 0
outer loop
vertex 135.33 -51.59 0
vertex 135.19 -51.33 0
vertex 135.19 -51.33 1
endloop
endfacet
facet normal 0.88 0.47 0
outer loop
vertex 135.33 -51.59 0
vertex 135.19 -51.33 1
vertex 135.33 -51.59 1
endloop
endfacet
facet normal 0.77 0.63 0
outer loop
vertex 135.52 -51.82 0
vertex 135.33 -51.59 0
vertex 135.33 -51.59 1
endloop
endfacet
facet normal 0.77 0.63 0
outer loop
vertex 135.52 -51.82 0
vertex 135.33 -51.59 1
vertex 135.52 -51.82 1
endloop
endfacet
facet normal 0.63 0.77 0
outer loop
vertex 135.74 -52.01 0
vertex 135.52 -51.82 0
vertex 135.52 -51.82 1
endloop
endfacet
facet normal 0.63 0.77 0
outer loop
vertex 135.74 -52.01 0
vertex 135.52 -51.82 1
vertex 135.74 -52.01 1
endloop
endfacet
facet normal 0.47 0.88 0
outer loop
vertex 136.00 -52.14 0
vertex 135.74 -52.01 0
vertex 135.74 -52.01 1
endloop
endfacet
facet normal 0.47 0.88 0
outer loop
vertex 136.00 -52.14 0
vertex 135.74 -52.01 1
vertex 136.00 -52.14 1
endloop
endfacet
facet normal 0.29 0.96 0
outer loop
vertex 136.28 -52.23 0
vertex 136.00 -52.14 0
vertex 136.00 -52.14 1
endloop
endfacet
facet normal 0.29 0.96 0
outer loop
vertex 136.28 -52.23 0
vertex 136.00 -52.14 1
vertex 136.28 -52.23 1
endloop
endfacet
facet normal 0.10 1.00 0
outer loop
vertex 136.58 -52.26 0
vertex 136.28 -52.23 0
vertex 136.28 -52.23 1
endloop
endfacet
facet normal 0.10 1.00 0
outer loop
vertex 136.58 -52.26 0
vertex 136.28 -52.23 1
vertex 136.58 -52.26 1
endloop
endfacet
facet normal -0.10 1.00 0
outer loop
vertex 136.87 -52.23 0
vertex 136.58 -52.26 0
vertex 136.58 -52.26 1
endloop
endfacet
facet normal -0.10 1.00 0
outer loop
vertex 136.87 -52.23 0
vertex 136.58 -52.26 1
vertex 136.87 -52.23 1
endloop
endfacet
facet normal -0.29 0.96 0
outer loop
vertex 137.15 -52.14 0
vertex 136.87 -52.23 0
vertex 136.87 -52.23 1
endloop
endfacet
facet normal -0.29 0.96 0
outer loop
vertex 137.15 -52.14 0
vertex 136.87 -52.23 1
vertex 137.15 -52.14 1
endloop
endfacet
facet normal -0.47 0.88 0
outer loop
vertex 137.41 -52.01 0
vertex 137.15 -52.14 0
vertex 137.15 -52.14 1
endloop
endfacet
facet normal -0.47 0.88 0
outer loop
vertex 137.41 -52.01 0
vertex 137.15 -52.14 1
vertex 137.41 -52.01 1
endloop
endfacet
facet normal -0.63 0.77 0
outer loop
vertex 137.64 -51.82 0
vertex 137.41 -52.01 0
vertex 137.41 -52.01 1
endloop
endfacet
facet normal -0.63 0.77 0
outer loop
vertex 137.64 -51.82 0
vertex 137.41 -52.01 1
vertex 137.64 -51.82 1
endloop
endfacet
facet normal -0.77 0.63 0
outer loop
vertex 137.82 -51.59 0
vertex 137.64 -51.82 0
vertex 137.64 -51.82 1
endloop
endfacet
facet normal -0.77 0.63 0
outer loop
vertex 137.82 -51.59 0
vertex 137.64 -51.82 1
vertex 137.82 -51.59 1
endloop
endfacet
facet normal -0.88 0.47 0
outer loop
vertex 137.96 -51.33 0
vertex 137.82 -51.59 0
vertex 137.82 -51.59 1
endloop
endfacet
facet normal -0.88 0.47 0
outer loop
vertex 137.96 -51.33 0
vertex 137.82 -51.59 1
vertex 137.96 -51.33 1
endloop
endfacet
facet normal -0.96 0.29 0
outer loop
vertex 138.05 -51.05 0
vertex 137.96 -51.33 0
vertex 137.96 -51.33 1
endloop
endfacet
facet normal -0.96 0.29 0
outer loop
vertex 138.05 -51.05 0
vertex 137.96 -51.33 1
vertex 138.05 -51.05 1
endloop
endfacet
facet normal -1.00 0.10 0
outer loop
vertex 142.08 -50.76 0
vertex 142.05 -51.05 0
vertex 142.05 -51.05 1
endloop
endfacet
facet normal -1.00 0.10 0
outer loop
vertex 142.08 -50.76 0
vertex 142.05 -51.05 1
vertex 142.08 -50.76 1
endloop
endfacet
facet normal -1.00 -0.10 0
outer loop
vertex 142.05 -50.47 0
vertex 142.08 -50.76 0
vertex 142.08 -50.76 1
endloop
endfacet
facet normal -1.00 -0.10 0
outer loop
vertex 142.05 -50.47 0
vertex 142.08 -50.76 1
vertex 142.05 -50.47 1
endloop
endfacet
facet normal -0.96 -0.29 0
outer loop
vertex 141.96 -50.19 0
vertex 142.05 -50.47 0
vertex 142.05 -50.47 1
endloop
endfacet
facet normal -0.96 -0.29 0
outer loop
vertex 141.96 -50.19 0
vertex 142.05 -50.47 1
vertex 141.96 -50.19 1
endloop
endfacet
facet normal -0.88 -0.47 0
outer loop
vertex 141.82 -49.93 0
vertex 141.96 -50.19 0
vertex 141.96 -50.19 1
endloop
endfacet
facet normal -0.88 -0.47 0
outer loop
vertex 141.82 -49.93 0
vertex 141.96 -50.19 1
vertex 141.82 -49.93 1
endloop
endfacet
facet normal -0.77 -0.63 0
outer loop
vertex 141.64 -49.70 0
vertex 141.82 -49.93 0
vertex 141.82 -49.93 1
endloop
endfacet
facet normal -0.77 -0.63 0
outer loop
vertex 141.64 -49.70 0
vertex 141.82 -49.93 1
vertex 141.64 -49.70 1
endloop
endfacet
facet normal -0.63 -0.77 0
outer loop
vertex 141.41 -49.51 0
vertex 141.64 -49.70 0
vertex 141.64 -49.70 1
endloop
endfacet
facet normal -0.63 -0.77 0
outer loop
vertex 141.41 -49.51 0
vertex 141.64 -49.70 1
vertex 141.41 -49.51 1
endloop
endfacet
facet normal -0.47 -0.88 0
outer loop
vertex 141.15 -49.37 0
vertex 141.41 -49.51 0
vertex 141.41 -49.51 1
endloop
endfacet
facet normal -0.47 -0.88 0
outer loop
vertex 141.15 -49.37 0
vertex 141.41 -49.51 1
vertex 141.15 -49.37 1
endloop
endfacet
facet normal -0.29 -0.96 0
outer loop
vertex 140.87 -49.29 0
vertex 141.15 -49.37 0
vertex 141.15 -49.37 1
endloop
endfacet
facet normal -0.29 -0.96 0
outer loop
vertex 140.87 -49.29 0
vertex 141.15 -49.37 1
vertex 140.87 -49.29 1
endloop
endfacet
facet normal -0.10 -1.00 0
outer loop
vertex 140.58 -49.26 0
vertex 140.87 -49.29 0
vertex 140.87 -49.29 1
endloop
endfacet
facet normal -0.10 -1.00 0
outer loop
vertex 140.58 -49.26 0
vertex 140.87 -49.29 1
vertex 140.58 -49.26 1
endloop
endfacet
facet normal 0.10 -1.00 0
outer loop
vertex 140.28 -49.29 0
vertex 140.58 -49.26 0
vertex 140.58 -49.26 1
endloop
endfacet
facet normal 0.10 -1.00 0
outer loop
vertex 140.28 -49.29 0
vertex 140.58 -49.26 1
vertex 140.28 -49.29 1
endloop
endfacet
facet normal 0.29 -0.96 0
outer loop
vertex 140.00 -49.37 0
vertex 140.28 -49.29 0
vertex 140.28 -49.29 1
endloop
endfacet
facet normal 0.29 -0.96 0
outer loop
vertex 140.00 -49.37 0
vertex 140.28 -49.29 1
vertex 140.00 -49.37 1
endloop
endfacet
facet normal 0.47 -0.88 0
outer loop
vertex 139.74 -49.51 0
vertex 140.00 -49.37 0
vertex 140.00 -49.37 1
endloop
endfacet
facet normal 0.47 -0.88 0
outer loop
vertex 139.74 -49.51 0
vertex 140.00 -49.37 1
vertex 139.74 -49.51 1
endloop
endfacet
facet normal 0.63 -0.77 0
outer loop
vertex 139.52 -49.70 0
vertex 139.74 -49.51 0
vertex 139.74 -49.51 1
endloop
endfacet
facet normal 0.63 -0.77 0
outer loop
vertex 139.52 -49.70 0
vertex 139.74 -49.51 1
vertex 139.52 -49.70 1
endloop
endfacet
facet normal 0.77 -0.63 0
outer loop
vertex 139.33 -49.93 0
vertex 139.52 -49.70 0
vertex 139.52 -49.70 1
endloop
endfacet
facet normal 0.77 -0.63 0
outer loop
vertex 139.33 -49.93 0
vertex 139.52 -49.70 1
vertex 139.33 -49.93 1
endloop
endfacet
facet normal 0.88 -0.47 0
outer loop
vertex 139.19 -50.19 0
vertex 139.33 -49.93 0
vertex 139.33 -49.93 1
endloop
endfacet
facet normal 0.88 -0.47 0
outer loop
vertex 139.19 -50.19 0
vertex 139.33 -49.93 1
vertex 139.19 -50.19 1
endloop
endfacet
facet normal 0.96 -0.29 0
outer loop
vertex 139.11 -50.47 0
vertex 139.19 -50.19 0
vertex 139.19 -50.19 1
endloop
endfacet
facet normal 0.96 -0.29 0
outer loop
vertex 139.11 -50.47 0
vertex 139.19 -50.19 1
vertex 139.11 -50.47 1
endloop
endfacet
facet normal 1.00 -0.10 0
outer loop
vertex 139.08 -50.76 0
vertex 139.11 -50.47 0
vertex 139.11 -50.47 1
endloop
endfacet
facet normal 1.00 -0.10 0
outer loop
vertex 139.08 -50.76 0
vertex 139.11 -50.47 1
vertex 139.08 -50.76 1
endloop
endfacet
facet normal 1.00 0.10 0
outer loop
vertex 139.11 -51.05 0
vertex 139.08 -50.76 0
vertex 139.08 -50.76 1
endloop
endfacet
facet normal 1.00 0.10 0
outer loop
vertex 139.11 -51.05 0
vertex 139.08 -50.76 1
vertex 139.11 -51.05 1
endloop
endfacet
facet normal 0.96 0.29 0
outer loop
vertex 139.19 -51.33 0
vertex 139.11 -51.05 0
vertex 139.11 -51.05 1
endloop
endfacet
facet normal 0.96 0.29 0
outer loop
vertex 139.19 -51.33 0
vertex 139.11 -51.05 1
vertex 139.19 -51.33 1
endloop
endfacet
facet normal 0.88 0.47 0
outer loop
vertex 139.33 -51.59 0
vertex 139.19 -51.33 0
vertex 139.19 -51.33 1
endloop
endfacet
facet normal 0.88 0.47 0
outer loop
vertex 139.33 -51.59 0
vertex 139.19 -51.33 1
vertex 139.33 -51.59 1
endloop
endfacet
facet normal 0.77 0.63 0
outer loop
vertex 139.52 -51.82 0
vertex 139.33 -51.59 0
vertex 139.33 -51.59 1
endloop
endfacet
facet normal 0.77 0.63 0
outer loop
vertex 139.52 -51.82 0
vertex 139.33 -51.59 1
vertex 139.52 -51.82 1
endloop
endfacet
facet normal 0.63 0.77 0
outer loop
vertex 139.74 -52.01 0
vertex 139.52 -51.82 0
vertex 139.52 -51.82 1
endloop
endfacet
facet normal 0.63 0.77 0
outer loop
vertex 139.74 -52.01 0
vertex 139.52 -51.82 1
vertex 139.74 -52.01 1
endloop
endfacet
facet normal 0.47 0.88 0
outer loop
vertex 140.00 -52.14 0
vertex 139.74 -52.01 0
vertex 139.74 -52.01 1
endloop
endfacet
facet normal 0.47 0.88 0
outer loop
vertex 140.00 -52.14 0
vertex 139.74 -52.01 1
vertex 140.00 -52.14 1
endloop
endfacet
facet normal 0.29 0.96 0
outer loop
vertex 140.28 -52.23 0
vertex 140.00 -52.14 0
vertex 140.00 -52.14 1
endloop
endfacet
facet normal 0.29 0.96 0
outer loop
vertex 140.28 -52.23 0
vertex 140.00 -52.14 1
vertex 140.28 -52.23 1
endloop
endfacet
facet normal 0.10 1.00 0
outer loop
vertex 140.58 -52.26 0
vertex 140.28 -52.23 0
vertex 140.28 -52.23 1
endloop
endfacet
facet normal 0.10 1.00 0
outer loop
vertex 140.58 -52.26 0
vertex 140.28 -52.23 1
vertex 140.58 -52.26 1
endloop
endfacet
facet normal -0.10 1.00 0
outer loop
vertex 140.87 -52.23 0
vertex 140.58 -52.26 0
vertex 140.58 -52.26 1
endloop
endfacet
facet normal -0.10 1.00 0
outer loop
vertex 140.87 -52.23 0
vertex 140.58 -52.26 1
vertex 140.87 -52.23 1
endloop
endfacet
facet normal -0.29 0.96 0
outer loop
vertex 141.15 -52.14 0
vertex 140.87 -52.23 0
vertex 140.87 -52.23 1
endloop
endfacet
facet normal -0.29 0.96 0
outer loop
vertex 141.15 -52.14 0
vertex 140.87 -52.23 1
vertex 141.15 -52.14 1
endloop
endfacet
facet normal -0.47 0.88 0
outer loop
vertex 141.41 -52.01 0
vertex 141.15 -52.14 0
vertex 141.15 -52.14 1
endloop
endfacet
facet normal -0.47 0.88 0
outer loop
vertex 141.41 -52.01 0
vertex 141.15 -52.14 1
vertex 141.41 -52.01 1
endloop
endfacet
facet normal -0.63 0.77 0
outer loop
vertex 141.64 -51.82 0
vertex 141.41 -52.01 0
vertex 141.41 -52.01 1
endloop
endfacet
facet normal -0.63 0.77 0
outer loop
vertex 141.64 -51.82 0
vertex 141.41 -52.01 1
vertex 141.64 -51.82 1
endloop
endfacet
facet normal -0.77 0.63 0
outer loop
vertex 141.82 -51.59 0
vertex 141.64 -51.82 0
vertex 141.64 -51.82 1
endloop
endfacet
facet normal -0.77 0.63 0
outer loop
vertex 141.82 -51.59 0
vertex 141.64 -51.82 1
vertex 141.82 -51.59 1
endloop
endfacet
facet normal -0.88 0.47 0
outer loop
vertex 141.96 -51.33 0
vertex 141.82 -51.59 0
vertex 141.82 -51.59 1
endloop
endfacet
facet normal -0.88 0.47 0
outer loop
vertex 141.96 -51.33 0
vertex 141.82 -51.59 1
vertex 141.96 -51.33 1
endloop
endfacet
facet normal -0.96 0.29 0
outer loop
vertex 142.05 -51.05 0
vertex 141.96 -51.33 0
vertex 141.96 -51.33 1
endloop
endfacet
facet normal -0.96 0.29 0
outer loop
vertex 142.05 -51.05 0
vertex 141.96 -51.33 1
vertex 142.05 -51.05 1
endloop
endfacet
facet normal -1.00 0.10 0
outer loop
vertex 146.08 -50.76 0
vertex 146.05 -51.05 0
vertex 146.05 -51.05 1
endloop
endfacet
facet normal -1.00 0.10 0
outer loop
vertex 146.08 -50.76 0
vertex 146.05 -51.05 1
vertex 146.08 -50.76 1
endloop
endfacet
facet normal -1.00 -0.10 0
outer loop
vertex 146.05 -50.47 0
vertex 146.08 -50.76 0
vertex 146.08 -50.76 1
endloop
endfacet
facet normal -1.00 -0.10 0
outer loop
vertex 146.05 -50.47 0
vertex 146.08 -50.76 1
vertex 146.05 -50.47 1
endloop
endfacet
facet normal -0.96 -0.29 0
outer loop
vertex 145.96 -50.19 0
vertex 146.05 -50.47 0
vertex 146.05 -50.47 1
endloop
endfacet
facet normal -0.96 -0.29 0
outer loop
vertex 145.96 -50.19 0
vertex 146.05 -50.47 1
vertex 145.96 -50.19 1
endloop
endfacet
facet normal -0.88 -0.47 0
outer loop
vertex 145.82 -49.93 0
vertex 145.96 -50.19 0
vertex 145.96 -50.19 1
endloop
endfacet
facet normal -0.88 -0.47 0
outer loop
vertex 145.82 -49.93 0
vertex 145.96 -50.19 1
vertex 145.82 -49.93 1
endloop
endfacet
facet normal -0.77 -0.63 0
outer loop
vertex 145.64 -49.70 0
vertex 145.82 -49.93 0
vertex 145.82 -49.93 1
endloop
endfacet
facet normal -0.77 -0.63 0
outer loop
vertex 145.64 -49.70 0
vertex 145.82 -49.93 1
vertex 145.64 -49.70 1
endloop
endfacet
facet normal -0.63 -0.77 0
outer loop
vertex 145.41 -49.51 0
vertex 145.64 -49.70 0
vertex 145.64 -49.70 1
endloop
endfacet
facet normal -0.63 -0.77 0
outer loop
vertex 145.41 -49.51 0
vertex 145.64 -49.70 1
vertex 145.41 -49.51 1
endloop
endfacet
facet normal -0.47 -0.88 0
outer loop
vertex 145.15 -49.37 0
vertex 145.41 -49.51 0
vertex 145.41 -49.51 1
endloop
endfacet
facet normal -0.47 -0.88 0
outer loop
vertex 145.15 -49.37 0
vertex 145.41 -49.51 1
vertex 145.15 -49.37 1
endloop
endfacet
facet normal -0.29 -0.96 0
outer loop
vertex 144.87 -49.29 0
vertex 145.15 -49.37 0
vertex 145.15 -49.37 1
endloop
endfacet
facet normal -0.29 -0.96 0
outer loop
vertex 144.87 -49.29 0
vertex 145.15 -49.37 1
vertex 144.87 -49.29 1
endloop
endfacet
facet normal -0.10 -1.00 0
outer loop
vertex 144.58 -49.26 0
vertex 144.87 -49.29 0
vertex 144.87 -49.29 1
endloop
endfacet
facet normal -0.10 -1.00 0
outer loop
vertex 144.58 -49.26 0
vertex 144.87 -49.29 1
vertex 144.58 -49.26 1
endloop
endfacet
facet normal 0.10 -1.00 0
outer loop
vertex 144.28 -49.29 0
vertex 144.58 -49.26 0
vertex 144.58 -49.26 1
endloop
endfacet
facet normal 0.10 -1.00 0
outer loop
vertex 144.28 -49.29 0
vertex 144.58 -49.26 1
vertex 144.28 -49.29 1
endloop
endfacet
facet normal 0.29 -0.96 0
outer loop
vertex 144.00 -49.37 0
vertex 144.28 -49.29 0
vertex 144.28 -49.29 1
endloop
endfacet
facet normal 0.29 -0.96 0
outer loop
vertex 144.00 -49.37 0
vertex 144.28 -49.29 1
vertex 144.00 -49.37 1
endloop
endfacet
facet normal 0.47 -0.88 0
outer loop
vertex 143.74 -49.51 0
vertex 144.00 -49.37 0
vertex 144.00 -49.37 1
endloop
endfacet
facet normal 0.47 -0.88 0
outer loop
vertex 143.74 -49.51 0
vertex 144.00 -49.37 1
vertex 143.74 -49.51 1
endloop
endfacet
facet normal 0.63 -0.77 0
outer loop
vertex 143.52 -49.70 0
vertex 143.74 -49.51 0
vertex 143.74 -49.51 1
endloop
endfacet
facet normal 0.63 -0.77 0
outer loop
vertex 143.52 -49.70 0
vertex 143.74 -49.51 1
vertex 143.52 -49.70 1
endloop
endfacet
facet normal 0.77 -0.63 0
outer loop
vertex 143.33 -49.93 0
vertex 143.52 -49.70 0
vertex 143.52 -49.70 1
endloop
endfacet
facet normal 0.77 -0.63 0
outer loop
vertex 143.33 -49.93 0
vertex 143.52 -49.70 1
vertex 143.33 -49.93 1
endloop
endfacet
facet normal 0.88 -0.47 0
outer loop
vertex 143.19 -50.19 0
vertex 143.33 -49.93 0
vertex 143.33 -49.93 1
endloop
endfacet
facet normal 0.88 -0.47 0
outer loop
vertex 143.19 -50.19 0
vertex 143.33 -49.93 1
vertex 143.19 -50.19 1
endloop
endfacet
facet normal 0.96 -0.29 0
outer loop
vertex 143.11 -50.47 0
vertex 143.19 -50.19 0
vertex 143.19 -50.19 1
endloop
endfacet
facet normal 0.96 -0.29 0
outer loop
vertex 143.11 -50.47 0
vertex 143.19 -50.19 1
vertex 143.11 -50.47 1
endloop
endfacet
facet normal 1.00 -0.10 0
outer loop
vertex 143.08 -50.76 0
vertex 143.11 -50.47 0
vertex 143.11 -50.47 1
endloop
endfacet
facet normal 1.00 -0.10 0
outer loop
vertex 143.08 -50.76 0
vertex 143.11 -50.47 1
vertex 143.08 -50.76 1
endloop
endfacet
facet normal 1.00 0.10 0
outer loop
vertex 143.11 -51.05 0
vertex 143.08 -50.76 0
vertex 143.08 -50.76 1
endloop
endfacet
facet normal 1.00 0.10 0
outer loop
vertex 143.11 -51.05 0
vertex 143.08 -50.76 1
vertex 143.11 -51.05 1
endloop
endfacet
facet normal 0.96 0.29 0
outer loop
vertex 143.19 -51.33 0
vertex 143.11 -51.05 0
vertex 143.11 -51.05 1
endloop
endfacet
facet normal 0.96 0.29 0
outer loop
vertex 143.19 -51.33 0
vertex 143.11 -51.05 1
vertex 143.19 -51.33 1
endloop
endfacet
facet normal 0.88 0.47 0
outer loop
vertex 143.33 -51.59 0
vertex 143.19 -51.33 0
vertex 143.19 -51.33 1
endloop
endfacet
facet normal 0.88 0.47 0
outer loop
vertex 143.33 -51.59 0
vertex 143.19 -51.33 1
vertex 143.33 -51.59 1
endloop
endfacet
facet normal 0.77 0.63 0
outer loop
vertex 143.52 -51.82 0
vertex 143.33 -51.59 0
vertex 143.33 -51.59 1
endloop
endfacet
facet normal 0.77 0.63 0
outer loop
vertex 143.52 -51.82 0
vertex 143.33 -51.59 1
vertex 143.52 -51.82 1
endloop
endfacet
facet normal 0.63 0.77 0
outer loop
vertex 143.74 -52.01 0
vertex 143.52 -51.82 0
vertex 143.52 -51.82 1
endloop
endfacet
facet normal 0.63 0.77 0
outer loop
vertex 143.74 -52.01 0
vertex 143.52 -51.82 1
vertex 143.74 -52.01 1
endloop
endfacet
facet normal 0.47 0.88 0
outer loop
vertex 144.00 -52.14 0
vertex 143.74 -52.01 0
vertex 143.74 -52.01 1
endloop
endfacet
facet normal 0.47 0.88 0
outer loop
vertex 144.00 -52.14 0
vertex 143.74 -52.01 1
vertex 144.00 -52.14 1
endloop
endfacet
facet normal 0.29 0.96 0
outer loop
vertex 144.28 -52.23 0
vertex 144.00 -52.14 0
vertex 144.00 -52.14 1
endloop
endfacet
facet normal 0.29 0.96 0
outer loop
vertex 144.28 -52.23 0
vertex 144.00 -52.14 1
vertex 144.28 -52.23 1
endloop
endfacet
facet normal 0.10 1.00 0
outer loop
vertex 144.58 -52.26 0
vertex 144.28 -52.23 0
vertex 144.28 -52.23 1
endloop
endfacet
facet normal 0.10 1.00 0
outer loop
vertex 144.58 -52.26 0
vertex 144.28 -52.23 1
vertex 144.58 -52.26 1
endloop
endfacet
facet normal -0.10 1.00 0
outer loop
vertex 144.87 -52.23 0
vertex 144.58 -52.26 0
vertex 144.58 -52.26 1
endloop
endfacet
facet normal -0.10 1.00 0
outer loop
vertex 144.87 -52.23 0
vertex 144.58 -52.26 1
vertex 144.87 -52.23 1
endloop
endfacet
facet normal -0.29 0.96 0
outer loop
vertex 145.15 -52.14 0
vertex 144.87 -52.23 0
vertex 144.87 -52.23 1
endloop
endfacet
facet normal -0.29 0.96 0
outer loop
vertex 145.15 -52.14 0
vertex 144.87 -52.23 1
vertex 145.15 -52.14 1
endloop
endfacet
facet normal -0.47 0.88 0
outer loop
vertex 145.41 -52.01 0
vertex 145.15 -52.14 0
vertex 145.15 -52.14 1
endloop
endfacet
facet normal -0.47 0.88 0
outer loop
vertex 145.41 -52.01 0
vertex 145.15 -52.14 1
vertex 145.41 -52.01 1
endloop
endfacet
facet normal -0.63 0.77 0
outer loop
vertex 145.64 -51.82 0
vertex 145.41 -52.01 0
vertex 145.41 -52.01 1
endloop
endfacet
facet normal -0.63 0.77 0
outer loop
vertex 145.64 -51.82 0
vertex 145.41 -52.01 1
vertex 145.64 -51.82 1
endloop
endfacet
facet normal -0.77 0.63 0
outer loop
vertex 145.82 -51.59 0
vertex 145.64 -51.82 0
vertex 145.64 -51.82 1
endloop
endfacet
facet normal -0.77 0.63 0
outer loop
vertex 145.82 -51.59 0
vertex 145.64 -51.82 1
vertex 145.82 -51.59 1
endloop
endfacet
facet normal -0.88 0.47 0
outer loop
vertex 145.96 -51.33 0
vertex 145.82 -51.59 0
vertex 145.82 -51.59 1
endloop
endfacet
facet normal -0.88 0.47 0
outer loop
vertex 145.96 -51.33 0
vertex 145.82 -51.59 1
vertex 145.96 -51.33 1
endloop
endfacet
facet normal -0.96 0.29 0
outer loop
vertex 146.05 -51.05 0
vertex 145.96 -51.33 0
vertex 145.96 -51.33 1
endloop
endfacet
facet normal -0.96 0.29 0
outer loop
vertex 146.05 -51.05 0
vertex 145.96 -51.33 1
vertex 146.05 -51.05 1
endloop
endfacet
facet normal 0 0 1
outer loop
vertex 150.08 -50.76 0
vertex 150.06 -50.96 0
vertex 150.05 -51.05 0
endloop
endfacet
facet normal 0 0 1
outer loop
vertex 150.08 -50.76 0
vertex 150.05 -51.05 0
vertex 150.05 -51.05 1
endloop
endfacet
facet normal 0 0 1
outer loop
vertex 150.08 -50.76 0
vertex 150.05 -51.05 1
vertex 150.08 -50.76 1
endloop
endfacet
facet normal -1.00 -0.10 0
outer loop
vertex 150.05 -50.47 0
vertex 150.08 -50.76 0
vertex 150.08 -50.76 1
endloop
endfacet
facet normal -1.00 -0.10 0
outer loop
vertex 150.05 -50.47 0
vertex 150.08 -50.76 1
vertex 150.05 -50.47 1
endloop
endfacet
facet normal -0.96 -0.29 0
outer loop
vertex 149.96 -50.19 0
vertex 150.05 -50.47 0
vertex 150.05 -50.47 1
endloop
endfacet
facet normal -0.96 -0.29 0
outer loop
vertex 149.96 -50.19 0
vertex 150.05 -50.47 1
vertex 149.96 -50.19 1
endloop
endfacet
facet normal -0.88 -0.47 0
outer loop
vertex 149.82 -49.93 0
vertex 149.96 -50.19 0
vertex 149.96 -50.19 1
endloop
endfacet
facet normal -0.88 -0.47 0
outer loop
vertex 149.82 -49.93 0
vertex 149.96 -50.19 1
vertex 149.82 -49.93 1
endloop
endfacet
facet normal -0.77 -0.63 0
outer loop
vertex 149.64 -49.70 0
vertex 149.82 -49.93 0
vertex 149.82 -49.93 1
endloop
endfacet
facet normal -0.77 -0.63 0
outer loop
vertex 149.64 -49.70 0
vertex 149.82 -49.93 1
vertex 149.64 -49.70 1
endloop
endfacet
facet normal -0.63 -0.77 0
outer loop
vertex 149.41 -49.51 0
vertex 149.64 -49.70 0
vertex 149.64 -49.70 1
endloop
endfacet
facet normal -0.63 -0.77 0
outer loop
vertex 149.41 -49.51 0
vertex 149.64 -49.70 1
vertex 149.41 -49.51 1
endloop
endfacet
facet normal -0.47 -0.88 0
outer loop
vertex 149.15 -49.37 0
vertex 149.41 -49.51 0
vertex 149.41 -49.51 1
endloop
endfacet
facet normal -0.47 -0.88 0
outer loop
vertex 149.15 -49.37 0
vertex 149.41 -49.51 1
vertex 149.15 -49.37 1
endloop
endfacet
facet normal -0.29 -0.96 0
outer loop
vertex 148.87 -49.29 0
vertex 149.15 -49.37 0
vertex 149.15 -49.37 1
endloop
endfacet
facet normal -0.29 -0.96 0
outer loop
vertex 148.87 -49.29 0
vertex 149.15 -49.37 1
vertex 148.87 -49.29 1
endloop
endfacet
facet normal -0.10 -1.00 0
outer loop
vertex 148.58 -49.26 0
vertex 148.87 -49.29 0
vertex 148.87 -49.29 1
endloop
endfacet
facet normal -0.10 -1.00 0
outer loop
vertex 148.58 -49.26 0
vertex 148.87 -49.29 1
vertex 148.58 -49.26 1
endloop
endfacet
facet normal 0.10 -1.00 0
outer loop
vertex 148.28 -49.29 0
vertex 148.58 -49.26 0
vertex 148.58 -49.26 1
endloop
endfacet
facet normal 0.10 -1.00 0
outer loop
vertex 148.28 -49.29 0
vertex 148.58 -49.26 1
vertex 148.28 -49.29 1
endloop
endfacet
facet normal 0.29 -0.96 0
outer loop
vertex 148.00 -49.37 0
vertex 148.28 -49.29 0
vertex 148.28 -49.29 1
endloop
endfacet
facet normal 0.29 -0.96 0
outer loop
vertex 148.00 -49.37 0
vertex 148.28 -49.29 1
vertex 148.00 -49.37 1
endloop
endfacet
facet normal 0.47 -0.88 0
outer loop
vertex 147.74 -49.51 0
vertex 148.00 -49.37 0
vertex 148.00 -49.37 1
endloop
endfacet
facet normal 0.47 -0.88 0
outer loop
vertex 147.74 -49.51 0
vertex 148.00 -49.37 1
vertex 147.74 -49.51 1
endloop
endfacet
facet normal 0.63 -0.77 0
outer loop
vertex 147.52 -49.70 0
vertex 147.74 -49.51 0
vertex 147.74 -49.51 1
endloop
endfacet
facet normal 0.63 -0.77 0
outer loop
vertex 147.52 -49.70 0
vertex 147.74 -49.51 1
vertex 147.52 -49.70 1
endloop
endfacet
facet normal 0.77 -0.63 0
outer loop
vertex 147.33 -49.93 0
vertex 147.52 -49.70 0
vertex 147.52 -49.70 1
endloop
endfacet
facet normal 0.77 -0.63 0
outer loop
vertex 147.33 -49.93 0
vertex 147.52 -49.70 1
vertex 147.33 -49.93 1
endloop
endfacet
facet normal 0.88 -0.47 0
outer loop
vertex 147.19 -50.19 0
vertex 147.33 -49.93 0
vertex 147.33 -49.93 1
endloop
endfacet
facet normal 0.88 -0.47 0
outer loop
vertex 147.19 -50.19 0
vertex 147.33 -49.93 1
vertex 147.19 -50.19 1
endloop
endfacet
facet normal 0.96 -0.29 0
outer loop
vertex 147.11 -50.47 0
vertex 147.19 -50.19 0
vertex 147.19 -50.19 1
endloop
endfacet
facet normal 0.96 -0.29 0
outer loop
vertex 147.11 -50.47 0
vertex 147.19 -50.19 1
vertex 147.11 -50.47 1
endloop
endfacet
facet normal 1.00 -0.10 0
outer loop
vertex 147.08 -50.76 0
vertex 147.11 -50.47 0
vertex 147.11 -50.47 1
endloop
endfacet
facet normal 1.00 -0.10 0
outer loop
vertex 147.08 -50.76 0
vertex 147.11 -50.47 1
vertex 147.08 -50.76 1
endloop
endfacet
facet normal 1.00 0.10 0
outer loop
vertex 147.11 -51.05 0
vertex 147.08 -50.76 0
vertex 147.08 -50.76 1
endloop
endfacet
facet normal 1.00 0.10 0
outer loop
vertex 147.11 -51.05 0
vertex 147.08 -50.76 1
vertex 147.11 -51.05 1
endloop
endfacet
facet normal 0.96 0.29 0
outer loop
vertex 147.19 -51.33 0
vertex 147.11 -51.05 0
vertex 147.11 -51.05 1
endloop
endfacet
facet normal 0.96 0.29 0
outer loop
vertex 147.19 -51.33 0
vertex 147.11 -51.05 1
vertex 147.19 -51.33 1
endloop
endfacet
facet normal 0.88 0.47 0
outer loop
vertex 147.33 -51.59 0
vertex 147.19 -51.33 0
vertex 147.19 -51.33 1
endloop
endfacet
facet normal 0.88 0.47 0
outer loop
vertex 147.33 -51.59 0
vertex 147.19 -51.33 1
vertex 147.33 -51.59 1
endloop
endfacet
facet normal 0.77 0.63 0
outer loop
vertex 147.52 -51.82 0
vertex 147.33 -51.59 0
vertex 147.33 -51.59 1
endloop
endfacet
facet normal 0.77 0.63 0
outer loop
vertex 147.52 -51.82 0
vertex 147.33 -51.59 1
vertex 147.52 -51.82 1
endloop
endfacet
facet normal 0.63 0.77 0
outer loop
vertex 147.74 -52.01 0
vertex 147.52 -51.82 0
vertex 147.52 -51.82 1
endloop
endfacet
facet normal 0.63 0.77 0
outer loop
vertex 147.74 -52.01 0
vertex 147.52 -51.82 1
vertex 147.74 -52.01 1
endloop
endfacet
facet normal 0.47 0.88 0
outer loop
vertex 148.00 -52.14 0
vertex 147.74 -52.01 0
vertex 147.74 -52.01 1
endloop
endfacet
facet normal 0.47 0.88 0
outer loop
vertex 148.00 -52.14 0
vertex 147.74 -52.01 1
vertex 148.00 -52.14 1
endloop
endfacet
facet normal 0.29 0.96 0
outer loop
vertex 148.28 -52.23 0
vertex 148.00 -52.14 0
vertex 148.00 -52.14 1
endloop
endfacet
facet normal 0.29 0.96 0
outer loop
vertex 148.28 -52.23 0
vertex 148.00 -52.14 1
vertex 148.28 -52.23 1
endloop
endfacet
facet normal 0.10 1.00 0
outer loop
vertex 148.58 -52.26 0
vertex 148.28 -52.23 0
vertex 148.28 -52.23 1
endloop
endfacet
facet normal 0.10 1.00 0
outer loop
vertex 148.58 -52.26 0
vertex 148.28 -52.23 1
vertex 148.58 -52.26 1
endloop
endfacet
facet normal -0.10 1.00 0
outer loop
vertex 148.87 -52.23 0
vertex 148.58 -52.26 0
vertex 148.58 -52.26 1
endloop
endfacet
facet normal -0.10 1.00 0
outer loop
vertex 148.87 -52.23 0
vertex 148.58 -52.26 1
vertex 148.87 -52.23 1
endloop
endfacet
facet normal -0.29 0.96 0
outer loop
vertex 149.15 -52.14 0
vertex 148.87 -52.23 0
vertex 148.87 -52.23 1
endloop
endfacet
facet normal -0.29 0.96 0
outer loop
vertex 149.15 -52.14 0
vertex 148.87 -52.23 1
vertex 149.15 -52.14 1
endloop
endfacet
facet normal -0.47 0.88 0
outer loop
vertex 149.41 -52.01 0
vertex 149.15 -52.14 0
vertex 149.15 -52.14 1
endloop
endfacet
facet normal -0.47 0.88 0
outer loop
vertex 149.41 -52.01 0
vertex 149.15 -52.14 1
vertex 149.41 -52.01 1
endloop
endfacet
facet normal -0.63 0.77 0
outer loop
vertex 149.64 -51.82 0
vertex 149.41 -52.01 0
vertex 149.41 -52.01 1
endloop
endfacet
facet normal -0.63 0.77 0
outer loop
vertex 149.64 -51.82 0
vertex 149.41 -52.01 1
vertex 149.64 -51.82 1
endloop
endfacet
facet normal -0.77 0.63 0
outer loop
vertex 149.82 -51.59 0
vertex 149.64 -51.82 0
vertex 149.64 -51.82 1
endloop
endfacet
facet normal -0.77 0.63 0
outer loop
vertex 149.82 -51.59 0
vertex 149.64 -51.82 1
vertex 149.82 -51.59 1
endloop
endfacet
facet normal -0.88 0.47 0
outer loop
vertex 149.96 -51.33 0
vertex 149.82 -51.59 0
vertex 149.82 -51.59 1
endloop
endfacet
facet normal -0.88 0.47 0
outer loop
vertex 149.96 -51.33 0
vertex 149.82 -51.59 1
vertex 149.96 -51.33 1
endloop
endfacet
facet normal -0.96 0.29 0
outer loop
vertex 150.05 -51.05 0
vertex 149.96 -51.33 0
vertex 149.96 -51.33 1
endloop
endfacet
facet normal -0.96 0.29 0
outer loop
vertex 150.05 -51.05 0
vertex 149.96 -51.33 1
vertex 150.05 -51.05 1
endloop
endfacet
facet normal -1.00 0.10 0
outer loop
vertex 119.78 -30.21 0
vertex 119.76 -30.45 0
vertex 119.76 -30.45 2.2
endloop
endfacet
facet normal -1.00 0.10 0
outer loop
vertex 119.78 -30.21 0
vertex 119.76 -30.45 2.2
vertex 119.78 -30.21 2.2
endloop
endfacet
facet normal -1.00 -0.10 0
outer loop
vertex 119.76 -29.98 0
vertex 119.78 -30.21 0
vertex 119.78 -30.21 2.2
endloop
endfacet
facet normal -1.00 -0.10 0
outer loop
vertex 119.76 -29.98 0
vertex 119.78 -30.21 2.2
vertex 119.76 -29.98 2.2
endloop
endfacet
facet normal 0 0 -1
outer loop
vertex 119.69 -29.75 0
vertex 119.69 -29.76 0
vertex 119.76 -29.98 0
endloop
endfacet
facet normal 0 0 -1
outer loop
vertex 119.69 -29.75 0
vertex 119.76 -29.98 0
vertex 119.76 -29.98 2.2
endloop
endfacet
facet normal 0 0 -1
outer loop
vertex 119.69 -29.75 0
vertex 119.76 -29.98 2.2
vertex 119.69 -29.75 2.2
endloop
endfacet
facet normal -0.88 -0.47 0
outer loop
vertex 119.58 -29.55 0
vertex 119.69 -29.75 0
vertex 119.69 -29.75 2.2
endloop
endfacet
facet normal -0.88 -0.47 0
outer loop
vertex 119.58 -29.55 0
vertex 119.69 -29.75 2.2
vertex 119.58 -29.55 2.2
endloop
endfacet
facet normal -0.77 -0.63 0
outer loop
vertex 119.43 -29.37 0
vertex 119.58 -29.55 0
vertex 119.58 -29.55 2.2
endloop
endfacet
facet normal -0.77 -0.63 0
outer loop
vertex 119.43 -29.37 0
vertex 119.58 -29.55 2.2
vertex 119.43 -29.37 2.2
endloop
endfacet
facet normal -0.63 -0.77 0
outer loop
vertex 119.25 -29.22 0
vertex 119.43 -29.37 0
vertex 119.43 -29.37 2.2
endloop
endfacet
facet normal -0.63 -0.77 0
outer loop
vertex 119.25 -29.22 0
vertex 119.43 -29.37 2.2
vertex 119.25 -29.22 2.2
endloop
endfacet
facet normal -0.47 -0.88 0
outer loop
vertex 119.04 -29.11 0
vertex 119.25 -29.22 0
vertex 119.25 -29.22 2.2
endloop
endfacet
facet normal -0.47 -0.88 0
outer loop
vertex 119.04 -29.11 0
vertex 119.25 -29.22 2.2
vertex 119.04 -29.11 2.2
endloop
endfacet
facet normal -0.29 -0.96 0
outer loop
vertex 118.82 -29.04 0
vertex 119.04 -29.11 0
vertex 119.04 -29.11 2.2
endloop
endfacet
facet normal -0.29 -0.96 0
outer loop
vertex 118.82 -29.04 0
vertex 119.04 -29.11 2.2
vertex 118.82 -29.04 2.2
endloop
endfacet
facet normal -0.10 -1.00 0
outer loop
vertex 118.58 -29.01 0
vertex 118.82 -29.04 0
vertex 118.82 -29.04 2.2
endloop
endfacet
facet normal -0.10 -1.00 0
outer loop
vertex 118.58 -29.01 0
vertex 118.82 -29.04 2.2
vertex 118.58 -29.01 2.2
endloop
endfacet
facet normal 0.10 -1.00 0
outer loop
vertex 118.35 -29.04 0
vertex 118.58 -29.01 0
vertex 118.58 -29.01 2.2
endloop
endfacet
facet normal 0.10 -1.00 0
outer loop
vertex 118.35 -29.04 0
vertex 118.58 -29.01 2.2
vertex 118.35 -29.04 2.2
endloop
endfacet
facet normal 0.29 -0.96 0
outer loop
vertex 118.12 -29.11 0
vertex 118.35 -29.04 0
vertex 118.35 -29.04 2.2
endloop
endfacet
facet normal 0.29 -0.96 0
outer loop
vertex 118.12 -29.11 0
vertex 118.35 -29.04 2.2
vertex 118.12 -29.11 2.2
endloop
endfacet
facet normal 0.47 -0.88 0
outer loop
vertex 117.92 -29.22 0
vertex 118.12 -29.11 0
vertex 118.12 -29.11 2.2
endloop
endfacet
facet normal 0.47 -0.88 0
outer loop
vertex 117.92 -29.22 0
vertex 118.12 -29.11 2.2
vertex 117.92 -29.22 2.2
endloop
endfacet
facet normal 0.63 -0.77 0
outer loop
vertex 117.73 -29.37 0
vertex 117.92 -29.22 0
vertex 117.92 -29.22 2.2
endloop
endfacet
facet normal 0.63 -0.77 0
outer loop
vertex 117.73 -29.37 0
vertex 117.92 -29.22 2.2
vertex 117.73 -29.37 2.2
endloop
endfacet
facet normal 0.77 -0.63 0
outer loop
vertex 117.59 -29.55 0
vertex 117.73 -29.37 0
vertex 117.73 -29.37 2.2
endloop
endfacet
facet normal 0.77 -0.63 0
outer loop
vertex 117.59 -29.55 0
vertex 117.73 -29.37 2.2
vertex 117.59 -29.55 2.2
endloop
endfacet
facet normal 0.88 -0.47 0
outer loop
vertex 117.47 -29.75 0
vertex 117.59 -29.55 0
vertex 117.59 -29.55 2.2
endloop
endfacet
facet normal 0.88 -0.47 0
outer loop
vertex 117.47 -29.75 0
vertex 117.59 -29.55 2.2
vertex 117.47 -29.75 2.2
endloop
endfacet
facet normal 0.96 -0.29 0
outer loop
vertex 117.41 -29.98 0
vertex 117.47 -29.75 0
vertex 117.47 -29.75 2.2
endloop
endfacet
facet normal 0.96 -0.29 0
outer loop
vertex 117.41 -29.98 0
vertex 117.47 -29.75 2.2
vertex 117.41 -29.98 2.2
endloop
endfacet
facet normal 1.00 -0.10 0
outer loop
vertex 117.38 -30.21 0
vertex 117.41 -29.98 0
vertex 117.41 -29.98 2.2
endloop
endfacet
facet normal 1.00 -0.10 0
outer loop
vertex 117.38 -30.21 0
vertex 117.41 -29.98 2.2
vertex 117.38 -30.21 2.2
endloop
endfacet
facet normal 1.00 0.10 0
outer loop
vertex 117.41 -30.45 0
vertex 117.38 -30.21 0
vertex 117.38 -30.21 2.2
endloop
endfacet
facet normal 1.00 0.10 0
outer loop
vertex 117.41 -30.45 0
vertex 117.38 -30.21 2.2
vertex 117.41 -30.45 2.2
endloop
endfacet
facet normal 0.96 0.29 0
outer loop
vertex 117.47 -30.67 0
vertex 117.41 -30.45 0
vertex 117.41 -30.45 2.2
endloop
endfacet
facet normal 0.96 0.29 0
outer loop
vertex 117.47 -30.67 0
vertex 117.41 -30.45 2.2
vertex 117.47 -30.67 2.2
endloop
endfacet
facet normal 0.88 0.47 0
outer loop
vertex 117.59 -30.88 0
vertex 117.47 -30.67 0
vertex 117.47 -30.67 2.2
endloop
endfacet
facet normal 0.88 0.47 0
outer loop
vertex 117.59 -30.88 0
vertex 117.47 -30.67 2.2
vertex 117.59 -30.88 2.2
endloop
endfacet
facet normal 0.77 0.63 0
outer loop
vertex 117.73 -31.06 0
vertex 117.59 -30.88 0
vertex 117.59 -30.88 2.2
endloop
endfacet
facet normal 0.77 0.63 0
outer loop
vertex 117.73 -31.06 0
vertex 117.59 -30.88 2.2
vertex 117.73 -31.06 2.2
endloop
endfacet
facet normal 0.63 0.77 0
outer loop
vertex 117.92 -31.21 0
vertex 117.73 -31.06 0
vertex 117.73 -31.06 2.2
endloop
endfacet
facet normal 0.63 0.77 0
outer loop
vertex 117.92 -31.21 0
vertex 117.73 -31.06 2.2
vertex 117.92 -31.21 2.2
endloop
endfacet
facet normal 0.47 0.88 0
outer loop
vertex 118.12 -31.32 0
vertex 117.92 -31.21 0
vertex 117.92 -31.21 2.2
endloop
endfacet
facet normal 0.47 0.88 0
outer loop
vertex 118.12 -31.32 0
vertex 117.92 -31.21 2.2
vertex 118.12 -31.32 2.2
endloop
endfacet
facet normal 0.29 0.96 0
outer loop
vertex 118.35 -31.39 0
vertex 118.12 -31.32 0
vertex 118.12 -31.32 2.2
endloop
endfacet
facet normal 0.29 0.96 0
outer loop
vertex 118.35 -31.39 0
vertex 118.12 -31.32 2.2
vertex 118.35 -31.39 2.2
endloop
endfacet
facet normal 0.10 1.00 0
outer loop
vertex 118.58 -31.41 0
vertex 118.35 -31.39 0
vertex 118.35 -31.39 2.2
endloop
endfacet
facet normal 0.10 1.00 0
outer loop
vertex 118.58 -31.41 0
vertex 118.35 -31.39 2.2
vertex 118.58 -31.41 2.2
endloop
endfacet
facet normal -0.10 1.00 0
outer loop
vertex 118.82 -31.39 0
vertex 118.58 -31.41 0
vertex 118.58 -31.41 2.2
endloop
endfacet
facet normal -0.10 1.00 0
outer loop
vertex 118.82 -31.39 0
vertex 118.58 -31.41 2.2
vertex 118.82 -31.39 2.2
endloop
endfacet
facet normal -0.29 0.96 0
outer loop
vertex 119.04 -31.32 0
vertex 118.82 -31.39 0
vertex 118.82 -31.39 2.2
endloop
endfacet
facet normal -0.29 0.96 0
outer loop
vertex 119.04 -31.32 0
vertex 118.82 -31.39 2.2
vertex 119.04 -31.32 2.2
endloop
endfacet
facet normal -0.47 0.88 0
outer loop
vertex 119.25 -31.21 0
vertex 119.04 -31.32 0
vertex 119.04 -31.32 2.2
endloop
endfacet
facet normal -0.47 0.88 0
outer loop
vertex 119.25 -31.21 0
vertex 119.04 -31.32 2.2
vertex 119.25 -31.21 2.2
endloop
endfacet
facet normal -0.63 0.77 0
outer loop
vertex 119.43 -31.06 0
vertex 119.25 -31.21 0
vertex 119.25 -31.21 2.2
endloop
endfacet
facet normal -0.63 0.77 0
outer loop
vertex 119.43 -31.06 0
vertex 119.25 -31.21 2.2
vertex 119.43 -31.06 2.2
endloop
endfacet
facet normal -0.77 0.63 0
outer loop
vertex 119.58 -30.88 0
vertex 119.43 -31.06 0
vertex 119.43 -31.06 2.2
endloop
endfacet
facet normal -0.77 0.63 0
outer loop
vertex 119.58 -30.88 0
vertex 119.43 -31.06 2.2
vertex 119.58 -30.88 2.2
endloop
endfacet
facet normal -0.88 0.47 0
outer loop
vertex 119.69 -30.67 0
vertex 119.58 -30.88 0
vertex 119.58 -30.88 2.2
endloop
endfacet
facet normal -0.88 0.47 0
outer loop
vertex 119.69 -30.67 0
vertex 119.58 -30.88 2.2
vertex 119.69 -30.67 2.2
endloop
endfacet
facet normal -0.96 0.29 0
outer loop
vertex 119.76 -30.45 0
vertex 119.69 -30.67 0
vertex 119.69 -30.67 2.2
endloop
endfacet
facet normal -0.96 0.29 0
outer loop
vertex 119.76 -30.45 0
vertex 119.69 -30.67 2.2
vertex 119.76 -30.45 2.2
endloop
endfacet
facet normal -1.00 0.10 0
outer loop
vertex 179.77 -30.21 0
vertex 179.75 -30.45 0
vertex 179.75 -30.45 2.2
endloop
endfacet
facet normal -1.00 0.10 0
outer loop
vertex 179.77 -30.21 0
vertex 179.75 -30.45 2.2
vertex 179.77 -30.21 2.2
endloop
endfacet
facet normal -1.00 -0.10 0
outer loop
vertex 179.75 -29.98 0
vertex 179.77 -30.21 0
vertex 179.77 -30.21 2.2
endloop
endfacet
facet normal -1.00 -0.10 0
outer loop
vertex 179.75 -29.98 0
vertex 179.77 -30.21 2.2
vertex 179.75 -29.98 2.2
endloop
endfacet
facet normal -0.96 -0.29 0
outer loop
vertex 179.68 -29.75 0
vertex 179.75 -29.98 0
vertex 179.75 -29.98 2.2
endloop
endfacet
facet normal -0.96 -0.29 0
outer loop
vertex 179.68 -29.75 0
vertex 179.75 -29.98 2.2
vertex 179.68 -29.75 2.2
endloop
endfacet
facet normal -0.88 -0.47 0
outer loop
vertex 179.57 -29.55 0
vertex 179.68 -29.75 0
vertex 179.68 -29.75 2.2
endloop
endfacet
facet normal -0.88 -0.47 0
outer loop
vertex 179.57 -29.55 0
vertex 179.68 -29.75 2.2
vertex 179.57 -29.55 2.2
endloop
endfacet
facet normal -0.77 -0.63 0
outer loop
vertex 179.42 -29.37 0
vertex 179.57 -29.55 0
vertex 179.57 -29.55 2.2
endloop
endfacet
facet normal -0.77 -0.63 0
outer loop
vertex 179.42 -29.37 0
vertex 179.57 -29.55 2.2
vertex 179.42 -29.37 2.2
endloop
endfacet
facet normal -0.63 -0.77 0
outer loop
vertex 179.24 -29.22 0
vertex 179.42 -29.37 0
vertex 179.42 -29.37 2.2
endloop
endfacet
facet normal -0.63 -0.77 0
outer loop
vertex 179.24 -29.22 0
vertex 179.42 -29.37 2.2
vertex 179.24 -29.22 2.2
endloop
endfacet
facet normal -0.47 -0.88 0
outer loop
vertex 179.03 -29.11 0
vertex 179.24 -29.22 0
vertex 179.24 -29.22 2.2
endloop
endfacet
facet normal -0.47 -0.88 0
outer loop
vertex 179.03 -29.11 0
vertex 179.24 -29.22 2.2
vertex 179.03 -29.11 2.2
endloop
endfacet
facet normal -0.29 -0.96 0
outer loop
vertex 178.80 -29.04 0
vertex 179.03 -29.11 0
vertex 179.03 -29.11 2.2
endloop
endfacet
facet normal -0.29 -0.96 0
outer loop
vertex 178.80 -29.04 0
vertex 179.03 -29.11 2.2
vertex 178.80 -29.04 2.2
endloop
endfacet
facet normal -0.10 -1.00 0
outer loop
vertex 178.57 -29.01 0
vertex 178.80 -29.04 0
vertex 178.80 -29.04 2.2
endloop
endfacet
facet normal -0.10 -1.00 0
outer loop
vertex 178.57 -29.01 0
vertex 178.80 -29.04 2.2
vertex 178.57 -29.01 2.2
endloop
endfacet
facet normal 0.10 -1.00 0
outer loop
vertex 178.34 -29.04 0
vertex 178.57 -29.01 0
vertex 178.57 -29.01 2.2
endloop
endfacet
facet normal 0.10 -1.00 0
outer loop
vertex 178.34 -29.04 0
vertex 178.57 -29.01 2.2
vertex 178.34 -29.04 2.2
endloop
endfacet
facet normal 0.29 -0.96 0
outer loop
vertex 178.11 -29.11 0
vertex 178.34 -29.04 0
vertex 178.34 -29.04 2.2
endloop
endfacet
facet normal 0.29 -0.96 0
outer loop
vertex 178.11 -29.11 0
vertex 178.34 -29.04 2.2
vertex 178.11 -29.11 2.2
endloop
endfacet
facet normal 0.47 -0.88 0
outer loop
vertex 177.90 -29.22 0
vertex 178.11 -29.11 0
vertex 178.11 -29.11 2.2
endloop
endfacet
facet normal 0.47 -0.88 0
outer loop
vertex 177.90 -29.22 0
vertex 178.11 -29.11 2.2
vertex 177.90 -29.22 2.2
endloop
endfacet
facet normal 0.63 -0.77 0
outer loop
vertex 177.72 -29.37 0
vertex 177.90 -29.22 0
vertex 177.90 -29.22 2.2
endloop
endfacet
facet normal 0.63 -0.77 0
outer loop
vertex 177.72 -29.37 0
vertex 177.90 -29.22 2.2
vertex 177.72 -29.37 2.2
endloop
endfacet
facet normal 0.77 -0.63 0
outer loop
vertex 177.57 -29.55 0
vertex 177.72 -29.37 0
vertex 177.72 -29.37 2.2
endloop
endfacet
facet normal 0.77 -0.63 0
outer loop
vertex 177.57 -29.55 0
vertex 177.72 -29.37 2.2
vertex 177.57 -29.55 2.2
endloop
endfacet
facet normal 0.88 -0.47 0
outer loop
vertex 177.46 -29.75 0
vertex 177.57 -29.55 0
vertex 177.57 -29.55 2.2
endloop
endfacet
facet normal 0.88 -0.47 0
outer loop
vertex 177.46 -29.75 0
vertex 177.57 -29.55 2.2
vertex 177.46 -29.75 2.2
endloop
endfacet
facet normal 0 0 1
outer loop
vertex 177.39 -29.98 0
vertex 177.46 -29.76 0
vertex 177.46 -29.75 0
endloop
endfacet
facet normal 0 0 1
outer loop
vertex 177.39 -29.98 0
vertex 177.46 -29.75 0
vertex 177.46 -29.75 2.2
endloop
endfacet
facet normal 0 0 1
outer loop
vertex 177.39 -29.98 0
vertex 177.46 -29.75 2.2
vertex 177.39 -29.98 2.2
endloop
endfacet
facet normal 1.00 -0.10 0
outer loop
vertex 177.37 -30.21 0
vertex 177.39 -29.98 0
vertex 177.39 -29.98 2.2
endloop
endfacet
facet normal 1.00 -0.10 0
outer loop
vertex 177.37 -30.21 0
vertex 177.39 -29.98 2.2
vertex 177.37 -30.21 2.2
endloop
endfacet
facet normal 1.00 0.10 0
outer loop
vertex 177.39 -30.45 0
vertex 177.37 -30.21 0
vertex 177.37 -30.21 2.2
endloop
endfacet
facet normal 1.00 0.10 0
outer loop
vertex 177.39 -30.45 0
vertex 177.37 -30.21 2.2
vertex 177.39 -30.45 2.2
endloop
endfacet
facet normal 0.96 0.29 0
outer loop
vertex 177.46 -30.67 0
vertex 177.39 -30.45 0
vertex 177.39 -30.45 2.2
endloop
endfacet
facet normal 0.96 0.29 0
outer loop
vertex 177.46 -30.67 0
vertex 177.39 -30.45 2.2
vertex 177.46 -30.67 2.2
endloop
endfacet
facet normal 0.88 0.47 0
outer loop
vertex 177.57 -30.88 0
vertex 177.46 -30.67 0
vertex 177.46 -30.67 2.2
endloop
endfacet
facet normal 0.88 0.47 0
outer loop
vertex 177.57 -30.88 0
vertex 177.46 -30.67 2.2
vertex 177.57 -30.88 2.2
endloop
endfacet
facet normal 0.77 0.63 0
outer loop
vertex 177.72 -31.06 0
vertex 177.57 -30.88 0
vertex 177.57 -30.88 2.2
endloop
endfacet
facet normal 0.77 0.63 0
outer loop
vertex 177.72 -31.06 0
vertex 177.57 -30.88 2.2
vertex 177.72 -31.06 2.2
endloop
endfacet
facet normal 0.63 0.77 0
outer loop
vertex 177.90 -31.21 0
vertex 177.72 -31.06 0
vertex 177.72 -31.06 2.2
endloop
endfacet
facet normal 0.63 0.77 0
outer loop
vertex 177.90 -31.21 0
vertex 177.72 -31.06 2.2
vertex 177.90 -31.21 2.2
endloop
endfacet
facet normal 0.47 0.88 0
outer loop
vertex 178.11 -31.32 0
vertex 177.90 -31.21 0
vertex 177.90 -31.21 2.2
endloop
endfacet
facet normal 0.47 0.88 0
outer loop
vertex 178.11 -31.32 0
vertex 177.90 -31.21 2.2
vertex 178.11 -31.32 2.2
endloop
endfacet
facet normal 0.29 0.96 0
outer loop
vertex 178.34 -31.39 0
vertex 178.11 -31.32 0
vertex 178.11 -31.32 2.2
endloop
endfacet
facet normal 0.29 0.96 0
outer loop
vertex 178.34 -31.39 0
vertex 178.11 -31.32 2.2
vertex 178.34 -31.39 2.2
endloop
endfacet
facet normal 0.10 1.00 0
outer loop
vertex 178.57 -31.41 0
vertex 178.34 -31.39 0
vertex 178.34 -31.39 2.2
endloop
endfacet
facet normal 0.10 1.00 0
outer loop
vertex 178.57 -31.41 0
vertex 178.34 -31.39 2.2
vertex 178.57 -31.41 2.2
endloop
endfacet
facet normal -0.10 1.00 0
outer loop
vertex 178.80 -31.39 0
vertex 178.57 -31.41 0
vertex 178.57 -31.41 2.2
endloop
endfacet
facet normal -0.10 1.00 0
outer loop
vertex 178.80 -31.39 0
vertex 178.57 -31.41 2.2
vertex 178.80 -31.39 2.2
endloop
endfacet
facet normal -0.29 0.96 0
outer loop
vertex 179.03 -31.32 0
vertex 178.80 -31.39 0
vertex 178.80 -31.39 2.2
endloop
endfacet
facet normal -0.29 0.96 0
outer loop
vertex 179.03 -31.32 0
vertex 178.80 -31.39 2.2
vertex 179.03 -31.32 2.2
endloop
endfacet
facet normal -0.47 0.88 0
outer loop
vertex 179.24 -31.21 0
vertex 179.03 -31.32 0
vertex 179.03 -31.32 2.2
endloop
endfacet
facet normal -0.47 0.88 0
outer loop
vertex 179.24 -31.21 0
vertex 179.03 -31.32 2.2
vertex 179.24 -31.21 2.2
endloop
endfacet
facet normal -0.63 0.77 0
outer loop
vertex 179.42 -31.06 0
vertex 179.24 -31.21 0
vertex 179.24 -31.21 2.2
endloop
endfacet
facet normal -0.63 0.77 0
outer loop
vertex 179.42 -31.06 0
vertex 179.24 -31.21 2.2
vertex 179.42 -31.06 2.2
endloop
endfacet
facet normal -0.77 0.63 0
outer loop
vertex 179.57 -30.88 0
vertex 179.42 -31.06 0
vertex 179.42 -31.06 2.2
endloop
endfacet
facet normal -0.77 0.63 0
outer loop
vertex 179.57 -30.88 0
vertex 179.42 -31.06 2.2
vertex 179.57 -30.88 2.2
endloop
endfacet
facet normal -0.88 0.47 0
outer loop
vertex 179.68 -30.67 0
vertex 179.57 -30.88 0
vertex 179.57 -30.88 2.2
endloop
endfacet
facet normal -0.88 0.47 0
outer loop
vertex 179.68 -30.67 0
vertex 179.57 -30.88 2.2
vertex 179.68 -30.67 2.2
endloop
endfacet
facet normal -0.96 0.29 0
outer loop
vertex 179.75 -30.45 0
vertex 179.68 -30.67 0
vertex 179.68 -30.67 2.2
endloop
endfacet
facet normal -0.96 0.29 0
outer loop
vertex 179.75 -30.45 0
vertex 179.68 -30.67 2.2
vertex 179.75 -30.45 2.2
endloop
endfacet
facet normal -1.00 0.10 0
outer loop
vertex 128.17 -112.58 0
vertex 128.15 -112.81 0
vertex 128.15 -112.81 2.2
endloop
endfacet
facet normal -1.00 0.10 0
outer loop
vertex 128.17 -112.58 0
vertex 128.15 -112.81 2.2
vertex 128.17 -112.58 2.2
endloop
endfacet
facet normal -1.00 -0.10 0
outer loop
vertex 128.15 -112.34 0
vertex 128.17 -112.58 0
vertex 128.17 -112.58 2.2
endloop
endfacet
facet normal -1.00 -0.10 0
outer loop
vertex 128.15 -112.34 0
vertex 128.17 -112.58 2.2
vertex 128.15 -112.34 2.2
endloop
endfacet
facet normal -0.96 -0.29 0
outer loop
vertex 128.08 -112.12 0
vertex 128.15 -112.34 0
vertex 128.15 -112.34 2.2
endloop
endfacet
facet normal -0.96 -0.29 0
outer loop
vertex 128.08 -112.12 0
vertex 128.15 -112.34 2.2
vertex 128.08 -112.12 2.2
endloop
endfacet
facet normal -0.88 -0.47 0
outer loop
vertex 127.97 -111.91 0
vertex 128.08 -112.12 0
vertex 128.08 -112.12 2.2
endloop
endfacet
facet normal -0.88 -0.47 0
outer loop
vertex 127.97 -111.91 0
vertex 128.08 -112.12 2.2
vertex 127.97 -111.91 2.2
endloop
endfacet
facet normal -0.77 -0.63 0
outer loop
vertex 127.82 -111.73 0
vertex 127.97 -111.91 0
vertex 127.97 -111.91 2.2
endloop
endfacet
facet normal -0.77 -0.63 0
outer loop
vertex 127.82 -111.73 0
vertex 127.97 -111.91 2.2
vertex 127.82 -111.73 2.2
endloop
endfacet
facet normal -0.63 -0.77 0
outer loop
vertex 127.64 -111.58 0
vertex 127.82 -111.73 0
vertex 127.82 -111.73 2.2
endloop
endfacet
facet normal -0.63 -0.77 0
outer loop
vertex 127.64 -111.58 0
vertex 127.82 -111.73 2.2
vertex 127.64 -111.58 2.2
endloop
endfacet
facet normal -0.47 -0.88 0
outer loop
vertex 127.43 -111.47 0
vertex 127.64 -111.58 0
vertex 127.64 -111.58 2.2
endloop
endfacet
facet normal -0.47 -0.88 0
outer loop
vertex 127.43 -111.47 0
vertex 127.64 -111.58 2.2
vertex 127.43 -111.47 2.2
endloop
endfacet
facet normal -0.29 -0.96 0
outer loop
vertex 127.21 -111.40 0
vertex 127.43 -111.47 0
vertex 127.43 -111.47 2.2
endloop
endfacet
facet normal -0.29 -0.96 0
outer loop
vertex 127.21 -111.40 0
vertex 127.43 -111.47 2.2
vertex 127.21 -111.40 2.2
endloop
endfacet
facet normal -0.10 -1.00 0
outer loop
vertex 126.97 -111.38 0
vertex 127.21 -111.40 0
vertex 127.21 -111.40 2.2
endloop
endfacet
facet normal -0.10 -1.00 0
outer loop
vertex 126.97 -111.38 0
vertex 127.21 -111.40 2.2
vertex 126.97 -111.38 2.2
endloop
endfacet
facet normal 0.10 -1.00 0
outer loop
vertex 126.74 -111.40 0
vertex 126.97 -111.38 0
vertex 126.97 -111.38 2.2
endloop
endfacet
facet normal 0.10 -1.00 0
outer loop
vertex 126.74 -111.40 0
vertex 126.97 -111.38 2.2
vertex 126.74 -111.40 2.2
endloop
endfacet
facet normal 0.29 -0.96 0
outer loop
vertex 126.51 -111.47 0
vertex 126.74 -111.40 0
vertex 126.74 -111.40 2.2
endloop
endfacet
facet normal 0.29 -0.96 0
outer loop
vertex 126.51 -111.47 0
vertex 126.74 -111.40 2.2
vertex 126.51 -111.47 2.2
endloop
endfacet
facet normal 0.47 -0.88 0
outer loop
vertex 126.30 -111.58 0
vertex 126.51 -111.47 0
vertex 126.51 -111.47 2.2
endloop
endfacet
facet normal 0.47 -0.88 0
outer loop
vertex 126.30 -111.58 0
vertex 126.51 -111.47 2.2
vertex 126.30 -111.58 2.2
endloop
endfacet
facet normal 0.63 -0.77 0
outer loop
vertex 126.12 -111.73 0
vertex 126.30 -111.58 0
vertex 126.30 -111.58 2.2
endloop
endfacet
facet normal 0.63 -0.77 0
outer loop
vertex 126.12 -111.73 0
vertex 126.30 -111.58 2.2
vertex 126.12 -111.73 2.2
endloop
endfacet
facet normal 0.77 -0.63 0
outer loop
vertex 125.97 -111.91 0
vertex 126.12 -111.73 0
vertex 126.12 -111.73 2.2
endloop
endfacet
facet normal 0.77 -0.63 0
outer loop
vertex 125.97 -111.91 0
vertex 126.12 -111.73 2.2
vertex 125.97 -111.91 2.2
endloop
endfacet
facet normal 0.88 -0.47 0
outer loop
vertex 125.86 -112.12 0
vertex 125.97 -111.91 0
vertex 125.97 -111.91 2.2
endloop
endfacet
facet normal 0.88 -0.47 0
outer loop
vertex 125.86 -112.12 0
vertex 125.97 -111.91 2.2
vertex 125.86 -112.12 2.2
endloop
endfacet
facet normal 0.96 -0.29 0
outer loop
vertex 125.79 -112.34 0
vertex 125.86 -112.12 0
vertex 125.86 -112.12 2.2
endloop
endfacet
facet normal 0.96 -0.29 0
outer loop
vertex 125.79 -112.34 0
vertex 125.86 -112.12 2.2
vertex 125.79 -112.34 2.2
endloop
endfacet
facet normal 1.00 -0.10 0
outer loop
vertex 125.77 -112.58 0
vertex 125.79 -112.34 0
vertex 125.79 -112.34 2.2
endloop
endfacet
facet normal 1.00 -0.10 0
outer loop
vertex 125.77 -112.58 0
vertex 125.79 -112.34 2.2
vertex 125.77 -112.58 2.2
endloop
endfacet
facet normal 1.00 0.10 0
outer loop
vertex 125.79 -112.81 0
vertex 125.77 -112.58 0
vertex 125.77 -112.58 2.2
endloop
endfacet
facet normal 1.00 0.10 0
outer loop
vertex 125.79 -112.81 0
vertex 125.77 -112.58 2.2
vertex 125.79 -112.81 2.2
endloop
endfacet
facet normal 0.96 0.29 0
outer loop
vertex 125.86 -113.04 0
vertex 125.79 -112.81 0
vertex 125.79 -112.81 2.2
endloop
endfacet
facet normal 0.96 0.29 0
outer loop
vertex 125.86 -113.04 0
vertex 125.79 -112.81 2.2
vertex 125.86 -113.04 2.2
endloop
endfacet
facet normal 0.88 0.47 0
outer loop
vertex 125.97 -113.24 0
vertex 125.86 -113.04 0
vertex 125.86 -113.04 2.2
endloop
endfacet
facet normal 0.88 0.47 0
outer loop
vertex 125.97 -113.24 0
vertex 125.86 -113.04 2.2
vertex 125.97 -113.24 2.2
endloop
endfacet
facet normal 0.77 0.63 0
outer loop
vertex 126.12 -113.42 0
vertex 125.97 -113.24 0
vertex 125.97 -113.24 2.2
endloop
endfacet
facet normal 0.77 0.63 0
outer loop
vertex 126.12 -113.42 0
vertex 125.97 -113.24 2.2
vertex 126.12 -113.42 2.2
endloop
endfacet
facet normal 0.63 0.77 0
outer loop
vertex 126.30 -113.57 0
vertex 126.12 -113.42 0
vertex 126.12 -113.42 2.2
endloop
endfacet
facet normal 0.63 0.77 0
outer loop
vertex 126.30 -113.57 0
vertex 126.12 -113.42 2.2
vertex 126.30 -113.57 2.2
endloop
endfacet
facet normal 0.47 0.88 0
outer loop
vertex 126.51 -113.68 0
vertex 126.30 -113.57 0
vertex 126.30 -113.57 2.2
endloop
endfacet
facet normal 0.47 0.88 0
outer loop
vertex 126.51 -113.68 0
vertex 126.30 -113.57 2.2
vertex 126.51 -113.68 2.2
endloop
endfacet
facet normal 0.29 0.96 0
outer loop
vertex 126.74 -113.75 0
vertex 126.51 -113.68 0
vertex 126.51 -113.68 2.2
endloop
endfacet
facet normal 0.29 0.96 0
outer loop
vertex 126.74 -113.75 0
vertex 126.51 -113.68 2.2
vertex 126.74 -113.75 2.2
endloop
endfacet
facet normal 0.10 1.00 0
outer loop
vertex 126.97 -113.78 0
vertex 126.74 -113.75 0
vertex 126.74 -113.75 2.2
endloop
endfacet
facet normal 0.10 1.00 0
outer loop
vertex 126.97 -113.78 0
vertex 126.74 -113.75 2.2
vertex 126.97 -113.78 2.2
endloop
endfacet
facet normal -0.10 1.00 0
outer loop
vertex 127.21 -113.75 0
vertex 126.97 -113.78 0
vertex 126.97 -113.78 2.2
endloop
endfacet
facet normal -0.10 1.00 0
outer loop
vertex 127.21 -113.75 0
vertex 126.97 -113.78 2.2
vertex 127.21 -113.75 2.2
endloop
endfacet
facet normal -0.29 0.96 0
outer loop
vertex 127.43 -113.68 0
vertex 127.21 -113.75 0
vertex 127.21 -113.75 2.2
endloop
endfacet
facet normal -0.29 0.96 0
outer loop
vertex 127.43 -113.68 0
vertex 127.21 -113.75 2.2
vertex 127.43 -113.68 2.2
endloop
endfacet
facet normal -0.47 0.88 0
outer loop
vertex 127.64 -113.57 0
vertex 127.43 -113.68 0
vertex 127.43 -113.68 2.2
endloop
endfacet
facet normal -0.47 0.88 0
outer loop
vertex 127.64 -113.57 0
vertex 127.43 -113.68 2.2
vertex 127.64 -113.57 2.2
endloop
endfacet
facet normal -0.63 0.77 0
outer loop
vertex 127.82 -113.42 0
vertex 127.64 -113.57 0
vertex 127.64 -113.57 2.2
endloop
endfacet
facet normal -0.63 0.77 0
outer loop
vertex 127.82 -113.42 0
vertex 127.64 -113.57 2.2
vertex 127.82 -113.42 2.2
endloop
endfacet
facet normal -0.77 0.63 0
outer loop
vertex 127.97 -113.24 0
vertex 127.82 -113.42 0
vertex 127.82 -113.42 2.2
endloop
endfacet
facet normal -0.77 0.63 0
outer loop
vertex 127.97 -113.24 0
vertex 127.82 -113.42 2.2
vertex 127.97 -113.24 2.2
endloop
endfacet
facet normal -0.88 0.47 0
outer loop
vertex 128.08 -113.04 0
vertex 127.97 -113.24 0
vertex 127.97 -113.24 2.2
endloop
endfacet
facet normal -0.88 0.47 0
outer loop
vertex 128.08 -113.04 0
vertex 127.97 -113.24 2.2
vertex 128.08 -113.04 2.2
endloop
endfacet
facet normal -0.96 0.29 0
outer loop
vertex 128.15 -112.81 0
vertex 128.08 -113.04 0
vertex 128.08 -113.04 2.2
endloop
endfacet
facet normal -0.96 0.29 0
outer loop
vertex 128.15 -112.81 0
vertex 128.08 -113.04 2.2
vertex 128.15 -112.81 2.2
endloop
endfacet
facet normal -1.00 0.10 0
outer loop
vertex 171.38 -112.58 0
vertex 171.36 -112.81 0
vertex 171.36 -112.81 2.2
endloop
endfacet
facet normal -1.00 0.10 0
outer loop
vertex 171.38 -112.58 0
vertex 171.36 -112.81 2.2
vertex 171.38 -112.58 2.2
endloop
endfacet
facet normal -1.00 -0.10 0
outer loop
vertex 171.36 -112.34 0
vertex 171.38 -112.58 0
vertex 171.38 -112.58 2.2
endloop
endfacet
facet normal -1.00 -0.10 0
outer loop
vertex 171.36 -112.34 0
vertex 171.38 -112.58 2.2
vertex 171.36 -112.34 2.2
endloop
endfacet
facet normal -0.96 -0.29 0
outer loop
vertex 171.29 -112.12 0
vertex 171.36 -112.34 0
vertex 171.36 -112.34 2.2
endloop
endfacet
facet normal -0.96 -0.29 0
outer loop
vertex 171.29 -112.12 0
vertex 171.36 -112.34 2.2
vertex 171.29 -112.12 2.2
endloop
endfacet
facet normal -0.88 -0.47 0
outer loop
vertex 171.18 -111.91 0
vertex 171.29 -112.12 0
vertex 171.29 -112.12 2.2
endloop
endfacet
facet normal -0.88 -0.47 0
outer loop
vertex 171.18 -111.91 0
vertex 171.29 -112.12 2.2
vertex 171.18 -111.91 2.2
endloop
endfacet
facet normal -0.77 -0.63 0
outer loop
vertex 171.03 -111.73 0
vertex 171.18 -111.91 0
vertex 171.18 -111.91 2.2
endloop
endfacet
facet normal -0.77 -0.63 0
outer loop
vertex 171.03 -111.73 0
vertex 171.18 -111.91 2.2
vertex 171.03 -111.73 2.2
endloop
endfacet
facet normal -0.63 -0.77 0
outer loop
vertex 170.85 -111.58 0
vertex 171.03 -111.73 0
vertex 171.03 -111.73 2.2
endloop
endfacet
facet normal -0.63 -0.77 0
outer loop
vertex 170.85 -111.58 0
vertex 171.03 -111.73 2.2
vertex 170.85 -111.58 2.2
endloop
endfacet
facet normal -0.47 -0.88 0
outer loop
vertex 170.64 -111.47 0
vertex 170.85 -111.58 0
vertex 170.85 -111.58 2.2
endloop
endfacet
facet normal -0.47 -0.88 0
outer loop
vertex 170.64 -111.47 0
vertex 170.85 -111.58 2.2
vertex 170.64 -111.47 2.2
endloop
endfacet
facet normal -0.29 -0.96 0
outer loop
vertex 170.42 -111.40 0
vertex 170.64 -111.47 0
vertex 170.64 -111.47 2.2
endloop
endfacet
facet normal -0.29 -0.96 0
outer loop
vertex 170.42 -111.40 0
vertex 170.64 -111.47 2.2
vertex 170.42 -111.40 2.2
endloop
endfacet
facet normal -0.10 -1.00 0
outer loop
vertex 170.18 -111.38 0
vertex 170.42 -111.40 0
vertex 170.42 -111.40 2.2
endloop
endfacet
facet normal -0.10 -1.00 0
outer loop
vertex 170.18 -111.38 0
vertex 170.42 -111.40 2.2
vertex 170.18 -111.38 2.2
endloop
endfacet
facet normal 0.10 -1.00 0
outer loop
vertex 169.95 -111.40 0
vertex 170.18 -111.38 0
vertex 170.18 -111.38 2.2
endloop
endfacet
facet normal 0.10 -1.00 0
outer loop
vertex 169.95 -111.40 0
vertex 170.18 -111.38 2.2
vertex 169.95 -111.40 2.2
endloop
endfacet
facet normal 0.29 -0.96 0
outer loop
vertex 169.72 -111.47 0
vertex 169.95 -111.40 0
vertex 169.95 -111.40 2.2
endloop
endfacet
facet normal 0.29 -0.96 0
outer loop
vertex 169.72 -111.47 0
vertex 169.95 -111.40 2.2
vertex 169.72 -111.47 2.2
endloop
endfacet
facet normal 0.47 -0.88 0
outer loop
vertex 169.52 -111.58 0
vertex 169.72 -111.47 0
vertex 169.72 -111.47 2.2
endloop
endfacet
facet normal 0.47 -0.88 0
outer loop
vertex 169.52 -111.58 0
vertex 169.72 -111.47 2.2
vertex 169.52 -111.58 2.2
endloop
endfacet
facet normal 0.63 -0.77 0
outer loop
vertex 169.33 -111.73 0
vertex 169.52 -111.58 0
vertex 169.52 -111.58 2.2
endloop
endfacet
facet normal 0.63 -0.77 0
outer loop
vertex 169.33 -111.73 0
vertex 169.52 -111.58 2.2
vertex 169.33 -111.73 2.2
endloop
endfacet
facet normal 0.77 -0.63 0
outer loop
vertex 169.18 -111.91 0
vertex 169.33 -111.73 0
vertex 169.33 -111.73 2.2
endloop
endfacet
facet normal 0.77 -0.63 0
outer loop
vertex 169.18 -111.91 0
vertex 169.33 -111.73 2.2
vertex 169.18 -111.91 2.2
endloop
endfacet
facet normal 0.88 -0.47 0
outer loop
vertex 169.07 -112.12 0
vertex 169.18 -111.91 0
vertex 169.18 -111.91 2.2
endloop
endfacet
facet normal 0.88 -0.47 0
outer loop
vertex 169.07 -112.12 0
vertex 169.18 -111.91 2.2
vertex 169.07 -112.12 2.2
endloop
endfacet
facet normal 0.96 -0.29 0
outer loop
vertex 169.01 -112.34 0
vertex 169.07 -112.12 0
vertex 169.07 -112.12 2.2
endloop
endfacet
facet normal 0.96 -0.29 0
outer loop
vertex 169.01 -112.34 0
vertex 169.07 -112.12 2.2
vertex 169.01 -112.34 2.2
endloop
endfacet
facet normal 1.00 -0.10 0
outer loop
vertex 168.98 -112.58 0
vertex 169.01 -112.34 0
vertex 169.01 -112.34 2.2
endloop
endfacet
facet normal 1.00 -0.10 0
outer loop
vertex 168.98 -112.58 0
vertex 169.01 -112.34 2.2
vertex 168.98 -112.58 2.2
endloop
endfacet
facet normal 1.00 0.10 0
outer loop
vertex 169.01 -112.81 0
vertex 168.98 -112.58 0
vertex 168.98 -112.58 2.2
endloop
endfacet
facet normal 1.00 0.10 0
outer loop
vertex 169.01 -112.81 0
vertex 168.98 -112.58 2.2
vertex 169.01 -112.81 2.2
endloop
endfacet
facet normal 0.96 0.29 0
outer loop
vertex 169.07 -113.04 0
vertex 169.01 -112.81 0
vertex 169.01 -112.81 2.2
endloop
endfacet
facet normal 0.96 0.29 0
outer loop
vertex 169.07 -113.04 0
vertex 169.01 -112.81 2.2
vertex 169.07 -113.04 2.2
endloop
endfacet
facet normal 0.88 0.47 0
outer loop
vertex 169.18 -113.24 0
vertex 169.07 -113.04 0
vertex 169.07 -113.04 2.2
endloop
endfacet
facet normal 0.88 0.47 0
outer loop
vertex 169.18 -113.24 0
vertex 169.07 -113.04 2.2
vertex 169.18 -113.24 2.2
endloop
endfacet
facet normal 0.77 0.63 0
outer loop
vertex 169.33 -113.42 0
vertex 169.18 -113.24 0
vertex 169.18 -113.24 2.2
endloop
endfacet
facet normal 0.77 0.63 0
outer loop
vertex 169.33 -113.42 0
vertex 169.18 -113.24 2.2
vertex 169.33 -113.42 2.2
endloop
endfacet
facet normal 0.63 0.77 0
outer loop
vertex 169.52 -113.57 0
vertex 169.33 -113.42 0
vertex 169.33 -113.42 2.2
endloop
endfacet
facet normal 0.63 0.77 0
outer loop
vertex 169.52 -113.57 0
vertex 169.33 -113.42 2.2
vertex 169.52 -113.57 2.2
endloop
endfacet
facet normal 0.47 0.88 0
outer loop
vertex 169.72 -113.68 0
vertex 169.52 -113.57 0
vertex 169.52 -113.57 2.2
endloop
endfacet
facet normal 0.47 0.88 0
outer loop
vertex 169.72 -113.68 0
vertex 169.52 -113.57 2.2
vertex 169.72 -113.68 2.2
endloop
endfacet
facet normal 0.29 0.96 0
outer loop
vertex 169.95 -113.75 0
vertex 169.72 -113.68 0
vertex 169.72 -113.68 2.2
endloop
endfacet
facet normal 0.29 0.96 0
outer loop
vertex 169.95 -113.75 0
vertex 169.72 -113.68 2.2
vertex 169.95 -113.75 2.2
endloop
endfacet
facet normal 0.10 1.00 0
outer loop
vertex 170.18 -113.78 0
vertex 169.95 -113.75 0
vertex 169.95 -113.75 2.2
endloop
endfacet
facet normal 0.10 1.00 0
outer loop
vertex 170.18 -113.78 0
vertex 169.95 -113.75 2.2
vertex 170.18 -113.78 2.2
endloop
endfacet
facet normal -0.10 1.00 0
outer loop
vertex 170.42 -113.75 0
vertex 170.18 -113.78 0
vertex 170.18 -113.78 2.2
endloop
endfacet
facet normal -0.10 1.00 0
outer loop
vertex 170.42 -113.75 0
vertex 170.18 -113.78 2.2
vertex 170.42 -113.75 2.2
endloop
endfacet
facet normal -0.29 0.96 0
outer loop
vertex 170.64 -113.68 0
vertex 170.42 -113.75 0
vertex 170.42 -113.75 2.2
endloop
endfacet
facet normal -0.29 0.96 0
outer loop
vertex 170.64 -113.68 0
vertex 170.42 -113.75 2.2
vertex 170.64 -113.68 2.2
endloop
endfacet
facet normal -0.47 0.88 0
outer loop
vertex 170.85 -113.57 0
vertex 170.64 -113.68 0
vertex 170.64 -113.68 2.2
endloop
endfacet
facet normal -0.47 0.88 0
outer loop
vertex 170.85 -113.57 0
vertex 170.64 -113.68 2.2
vertex 170.85 -113.57 2.2
endloop
endfacet
facet normal -0.63 0.77 0
outer loop
vertex 171.03 -113.42 0
vertex 170.85 -113.57 0
vertex 170.85 -113.57 2.2
endloop
endfacet
facet normal -0.63 0.77 0
outer loop
vertex 171.03 -113.42 0
vertex 170.85 -113.57 2.2
vertex 171.03 -113.42 2.2
endloop
endfacet
facet normal -0.77 0.63 0
outer loop
vertex 171.18 -113.24 0
vertex 171.03 -113.42 0
vertex 171.03 -113.42 2.2
endloop
endfacet
facet normal -0.77 0.63 0
outer loop
vertex 171.18 -113.24 0
vertex 171.03 -113.42 2.2
vertex 171.18 -113.24 2.2
endloop
endfacet
facet normal -0.88 0.47 0
outer loop
vertex 171.29 -113.04 0
vertex 171.18 -113.24 0
vertex 171.18 -113.24 2.2
endloop
endfacet
facet normal -0.88 0.47 0
outer loop
vertex 171.29 -113.04 0
vertex 171.18 -113.24 2.2
vertex 171.29 -113.04 2.2
endloop
endfacet
facet normal -0.96 0.29 0
outer loop
vertex 171.36 -112.81 0
vertex 171.29 -113.04 0
vertex 171.29 -113.04 2.2
endloop
endfacet
facet normal -0.96 0.29 0
outer loop
vertex 171.36 -112.81 0
vertex 171.29 -113.04 2.2
vertex 171.36 -112.81 2.2
endloop
endfacet
facet normal -1.00 0.10 0
outer loop
vertex 149.78 -151.75 0
vertex 149.75 -151.99 0
vertex 149.75 -151.99 2.2
endloop
endfacet
facet normal -1.00 0.10 0
outer loop
vertex 149.78 -151.75 0
vertex 149.75 -151.99 2.2
vertex 149.78 -151.75 2.2
endloop
endfacet
facet normal -1.00 -0.10 0
outer loop
vertex 149.75 -151.52 0
vertex 149.78 -151.75 0
vertex 149.78 -151.75 2.2
endloop
endfacet
facet normal -1.00 -0.10 0
outer loop
vertex 149.75 -151.52 0
vertex 149.78 -151.75 2.2
vertex 149.75 -151.52 2.2
endloop
endfacet
facet normal -0.96 -0.29 0
outer loop
vertex 149.69 -151.29 0
vertex 149.75 -151.52 0
vertex 149.75 -151.52 2.2
endloop
endfacet
facet normal -0.96 -0.29 0
outer loop
vertex 149.69 -151.29 0
vertex 149.75 -151.52 2.2
vertex 149.69 -151.29 2.2
endloop
endfacet
facet normal -0.88 -0.47 0
outer loop
vertex 149.57 -151.09 0
vertex 149.69 -151.29 0
vertex 149.69 -151.29 2.2
endloop
endfacet
facet normal -0.88 -0.47 0
outer loop
vertex 149.57 -151.09 0
vertex 149.69 -151.29 2.2
vertex 149.57 -151.09 2.2
endloop
endfacet
facet normal -0.77 -0.63 0
outer loop
vertex 149.43 -150.91 0
vertex 149.57 -151.09 0
vertex 149.57 -151.09 2.2
endloop
endfacet
facet normal -0.77 -0.63 0
outer loop
vertex 149.43 -150.91 0
vertex 149.57 -151.09 2.2
vertex 149.43 -150.91 2.2
endloop
endfacet
facet normal -0.63 -0.77 0
outer loop
vertex 149.24 -150.76 0
vertex 149.43 -150.91 0
vertex 149.43 -150.91 2.2
endloop
endfacet
facet normal -0.63 -0.77 0
outer loop
vertex 149.24 -150.76 0
vertex 149.43 -150.91 2.2
vertex 149.24 -150.76 2.2
endloop
endfacet
facet normal -0.47 -0.88 0
outer loop
vertex 149.04 -150.64 0
vertex 149.24 -150.76 0
vertex 149.24 -150.76 2.2
endloop
endfacet
facet normal -0.47 -0.88 0
outer loop
vertex 149.04 -150.64 0
vertex 149.24 -150.76 2.2
vertex 149.04 -150.64 2.2
endloop
endfacet
facet normal -0.29 -0.96 0
outer loop
vertex 148.81 -150.58 0
vertex 149.04 -150.64 0
vertex 149.04 -150.64 2.2
endloop
endfacet
facet normal -0.29 -0.96 0
outer loop
vertex 148.81 -150.58 0
vertex 149.04 -150.64 2.2
vertex 148.81 -150.58 2.2
endloop
endfacet
facet normal -0.10 -1.00 0
outer loop
vertex 148.58 -150.55 0
vertex 148.81 -150.58 0
vertex 148.81 -150.58 2.2
endloop
endfacet
facet normal -0.10 -1.00 0
outer loop
vertex 148.58 -150.55 0
vertex 148.81 -150.58 2.2
vertex 148.58 -150.55 2.2
endloop
endfacet
facet normal 0.10 -1.00 0
outer loop
vertex 148.34 -150.58 0
vertex 148.58 -150.55 0
vertex 148.58 -150.55 2.2
endloop
endfacet
facet normal 0.10 -1.00 0
outer loop
vertex 148.34 -150.58 0
vertex 148.58 -150.55 2.2
vertex 148.34 -150.58 2.2
endloop
endfacet
facet normal 0.29 -0.96 0
outer loop
vertex 148.12 -150.64 0
vertex 148.34 -150.58 0
vertex 148.34 -150.58 2.2
endloop
endfacet
facet normal 0.29 -0.96 0
outer loop
vertex 148.12 -150.64 0
vertex 148.34 -150.58 2.2
vertex 148.12 -150.64 2.2
endloop
endfacet
facet normal 0.47 -0.88 0
outer loop
vertex 147.91 -150.76 0
vertex 148.12 -150.64 0
vertex 148.12 -150.64 2.2
endloop
endfacet
facet normal 0.47 -0.88 0
outer loop
vertex 147.91 -150.76 0
vertex 148.12 -150.64 2.2
vertex 147.91 -150.76 2.2
endloop
endfacet
facet normal 0.63 -0.77 0
outer loop
vertex 147.73 -150.91 0
vertex 147.91 -150.76 0
vertex 147.91 -150.76 2.2
endloop
endfacet
facet normal 0.63 -0.77 0
outer loop
vertex 147.73 -150.91 0
vertex 147.91 -150.76 2.2
vertex 147.73 -150.91 2.2
endloop
endfacet
facet normal 0.77 -0.63 0
outer loop
vertex 147.58 -151.09 0
vertex 147.73 -150.91 0
vertex 147.73 -150.91 2.2
endloop
endfacet
facet normal 0.77 -0.63 0
outer loop
vertex 147.58 -151.09 0
vertex 147.73 -150.91 2.2
vertex 147.58 -151.09 2.2
endloop
endfacet
facet normal 0.88 -0.47 0
outer loop
vertex 147.47 -151.29 0
vertex 147.58 -151.09 0
vertex 147.58 -151.09 2.2
endloop
endfacet
facet normal 0.88 -0.47 0
outer loop
vertex 147.47 -151.29 0
vertex 147.58 -151.09 2.2
vertex 147.47 -151.29 2.2
endloop
endfacet
facet normal 0.96 -0.29 0
outer loop
vertex 147.40 -151.52 0
vertex 147.47 -151.29 0
vertex 147.47 -151.29 2.2
endloop
endfacet
facet normal 0.96 -0.29 0
outer loop
vertex 147.40 -151.52 0
vertex 147.47 -151.29 2.2
vertex 147.40 -151.52 2.2
endloop
endfacet
facet normal 1.00 -0.10 0
outer loop
vertex 147.38 -151.75 0
vertex 147.40 -151.52 0
vertex 147.40 -151.52 2.2
endloop
endfacet
facet normal 1.00 -0.10 0
outer loop
vertex 147.38 -151.75 0
vertex 147.40 -151.52 2.2
vertex 147.38 -151.75 2.2
endloop
endfacet
facet normal 1.00 0.10 0
outer loop
vertex 147.40 -151.99 0
vertex 147.38 -151.75 0
vertex 147.38 -151.75 2.2
endloop
endfacet
facet normal 1.00 0.10 0
outer loop
vertex 147.40 -151.99 0
vertex 147.38 -151.75 2.2
vertex 147.40 -151.99 2.2
endloop
endfacet
facet normal 0.96 0.29 0
outer loop
vertex 147.47 -152.21 0
vertex 147.40 -151.99 0
vertex 147.40 -151.99 2.2
endloop
endfacet
facet normal 0.96 0.29 0
outer loop
vertex 147.47 -152.21 0
vertex 147.40 -151.99 2.2
vertex 147.47 -152.21 2.2
endloop
endfacet
facet normal 0.88 0.47 0
outer loop
vertex 147.58 -152.42 0
vertex 147.47 -152.21 0
vertex 147.47 -152.21 2.2
endloop
endfacet
facet normal 0.88 0.47 0
outer loop
vertex 147.58 -152.42 0
vertex 147.47 -152.21 2.2
vertex 147.58 -152.42 2.2
endloop
endfacet
facet normal 0.77 0.63 0
outer loop
vertex 147.73 -152.60 0
vertex 147.58 -152.42 0
vertex 147.58 -152.42 2.2
endloop
endfacet
facet normal 0.77 0.63 0
outer loop
vertex 147.73 -152.60 0
vertex 147.58 -152.42 2.2
vertex 147.73 -152.60 2.2
endloop
endfacet
facet normal 0.63 0.77 0
outer loop
vertex 147.91 -152.75 0
vertex 147.73 -152.60 0
vertex 147.73 -152.60 2.2
endloop
endfacet
facet normal 0.63 0.77 0
outer loop
vertex 147.91 -152.75 0
vertex 147.73 -152.60 2.2
vertex 147.91 -152.75 2.2
endloop
endfacet
facet normal 0.47 0.88 0
outer loop
vertex 148.12 -152.86 0
vertex 147.91 -152.75 0
vertex 147.91 -152.75 2.2
endloop
endfacet
facet normal 0.47 0.88 0
outer loop
vertex 148.12 -152.86 0
vertex 147.91 -152.75 2.2
vertex 148.12 -152.86 2.2
endloop
endfacet
facet normal 0.29 0.96 0
outer loop
vertex 148.34 -152.93 0
vertex 148.12 -152.86 0
vertex 148.12 -152.86 2.2
endloop
endfacet
facet normal 0.29 0.96 0
outer loop
vertex 148.34 -152.93 0
vertex 148.12 -152.86 2.2
vertex 148.34 -152.93 2.2
endloop
endfacet
facet normal 0.10 1.00 0
outer loop
vertex 148.58 -152.95 0
vertex 148.34 -152.93 0
vertex 148.34 -152.93 2.2
endloop
endfacet
facet normal 0.10 1.00 0
outer loop
vertex 148.58 -152.95 0
vertex 148.34 -152.93 2.2
vertex 148.58 -152.95 2.2
endloop
endfacet
facet normal -0.10 1.00 0
outer loop
vertex 148.81 -152.93 0
vertex 148.58 -152.95 0
vertex 148.58 -152.95 2.2
endloop
endfacet
facet normal -0.10 1.00 0
outer loop
vertex 148.81 -152.93 0
vertex 148.58 -152.95 2.2
vertex 148.81 -152.93 2.2
endloop
endfacet
facet normal -0.29 0.96 0
outer loop
vertex 149.04 -152.86 0
vertex 148.81 -152.93 0
vertex 148.81 -152.93 2.2
endloop
endfacet
facet normal -0.29 0.96 0
outer loop
vertex 149.04 -152.86 0
vertex 148.81 -152.93 2.2
vertex 149.04 -152.86 2.2
endloop
endfacet
facet normal -0.47 0.88 0
outer loop
vertex 149.24 -152.75 0
vertex 149.04 -152.86 0
vertex 149.04 -152.86 2.2
endloop
endfacet
facet normal -0.47 0.88 0
outer loop
vertex 149.24 -152.75 0
vertex 149.04 -152.86 2.2
vertex 149.24 -152.75 2.2
endloop
endfacet
facet normal -0.63 0.77 0
outer loop
vertex 149.43 -152.60 0
vertex 149.24 -152.75 0
vertex 149.24 -152.75 2.2
endloop
endfacet
facet normal -0.63 0.77 0
outer loop
vertex 149.43 -152.60 0
vertex 149.24 -152.75 2.2
vertex 149.43 -152.60 2.2
endloop
endfacet
facet normal -0.77 0.63 0
outer loop
vertex 149.57 -152.42 0
vertex 149.43 -152.60 0
vertex 149.43 -152.60 2.2
endloop
endfacet
facet normal -0.77 0.63 0
outer loop
vertex 149.57 -152.42 0
vertex 149.43 -152.60 2.2
vertex 149.57 -152.42 2.2
endloop
endfacet
facet normal -0.88 0.47 0
outer loop
vertex 149.69 -152.21 0
vertex 149.57 -152.42 0
vertex 149.57 -152.42 2.2
endloop
endfacet
facet normal -0.88 0.47 0
outer loop
vertex 149.69 -152.21 0
vertex 149.57 -152.42 2.2
vertex 149.69 -152.21 2.2
endloop
endfacet
facet normal -0.96 0.29 0
outer loop
vertex 149.75 -151.99 0
vertex 149.69 -152.21 0
vertex 149.69 -152.21 2.2
endloop
endfacet
facet normal -0.96 0.29 0
outer loop
vertex 149.75 -151.99 0
vertex 149.69 -152.21 2.2
vertex 149.75 -151.99 2.2
endloop
endfacet
facet normal -1.00 4.73743284601369e-7 0
outer loop
vertex 152.58 -77.76 0
vertex 152.58 -82.93 0
vertex 152.58 -82.93 2.2
endloop
endfacet
facet normal -1.00 4.73743284601369e-7 0
outer loop
vertex 152.58 -77.76 0
vertex 152.58 -82.93 2.2
vertex 152.58 -77.76 2.2
endloop
endfacet
facet normal -1.00 -0.09 0
outer loop
vertex 152.56 -77.59 0
vertex 152.58 -77.76 0
vertex 152.58 -77.76 2.2
endloop
endfacet
facet normal -1.00 -0.09 0
outer loop
vertex 152.56 -77.59 0
vertex 152.58 -77.76 2.2
vertex 152.56 -77.59 2.2
endloop
endfacet
facet normal -0.97 -0.26 0
outer loop
vertex 152.52 -77.42 0
vertex 152.56 -77.59 0
vertex 152.56 -77.59 2.2
endloop
endfacet
facet normal -0.97 -0.26 0
outer loop
vertex 152.52 -77.42 0
vertex 152.56 -77.59 2.2
vertex 152.52 -77.42 2.2
endloop
endfacet
facet normal -0.91 -0.42 0
outer loop
vertex 152.44 -77.26 0
vertex 152.52 -77.42 0
vertex 152.52 -77.42 2.2
endloop
endfacet
facet normal -0.91 -0.42 0
outer loop
vertex 152.44 -77.26 0
vertex 152.52 -77.42 2.2
vertex 152.44 -77.26 2.2
endloop
endfacet
facet normal -0.82 -0.57 0
outer loop
vertex 152.34 -77.12 0
vertex 152.44 -77.26 0
vertex 152.44 -77.26 2.2
endloop
endfacet
facet normal -0.82 -0.57 0
outer loop
vertex 152.34 -77.12 0
vertex 152.44 -77.26 2.2
vertex 152.34 -77.12 2.2
endloop
endfacet
facet normal -0.71 -0.71 0
outer loop
vertex 152.22 -76.99 0
vertex 152.34 -77.12 0
vertex 152.34 -77.12 2.2
endloop
endfacet
facet normal -0.71 -0.71 0
outer loop
vertex 152.22 -76.99 0
vertex 152.34 -77.12 2.2
vertex 152.22 -76.99 2.2
endloop
endfacet
facet normal -0.57 -0.82 0
outer loop
vertex 152.08 -76.89 0
vertex 152.22 -76.99 0
vertex 152.22 -76.99 2.2
endloop
endfacet
facet normal -0.57 -0.82 0
outer loop
vertex 152.08 -76.89 0
vertex 152.22 -76.99 2.2
vertex 152.08 -76.89 2.2
endloop
endfacet
facet normal -0.42 -0.91 0
outer loop
vertex 151.92 -76.82 0
vertex 152.08 -76.89 0
vertex 152.08 -76.89 2.2
endloop
endfacet
facet normal -0.42 -0.91 0
outer loop
vertex 151.92 -76.82 0
vertex 152.08 -76.89 2.2
vertex 151.92 -76.82 2.2
endloop
endfacet
facet normal -0.26 -0.97 0
outer loop
vertex 151.75 -76.77 0
vertex 151.92 -76.82 0
vertex 151.92 -76.82 2.2
endloop
endfacet
facet normal -0.26 -0.97 0
outer loop
vertex 151.75 -76.77 0
vertex 151.92 -76.82 2.2
vertex 151.75 -76.77 2.2
endloop
endfacet
facet normal -0.09 -1.00 0
outer loop
vertex 151.58 -76.76 0
vertex 151.75 -76.77 0
vertex 151.75 -76.77 2.2
endloop
endfacet
facet normal -0.09 -1.00 0
outer loop
vertex 151.58 -76.76 0
vertex 151.75 -76.77 2.2
vertex 151.58 -76.76 2.2
endloop
endfacet
facet normal -3.916668447345728e-7 -1.00 0
outer loop
vertex 145.58 -76.76 0
vertex 151.58 -76.76 0
vertex 151.58 -76.76 2.2
endloop
endfacet
facet normal -3.916668447345728e-7 -1.00 0
outer loop
vertex 145.58 -76.76 0
vertex 151.58 -76.76 2.2
vertex 145.58 -76.76 2.2
endloop
endfacet
facet normal 0.09 -1.00 0
outer loop
vertex 145.40 -76.77 0
vertex 145.58 -76.76 0
vertex 145.58 -76.76 2.2
endloop
endfacet
facet normal 0.09 -1.00 0
outer loop
vertex 145.40 -76.77 0
vertex 145.58 -76.76 2.2
vertex 145.40 -76.77 2.2
endloop
endfacet
facet normal 0.26 -0.97 0
outer loop
vertex 145.23 -76.82 0
vertex 145.40 -76.77 0
vertex 145.40 -76.77 2.2
endloop
endfacet
facet normal 0.26 -0.97 0
outer loop
vertex 145.23 -76.82 0
vertex 145.40 -76.77 2.2
vertex 145.23 -76.82 2.2
endloop
endfacet
facet normal 0.42 -0.91 0
outer loop
vertex 145.08 -76.89 0
vertex 145.23 -76.82 0
vertex 145.23 -76.82 2.2
endloop
endfacet
facet normal 0.42 -0.91 0
outer loop
vertex 145.08 -76.89 0
vertex 145.23 -76.82 2.2
vertex 145.08 -76.89 2.2
endloop
endfacet
facet normal 0.57 -0.82 0
outer loop
vertex 144.93 -76.99 0
vertex 145.08 -76.89 0
vertex 145.08 -76.89 2.2
endloop
endfacet
facet normal 0.57 -0.82 0
outer loop
vertex 144.93 -76.99 0
vertex 145.08 -76.89 2.2
vertex 144.93 -76.99 2.2
endloop
endfacet
facet normal 0.71 -0.71 0
outer loop
vertex 144.81 -77.12 0
vertex 144.93 -76.99 0
vertex 144.93 -76.99 2.2
endloop
endfacet
facet normal 0.71 -0.71 0
outer loop
vertex 144.81 -77.12 0
vertex 144.93 -76.99 2.2
vertex 144.81 -77.12 2.2
endloop
endfacet
facet normal 0.82 -0.57 0
outer loop
vertex 144.71 -77.26 0
vertex 144.81 -77.12 0
vertex 144.81 -77.12 2.2
endloop
endfacet
facet normal 0.82 -0.57 0
outer loop
vertex 144.71 -77.26 0
vertex 144.81 -77.12 2.2
vertex 144.71 -77.26 2.2
endloop
endfacet
facet normal 0.91 -0.42 0
outer loop
vertex 144.64 -77.42 0
vertex 144.71 -77.26 0
vertex 144.71 -77.26 2.2
endloop
endfacet
facet normal 0.91 -0.42 0
outer loop
vertex 144.64 -77.42 0
vertex 144.71 -77.26 2.2
vertex 144.64 -77.42 2.2
endloop
endfacet
facet normal 0.97 -0.26 0
outer loop
vertex 144.59 -77.59 0
vertex 144.64 -77.42 0
vertex 144.64 -77.42 2.2
endloop
endfacet
facet normal 0.97 -0.26 0
outer loop
vertex 144.59 -77.59 0
vertex 144.64 -77.42 2.2
vertex 144.59 -77.59 2.2
endloop
endfacet
facet normal 1.00 -0.09 0
outer loop
vertex 144.58 -77.76 0
vertex 144.59 -77.59 0
vertex 144.59 -77.59 2.2
endloop
endfacet
facet normal 1.00 -0.09 0
outer loop
vertex 144.58 -77.76 0
vertex 144.59 -77.59 2.2
vertex 144.58 -77.76 2.2
endloop
endfacet
facet normal 1.00 4.7374390987897646e-7 0
outer loop
vertex 144.58 -82.93 0
vertex 144.58 -77.76 0
vertex 144.58 -77.76 2.2
endloop
endfacet
facet normal 1.00 4.7374390987897646e-7 0
outer loop
vertex 144.58 -82.93 0
vertex 144.58 -77.76 2.2
vertex 144.58 -82.93 2.2
endloop
endfacet
facet normal 0.40 -0.91 0
outer loop
vertex 144.16 -83.12 0
vertex 144.58 -82.93 0
vertex 144.58 -82.93 2.2
endloop
endfacet
facet normal 0.40 -0.91 0
outer loop
vertex 144.16 -83.12 0
vertex 144.58 -82.93 2.2
vertex 144.16 -83.12 2.2
endloop
endfacet
facet normal 0.54 -0.84 0
outer loop
vertex 143.77 -83.37 0
vertex 144.16 -83.12 0
vertex 144.16 -83.12 2.2
endloop
endfacet
facet normal 0.54 -0.84 0
outer loop
vertex 143.77 -83.37 0
vertex 144.16 -83.12 2.2
vertex 143.77 -83.37 2.2
endloop
endfacet
facet normal 0.66 -0.75 0
outer loop
vertex 143.42 -83.67 0
vertex 143.77 -83.37 0
vertex 143.77 -83.37 2.2
endloop
endfacet
facet normal 0.66 -0.75 0
outer loop
vertex 143.42 -83.67 0
vertex 143.77 -83.37 2.2
vertex 143.42 -83.67 2.2
endloop
endfacet
facet normal 0.77 -0.64 0
outer loop
vertex 143.13 -84.03 0
vertex 143.42 -83.67 0
vertex 143.42 -83.67 2.2
endloop
endfacet
facet normal 0.77 -0.64 0
outer loop
vertex 143.13 -84.03 0
vertex 143.42 -83.67 2.2
vertex 143.13 -84.03 2.2
endloop
endfacet
facet normal 0.86 -0.51 0
outer loop
vertex 142.89 -84.42 0
vertex 143.13 -84.03 0
vertex 143.13 -84.03 2.2
endloop
endfacet
facet normal 0.86 -0.51 0
outer loop
vertex 142.89 -84.42 0
vertex 143.13 -84.03 2.2
vertex 142.89 -84.42 2.2
endloop
endfacet
facet normal 0.93 -0.38 0
outer loop
vertex 142.72 -84.85 0
vertex 142.89 -84.42 0
vertex 142.89 -84.42 2.2
endloop
endfacet
facet normal 0.93 -0.38 0
outer loop
vertex 142.72 -84.85 0
vertex 142.89 -84.42 2.2
vertex 142.72 -84.85 2.2
endloop
endfacet
facet normal 0.97 -0.23 0
outer loop
vertex 142.61 -85.30 0
vertex 142.72 -84.85 0
vertex 142.72 -84.85 2.2
endloop
endfacet
facet normal 0.97 -0.23 0
outer loop
vertex 142.61 -85.30 0
vertex 142.72 -84.85 2.2
vertex 142.61 -85.30 2.2
endloop
endfacet
facet normal 1.00 -0.08 0
outer loop
vertex 142.58 -85.76 0
vertex 142.61 -85.30 0
vertex 142.61 -85.30 2.2
endloop
endfacet
facet normal 1.00 -0.08 0
outer loop
vertex 142.58 -85.76 0
vertex 142.61 -85.30 2.2
vertex 142.58 -85.76 2.2
endloop
endfacet
facet normal 1.00 2.450002227760706e-7 0
outer loop
vertex 142.58 -95.76 0
vertex 142.58 -85.76 0
vertex 142.58 -85.76 2.2
endloop
endfacet
facet normal 1.00 2.450002227760706e-7 0
outer loop
vertex 142.58 -95.76 0
vertex 142.58 -85.76 2.2
vertex 142.58 -95.76 2.2
endloop
endfacet
facet normal 1.00 0.09 0
outer loop
vertex 142.62 -96.28 0
vertex 142.58 -95.76 0
vertex 142.58 -95.76 2.2
endloop
endfacet
facet normal 1.00 0.09 0
outer loop
vertex 142.62 -96.28 0
vertex 142.58 -95.76 2.2
vertex 142.62 -96.28 2.2
endloop
endfacet
facet normal 0.97 0.26 0
outer loop
vertex 142.76 -96.79 0
vertex 142.62 -96.28 0
vertex 142.62 -96.28 2.2
endloop
endfacet
facet normal 0.97 0.26 0
outer loop
vertex 142.76 -96.79 0
vertex 142.62 -96.28 2.2
vertex 142.76 -96.79 2.2
endloop
endfacet
facet normal 0.91 0.42 0
outer loop
vertex 142.98 -97.26 0
vertex 142.76 -96.79 0
vertex 142.76 -96.79 2.2
endloop
endfacet
facet normal 0.91 0.42 0
outer loop
vertex 142.98 -97.26 0
vertex 142.76 -96.79 2.2
vertex 142.98 -97.26 2.2
endloop
endfacet
facet normal 0.82 0.57 0
outer loop
vertex 143.28 -97.69 0
vertex 142.98 -97.26 0
vertex 142.98 -97.26 2.2
endloop
endfacet
facet normal 0.82 0.57 0
outer loop
vertex 143.28 -97.69 0
vertex 142.98 -97.26 2.2
vertex 143.28 -97.69 2.2
endloop
endfacet
facet normal 0.71 0.71 0
outer loop
vertex 143.65 -98.06 0
vertex 143.28 -97.69 0
vertex 143.28 -97.69 2.2
endloop
endfacet
facet normal 0.71 0.71 0
outer loop
vertex 143.65 -98.06 0
vertex 143.28 -97.69 2.2
vertex 143.65 -98.06 2.2
endloop
endfacet
facet normal 0.57 0.82 0
outer loop
vertex 144.08 -98.36 0
vertex 143.65 -98.06 0
vertex 143.65 -98.06 2.2
endloop
endfacet
facet normal 0.57 0.82 0
outer loop
vertex 144.08 -98.36 0
vertex 143.65 -98.06 2.2
vertex 144.08 -98.36 2.2
endloop
endfacet
facet normal 0.42 0.91 0
outer loop
vertex 144.55 -98.58 0
vertex 144.08 -98.36 0
vertex 144.08 -98.36 2.2
endloop
endfacet
facet normal 0.42 0.91 0
outer loop
vertex 144.55 -98.58 0
vertex 144.08 -98.36 2.2
vertex 144.55 -98.58 2.2
endloop
endfacet
facet normal 0.26 0.97 0
outer loop
vertex 145.06 -98.71 0
vertex 144.55 -98.58 0
vertex 144.55 -98.58 2.2
endloop
endfacet
facet normal 0.26 0.97 0
outer loop
vertex 145.06 -98.71 0
vertex 144.55 -98.58 2.2
vertex 145.06 -98.71 2.2
endloop
endfacet
facet normal 0.09 1.00 0
outer loop
vertex 145.58 -98.76 0
vertex 145.06 -98.71 0
vertex 145.06 -98.71 2.2
endloop
endfacet
facet normal 0.09 1.00 0
outer loop
vertex 145.58 -98.76 0
vertex 145.06 -98.71 2.2
vertex 145.58 -98.76 2.2
endloop
endfacet
facet normal 1.00 4.083335056748183e-7 0
outer loop
vertex 145.58 -104.76 0
vertex 145.58 -98.76 0
vertex 145.58 -98.76 2.2
endloop
endfacet
facet normal 1.00 4.083335056748183e-7 0
outer loop
vertex 145.58 -104.76 0
vertex 145.58 -98.76 2.2
vertex 145.58 -104.76 2.2
endloop
endfacet
facet normal 1.00 0.09 0
outer loop
vertex 145.61 -105.11 0
vertex 145.58 -104.76 0
vertex 145.58 -104.76 2.2
endloop
endfacet
facet normal 1.00 0.09 0
outer loop
vertex 145.61 -105.11 0
vertex 145.58 -104.76 2.2
vertex 145.61 -105.11 2.2
endloop
endfacet
facet normal 0.97 0.26 0
outer loop
vertex 145.70 -105.44 0
vertex 145.61 -105.11 0
vertex 145.61 -105.11 2.2
endloop
endfacet
facet normal 0.97 0.26 0
outer loop
vertex 145.70 -105.44 0
vertex 145.61 -105.11 2.2
vertex 145.70 -105.44 2.2
endloop
endfacet
facet normal 0.91 0.42 0
outer loop
vertex 145.84 -105.76 0
vertex 145.70 -105.44 0
vertex 145.70 -105.44 2.2
endloop
endfacet
facet normal 0.91 0.42 0
outer loop
vertex 145.84 -105.76 0
vertex 145.70 -105.44 2.2
vertex 145.84 -105.76 2.2
endloop
endfacet
facet normal 0.82 0.57 0
outer loop
vertex 146.04 -106.04 0
vertex 145.84 -105.76 0
vertex 145.84 -105.76 2.2
endloop
endfacet
facet normal 0.82 0.57 0
outer loop
vertex 146.04 -106.04 0
vertex 145.84 -105.76 2.2
vertex 146.04 -106.04 2.2
endloop
endfacet
facet normal 0.71 0.71 0
outer loop
vertex 146.29 -106.29 0
vertex 146.04 -106.04 0
vertex 146.04 -106.04 2.2
endloop
endfacet
facet normal 0.71 0.71 0
outer loop
vertex 146.29 -106.29 0
vertex 146.04 -106.04 2.2
vertex 146.29 -106.29 2.2
endloop
endfacet
facet normal 0.57 0.82 0
outer loop
vertex 146.58 -106.49 0
vertex 146.29 -106.29 0
vertex 146.29 -106.29 2.2
endloop
endfacet
facet normal 0.57 0.82 0
outer loop
vertex 146.58 -106.49 0
vertex 146.29 -106.29 2.2
vertex 146.58 -106.49 2.2
endloop
endfacet
facet normal 0.42 0.91 0
outer loop
vertex 146.89 -106.64 0
vertex 146.58 -106.49 0
vertex 146.58 -106.49 2.2
endloop
endfacet
facet normal 0.42 0.91 0
outer loop
vertex 146.89 -106.64 0
vertex 146.58 -106.49 2.2
vertex 146.89 -106.64 2.2
endloop
endfacet
facet normal 0.26 0.97 0
outer loop
vertex 147.23 -106.73 0
vertex 146.89 -106.64 0
vertex 146.89 -106.64 2.2
endloop
endfacet
facet normal 0.26 0.97 0
outer loop
vertex 147.23 -106.73 0
vertex 146.89 -106.64 2.2
vertex 147.23 -106.73 2.2
endloop
endfacet
facet normal 0.09 1.00 0
outer loop
vertex 147.58 -106.76 0
vertex 147.23 -106.73 0
vertex 147.23 -106.73 2.2
endloop
endfacet
facet normal 0.09 1.00 0
outer loop
vertex 147.58 -106.76 0
vertex 147.23 -106.73 2.2
vertex 147.58 -106.76 2.2
endloop
endfacet
facet normal -0.00 1.00 0
outer loop
vertex 149.58 -106.76 0
vertex 147.58 -106.76 0
vertex 147.58 -106.76 2.2
endloop
endfacet
facet normal -0.00 1.00 0
outer loop
vertex 149.58 -106.76 0
vertex 147.58 -106.76 2.2
vertex 149.58 -106.76 2.2
endloop
endfacet
facet normal -0.09 1.00 0
outer loop
vertex 149.92 -106.73 0
vertex 149.58 -106.76 0
vertex 149.58 -106.76 2.2
endloop
endfacet
facet normal -0.09 1.00 0
outer loop
vertex 149.92 -106.73 0
vertex 149.58 -106.76 2.2
vertex 149.92 -106.73 2.2
endloop
endfacet
facet normal -0.26 0.97 0
outer loop
vertex 150.26 -106.64 0
vertex 149.92 -106.73 0
vertex 149.92 -106.73 2.2
endloop
endfacet
facet normal -0.26 0.97 0
outer loop
vertex 150.26 -106.64 0
vertex 149.92 -106.73 2.2
vertex 150.26 -106.64 2.2
endloop
endfacet
facet normal -0.42 0.91 0
outer loop
vertex 150.58 -106.49 0
vertex 150.26 -106.64 0
vertex 150.26 -106.64 2.2
endloop
endfacet
facet normal -0.42 0.91 0
outer loop
vertex 150.58 -106.49 0
vertex 150.26 -106.64 2.2
vertex 150.58 -106.49 2.2
endloop
endfacet
facet normal -0.57 0.82 0
outer loop
vertex 150.86 -106.29 0
vertex 150.58 -106.49 0
vertex 150.58 -106.49 2.2
endloop
endfacet
facet normal -0.57 0.82 0
outer loop
vertex 150.86 -106.29 0
vertex 150.58 -106.49 2.2
vertex 150.86 -106.29 2.2
endloop
endfacet
facet normal -0.71 0.71 0
outer loop
vertex 151.11 -106.04 0
vertex 150.86 -106.29 0
vertex 150.86 -106.29 2.2
endloop
endfacet
facet normal -0.71 0.71 0
outer loop
vertex 151.11 -106.04 0
vertex 150.86 -106.29 2.2
vertex 151.11 -106.04 2.2
endloop
endfacet
facet normal -0.82 0.57 0
outer loop
vertex 151.31 -105.76 0
vertex 151.11 -106.04 0
vertex 151.11 -106.04 2.2
endloop
endfacet
facet normal -0.82 0.57 0
outer loop
vertex 151.31 -105.76 0
vertex 151.11 -106.04 2.2
vertex 151.31 -105.76 2.2
endloop
endfacet
facet normal -0.91 0.42 0
outer loop
vertex 151.46 -105.44 0
vertex 151.31 -105.76 0
vertex 151.31 -105.76 2.2
endloop
endfacet
facet normal -0.91 0.42 0
outer loop
vertex 151.46 -105.44 0
vertex 151.31 -105.76 2.2
vertex 151.46 -105.44 2.2
endloop
endfacet
facet normal -0.97 0.26 0
outer loop
vertex 151.55 -105.11 0
vertex 151.46 -105.44 0
vertex 151.46 -105.44 2.2
endloop
endfacet
facet normal -0.97 0.26 0
outer loop
vertex 151.55 -105.11 0
vertex 151.46 -105.44 2.2
vertex 151.55 -105.11 2.2
endloop
endfacet
facet normal -1.00 0.09 0
outer loop
vertex 151.58 -104.76 0
vertex 151.55 -105.11 0
vertex 151.55 -105.11 2.2
endloop
endfacet
facet normal -1.00 0.09 0
outer loop
vertex 151.58 -104.76 0
vertex 151.55 -105.11 2.2
vertex 151.58 -104.76 2.2
endloop
endfacet
facet normal -1.00 4.0833316461430513e-7 0
outer loop
vertex 151.58 -98.76 0
vertex 151.58 -104.76 0
vertex 151.58 -104.76 2.2
endloop
endfacet
facet normal -1.00 4.0833316461430513e-7 0
outer loop
vertex 151.58 -98.76 0
vertex 151.58 -104.76 2.2
vertex 151.58 -98.76 2.2
endloop
endfacet
facet normal -0.09 1.00 0
outer loop
vertex 152.10 -98.71 0
vertex 151.58 -98.76 0
vertex 151.58 -98.76 2.2
endloop
endfacet
facet normal -0.09 1.00 0
outer loop
vertex 152.10 -98.71 0
vertex 151.58 -98.76 2.2
vertex 152.10 -98.71 2.2
endloop
endfacet
facet normal -0.26 0.97 0
outer loop
vertex 152.60 -98.58 0
vertex 152.10 -98.71 0
vertex 152.10 -98.71 2.2
endloop
endfacet
facet normal -0.26 0.97 0
outer loop
vertex 152.60 -98.58 0
vertex 152.10 -98.71 2.2
vertex 152.60 -98.58 2.2
endloop
endfacet
facet normal -0.42 0.91 0
outer loop
vertex 153.08 -98.36 0
vertex 152.60 -98.58 0
vertex 152.60 -98.58 2.2
endloop
endfacet
facet normal -0.42 0.91 0
outer loop
vertex 153.08 -98.36 0
vertex 152.60 -98.58 2.2
vertex 153.08 -98.36 2.2
endloop
endfacet
facet normal -0.57 0.82 0
outer loop
vertex 153.51 -98.06 0
vertex 153.08 -98.36 0
vertex 153.08 -98.36 2.2
endloop
endfacet
facet normal -0.57 0.82 0
outer loop
vertex 153.51 -98.06 0
vertex 153.08 -98.36 2.2
vertex 153.51 -98.06 2.2
endloop
endfacet
facet normal -0.71 0.71 0
outer loop
vertex 153.87 -97.69 0
vertex 153.51 -98.06 0
vertex 153.51 -98.06 2.2
endloop
endfacet
facet normal -0.71 0.71 0
outer loop
vertex 153.87 -97.69 0
vertex 153.51 -98.06 2.2
vertex 153.87 -97.69 2.2
endloop
endfacet
facet normal -0.82 0.57 0
outer loop
vertex 154.17 -97.26 0
vertex 153.87 -97.69 0
vertex 153.87 -97.69 2.2
endloop
endfacet
facet normal -0.82 0.57 0
outer loop
vertex 154.17 -97.26 0
vertex 153.87 -97.69 2.2
vertex 154.17 -97.26 2.2
endloop
endfacet
facet normal -0.91 0.42 0
outer loop
vertex 154.40 -96.79 0
vertex 154.17 -97.26 0
vertex 154.17 -97.26 2.2
endloop
endfacet
facet normal -0.91 0.42 0
outer loop
vertex 154.40 -96.79 0
vertex 154.17 -97.26 2.2
vertex 154.40 -96.79 2.2
endloop
endfacet
facet normal -0.97 0.26 0
outer loop
vertex 154.53 -96.28 0
vertex 154.40 -96.79 0
vertex 154.40 -96.79 2.2
endloop
endfacet
facet normal -0.97 0.26 0
outer loop
vertex 154.53 -96.28 0
vertex 154.40 -96.79 2.2
vertex 154.53 -96.28 2.2
endloop
endfacet
facet normal -1.00 0.09 0
outer loop
vertex 154.58 -95.76 0
vertex 154.53 -96.28 0
vertex 154.53 -96.28 2.2
endloop
endfacet
facet normal -1.00 0.09 0
outer loop
vertex 154.58 -95.76 0
vertex 154.53 -96.28 2.2
vertex 154.58 -95.76 2.2
endloop
endfacet
facet normal -1.00 2.449999385589763e-7 0
outer loop
vertex 154.58 -85.76 0
vertex 154.58 -95.76 0
vertex 154.58 -95.76 2.2
endloop
endfacet
facet normal -1.00 2.449999385589763e-7 0
outer loop
vertex 154.58 -85.76 0
vertex 154.58 -95.76 2.2
vertex 154.58 -85.76 2.2
endloop
endfacet
facet normal -1.00 -0.08 0
outer loop
vertex 154.54 -85.30 0
vertex 154.58 -85.76 0
vertex 154.58 -85.76 2.2
endloop
endfacet
facet normal -1.00 -0.08 0
outer loop
vertex 154.54 -85.30 0
vertex 154.58 -85.76 2.2
vertex 154.54 -85.30 2.2
endloop
endfacet
facet normal -0.97 -0.23 0
outer loop
vertex 154.44 -84.85 0
vertex 154.54 -85.30 0
vertex 154.54 -85.30 2.2
endloop
endfacet
facet normal -0.97 -0.23 0
outer loop
vertex 154.44 -84.85 0
vertex 154.54 -85.30 2.2
vertex 154.44 -84.85 2.2
endloop
endfacet
facet normal -0.93 -0.38 0
outer loop
vertex 154.26 -84.42 0
vertex 154.44 -84.85 0
vertex 154.44 -84.85 2.2
endloop
endfacet
facet normal -0.93 -0.38 0
outer loop
vertex 154.26 -84.42 0
vertex 154.44 -84.85 2.2
vertex 154.26 -84.42 2.2
endloop
endfacet
facet normal -0.86 -0.51 0
outer loop
vertex 154.03 -84.03 0
vertex 154.26 -84.42 0
vertex 154.26 -84.42 2.2
endloop
endfacet
facet normal -0.86 -0.51 0
outer loop
vertex 154.03 -84.03 0
vertex 154.26 -84.42 2.2
vertex 154.03 -84.03 2.2
endloop
endfacet
facet normal -0.77 -0.64 0
outer loop
vertex 153.73 -83.67 0
vertex 154.03 -84.03 0
vertex 154.03 -84.03 2.2
endloop
endfacet
facet normal -0.77 -0.64 0
outer loop
vertex 153.73 -83.67 0
vertex 154.03 -84.03 2.2
vertex 153.73 -83.67 2.2
endloop
endfacet
facet normal -0.66 -0.75 0
outer loop
vertex 153.39 -83.37 0
vertex 153.73 -83.67 0
vertex 153.73 -83.67 2.2
endloop
endfacet
facet normal -0.66 -0.75 0
outer loop
vertex 153.39 -83.37 0
vertex 153.73 -83.67 2.2
vertex 153.39 -83.37 2.2
endloop
endfacet
facet normal -0.54 -0.84 0
outer loop
vertex 153.00 -83.12 0
vertex 153.39 -83.37 0
vertex 153.39 -83.37 2.2
endloop
endfacet
facet normal -0.54 -0.84 0
outer loop
vertex 153.00 -83.12 0
vertex 153.39 -83.37 2.2
vertex 153.00 -83.12 2.2
endloop
endfacet
facet normal -0.40 -0.91 0
outer loop
vertex 152.58 -82.93 0
vertex 153.00 -83.12 0
vertex 153.00 -83.12 2.2
endloop
endfacet
facet normal -0.40 -0.91 0
outer loop
vertex 152.58 -82.93 0
vertex 153.00 -83.12 2.2
vertex 152.58 -82.93 2.2
endloop
endfacet
facet normal 0 0 1
outer loop
vertex 155.96 -147.32 1.20
vertex 155.88 -147.36 1.20
vertex 155.76 -147.46 1.20
endloop
endfacet
facet normal 0 0 1
outer loop
vertex 155.96 -147.32 1.20
vertex 155.76 -147.46 1.20
vertex 155.65 -147.58 1.20
endloop
endfacet
facet normal 0 0 1
outer loop
vertex 155.96 -147.32 1.20
vertex 155.65 -147.58 1.20
vertex 155.65 -147.58 1.20
endloop
endfacet
facet normal 0 0 1
outer loop
vertex 155.96 -147.32 1.20
vertex 155.65 -147.58 1.20
vertex 155.56 -147.71 1.20
endloop
endfacet
facet normal 0 0 1
outer loop
vertex 155.96 -147.32 1.20
vertex 155.56 -147.71 1.20
vertex 155.50 -147.85 1.20
endloop
endfacet
facet normal 0 0 1
outer loop
vertex 155.96 -147.32 1.20
vertex 155.50 -147.85 1.20
vertex 154.99 -149.26 1.20
endloop
endfacet
facet normal 0 0 1
outer loop
vertex 155.96 -147.32 1.20
vertex 154.99 -149.26 1.20
vertex 154.94 -149.41 1.20
endloop
endfacet
facet normal 0 0 1
outer loop
vertex 155.96 -147.32 1.20
vertex 154.94 -149.41 1.20
vertex 154.93 -149.57 1.20
endloop
endfacet
facet normal 0 0 1
outer loop
vertex 155.96 -147.32 1.20
vertex 154.93 -149.57 1.20
vertex 154.93 -149.57 1.20
endloop
endfacet
facet normal 0 0 1
outer loop
vertex 155.96 -147.32 1.20
vertex 154.93 -149.57 1.20
vertex 154.93 -149.72 1.20
endloop
endfacet
facet normal 0 0 1
outer loop
vertex 155.96 -147.32 1.20
vertex 154.93 -149.72 1.20
vertex 154.96 -149.88 1.20
endloop
endfacet
facet normal 0 0 1
outer loop
vertex 155.96 -147.32 1.20
vertex 154.96 -149.88 1.20
vertex 155.00 -149.96 1.20
endloop
endfacet
facet normal 1.80465677239337e-14 -3.6716268436682386e-15 1
outer loop
vertex 142.19 -149.88 1.20
vertex 142.22 -149.72 1.20
vertex 142.23 -149.57 1.20
endloop
endfacet
facet normal 1.80465677239337e-14 -3.6716268436682386e-15 1
outer loop
vertex 142.19 -149.88 1.20
vertex 142.23 -149.57 1.20
vertex 142.23 -149.57 1.20
endloop
endfacet
facet normal 1.80465677239337e-14 -3.6716268436682386e-15 1
outer loop
vertex 142.19 -149.88 1.20
vertex 142.23 -149.57 1.20
vertex 142.21 -149.41 1.20
endloop
endfacet
facet normal 1.80465677239337e-14 -3.6716268436682386e-15 1
outer loop
vertex 142.19 -149.88 1.20
vertex 142.21 -149.41 1.20
vertex 142.17 -149.26 1.20
endloop
endfacet
facet normal 1.80465677239337e-14 -3.6716268436682386e-15 1
outer loop
vertex 142.19 -149.88 1.20
vertex 142.17 -149.26 1.20
vertex 141.65 -147.85 1.20
endloop
endfacet
facet normal 1.80465677239337e-14 -3.6716268436682386e-15 1
outer loop
vertex 142.19 -149.88 1.20
vertex 141.65 -147.85 1.20
vertex 141.58 -147.69 1.20
endloop
endfacet
facet normal 1.80465677239337e-14 -3.6716268436682386e-15 1
outer loop
vertex 142.19 -149.88 1.20
vertex 141.58 -147.69 1.20
vertex 141.50 -147.58 1.20
endloop
endfacet
facet normal 1.80465677239337e-14 -3.6716268436682386e-15 1
outer loop
vertex 142.19 -149.88 1.20
vertex 141.50 -147.58 1.20
vertex 141.48 -147.55 1.20
endloop
endfacet
facet normal 1.80465677239337e-14 -3.6716268436682386e-15 1
outer loop
vertex 142.19 -149.88 1.20
vertex 141.48 -147.55 1.20
vertex 141.36 -147.43 1.20
endloop
endfacet
facet normal 1.80465677239337e-14 -3.6716268436682386e-15 1
outer loop
vertex 142.19 -149.88 1.20
vertex 141.36 -147.43 1.20
vertex 141.21 -147.33 1.20
endloop
endfacet
facet normal 1.80465677239337e-14 -3.6716268436682386e-15 1
outer loop
vertex 142.19 -149.88 1.20
vertex 141.21 -147.33 1.20
vertex 141.19 -147.32 1.20
endloop
endfacet
facet normal 1.80465677239337e-14 -3.6716268436682386e-15 1
outer loop
vertex 142.19 -149.88 1.20
vertex 141.19 -147.32 1.20
vertex 142.16 -149.96 1.20
endloop
endfacet
facet normal 0 0 1
outer loop
vertex 131.55 -128.87 1.20
vertex 131.52 -128.70 1.20
vertex 131.46 -128.54 1.20
endloop
endfacet
facet normal 0 0 1
outer loop
vertex 131.55 -128.87 1.20
vertex 131.46 -128.54 1.20
vertex 131.38 -128.39 1.20
endloop
endfacet
facet normal 0 0 1
outer loop
vertex 131.55 -128.87 1.20
vertex 131.38 -128.39 1.20
vertex 130.52 -127.16 1.20
endloop
endfacet
facet normal 0 0 1
outer loop
vertex 131.55 -128.87 1.20
vertex 130.52 -127.16 1.20
vertex 130.40 -127.03 1.20
endloop
endfacet
facet normal 0 0 1
outer loop
vertex 131.55 -128.87 1.20
vertex 130.40 -127.03 1.20
vertex 130.27 -126.91 1.20
endloop
endfacet
facet normal 0 0 1
outer loop
vertex 131.55 -128.87 1.20
vertex 130.27 -126.91 1.20
vertex 130.18 -126.86 1.20
endloop
endfacet
facet normal 0 0 1
outer loop
vertex 131.55 -128.87 1.20
vertex 130.18 -126.86 1.20
vertex 131.55 -129.00 1.20
endloop
endfacet
facet normal 0 0 1
outer loop
vertex 166.97 -126.86 1.20
vertex 166.86 -126.93 1.20
vertex 166.74 -127.04 1.20
endloop
endfacet
facet normal 0 0 1
outer loop
vertex 166.97 -126.86 1.20
vertex 166.74 -127.04 1.20
vertex 166.64 -127.16 1.20
endloop
endfacet
facet normal 0 0 1
outer loop
vertex 166.97 -126.86 1.20
vertex 166.64 -127.16 1.20
vertex 165.78 -128.39 1.20
endloop
endfacet
facet normal 0 0 1
outer loop
vertex 166.97 -126.86 1.20
vertex 165.78 -128.39 1.20
vertex 165.70 -128.52 1.20
endloop
endfacet
facet normal 0 0 1
outer loop
vertex 166.97 -126.86 1.20
vertex 165.70 -128.52 1.20
vertex 165.64 -128.67 1.20
endloop
endfacet
facet normal 0 0 1
outer loop
vertex 166.97 -126.86 1.20
vertex 165.64 -128.67 1.20
vertex 165.61 -128.82 1.20
endloop
endfacet
facet normal 0 0 1
outer loop
vertex 166.97 -126.86 1.20
vertex 165.61 -128.82 1.20
vertex 165.60 -128.98 1.20
endloop
endfacet
facet normal 0 0 1
outer loop
vertex 166.97 -126.86 1.20
vertex 165.60 -128.98 1.20
vertex 165.60 -129.00 1.20
endloop
endfacet
facet normal 0 0 1
outer loop
vertex 137.07 -56.25 1.20
vertex 136.98 -56.10 1.20
vertex 136.87 -55.97 1.20
endloop
endfacet
facet normal 0 0 1
outer loop
vertex 137.07 -56.25 1.20
vertex 136.87 -55.97 1.20
vertex 136.84 -55.94 1.20
endloop
endfacet
facet normal 0 0 1
outer loop
vertex 137.07 -56.25 1.20
vertex 136.84 -55.94 1.20
vertex 136.73 -55.85 1.20
endloop
endfacet
facet normal 0 0 1
outer loop
vertex 137.07 -56.25 1.20
vertex 136.73 -55.85 1.20
vertex 136.58 -55.77 1.20
endloop
endfacet
facet normal 0 0 1
outer loop
vertex 137.07 -56.25 1.20
vertex 136.58 -55.77 1.20
vertex 135.22 -55.13 1.20
endloop
endfacet
facet normal 0 0 1
outer loop
vertex 137.07 -56.25 1.20
vertex 135.22 -55.13 1.20
vertex 135.06 -55.07 1.20
endloop
endfacet
facet normal 0 0 1
outer loop
vertex 137.07 -56.25 1.20
vertex 135.06 -55.07 1.20
vertex 134.93 -55.05 1.20
endloop
endfacet
facet normal 0 0 1
outer loop
vertex 137.07 -56.25 1.20
vertex 134.93 -55.05 1.20
vertex 134.89 -55.04 1.20
endloop
endfacet
facet normal 0 0 1
outer loop
vertex 137.07 -56.25 1.20
vertex 134.89 -55.04 1.20
vertex 134.71 -55.04 1.20
endloop
endfacet
facet normal 0 0 1
outer loop
vertex 137.07 -56.25 1.20
vertex 134.71 -55.04 1.20
vertex 134.54 -55.07 1.20
endloop
endfacet
facet normal 0 0 1
outer loop
vertex 137.07 -56.25 1.20
vertex 134.54 -55.07 1.20
vertex 134.52 -55.08 1.20
endloop
endfacet
facet normal 0 0 1
outer loop
vertex 137.07 -56.25 1.20
vertex 134.52 -55.08 1.20
vertex 137.07 -56.27 1.20
endloop
endfacet
facet normal 0 0 1
outer loop
vertex 162.63 -55.08 1.20
vertex 162.61 -55.07 1.20
vertex 162.44 -55.04 1.20
endloop
endfacet
facet normal 0 0 1
outer loop
vertex 162.63 -55.08 1.20
vertex 162.44 -55.04 1.20
vertex 162.27 -55.04 1.20
endloop
endfacet
facet normal 0 0 1
outer loop
vertex 162.63 -55.08 1.20
vertex 162.27 -55.04 1.20
vertex 162.23 -55.05 1.20
endloop
endfacet
facet normal 0 0 1
outer loop
vertex 162.63 -55.08 1.20
vertex 162.23 -55.05 1.20
vertex 162.09 -55.07 1.20
endloop
endfacet
facet normal 0 0 1
outer loop
vertex 162.63 -55.08 1.20
vertex 162.09 -55.07 1.20
vertex 161.93 -55.13 1.20
endloop
endfacet
facet normal 0 0 1
outer loop
vertex 162.63 -55.08 1.20
vertex 161.93 -55.13 1.20
vertex 160.57 -55.77 1.20
endloop
endfacet
facet normal 0 0 1
outer loop
vertex 162.63 -55.08 1.20
vertex 160.57 -55.77 1.20
vertex 160.43 -55.84 1.20
endloop
endfacet
facet normal 0 0 1
outer loop
vertex 162.63 -55.08 1.20
vertex 160.43 -55.84 1.20
vertex 160.31 -55.94 1.20
endloop
endfacet
facet normal 0 0 1
outer loop
vertex 162.63 -55.08 1.20
vertex 160.31 -55.94 1.20
vertex 160.31 -55.94 1.20
endloop
endfacet
facet normal 0 0 1
outer loop
vertex 162.63 -55.08 1.20
vertex 160.31 -55.94 1.20
vertex 160.21 -56.06 1.20
endloop
endfacet
facet normal 0 0 1
outer loop
vertex 162.63 -55.08 1.20
vertex 160.21 -56.06 1.20
vertex 160.12 -56.19 1.20
endloop
endfacet
facet normal 0 0 1
outer loop
vertex 162.63 -55.08 1.20
vertex 160.12 -56.19 1.20
vertex 160.08 -56.27 1.20
endloop
endfacet
facet normal 0 0 1
outer loop
vertex 121.24 -45.52 1.20
vertex 121.19 -45.35 1.20
vertex 121.18 -45.34 1.20
endloop
endfacet
facet normal 0 0 1
outer loop
vertex 121.24 -45.52 1.20
vertex 121.18 -45.34 1.20
vertex 121.10 -45.20 1.20
endloop
endfacet
facet normal 0 0 1
outer loop
vertex 121.24 -45.52 1.20
vertex 121.10 -45.20 1.20
vertex 120.99 -45.07 1.20
endloop
endfacet
facet normal 0 0 1
outer loop
vertex 121.24 -45.52 1.20
vertex 120.99 -45.07 1.20
vertex 120.91 -45.01 1.20
endloop
endfacet
facet normal 0 0 1
outer loop
vertex 121.24 -45.52 1.20
vertex 120.91 -45.01 1.20
vertex 120.85 -44.95 1.20
endloop
endfacet
facet normal 0 0 1
outer loop
vertex 121.24 -45.52 1.20
vertex 120.85 -44.95 1.20
vertex 120.70 -44.87 1.20
endloop
endfacet
facet normal 0 0 1
outer loop
vertex 121.24 -45.52 1.20
vertex 120.70 -44.87 1.20
vertex 119.34 -44.23 1.20
endloop
endfacet
facet normal 0 0 1
outer loop
vertex 121.24 -45.52 1.20
vertex 119.34 -44.23 1.20
vertex 119.18 -44.17 1.20
endloop
endfacet
facet normal 0 0 1
outer loop
vertex 121.24 -45.52 1.20
vertex 119.18 -44.17 1.20
vertex 119.01 -44.14 1.20
endloop
endfacet
facet normal 0 0 1
outer loop
vertex 121.24 -45.52 1.20
vertex 119.01 -44.14 1.20
vertex 118.95 -44.14 1.20
endloop
endfacet
facet normal 0 0 1
outer loop
vertex 121.24 -45.52 1.20
vertex 118.95 -44.14 1.20
vertex 118.83 -44.14 1.20
endloop
endfacet
facet normal 0 0 1
outer loop
vertex 121.24 -45.52 1.20
vertex 118.83 -44.14 1.20
vertex 118.66 -44.17 1.20
endloop
endfacet
facet normal 0 0 1
outer loop
vertex 121.24 -45.52 1.20
vertex 118.66 -44.17 1.20
vertex 118.59 -44.20 1.20
endloop
endfacet
facet normal 0 0 1
outer loop
vertex 121.24 -45.52 1.20
vertex 118.59 -44.20 1.20
vertex 118.50 -44.23 1.20
endloop
endfacet
facet normal 0 0 1
outer loop
vertex 121.24 -45.52 1.20
vertex 118.50 -44.23 1.20
vertex 118.35 -44.32 1.20
endloop
endfacet
facet normal 0 0 1
outer loop
vertex 121.24 -45.52 1.20
vertex 118.35 -44.32 1.20
vertex 121.26 -45.59 1.20
endloop
endfacet
facet normal 1.3242278903880073e-14 2.2936211252399958e-14 1
outer loop
vertex 178.80 -44.32 1.20
vertex 178.66 -44.23 1.20
vertex 178.57 -44.20 1.20
endloop
endfacet
facet normal 1.3242278903880073e-14 2.2936211252399958e-14 1
outer loop
vertex 178.80 -44.32 1.20
vertex 178.57 -44.20 1.20
vertex 178.49 -44.17 1.20
endloop
endfacet
facet normal 1.3242278903880073e-14 2.2936211252399958e-14 1
outer loop
vertex 178.80 -44.32 1.20
vertex 178.49 -44.17 1.20
vertex 178.32 -44.14 1.20
endloop
endfacet
facet normal 1.3242278903880073e-14 2.2936211252399958e-14 1
outer loop
vertex 178.80 -44.32 1.20
vertex 178.32 -44.14 1.20
vertex 178.20 -44.14 1.20
endloop
endfacet
facet normal 1.3242278903880073e-14 2.2936211252399958e-14 1
outer loop
vertex 178.80 -44.32 1.20
vertex 178.20 -44.14 1.20
vertex 178.15 -44.14 1.20
endloop
endfacet
facet normal 1.3242278903880073e-14 2.2936211252399958e-14 1
outer loop
vertex 178.80 -44.32 1.20
vertex 178.15 -44.14 1.20
vertex 177.98 -44.17 1.20
endloop
endfacet
facet normal 1.3242278903880073e-14 2.2936211252399958e-14 1
outer loop
vertex 178.80 -44.32 1.20
vertex 177.98 -44.17 1.20
vertex 177.81 -44.23 1.20
endloop
endfacet
facet normal 1.3242278903880073e-14 2.2936211252399958e-14 1
outer loop
vertex 178.80 -44.32 1.20
vertex 177.81 -44.23 1.20
vertex 176.45 -44.87 1.20
endloop
endfacet
facet normal 1.3242278903880073e-14 2.2936211252399958e-14 1
outer loop
vertex 178.80 -44.32 1.20
vertex 176.45 -44.87 1.20
vertex 176.30 -44.95 1.20
endloop
endfacet
facet normal 1.3242278903880073e-14 2.2936211252399958e-14 1
outer loop
vertex 178.80 -44.32 1.20
vertex 176.30 -44.95 1.20
vertex 176.24 -45.01 1.20
endloop
endfacet
facet normal 1.3242278903880073e-14 2.2936211252399958e-14 1
outer loop
vertex 178.80 -44.32 1.20
vertex 176.24 -45.01 1.20
vertex 176.17 -45.07 1.20
endloop
endfacet
facet normal 1.3242278903880073e-14 2.2936211252399958e-14 1
outer loop
vertex 178.80 -44.32 1.20
vertex 176.17 -45.07 1.20
vertex 176.06 -45.20 1.20
endloop
endfacet
facet normal 1.3242278903880073e-14 2.2936211252399958e-14 1
outer loop
vertex 178.80 -44.32 1.20
vertex 176.06 -45.20 1.20
vertex 175.97 -45.34 1.20
endloop
endfacet
facet normal 1.3242278903880073e-14 2.2936211252399958e-14 1
outer loop
vertex 178.80 -44.32 1.20
vertex 175.97 -45.34 1.20
vertex 175.97 -45.35 1.20
endloop
endfacet
facet normal 1.3242278903880073e-14 2.2936211252399958e-14 1
outer loop
vertex 178.80 -44.32 1.20
vertex 175.97 -45.35 1.20
vertex 175.91 -45.52 1.20
endloop
endfacet
facet normal 1.3242278903880073e-14 2.2936211252399958e-14 1
outer loop
vertex 178.80 -44.32 1.20
vertex 175.91 -45.52 1.20
vertex 175.89 -45.59 1.20
endloop
endfacet
facet normal -0.17 -0.98 0
outer loop
vertex 178.32 -44.14 1.76
vertex 178.32 -44.14 1.20
vertex 178.49 -44.17 1.20
endloop
endfacet
facet normal -0.17 -0.98 0
outer loop
vertex 178.32 -44.14 1.76
vertex 178.49 -44.17 1.20
vertex 178.49 -44.17 1.76
endloop
endfacet
facet normal -0.00 -1.00 0
outer loop
vertex 178.32 -44.14 1.76
vertex 178.20 -44.14 1.76
vertex 178.20 -44.14 1.20
endloop
endfacet
facet normal -0.00 -1.00 0
outer loop
vertex 178.32 -44.14 1.76
vertex 178.20 -44.14 1.20
vertex 178.32 -44.14 1.20
endloop
endfacet
facet normal 0 -1.00 0.00
outer loop
vertex 178.20 -44.14 1.76
vertex 178.20 -44.14 2.2
vertex 178.15 -44.14 2.2
endloop
endfacet
facet normal 0 -1.00 0.00
outer loop
vertex 178.20 -44.14 1.76
vertex 178.15 -44.14 2.2
vertex 178.15 -44.14 1.20
endloop
endfacet
facet normal 0 -1.00 0.00
outer loop
vertex 178.20 -44.14 1.76
vertex 178.15 -44.14 1.20
vertex 178.20 -44.14 1.20
endloop
endfacet
facet normal 0.64 -0.77 -0.00
outer loop
vertex 176.30 -44.95 2.2
vertex 176.24 -45.01 2.2
vertex 176.24 -45.01 1.76
endloop
endfacet
facet normal 0.64 -0.77 -0.00
outer loop
vertex 176.30 -44.95 2.2
vertex 176.24 -45.01 1.76
vertex 176.24 -45.01 1.20
endloop
endfacet
facet normal 0.64 -0.77 -0.00
outer loop
vertex 176.30 -44.95 2.2
vertex 176.24 -45.01 1.20
vertex 176.30 -44.95 1.20
endloop
endfacet
facet normal 0.64 -0.77 0
outer loop
vertex 176.24 -45.01 1.76
vertex 176.17 -45.07 1.76
vertex 176.17 -45.07 1.20
endloop
endfacet
facet normal 0.64 -0.77 0
outer loop
vertex 176.24 -45.01 1.76
vertex 176.17 -45.07 1.20
vertex 176.24 -45.01 1.20
endloop
endfacet
facet normal 0.77 -0.64 0
outer loop
vertex 176.06 -45.20 1.76
vertex 176.06 -45.20 1.20
vertex 176.17 -45.07 1.20
endloop
endfacet
facet normal 0.77 -0.64 0
outer loop
vertex 176.06 -45.20 1.76
vertex 176.17 -45.07 1.20
vertex 176.17 -45.07 1.76
endloop
endfacet
facet normal -0.00 -1.00 0
outer loop
vertex 162.27 -55.04 1.32
vertex 162.27 -55.04 1.20
vertex 162.44 -55.04 1.20
endloop
endfacet
facet normal -0.00 -1.00 0
outer loop
vertex 162.27 -55.04 1.32
vertex 162.44 -55.04 1.20
vertex 162.44 -55.04 1.32
endloop
endfacet
facet normal 0.34 -0.94 0
outer loop
vertex 161.93 -55.13 1.76
vertex 161.93 -55.13 1.20
vertex 162.09 -55.07 1.20
endloop
endfacet
facet normal 0.34 -0.94 0
outer loop
vertex 161.93 -55.13 1.76
vertex 162.09 -55.07 1.20
vertex 162.09 -55.07 1.76
endloop
endfacet
facet normal 0.42 -0.91 0
outer loop
vertex 160.57 -55.77 1.76
vertex 160.57 -55.77 1.20
vertex 161.93 -55.13 1.20
endloop
endfacet
facet normal 0.42 -0.91 0
outer loop
vertex 160.57 -55.77 1.76
vertex 161.93 -55.13 1.20
vertex 161.93 -55.13 1.76
endloop
endfacet
facet normal 0.49 -0.87 0
outer loop
vertex 160.43 -55.84 1.76
vertex 160.43 -55.84 1.20
vertex 160.57 -55.77 1.20
endloop
endfacet
facet normal 0.49 -0.87 0
outer loop
vertex 160.43 -55.84 1.76
vertex 160.57 -55.77 1.20
vertex 160.57 -55.77 1.76
endloop
endfacet
facet normal 0.62 -0.78 0
outer loop
vertex 160.31 -55.94 1.76
vertex 160.31 -55.94 1.20
vertex 160.43 -55.84 1.20
endloop
endfacet
facet normal 0.62 -0.78 0
outer loop
vertex 160.31 -55.94 1.76
vertex 160.43 -55.84 1.20
vertex 160.43 -55.84 1.76
endloop
endfacet
facet normal 0.83 -0.55 0
outer loop
vertex 160.12 -56.19 1.32
vertex 160.12 -56.19 1.20
vertex 160.21 -56.06 1.20
endloop
endfacet
facet normal 0.83 -0.55 0
outer loop
vertex 160.12 -56.19 1.32
vertex 160.21 -56.06 1.20
vertex 160.21 -56.06 1.32
endloop
endfacet
facet normal -0.87 -0.50 0
outer loop
vertex 136.98 -56.10 1.32
vertex 136.98 -56.10 1.20
vertex 137.07 -56.25 1.20
endloop
endfacet
facet normal -0.87 -0.50 0
outer loop
vertex 136.98 -56.10 1.32
vertex 137.07 -56.25 1.20
vertex 137.07 -56.25 1.32
endloop
endfacet
facet normal -0.77 -0.64 0
outer loop
vertex 136.87 -55.97 1.32
vertex 136.87 -55.97 1.20
vertex 136.98 -56.10 1.20
endloop
endfacet
facet normal -0.77 -0.64 0
outer loop
vertex 136.87 -55.97 1.32
vertex 136.98 -56.10 1.20
vertex 136.98 -56.10 1.32
endloop
endfacet
facet normal -0.50 -0.87 0
outer loop
vertex 136.58 -55.77 1.76
vertex 136.58 -55.77 1.20
vertex 136.73 -55.85 1.20
endloop
endfacet
facet normal -0.50 -0.87 0
outer loop
vertex 136.58 -55.77 1.76
vertex 136.73 -55.85 1.20
vertex 136.73 -55.85 1.76
endloop
endfacet
facet normal -0.42 -0.91 0
outer loop
vertex 135.22 -55.13 1.76
vertex 135.22 -55.13 1.20
vertex 136.58 -55.77 1.20
endloop
endfacet
facet normal -0.42 -0.91 0
outer loop
vertex 135.22 -55.13 1.76
vertex 136.58 -55.77 1.20
vertex 136.58 -55.77 1.76
endloop
endfacet
facet normal -0.34 -0.94 0
outer loop
vertex 135.06 -55.07 1.76
vertex 135.06 -55.07 1.20
vertex 135.22 -55.13 1.20
endloop
endfacet
facet normal -0.34 -0.94 0
outer loop
vertex 135.06 -55.07 1.76
vertex 135.22 -55.13 1.20
vertex 135.22 -55.13 1.76
endloop
endfacet
facet normal -0.00 -1.00 0
outer loop
vertex 134.71 -55.04 1.32
vertex 134.71 -55.04 1.20
vertex 134.89 -55.04 1.20
endloop
endfacet
facet normal -0.00 -1.00 0
outer loop
vertex 134.71 -55.04 1.32
vertex 134.89 -55.04 1.20
vertex 134.89 -55.04 1.32
endloop
endfacet
facet normal 0.17 -0.98 0
outer loop
vertex 134.54 -55.07 1.32
vertex 134.54 -55.07 1.20
vertex 134.71 -55.04 1.20
endloop
endfacet
facet normal 0.17 -0.98 0
outer loop
vertex 134.54 -55.07 1.32
vertex 134.71 -55.04 1.20
vertex 134.71 -55.04 1.32
endloop
endfacet
facet normal -0.94 -0.34 0
outer loop
vertex 121.19 -45.35 1.32
vertex 121.19 -45.35 1.20
vertex 121.24 -45.52 1.20
endloop
endfacet
facet normal -0.94 -0.34 0
outer loop
vertex 121.19 -45.35 1.32
vertex 121.24 -45.52 1.20
vertex 121.24 -45.52 1.32
endloop
endfacet
facet normal -0.77 -0.64 0
outer loop
vertex 120.99 -45.07 1.76
vertex 120.99 -45.07 1.20
vertex 121.10 -45.20 1.20
endloop
endfacet
facet normal -0.77 -0.64 0
outer loop
vertex 120.99 -45.07 1.76
vertex 121.10 -45.20 1.20
vertex 121.10 -45.20 1.76
endloop
endfacet
facet normal -0.64 -0.77 0
outer loop
vertex 120.99 -45.07 1.76
vertex 120.91 -45.01 1.76
vertex 120.91 -45.01 1.20
endloop
endfacet
facet normal -0.64 -0.77 0
outer loop
vertex 120.99 -45.07 1.76
vertex 120.91 -45.01 1.20
vertex 120.99 -45.07 1.20
endloop
endfacet
facet normal -0.64 -0.77 -0.00
outer loop
vertex 120.91 -45.01 1.76
vertex 120.91 -45.01 2.2
vertex 120.85 -44.95 2.2
endloop
endfacet
facet normal -0.64 -0.77 -0.00
outer loop
vertex 120.91 -45.01 1.76
vertex 120.85 -44.95 2.2
vertex 120.85 -44.95 1.20
endloop
endfacet
facet normal -0.64 -0.77 -0.00
outer loop
vertex 120.91 -45.01 1.76
vertex 120.85 -44.95 1.20
vertex 120.91 -45.01 1.20
endloop
endfacet
facet normal 0 -1.00 -2.4136532772444514e-7
outer loop
vertex 119.01 -44.14 2.2
vertex 118.95 -44.14 2.2
vertex 118.95 -44.14 1.76
endloop
endfacet
facet normal 0 -1.00 -2.4136532772444514e-7
outer loop
vertex 119.01 -44.14 2.2
vertex 118.95 -44.14 1.76
vertex 118.95 -44.14 1.20
endloop
endfacet
facet normal 0 -1.00 -2.4136532772444514e-7
outer loop
vertex 119.01 -44.14 2.2
vertex 118.95 -44.14 1.20
vertex 119.01 -44.14 1.20
endloop
endfacet
facet normal -0.00 -1.00 0
outer loop
vertex 118.95 -44.14 1.76
vertex 118.83 -44.14 1.76
vertex 118.83 -44.14 1.20
endloop
endfacet
facet normal -0.00 -1.00 0
outer loop
vertex 118.95 -44.14 1.76
vertex 118.83 -44.14 1.20
vertex 118.95 -44.14 1.20
endloop
endfacet
facet normal 0.17 -0.98 0
outer loop
vertex 118.66 -44.17 1.76
vertex 118.66 -44.17 1.20
vertex 118.83 -44.14 1.20
endloop
endfacet
facet normal 0.17 -0.98 0
outer loop
vertex 118.66 -44.17 1.76
vertex 118.83 -44.14 1.20
vertex 118.83 -44.14 1.76
endloop
endfacet
facet normal -0.98 -0.17 0
outer loop
vertex 131.52 -128.70 1.32
vertex 131.52 -128.70 1.20
vertex 131.55 -128.87 1.20
endloop
endfacet
facet normal -0.98 -0.17 0
outer loop
vertex 131.52 -128.70 1.32
vertex 131.55 -128.87 1.20
vertex 131.55 -128.87 1.32
endloop
endfacet
facet normal -0.94 -0.34 0
outer loop
vertex 131.46 -128.54 1.32
vertex 131.46 -128.54 1.20
vertex 131.52 -128.70 1.20
endloop
endfacet
facet normal -0.94 -0.34 0
outer loop
vertex 131.46 -128.54 1.32
vertex 131.52 -128.70 1.20
vertex 131.52 -128.70 1.32
endloop
endfacet
facet normal -0.87 -0.50 0
outer loop
vertex 131.38 -128.39 1.32
vertex 131.38 -128.39 1.20
vertex 131.46 -128.54 1.20
endloop
endfacet
facet normal -0.87 -0.50 0
outer loop
vertex 131.38 -128.39 1.32
vertex 131.46 -128.54 1.20
vertex 131.46 -128.54 1.32
endloop
endfacet
facet normal -0.82 -0.57 0
outer loop
vertex 130.52 -127.16 1.32
vertex 130.52 -127.16 1.20
vertex 131.38 -128.39 1.20
endloop
endfacet
facet normal -0.82 -0.57 0
outer loop
vertex 130.52 -127.16 1.32
vertex 131.38 -128.39 1.20
vertex 131.38 -128.39 1.32
endloop
endfacet
facet normal -0.77 -0.64 0
outer loop
vertex 130.40 -127.03 1.32
vertex 130.40 -127.03 1.20
vertex 130.52 -127.16 1.20
endloop
endfacet
facet normal -0.77 -0.64 0
outer loop
vertex 130.40 -127.03 1.32
vertex 130.52 -127.16 1.20
vertex 130.52 -127.16 1.32
endloop
endfacet
facet normal -0.64 -0.77 0
outer loop
vertex 130.27 -126.91 1.32
vertex 130.27 -126.91 1.20
vertex 130.40 -127.03 1.20
endloop
endfacet
facet normal -0.64 -0.77 0
outer loop
vertex 130.27 -126.91 1.32
vertex 130.40 -127.03 1.20
vertex 130.40 -127.03 1.32
endloop
endfacet
facet normal 0.66 -0.75 0
outer loop
vertex 166.74 -127.04 1.32
vertex 166.74 -127.04 1.20
vertex 166.86 -126.93 1.20
endloop
endfacet
facet normal 0.66 -0.75 0
outer loop
vertex 166.74 -127.04 1.32
vertex 166.86 -126.93 1.20
vertex 166.86 -126.93 1.32
endloop
endfacet
facet normal 0.77 -0.64 0
outer loop
vertex 166.64 -127.16 1.32
vertex 166.64 -127.16 1.20
vertex 166.74 -127.04 1.20
endloop
endfacet
facet normal 0.77 -0.64 0
outer loop
vertex 166.64 -127.16 1.32
vertex 166.74 -127.04 1.20
vertex 166.74 -127.04 1.32
endloop
endfacet
facet normal 0.82 -0.57 0
outer loop
vertex 165.78 -128.39 1.32
vertex 165.78 -128.39 1.20
vertex 166.64 -127.16 1.20
endloop
endfacet
facet normal 0.82 -0.57 0
outer loop
vertex 165.78 -128.39 1.32
vertex 166.64 -127.16 1.20
vertex 166.64 -127.16 1.32
endloop
endfacet
facet normal 0.86 -0.51 0
outer loop
vertex 165.70 -128.52 1.32
vertex 165.70 -128.52 1.20
vertex 165.78 -128.39 1.20
endloop
endfacet
facet normal 0.86 -0.51 0
outer loop
vertex 165.70 -128.52 1.32
vertex 165.78 -128.39 1.20
vertex 165.78 -128.39 1.32
endloop
endfacet
facet normal 0.93 -0.37 0
outer loop
vertex 165.64 -128.67 1.32
vertex 165.64 -128.67 1.20
vertex 165.70 -128.52 1.20
endloop
endfacet
facet normal 0.93 -0.37 0
outer loop
vertex 165.64 -128.67 1.32
vertex 165.70 -128.52 1.20
vertex 165.70 -128.52 1.32
endloop
endfacet
facet normal 0.98 -0.22 0
outer loop
vertex 165.61 -128.82 1.32
vertex 165.61 -128.82 1.20
vertex 165.64 -128.67 1.20
endloop
endfacet
facet normal 0.98 -0.22 0
outer loop
vertex 165.61 -128.82 1.32
vertex 165.64 -128.67 1.20
vertex 165.64 -128.67 1.32
endloop
endfacet
facet normal 1.00 -0.06 0
outer loop
vertex 165.60 -128.98 1.32
vertex 165.60 -128.98 1.20
vertex 165.61 -128.82 1.20
endloop
endfacet
facet normal 1.00 -0.06 0
outer loop
vertex 165.60 -128.98 1.32
vertex 165.61 -128.82 1.20
vertex 165.61 -128.82 1.32
endloop
endfacet
facet normal -0.98 0.20 0
outer loop
vertex 142.22 -149.72 1.32
vertex 142.22 -149.72 1.20
vertex 142.19 -149.88 1.20
endloop
endfacet
facet normal -0.98 0.20 0
outer loop
vertex 142.22 -149.72 1.32
vertex 142.19 -149.88 1.20
vertex 142.19 -149.88 1.32
endloop
endfacet
facet normal -0.99 -0.11 0
outer loop
vertex 142.21 -149.41 1.76
vertex 142.21 -149.41 1.20
vertex 142.23 -149.57 1.20
endloop
endfacet
facet normal -0.99 -0.11 0
outer loop
vertex 142.21 -149.41 1.76
vertex 142.23 -149.57 1.20
vertex 142.23 -149.57 1.76
endloop
endfacet
facet normal -0.96 -0.27 0
outer loop
vertex 142.17 -149.26 1.76
vertex 142.17 -149.26 1.20
vertex 142.21 -149.41 1.20
endloop
endfacet
facet normal -0.96 -0.27 0
outer loop
vertex 142.17 -149.26 1.76
vertex 142.21 -149.41 1.20
vertex 142.21 -149.41 1.76
endloop
endfacet
facet normal -0.91 -0.42 0
outer loop
vertex 141.58 -147.69 1.76
vertex 141.58 -147.69 1.20
vertex 141.65 -147.85 1.20
endloop
endfacet
facet normal -0.91 -0.42 0
outer loop
vertex 141.58 -147.69 1.76
vertex 141.65 -147.85 1.20
vertex 141.65 -147.85 1.76
endloop
endfacet
facet normal -0.71 -0.71 0
outer loop
vertex 141.36 -147.43 1.32
vertex 141.36 -147.43 1.20
vertex 141.48 -147.55 1.20
endloop
endfacet
facet normal -0.71 -0.71 0
outer loop
vertex 141.36 -147.43 1.32
vertex 141.48 -147.55 1.20
vertex 141.48 -147.55 1.32
endloop
endfacet
facet normal -0.57 -0.82 0
outer loop
vertex 141.21 -147.33 1.32
vertex 141.21 -147.33 1.20
vertex 141.36 -147.43 1.20
endloop
endfacet
facet normal -0.57 -0.82 0
outer loop
vertex 141.21 -147.33 1.32
vertex 141.36 -147.43 1.20
vertex 141.36 -147.43 1.32
endloop
endfacet
facet normal 0.62 -0.78 0
outer loop
vertex 155.76 -147.46 1.32
vertex 155.76 -147.46 1.20
vertex 155.88 -147.36 1.20
endloop
endfacet
facet normal 0.62 -0.78 0
outer loop
vertex 155.76 -147.46 1.32
vertex 155.88 -147.36 1.20
vertex 155.88 -147.36 1.32
endloop
endfacet
facet normal 0.83 -0.55 0
outer loop
vertex 155.56 -147.71 1.76
vertex 155.56 -147.71 1.20
vertex 155.65 -147.58 1.20
endloop
endfacet
facet normal 0.83 -0.55 0
outer loop
vertex 155.56 -147.71 1.76
vertex 155.65 -147.58 1.20
vertex 155.65 -147.58 1.76
endloop
endfacet
facet normal 0.91 -0.41 0
outer loop
vertex 155.50 -147.85 1.76
vertex 155.50 -147.85 1.20
vertex 155.56 -147.71 1.20
endloop
endfacet
facet normal 0.91 -0.41 0
outer loop
vertex 155.50 -147.85 1.76
vertex 155.56 -147.71 1.20
vertex 155.56 -147.71 1.76
endloop
endfacet
facet normal 0.94 -0.34 0
outer loop
vertex 154.99 -149.26 1.76
vertex 154.99 -149.26 1.20
vertex 155.50 -147.85 1.20
endloop
endfacet
facet normal 0.94 -0.34 0
outer loop
vertex 154.99 -149.26 1.76
vertex 155.50 -147.85 1.20
vertex 155.50 -147.85 1.76
endloop
endfacet
facet normal 0.96 -0.27 0
outer loop
vertex 154.94 -149.41 1.76
vertex 154.94 -149.41 1.20
vertex 154.99 -149.26 1.20
endloop
endfacet
facet normal 0.96 -0.27 0
outer loop
vertex 154.94 -149.41 1.76
vertex 154.99 -149.26 1.20
vertex 154.99 -149.26 1.76
endloop
endfacet
facet normal 0.99 -0.11 0
outer loop
vertex 154.93 -149.57 1.76
vertex 154.93 -149.57 1.20
vertex 154.94 -149.41 1.20
endloop
endfacet
facet normal 0.99 -0.11 0
outer loop
vertex 154.93 -149.57 1.76
vertex 154.94 -149.41 1.20
vertex 154.94 -149.41 1.76
endloop
endfacet
facet normal 0.98 0.20 0
outer loop
vertex 154.96 -149.88 1.32
vertex 154.96 -149.88 1.20
vertex 154.93 -149.72 1.20
endloop
endfacet
facet normal 0.98 0.20 0
outer loop
vertex 154.96 -149.88 1.32
vertex 154.93 -149.72 1.20
vertex 154.93 -149.72 1.32
endloop
endfacet
facet normal -0.50 -0.87 0
outer loop
vertex 178.66 -44.23 1.32
vertex 178.66 -44.23 1.20
vertex 178.80 -44.32 1.20
endloop
endfacet
facet normal -0.50 -0.87 0
outer loop
vertex 178.66 -44.23 1.32
vertex 178.80 -44.32 1.20
vertex 178.80 -44.32 1.32
endloop
endfacet
facet normal -0.34 -0.94 0
outer loop
vertex 178.66 -44.23 1.32
vertex 178.57 -44.20 1.32
vertex 178.57 -44.20 1.20
endloop
endfacet
facet normal -0.34 -0.94 0
outer loop
vertex 178.66 -44.23 1.32
vertex 178.57 -44.20 1.20
vertex 178.66 -44.23 1.20
endloop
endfacet
facet normal -0.34 -0.94 1.035692041173424e-14
outer loop
vertex 178.57 -44.20 1.32
vertex 178.57 -44.20 1.76
vertex 178.49 -44.17 1.76
endloop
endfacet
facet normal -0.34 -0.94 1.035692041173424e-14
outer loop
vertex 178.57 -44.20 1.32
vertex 178.49 -44.17 1.76
vertex 178.49 -44.17 1.20
endloop
endfacet
facet normal -0.34 -0.94 1.035692041173424e-14
outer loop
vertex 178.57 -44.20 1.32
vertex 178.49 -44.17 1.20
vertex 178.57 -44.20 1.20
endloop
endfacet
facet normal 0.87 -0.50 -4.227288212635065e-14
outer loop
vertex 176.06 -45.20 1.76
vertex 175.97 -45.34 1.76
vertex 175.97 -45.34 1.32
endloop
endfacet
facet normal 0.87 -0.50 -4.227288212635065e-14
outer loop
vertex 176.06 -45.20 1.76
vertex 175.97 -45.34 1.32
vertex 175.97 -45.34 1.20
endloop
endfacet
facet normal 0.87 -0.50 -4.227288212635065e-14
outer loop
vertex 176.06 -45.20 1.76
vertex 175.97 -45.34 1.20
vertex 176.06 -45.20 1.20
endloop
endfacet
facet normal 0.87 -0.50 0
outer loop
vertex 175.97 -45.34 1.32
vertex 175.97 -45.35 1.32
vertex 175.97 -45.35 1.20
endloop
endfacet
facet normal 0.87 -0.50 0
outer loop
vertex 175.97 -45.34 1.32
vertex 175.97 -45.35 1.20
vertex 175.97 -45.34 1.20
endloop
endfacet
facet normal 0.94 -0.34 0
outer loop
vertex 175.97 -45.35 1.32
vertex 175.91 -45.52 1.32
vertex 175.91 -45.52 1.20
endloop
endfacet
facet normal 0.94 -0.34 0
outer loop
vertex 175.97 -45.35 1.32
vertex 175.91 -45.52 1.20
vertex 175.97 -45.35 1.20
endloop
endfacet
facet normal 0.98 -0.17 0
outer loop
vertex 175.89 -45.59 1.32
vertex 175.89 -45.59 1.20
vertex 175.91 -45.52 1.20
endloop
endfacet
facet normal 0.98 -0.17 0
outer loop
vertex 175.89 -45.59 1.32
vertex 175.91 -45.52 1.20
vertex 175.91 -45.52 1.32
endloop
endfacet
facet normal -0.34 -0.94 0
outer loop
vertex 162.61 -55.07 1.32
vertex 162.61 -55.07 1.20
vertex 162.63 -55.08 1.20
endloop
endfacet
facet normal -0.34 -0.94 0
outer loop
vertex 162.61 -55.07 1.32
vertex 162.63 -55.08 1.20
vertex 162.63 -55.08 1.32
endloop
endfacet
facet normal -0.17 -0.98 0
outer loop
vertex 162.61 -55.07 1.32
vertex 162.44 -55.04 1.32
vertex 162.44 -55.04 1.20
endloop
endfacet
facet normal -0.17 -0.98 0
outer loop
vertex 162.61 -55.07 1.32
vertex 162.44 -55.04 1.20
vertex 162.61 -55.07 1.20
endloop
endfacet
facet normal 0.17 -0.98 0
outer loop
vertex 162.27 -55.04 1.32
vertex 162.23 -55.05 1.32
vertex 162.23 -55.05 1.20
endloop
endfacet
facet normal 0.17 -0.98 0
outer loop
vertex 162.27 -55.04 1.32
vertex 162.23 -55.05 1.20
vertex 162.27 -55.04 1.20
endloop
endfacet
facet normal 0.17 -0.98 2.0084241434758882e-14
outer loop
vertex 162.23 -55.05 1.32
vertex 162.23 -55.05 1.76
vertex 162.09 -55.07 1.76
endloop
endfacet
facet normal 0.17 -0.98 2.0084241434758882e-14
outer loop
vertex 162.23 -55.05 1.32
vertex 162.09 -55.07 1.76
vertex 162.09 -55.07 1.20
endloop
endfacet
facet normal 0.17 -0.98 2.0084241434758882e-14
outer loop
vertex 162.23 -55.05 1.32
vertex 162.09 -55.07 1.20
vertex 162.23 -55.05 1.20
endloop
endfacet
facet normal 0.74 -0.68 3.101134851490892e-14
outer loop
vertex 160.31 -55.94 1.76
vertex 160.31 -55.94 1.76
vertex 160.31 -55.94 1.32
endloop
endfacet
facet normal 0.74 -0.68 3.101134851490892e-14
outer loop
vertex 160.31 -55.94 1.76
vertex 160.31 -55.94 1.32
vertex 160.31 -55.94 1.20
endloop
endfacet
facet normal 0.74 -0.68 3.101134851490892e-14
outer loop
vertex 160.31 -55.94 1.76
vertex 160.31 -55.94 1.20
vertex 160.31 -55.94 1.20
endloop
endfacet
facet normal 0.74 -0.68 0
outer loop
vertex 160.31 -55.94 1.32
vertex 160.21 -56.06 1.32
vertex 160.21 -56.06 1.20
endloop
endfacet
facet normal 0.74 -0.68 0
outer loop
vertex 160.31 -55.94 1.32
vertex 160.21 -56.06 1.20
vertex 160.31 -55.94 1.20
endloop
endfacet
facet normal 0.91 -0.41 0
outer loop
vertex 160.08 -56.27 1.32
vertex 160.08 -56.27 1.20
vertex 160.12 -56.19 1.20
endloop
endfacet
facet normal 0.91 -0.41 0
outer loop
vertex 160.08 -56.27 1.32
vertex 160.12 -56.19 1.20
vertex 160.12 -56.19 1.32
endloop
endfacet
facet normal -0.94 -0.34 0
outer loop
vertex 137.07 -56.25 1.32
vertex 137.07 -56.25 1.20
vertex 137.07 -56.27 1.20
endloop
endfacet
facet normal -0.94 -0.34 0
outer loop
vertex 137.07 -56.25 1.32
vertex 137.07 -56.27 1.20
vertex 137.07 -56.27 1.32
endloop
endfacet
facet normal -0.64 -0.77 0
outer loop
vertex 136.87 -55.97 1.32
vertex 136.84 -55.94 1.32
vertex 136.84 -55.94 1.20
endloop
endfacet
facet normal -0.64 -0.77 0
outer loop
vertex 136.87 -55.97 1.32
vertex 136.84 -55.94 1.20
vertex 136.87 -55.97 1.20
endloop
endfacet
facet normal -0.64 -0.77 1.283016368635983e-14
outer loop
vertex 136.84 -55.94 1.32
vertex 136.84 -55.94 1.76
vertex 136.73 -55.85 1.76
endloop
endfacet
facet normal -0.64 -0.77 1.283016368635983e-14
outer loop
vertex 136.84 -55.94 1.32
vertex 136.73 -55.85 1.76
vertex 136.73 -55.85 1.20
endloop
endfacet
facet normal -0.64 -0.77 1.283016368635983e-14
outer loop
vertex 136.84 -55.94 1.32
vertex 136.73 -55.85 1.20
vertex 136.84 -55.94 1.20
endloop
endfacet
facet normal -0.17 -0.98 -9.177174553116692e-15
outer loop
vertex 135.06 -55.07 1.76
vertex 134.93 -55.05 1.76
vertex 134.93 -55.05 1.32
endloop
endfacet
facet normal -0.17 -0.98 -9.177174553116692e-15
outer loop
vertex 135.06 -55.07 1.76
vertex 134.93 -55.05 1.32
vertex 134.93 -55.05 1.20
endloop
endfacet
facet normal -0.17 -0.98 -9.177174553116692e-15
outer loop
vertex 135.06 -55.07 1.76
vertex 134.93 -55.05 1.20
vertex 135.06 -55.07 1.20
endloop
endfacet
facet normal -0.17 -0.98 0
outer loop
vertex 134.93 -55.05 1.32
vertex 134.89 -55.04 1.32
vertex 134.89 -55.04 1.20
endloop
endfacet
facet normal -0.17 -0.98 0
outer loop
vertex 134.93 -55.05 1.32
vertex 134.89 -55.04 1.20
vertex 134.93 -55.05 1.20
endloop
endfacet
facet normal 0.34 -0.94 0
outer loop
vertex 134.52 -55.08 1.32
vertex 134.52 -55.08 1.20
vertex 134.54 -55.07 1.20
endloop
endfacet
facet normal 0.34 -0.94 0
outer loop
vertex 134.52 -55.08 1.32
vertex 134.54 -55.07 1.20
vertex 134.54 -55.07 1.32
endloop
endfacet
facet normal -0.98 -0.17 0
outer loop
vertex 121.24 -45.52 1.32
vertex 121.24 -45.52 1.20
vertex 121.26 -45.59 1.20
endloop
endfacet
facet normal -0.98 -0.17 0
outer loop
vertex 121.24 -45.52 1.32
vertex 121.26 -45.59 1.20
vertex 121.26 -45.59 1.32
endloop
endfacet
facet normal -0.87 -0.50 0
outer loop
vertex 121.19 -45.35 1.32
vertex 121.18 -45.34 1.32
vertex 121.18 -45.34 1.20
endloop
endfacet
facet normal -0.87 -0.50 0
outer loop
vertex 121.19 -45.35 1.32
vertex 121.18 -45.34 1.20
vertex 121.19 -45.35 1.20
endloop
endfacet
facet normal -0.87 -0.50 -1.1456801286558502e-14
outer loop
vertex 121.18 -45.34 1.32
vertex 121.18 -45.34 1.76
vertex 121.10 -45.20 1.76
endloop
endfacet
facet normal -0.87 -0.50 -1.1456801286558502e-14
outer loop
vertex 121.18 -45.34 1.32
vertex 121.10 -45.20 1.76
vertex 121.10 -45.20 1.20
endloop
endfacet
facet normal -0.87 -0.50 -1.1456801286558502e-14
outer loop
vertex 121.18 -45.34 1.32
vertex 121.10 -45.20 1.20
vertex 121.18 -45.34 1.20
endloop
endfacet
facet normal 0.34 -0.94 -2.720804195195696e-14
outer loop
vertex 118.66 -44.17 1.76
vertex 118.59 -44.20 1.76
vertex 118.59 -44.20 1.32
endloop
endfacet
facet normal 0.34 -0.94 -2.720804195195696e-14
outer loop
vertex 118.66 -44.17 1.76
vertex 118.59 -44.20 1.32
vertex 118.59 -44.20 1.20
endloop
endfacet
facet normal 0.34 -0.94 -2.720804195195696e-14
outer loop
vertex 118.66 -44.17 1.76
vertex 118.59 -44.20 1.20
vertex 118.66 -44.17 1.20
endloop
endfacet
facet normal 0.34 -0.94 0
outer loop
vertex 118.59 -44.20 1.32
vertex 118.50 -44.23 1.32
vertex 118.50 -44.23 1.20
endloop
endfacet
facet normal 0.34 -0.94 0
outer loop
vertex 118.59 -44.20 1.32
vertex 118.50 -44.23 1.20
vertex 118.59 -44.20 1.20
endloop
endfacet
facet normal 0.50 -0.87 0
outer loop
vertex 118.35 -44.32 1.32
vertex 118.35 -44.32 1.20
vertex 118.50 -44.23 1.20
endloop
endfacet
facet normal 0.50 -0.87 0
outer loop
vertex 118.35 -44.32 1.32
vertex 118.50 -44.23 1.20
vertex 118.50 -44.23 1.32
endloop
endfacet
facet normal -1.00 0.00 0
outer loop
vertex 131.55 -128.87 1.32
vertex 131.55 -128.87 1.20
vertex 131.55 -129.00 1.20
endloop
endfacet
facet normal -1.00 0.00 0
outer loop
vertex 131.55 -128.87 1.32
vertex 131.55 -129.00 1.20
vertex 131.55 -129.00 1.32
endloop
endfacet
facet normal -0.50 -0.87 0
outer loop
vertex 130.18 -126.86 1.32
vertex 130.18 -126.86 1.20
vertex 130.27 -126.91 1.20
endloop
endfacet
facet normal -0.50 -0.87 0
outer loop
vertex 130.18 -126.86 1.32
vertex 130.27 -126.91 1.20
vertex 130.27 -126.91 1.32
endloop
endfacet
facet normal 0.54 -0.84 0
outer loop
vertex 166.86 -126.93 1.32
vertex 166.86 -126.93 1.20
vertex 166.97 -126.86 1.20
endloop
endfacet
facet normal 0.54 -0.84 0
outer loop
vertex 166.86 -126.93 1.32
vertex 166.97 -126.86 1.20
vertex 166.97 -126.86 1.32
endloop
endfacet
facet normal 1.00 0.10 0
outer loop
vertex 165.60 -129.00 1.32
vertex 165.60 -129.00 1.20
vertex 165.60 -128.98 1.20
endloop
endfacet
facet normal 1.00 0.10 0
outer loop
vertex 165.60 -129.00 1.32
vertex 165.60 -128.98 1.20
vertex 165.60 -128.98 1.32
endloop
endfacet
facet normal -0.94 0.35 0
outer loop
vertex 142.19 -149.88 1.32
vertex 142.19 -149.88 1.20
vertex 142.16 -149.96 1.20
endloop
endfacet
facet normal -0.94 0.35 0
outer loop
vertex 142.19 -149.88 1.32
vertex 142.16 -149.96 1.20
vertex 142.16 -149.96 1.32
endloop
endfacet
facet normal -1.00 0.04 0
outer loop
vertex 142.22 -149.72 1.32
vertex 142.23 -149.57 1.32
vertex 142.23 -149.57 1.20
endloop
endfacet
facet normal -1.00 0.04 0
outer loop
vertex 142.22 -149.72 1.32
vertex 142.23 -149.57 1.20
vertex 142.22 -149.72 1.20
endloop
endfacet
facet normal -1.00 0.04 -3.799407838992424e-14
outer loop
vertex 142.23 -149.57 1.32
vertex 142.23 -149.57 1.76
vertex 142.23 -149.57 1.76
endloop
endfacet
facet normal -1.00 0.04 -3.799407838992424e-14
outer loop
vertex 142.23 -149.57 1.32
vertex 142.23 -149.57 1.76
vertex 142.23 -149.57 1.20
endloop
endfacet
facet normal -1.00 0.04 -3.799407838992424e-14
outer loop
vertex 142.23 -149.57 1.32
vertex 142.23 -149.57 1.20
vertex 142.23 -149.57 1.20
endloop
endfacet
facet normal -0.82 -0.57 -6.034336843616293e-14
outer loop
vertex 141.58 -147.69 1.76
vertex 141.50 -147.58 1.76
vertex 141.50 -147.58 1.32
endloop
endfacet
facet normal -0.82 -0.57 -6.034336843616293e-14
outer loop
vertex 141.58 -147.69 1.76
vertex 141.50 -147.58 1.32
vertex 141.50 -147.58 1.20
endloop
endfacet
facet normal -0.82 -0.57 -6.034336843616293e-14
outer loop
vertex 141.58 -147.69 1.76
vertex 141.50 -147.58 1.20
vertex 141.58 -147.69 1.20
endloop
endfacet
facet normal -0.82 -0.57 0
outer loop
vertex 141.50 -147.58 1.32
vertex 141.48 -147.55 1.32
vertex 141.48 -147.55 1.20
endloop
endfacet
facet normal -0.82 -0.57 0
outer loop
vertex 141.50 -147.58 1.32
vertex 141.48 -147.55 1.20
vertex 141.50 -147.58 1.20
endloop
endfacet
facet normal -0.42 -0.91 0
outer loop
vertex 141.19 -147.32 1.32
vertex 141.19 -147.32 1.20
vertex 141.21 -147.33 1.20
endloop
endfacet
facet normal -0.42 -0.91 0
outer loop
vertex 141.19 -147.32 1.32
vertex 141.21 -147.33 1.20
vertex 141.21 -147.33 1.32
endloop
endfacet
facet normal 0.49 -0.87 0
outer loop
vertex 155.88 -147.36 1.32
vertex 155.88 -147.36 1.20
vertex 155.96 -147.32 1.20
endloop
endfacet
facet normal 0.49 -0.87 0
outer loop
vertex 155.88 -147.36 1.32
vertex 155.96 -147.32 1.20
vertex 155.96 -147.32 1.32
endloop
endfacet
facet normal 0.74 -0.68 0
outer loop
vertex 155.76 -147.46 1.32
vertex 155.65 -147.58 1.32
vertex 155.65 -147.58 1.20
endloop
endfacet
facet normal 0.74 -0.68 0
outer loop
vertex 155.76 -147.46 1.32
vertex 155.65 -147.58 1.20
vertex 155.76 -147.46 1.20
endloop
endfacet
facet normal 0.74 -0.68 1.9814662037240503e-16
outer loop
vertex 155.65 -147.58 1.32
vertex 155.65 -147.58 1.76
vertex 155.65 -147.58 1.76
endloop
endfacet
facet normal 0.74 -0.68 1.9814662037240503e-16
outer loop
vertex 155.65 -147.58 1.32
vertex 155.65 -147.58 1.76
vertex 155.65 -147.58 1.20
endloop
endfacet
facet normal 0.74 -0.68 1.9814662037240503e-16
outer loop
vertex 155.65 -147.58 1.32
vertex 155.65 -147.58 1.20
vertex 155.65 -147.58 1.20
endloop
endfacet
facet normal 1.00 0.04 5.378453015954918e-15
outer loop
vertex 154.93 -149.57 1.76
vertex 154.93 -149.57 1.76
vertex 154.93 -149.57 1.32
endloop
endfacet
facet normal 1.00 0.04 5.378453015954918e-15
outer loop
vertex 154.93 -149.57 1.76
vertex 154.93 -149.57 1.32
vertex 154.93 -149.57 1.20
endloop
endfacet
facet normal 1.00 0.04 5.378453015954918e-15
outer loop
vertex 154.93 -149.57 1.76
vertex 154.93 -149.57 1.20
vertex 154.93 -149.57 1.20
endloop
endfacet
facet normal 1.00 0.04 0
outer loop
vertex 154.93 -149.57 1.32
vertex 154.93 -149.72 1.32
vertex 154.93 -149.72 1.20
endloop
endfacet
facet normal 1.00 0.04 0
outer loop
vertex 154.93 -149.57 1.32
vertex 154.93 -149.72 1.20
vertex 154.93 -149.57 1.20
endloop
endfacet
facet normal 0.94 0.35 0
outer loop
vertex 155.00 -149.96 1.32
vertex 155.00 -149.96 1.20
vertex 154.96 -149.88 1.20
endloop
endfacet
facet normal 0.94 0.35 0
outer loop
vertex 155.00 -149.96 1.32
vertex 154.96 -149.88 1.20
vertex 154.96 -149.88 1.32
endloop
endfacet
facet normal 1 0 0
outer loop
vertex 137.83 -29.75 0
vertex 137.83 -29.55 0
vertex 137.83 -29.37 0
endloop
endfacet
facet normal 1 0 0
outer loop
vertex 137.83 -29.75 0
vertex 137.83 -29.37 0
vertex 137.83 -29.22 0
endloop
endfacet
facet normal 1 0 0
outer loop
vertex 137.83 -29.75 0
vertex 137.83 -29.22 0
vertex 137.83 -29.11 0
endloop
endfacet
facet normal 1 0 0
outer loop
vertex 137.83 -29.75 0
vertex 137.83 -29.11 0
vertex 137.83 -29.04 0
endloop
endfacet
facet normal 1 0 0
outer loop
vertex 137.83 -29.75 0
vertex 137.83 -29.04 0
vertex 137.83 -29.01 0
endloop
endfacet
facet normal 1 0 0
outer loop
vertex 137.83 -29.75 0
vertex 137.83 -29.01 0
vertex 137.83 -23.24 0
endloop
endfacet
facet normal 1 0 0
outer loop
vertex 137.83 -29.75 0
vertex 137.83 -23.24 0
vertex 137.83 -23.24 0.44
endloop
endfacet
facet normal 1 0 0
outer loop
vertex 137.83 -29.75 0
vertex 137.83 -23.24 0.44
vertex 137.83 -23.24 0.88
endloop
endfacet
facet normal 1 0 0
outer loop
vertex 137.83 -29.75 0
vertex 137.83 -23.24 0.88
vertex 137.83 -23.24 1.32
endloop
endfacet
facet normal 1 0 0
outer loop
vertex 137.83 -29.75 0
vertex 137.83 -23.24 1.32
vertex 137.83 -23.24 1.7
endloop
endfacet
facet normal 1 0 0
outer loop
vertex 137.83 -29.75 0
vertex 137.83 -23.24 1.7
vertex 137.83 -29.76 1.7
endloop
endfacet
facet normal 1 0 0
outer loop
vertex 137.83 -29.75 0
vertex 137.83 -29.76 1.7
vertex 137.83 -29.76 0.20
endloop
endfacet
facet normal 1 0 0
outer loop
vertex 137.83 -29.75 0
vertex 137.83 -29.76 0.20
vertex 137.83 -29.76 0
endloop
endfacet
facet normal -0.94 -0.34 0
outer loop
vertex 142.17 -149.26 1.76
vertex 141.65 -147.85 1.76
vertex 141.65 -147.85 1.20
endloop
endfacet
facet normal -0.94 -0.34 0
outer loop
vertex 142.17 -149.26 1.76
vertex 141.65 -147.85 1.20
vertex 142.17 -149.26 1.20
endloop
endfacet
facet normal -1 0 0
outer loop
vertex 147.33 -23.24 1.7
vertex 147.33 -23.24 1.32
vertex 147.33 -23.24 0.88
endloop
endfacet
facet normal -1 0 0
outer loop
vertex 147.33 -23.24 1.7
vertex 147.33 -23.24 0.88
vertex 147.33 -23.24 0.44
endloop
endfacet
facet normal -1 0 0
outer loop
vertex 147.33 -23.24 1.7
vertex 147.33 -23.24 0.44
vertex 147.33 -23.24 0
endloop
endfacet
facet normal -1 0 0
outer loop
vertex 147.33 -23.24 1.7
vertex 147.33 -23.24 0
vertex 147.33 -25.21 0
endloop
endfacet
facet normal -1 0 0
outer loop
vertex 147.33 -23.24 1.7
vertex 147.33 -25.21 0
vertex 147.33 -25.23 0
endloop
endfacet
facet normal -1 0 0
outer loop
vertex 147.33 -23.24 1.7
vertex 147.33 -25.23 0
vertex 147.33 -25.29 0
endloop
endfacet
facet normal -1 0 0
outer loop
vertex 147.33 -23.24 1.7
vertex 147.33 -25.29 0
vertex 147.33 -25.39 0
endloop
endfacet
facet normal -1 0 0
outer loop
vertex 147.33 -23.24 1.7
vertex 147.33 -25.39 0
vertex 147.33 -25.52 0
endloop
endfacet
facet normal -1 0 0
outer loop
vertex 147.33 -23.24 1.7
vertex 147.33 -25.52 0
vertex 147.33 -25.68 0
endloop
endfacet
facet normal -1 0 0
outer loop
vertex 147.33 -23.24 1.7
vertex 147.33 -25.68 0
vertex 147.33 -25.86 0
endloop
endfacet
facet normal -1 0 0
outer loop
vertex 147.33 -23.24 1.7
vertex 147.33 -25.86 0
vertex 147.33 -26.05 0
endloop
endfacet
facet normal -1 0 0
outer loop
vertex 147.33 -23.24 1.7
vertex 147.33 -26.05 0
vertex 147.33 -26.26 0
endloop
endfacet
facet normal -1 0 0
outer loop
vertex 147.33 -23.24 1.7
vertex 147.33 -26.26 0
vertex 147.33 -26.46 0
endloop
endfacet
facet normal -1 0 0
outer loop
vertex 147.33 -23.24 1.7
vertex 147.33 -26.46 0
vertex 147.33 -26.66 0
endloop
endfacet
facet normal -1 0 0
outer loop
vertex 147.33 -23.24 1.7
vertex 147.33 -26.66 0
vertex 147.33 -26.84 0
endloop
endfacet
facet normal -1 0 0
outer loop
vertex 147.33 -23.24 1.7
vertex 147.33 -26.84 0
vertex 147.33 -27.00 0
endloop
endfacet
facet normal -1 0 0
outer loop
vertex 147.33 -23.24 1.7
vertex 147.33 -27.00 0
vertex 147.33 -27.13 0
endloop
endfacet
facet normal -1 0 0
outer loop
vertex 147.33 -23.24 1.7
vertex 147.33 -27.13 0
vertex 147.33 -27.23 0
endloop
endfacet
facet normal -1 0 0
outer loop
vertex 147.33 -23.24 1.7
vertex 147.33 -27.23 0
vertex 147.33 -27.29 0
endloop
endfacet
facet normal -1 0 0
outer loop
vertex 147.33 -23.24 1.7
vertex 147.33 -27.29 0
vertex 147.33 -27.31 0
endloop
endfacet
facet normal -1 0 0
outer loop
vertex 147.33 -23.24 1.7
vertex 147.33 -27.31 0
vertex 147.33 -29.01 0
endloop
endfacet
facet normal -1 0 0
outer loop
vertex 147.33 -23.24 1.7
vertex 147.33 -29.01 0
vertex 147.33 -29.04 0
endloop
endfacet
facet normal -1 0 0
outer loop
vertex 147.33 -23.24 1.7
vertex 147.33 -29.04 0
vertex 147.33 -29.11 0
endloop
endfacet
facet normal -1 0 0
outer loop
vertex 147.33 -23.24 1.7
vertex 147.33 -29.11 0
vertex 147.33 -29.22 0
endloop
endfacet
facet normal -1 0 0
outer loop
vertex 147.33 -23.24 1.7
vertex 147.33 -29.22 0
vertex 147.33 -29.37 0
endloop
endfacet
facet normal -1 0 0
outer loop
vertex 147.33 -23.24 1.7
vertex 147.33 -29.37 0
vertex 147.33 -29.55 0
endloop
endfacet
facet normal -1 0 0
outer loop
vertex 147.33 -23.24 1.7
vertex 147.33 -29.55 0
vertex 147.33 -29.75 0
endloop
endfacet
facet normal -1 0 0
outer loop
vertex 147.33 -23.24 1.7
vertex 147.33 -29.75 0
vertex 147.33 -29.76 0
endloop
endfacet
facet normal -1 0 0
outer loop
vertex 147.33 -23.24 1.7
vertex 147.33 -29.76 0
vertex 147.33 -29.76 0.20
endloop
endfacet
facet normal -1 0 0
outer loop
vertex 147.33 -23.24 1.7
vertex 147.33 -29.76 0.20
vertex 147.33 -29.76 1.7
endloop
endfacet
facet normal 0 0 -1
outer loop
vertex 147.33 -23.24 1.7
vertex 147.33 -29.76 1.7
vertex 137.83 -29.76 1.7
endloop
endfacet
facet normal 0 0 -1
outer loop
vertex 147.33 -23.24 1.7
vertex 137.83 -29.76 1.7
vertex 137.83 -23.24 1.7
endloop
endfacet
facet normal 0 0 -1
outer loop
vertex 187.74 -39.94 2.2
vertex 178.40 -44.05 2.2
vertex 178.20 -44.14 2.2
endloop
endfacet
facet normal 0 0 -1
outer loop
vertex 187.74 -39.94 2.2
vertex 178.20 -44.14 2.2
vertex 178.20 -44.14 2.2
endloop
endfacet
facet normal 0 0 -1
outer loop
vertex 187.74 -39.94 2.2
vertex 178.20 -44.14 2.2
vertex 178.20 -44.14 1.76
endloop
endfacet
facet normal 0 0 -1
outer loop
vertex 187.74 -39.94 2.2
vertex 178.20 -44.14 1.76
vertex 178.23 -44.13 1.76
endloop
endfacet
facet normal 0 0 -1
outer loop
vertex 187.74 -39.94 2.2
vertex 178.23 -44.13 1.76
vertex 178.37 -44.07 1.76
endloop
endfacet
facet normal 0 0 -1
outer loop
vertex 187.74 -39.94 2.2
vertex 178.37 -44.07 1.76
vertex 178.40 -44.05 1.76
endloop
endfacet
facet normal 0 0 -1
outer loop
vertex 187.74 -39.94 2.2
vertex 178.40 -44.05 1.76
vertex 187.74 -39.94 1.76
endloop
endfacet
facet normal 0.40 -0.92 -1.8992542938930758e-15
outer loop
vertex 176.24 -45.01 2.2
vertex 168.46 -48.43 2.2
vertex 168.46 -48.43 1.76
endloop
endfacet
facet normal 0.40 -0.92 -1.8992542938930758e-15
outer loop
vertex 176.24 -45.01 2.2
vertex 168.46 -48.43 1.76
vertex 175.80 -45.20 1.76
endloop
endfacet
facet normal 0.40 -0.92 -1.8992542938930758e-15
outer loop
vertex 176.24 -45.01 2.2
vertex 175.80 -45.20 1.76
vertex 176.10 -45.07 1.76
endloop
endfacet
facet normal 0.40 -0.92 -1.8992542938930758e-15
outer loop
vertex 176.24 -45.01 2.2
vertex 176.10 -45.07 1.76
vertex 176.24 -45.01 1.76
endloop
endfacet
facet normal -0.40 -0.92 -0.00
outer loop
vertex 128.69 -48.43 2.2
vertex 120.91 -45.01 2.2
vertex 120.91 -45.01 1.76
endloop
endfacet
facet normal -0.40 -0.92 -0.00
outer loop
vertex 128.69 -48.43 2.2
vertex 120.91 -45.01 1.76
vertex 121.05 -45.07 1.76
endloop
endfacet
facet normal -0.40 -0.92 -0.00
outer loop
vertex 128.69 -48.43 2.2
vertex 121.05 -45.07 1.76
vertex 121.36 -45.20 1.76
endloop
endfacet
facet normal -0.40 -0.92 -0.00
outer loop
vertex 128.69 -48.43 2.2
vertex 121.36 -45.20 1.76
vertex 128.69 -48.43 1.76
endloop
endfacet
facet normal 0 0 1
outer loop
vertex 118.95 -44.14 2.2
vertex 118.95 -44.14 2.2
vertex 118.75 -44.05 2.2
endloop
endfacet
facet normal 0 0 1
outer loop
vertex 118.95 -44.14 2.2
vertex 118.75 -44.05 2.2
vertex 109.41 -39.94 2.2
endloop
endfacet
facet normal 0 0 1
outer loop
vertex 118.95 -44.14 2.2
vertex 109.41 -39.94 2.2
vertex 109.41 -39.94 1.76
endloop
endfacet
facet normal 0 0 1
outer loop
vertex 118.95 -44.14 2.2
vertex 109.41 -39.94 1.76
vertex 118.95 -44.14 1.76
endloop
endfacet
facet normal 0.94 -0.34 4.029373691582545e-13
outer loop
vertex 158.53 -139.67 1.76
vertex 155.65 -147.58 1.76
vertex 155.65 -147.58 1.32
endloop
endfacet
facet normal 0.94 -0.34 4.029373691582545e-13
outer loop
vertex 158.53 -139.67 1.76
vertex 155.65 -147.58 1.32
vertex 155.69 -147.46 1.32
endloop
endfacet
facet normal 0.94 -0.34 4.029373691582545e-13
outer loop
vertex 158.53 -139.67 1.76
vertex 155.69 -147.46 1.32
vertex 155.73 -147.36 1.32
endloop
endfacet
facet normal 0.94 -0.34 4.029373691582545e-13
outer loop
vertex 158.53 -139.67 1.76
vertex 155.73 -147.36 1.32
vertex 158.50 -139.76 1.32
endloop
endfacet
facet normal 0.94 -0.34 4.029373691582545e-13
outer loop
vertex 158.53 -139.67 1.76
vertex 158.50 -139.76 1.32
vertex 158.53 -139.67 1.32
endloop
endfacet
facet normal 0.94 -0.34 1.115539970082761e-12
outer loop
vertex 154.93 -149.57 1.76
vertex 151.70 -158.44 1.76
vertex 151.70 -158.44 1.32
endloop
endfacet
facet normal 0.94 -0.34 1.115539970082761e-12
outer loop
vertex 154.93 -149.57 1.76
vertex 151.70 -158.44 1.32
vertex 154.81 -149.88 1.32
endloop
endfacet
facet normal 0.94 -0.34 1.115539970082761e-12
outer loop
vertex 154.93 -149.57 1.76
vertex 154.81 -149.88 1.32
vertex 154.87 -149.72 1.32
endloop
endfacet
facet normal 0.94 -0.34 1.115539970082761e-12
outer loop
vertex 154.93 -149.57 1.76
vertex 154.87 -149.72 1.32
vertex 154.93 -149.57 1.32
endloop
endfacet
facet normal 0.42 -0.91 -7.456388423430579e-13
outer loop
vertex 169.88 -51.48 1.76
vertex 162.23 -55.05 1.76
vertex 162.23 -55.05 1.32
endloop
endfacet
facet normal 0.42 -0.91 -7.456388423430579e-13
outer loop
vertex 169.88 -51.48 1.76
vertex 162.23 -55.05 1.32
vertex 162.24 -55.04 1.32
endloop
endfacet
facet normal 0.42 -0.91 -7.456388423430579e-13
outer loop
vertex 169.88 -51.48 1.76
vertex 162.24 -55.04 1.32
vertex 169.88 -51.48 1.32
endloop
endfacet
facet normal 0.42 -0.91 2.6462296831529484e-14
outer loop
vertex 160.31 -55.94 1.76
vertex 152.84 -59.43 1.76
vertex 152.84 -59.43 1.32
endloop
endfacet
facet normal 0.42 -0.91 2.6462296831529484e-14
outer loop
vertex 160.31 -55.94 1.76
vertex 152.84 -59.43 1.32
vertex 159.78 -56.19 1.32
endloop
endfacet
facet normal 0.42 -0.91 2.6462296831529484e-14
outer loop
vertex 160.31 -55.94 1.76
vertex 159.78 -56.19 1.32
vertex 160.07 -56.06 1.32
endloop
endfacet
facet normal 0.42 -0.91 2.6462296831529484e-14
outer loop
vertex 160.31 -55.94 1.76
vertex 160.07 -56.06 1.32
vertex 160.31 -55.94 1.32
endloop
endfacet
facet normal -0.00 0.00 1.00
outer loop
vertex 187.82 -40.13 1.76
vertex 178.87 -44.07 1.76
vertex 178.70 -44.14 1.76
endloop
endfacet
facet normal -0.00 0.00 1.00
outer loop
vertex 187.82 -40.13 1.76
vertex 178.70 -44.14 1.76
vertex 178.63 -44.17 1.76
endloop
endfacet
facet normal -0.00 0.00 1.00
outer loop
vertex 187.82 -40.13 1.76
vertex 178.63 -44.17 1.76
vertex 178.57 -44.20 1.76
endloop
endfacet
facet normal -0.00 0.00 1.00
outer loop
vertex 187.82 -40.13 1.76
vertex 178.57 -44.20 1.76
vertex 178.57 -44.20 1.32
endloop
endfacet
facet normal -0.00 0.00 1.00
outer loop
vertex 187.82 -40.13 1.76
vertex 178.57 -44.20 1.32
vertex 187.82 -40.13 1.32
endloop
endfacet
facet normal 0.40 -0.92 -3.364820774645292e-14
outer loop
vertex 175.97 -45.34 1.76
vertex 168.73 -48.53 1.76
vertex 168.73 -48.53 1.32
endloop
endfacet
facet normal 0.40 -0.92 -3.364820774645292e-14
outer loop
vertex 175.97 -45.34 1.76
vertex 168.73 -48.53 1.32
vertex 175.58 -45.52 1.32
endloop
endfacet
facet normal 0.40 -0.92 -3.364820774645292e-14
outer loop
vertex 175.97 -45.34 1.76
vertex 175.58 -45.52 1.32
vertex 175.95 -45.35 1.32
endloop
endfacet
facet normal 0.40 -0.92 -3.364820774645292e-14
outer loop
vertex 175.97 -45.34 1.76
vertex 175.95 -45.35 1.32
vertex 175.97 -45.34 1.32
endloop
endfacet
facet normal -0.40 -0.92 2.728561575725715e-12
outer loop
vertex 128.43 -48.53 1.76
vertex 121.18 -45.34 1.76
vertex 121.18 -45.34 1.32
endloop
endfacet
facet normal -0.40 -0.92 2.728561575725715e-12
outer loop
vertex 128.43 -48.53 1.76
vertex 121.18 -45.34 1.32
vertex 121.20 -45.35 1.32
endloop
endfacet
facet normal -0.40 -0.92 2.728561575725715e-12
outer loop
vertex 128.43 -48.53 1.76
vertex 121.20 -45.35 1.32
vertex 121.57 -45.52 1.32
endloop
endfacet
facet normal -0.40 -0.92 2.728561575725715e-12
outer loop
vertex 128.43 -48.53 1.76
vertex 121.57 -45.52 1.32
vertex 128.43 -48.53 1.32
endloop
endfacet
facet normal 0 0 1
outer loop
vertex 118.59 -44.20 1.76
vertex 118.53 -44.17 1.76
vertex 118.46 -44.14 1.76
endloop
endfacet
facet normal 0 0 1
outer loop
vertex 118.59 -44.20 1.76
vertex 118.46 -44.14 1.76
vertex 109.33 -40.13 1.76
endloop
endfacet
facet normal 0 0 1
outer loop
vertex 118.59 -44.20 1.76
vertex 109.33 -40.13 1.76
vertex 109.33 -40.13 1.32
endloop
endfacet
facet normal 0 0 1
outer loop
vertex 118.59 -44.20 1.76
vertex 109.33 -40.13 1.32
vertex 109.33 -40.13 1.32
endloop
endfacet
facet normal 0 0 1
outer loop
vertex 118.59 -44.20 1.76
vertex 109.33 -40.13 1.32
vertex 118.59 -44.20 1.32
endloop
endfacet
facet normal -0.42 -0.91 0.00
outer loop
vertex 144.31 -59.43 1.76
vertex 136.84 -55.94 1.76
vertex 136.84 -55.94 1.32
endloop
endfacet
facet normal -0.42 -0.91 0.00
outer loop
vertex 144.31 -59.43 1.76
vertex 136.84 -55.94 1.32
vertex 136.89 -55.97 1.32
endloop
endfacet
facet normal -0.42 -0.91 0.00
outer loop
vertex 144.31 -59.43 1.76
vertex 136.89 -55.97 1.32
vertex 137.18 -56.10 1.32
endloop
endfacet
facet normal -0.42 -0.91 0.00
outer loop
vertex 144.31 -59.43 1.76
vertex 137.18 -56.10 1.32
vertex 137.50 -56.25 1.32
endloop
endfacet
facet normal -0.42 -0.91 0.00
outer loop
vertex 144.31 -59.43 1.76
vertex 137.50 -56.25 1.32
vertex 144.31 -59.43 1.32
endloop
endfacet
facet normal -0.42 -0.91 0.00
outer loop
vertex 127.27 -51.48 1.76
vertex 127.27 -51.48 1.32
vertex 134.91 -55.04 1.32
endloop
endfacet
facet normal -0.42 -0.91 0.00
outer loop
vertex 127.27 -51.48 1.76
vertex 134.91 -55.04 1.32
vertex 134.93 -55.05 1.32
endloop
endfacet
facet normal -0.42 -0.91 0.00
outer loop
vertex 127.27 -51.48 1.76
vertex 134.93 -55.05 1.32
vertex 134.93 -55.05 1.76
endloop
endfacet
facet normal -0.94 -0.34 1.4296771983408883e-7
outer loop
vertex 145.46 -158.44 1.76
vertex 142.23 -149.57 1.76
vertex 142.23 -149.57 1.32
endloop
endfacet
facet normal -0.94 -0.34 1.4296771983408883e-7
outer loop
vertex 145.46 -158.44 1.76
vertex 142.23 -149.57 1.32
vertex 142.28 -149.72 1.32
endloop
endfacet
facet normal -0.94 -0.34 1.4296771983408883e-7
outer loop
vertex 145.46 -158.44 1.76
vertex 142.28 -149.72 1.32
vertex 142.34 -149.88 1.32
endloop
endfacet
facet normal -0.94 -0.34 1.4296771983408883e-7
outer loop
vertex 145.46 -158.44 1.76
vertex 142.34 -149.88 1.32
vertex 145.46 -158.44 1.32
endloop
endfacet
facet normal -0.94 -0.34 -2.5552499552484323e-12
outer loop
vertex 141.50 -147.58 1.76
vertex 138.62 -139.67 1.76
vertex 138.62 -139.67 1.32
endloop
endfacet
facet normal -0.94 -0.34 -2.5552499552484323e-12
outer loop
vertex 141.50 -147.58 1.76
vertex 138.62 -139.67 1.32
vertex 138.65 -139.76 1.32
endloop
endfacet
facet normal -0.94 -0.34 -2.5552499552484323e-12
outer loop
vertex 141.50 -147.58 1.76
vertex 138.65 -139.76 1.32
vertex 141.41 -147.33 1.32
endloop
endfacet
facet normal -0.94 -0.34 -2.5552499552484323e-12
outer loop
vertex 141.50 -147.58 1.76
vertex 141.41 -147.33 1.32
vertex 141.45 -147.43 1.32
endloop
endfacet
facet normal -0.94 -0.34 -2.5552499552484323e-12
outer loop
vertex 141.50 -147.58 1.76
vertex 141.45 -147.43 1.32
vertex 141.49 -147.55 1.32
endloop
endfacet
facet normal -0.94 -0.34 -2.5552499552484323e-12
outer loop
vertex 141.50 -147.58 1.76
vertex 141.49 -147.55 1.32
vertex 141.50 -147.58 1.32
endloop
endfacet
facet normal 0.94 -0.34 0.00
outer loop
vertex 158.71 -139.76 1.32
vertex 155.96 -147.32 1.32
vertex 155.96 -147.32 1.20
endloop
endfacet
facet normal 0.94 -0.34 0.00
outer loop
vertex 158.71 -139.76 1.32
vertex 155.96 -147.32 1.20
vertex 155.96 -147.32 0.88
endloop
endfacet
facet normal 0.94 -0.34 0.00
outer loop
vertex 158.71 -139.76 1.32
vertex 155.96 -147.32 0.88
vertex 158.68 -139.84 0.88
endloop
endfacet
facet normal 0.94 -0.34 0.00
outer loop
vertex 158.71 -139.76 1.32
vertex 158.68 -139.84 0.88
vertex 158.71 -139.76 0.88
endloop
endfacet
facet normal 0.94 -0.34 0
outer loop
vertex 155.96 -147.32 1.20
vertex 155.00 -149.96 1.20
vertex 155.00 -149.96 0.88
endloop
endfacet
facet normal 0.94 -0.34 0
outer loop
vertex 155.96 -147.32 1.20
vertex 155.00 -149.96 0.88
vertex 155.96 -147.32 0.88
endloop
endfacet
facet normal 0.94 -0.34 0.00
outer loop
vertex 155.00 -149.96 1.20
vertex 155.00 -149.96 1.32
vertex 151.91 -158.44 1.32
endloop
endfacet
facet normal 0.94 -0.34 0.00
outer loop
vertex 155.00 -149.96 1.20
vertex 151.91 -158.44 1.32
vertex 151.90 -158.46 1.32
endloop
endfacet
facet normal 0.94 -0.34 0.00
outer loop
vertex 155.00 -149.96 1.20
vertex 151.90 -158.46 1.32
vertex 151.89 -158.48 1.32
endloop
endfacet
facet normal 0.94 -0.34 0.00
outer loop
vertex 155.00 -149.96 1.20
vertex 151.89 -158.48 1.32
vertex 151.89 -158.50 1.32
endloop
endfacet
facet normal 0.94 -0.34 0.00
outer loop
vertex 155.00 -149.96 1.20
vertex 151.89 -158.50 1.32
vertex 151.89 -158.51 1.32
endloop
endfacet
facet normal 0.94 -0.34 0.00
outer loop
vertex 155.00 -149.96 1.20
vertex 151.89 -158.51 1.32
vertex 151.89 -158.51 0.88
endloop
endfacet
facet normal 0.94 -0.34 0.00
outer loop
vertex 155.00 -149.96 1.20
vertex 151.89 -158.51 0.88
vertex 155.00 -149.96 0.88
endloop
endfacet
facet normal 0.84 -0.54 -2.318648352734361e-12
outer loop
vertex 177.00 -111.20 1.32
vertex 166.97 -126.86 1.32
vertex 166.97 -126.86 1.20
endloop
endfacet
facet normal 0.84 -0.54 -2.318648352734361e-12
outer loop
vertex 177.00 -111.20 1.32
vertex 166.97 -126.86 1.20
vertex 166.97 -126.86 0.88
endloop
endfacet
facet normal 0.84 -0.54 -2.318648352734361e-12
outer loop
vertex 177.00 -111.20 1.32
vertex 166.97 -126.86 0.88
vertex 177.00 -111.20 0.88
endloop
endfacet
facet normal 0.84 -0.54 0
outer loop
vertex 166.97 -126.86 1.20
vertex 165.60 -129.00 1.20
vertex 165.60 -129.00 0.88
endloop
endfacet
facet normal 0.84 -0.54 0
outer loop
vertex 166.97 -126.86 1.20
vertex 165.60 -129.00 0.88
vertex 166.97 -126.86 0.88
endloop
endfacet
facet normal 0.84 -0.54 -3.200308884181751e-12
outer loop
vertex 165.60 -129.00 1.20
vertex 165.60 -129.00 1.32
vertex 158.71 -139.76 1.32
endloop
endfacet
facet normal 0.84 -0.54 -3.200308884181751e-12
outer loop
vertex 165.60 -129.00 1.20
vertex 158.71 -139.76 1.32
vertex 158.71 -139.76 0.88
endloop
endfacet
facet normal 0.84 -0.54 -3.200308884181751e-12
outer loop
vertex 165.60 -129.00 1.20
vertex 158.71 -139.76 0.88
vertex 165.60 -129.00 0.88
endloop
endfacet
facet normal 0 0 -1
outer loop
vertex 187.90 -40.31 1.32
vertex 178.99 -44.23 1.32
vertex 178.80 -44.32 1.32
endloop
endfacet
facet normal 0 0 -1
outer loop
vertex 187.90 -40.31 1.32
vertex 178.80 -44.32 1.32
vertex 178.80 -44.32 1.32
endloop
endfacet
facet normal 0 0 -1
outer loop
vertex 187.90 -40.31 1.32
vertex 178.80 -44.32 1.32
vertex 178.80 -44.32 1.20
endloop
endfacet
facet normal 0 0 -1
outer loop
vertex 187.90 -40.31 1.32
vertex 178.80 -44.32 1.20
vertex 178.80 -44.32 0.88
endloop
endfacet
facet normal 0 0 -1
outer loop
vertex 187.90 -40.31 1.32
vertex 178.80 -44.32 0.88
vertex 187.90 -40.31 0.88
endloop
endfacet
facet normal 0.40 -0.92 0
outer loop
vertex 178.80 -44.32 1.20
vertex 175.89 -45.59 1.20
vertex 175.89 -45.59 0.88
endloop
endfacet
facet normal 0.40 -0.92 0
outer loop
vertex 178.80 -44.32 1.20
vertex 175.89 -45.59 0.88
vertex 178.80 -44.32 0.88
endloop
endfacet
facet normal 0.40 -0.92 -1.2777564096803728e-11
outer loop
vertex 175.89 -45.59 1.20
vertex 175.89 -45.59 1.32
vertex 168.99 -48.63 1.32
endloop
endfacet
facet normal 0.40 -0.92 -1.2777564096803728e-11
outer loop
vertex 175.89 -45.59 1.20
vertex 168.99 -48.63 1.32
vertex 168.99 -48.63 0.88
endloop
endfacet
facet normal 0.40 -0.92 -1.2777564096803728e-11
outer loop
vertex 175.89 -45.59 1.20
vertex 168.99 -48.63 0.88
vertex 175.89 -45.59 0.88
endloop
endfacet
facet normal -0.40 -0.92 -2.9450903553459465e-13
outer loop
vertex 128.16 -48.63 1.32
vertex 121.26 -45.59 1.32
vertex 121.26 -45.59 1.20
endloop
endfacet
facet normal -0.40 -0.92 -2.9450903553459465e-13
outer loop
vertex 128.16 -48.63 1.32
vertex 121.26 -45.59 1.20
vertex 121.26 -45.59 0.88
endloop
endfacet
facet normal -0.40 -0.92 -2.9450903553459465e-13
outer loop
vertex 128.16 -48.63 1.32
vertex 121.26 -45.59 0.88
vertex 128.16 -48.63 0.88
endloop
endfacet
facet normal -0.40 -0.92 0
outer loop
vertex 121.26 -45.59 1.20
vertex 118.35 -44.32 1.20
vertex 118.35 -44.32 0.88
endloop
endfacet
facet normal -0.40 -0.92 0
outer loop
vertex 121.26 -45.59 1.20
vertex 118.35 -44.32 0.88
vertex 121.26 -45.59 0.88
endloop
endfacet
facet normal -0.40 -0.92 -2.3629730197107373e-13
outer loop
vertex 118.35 -44.32 1.20
vertex 118.35 -44.32 1.32
vertex 118.17 -44.23 1.32
endloop
endfacet
facet normal -0.40 -0.92 -2.3629730197107373e-13
outer loop
vertex 118.35 -44.32 1.20
vertex 118.17 -44.23 1.32
vertex 109.25 -40.31 1.32
endloop
endfacet
facet normal -0.40 -0.92 -2.3629730197107373e-13
outer loop
vertex 118.35 -44.32 1.20
vertex 109.25 -40.31 1.32
vertex 109.25 -40.31 0.88
endloop
endfacet
facet normal -0.40 -0.92 -2.3629730197107373e-13
outer loop
vertex 118.35 -44.32 1.20
vertex 109.25 -40.31 0.88
vertex 118.35 -44.32 0.88
endloop
endfacet
facet normal -0.42 -0.91 0.00
outer loop
vertex 144.04 -59.52 1.32
vertex 137.07 -56.27 1.32
vertex 137.07 -56.27 1.20
endloop
endfacet
facet normal -0.42 -0.91 0.00
outer loop
vertex 144.04 -59.52 1.32
vertex 137.07 -56.27 1.20
vertex 137.07 -56.27 0.88
endloop
endfacet
facet normal -0.42 -0.91 0.00
outer loop
vertex 144.04 -59.52 1.32
vertex 137.07 -56.27 0.88
vertex 144.04 -59.52 0.88
endloop
endfacet
facet normal -0.42 -0.91 0
outer loop
vertex 137.07 -56.27 1.20
vertex 134.52 -55.08 1.20
vertex 134.52 -55.08 0.88
endloop
endfacet
facet normal -0.42 -0.91 0
outer loop
vertex 137.07 -56.27 1.20
vertex 134.52 -55.08 0.88
vertex 137.07 -56.27 0.88
endloop
endfacet
facet normal -0.42 -0.91 0.00
outer loop
vertex 134.52 -55.08 1.20
vertex 134.52 -55.08 1.32
vertex 134.50 -55.07 1.32
endloop
endfacet
facet normal -0.42 -0.91 0.00
outer loop
vertex 134.52 -55.08 1.20
vertex 134.50 -55.07 1.32
vertex 134.44 -55.04 1.32
endloop
endfacet
facet normal -0.42 -0.91 0.00
outer loop
vertex 134.52 -55.08 1.20
vertex 134.44 -55.04 1.32
vertex 127.19 -51.66 1.32
endloop
endfacet
facet normal -0.42 -0.91 0.00
outer loop
vertex 134.52 -55.08 1.20
vertex 127.19 -51.66 1.32
vertex 127.19 -51.66 0.88
endloop
endfacet
facet normal -0.42 -0.91 0.00
outer loop
vertex 134.52 -55.08 1.20
vertex 127.19 -51.66 0.88
vertex 134.52 -55.08 0.88
endloop
endfacet
facet normal -0.84 -0.54 -1.6060331904576007e-11
outer loop
vertex 138.44 -139.76 1.32
vertex 131.55 -129.00 1.32
vertex 131.55 -129.00 1.20
endloop
endfacet
facet normal -0.84 -0.54 -1.6060331904576007e-11
outer loop
vertex 138.44 -139.76 1.32
vertex 131.55 -129.00 1.20
vertex 131.55 -129.00 0.88
endloop
endfacet
facet normal -0.84 -0.54 -1.6060331904576007e-11
outer loop
vertex 138.44 -139.76 1.32
vertex 131.55 -129.00 0.88
vertex 138.44 -139.76 0.88
endloop
endfacet
facet normal -0.84 -0.54 0
outer loop
vertex 131.55 -129.00 1.20
vertex 130.18 -126.86 1.20
vertex 130.18 -126.86 0.88
endloop
endfacet
facet normal -0.84 -0.54 0
outer loop
vertex 131.55 -129.00 1.20
vertex 130.18 -126.86 0.88
vertex 131.55 -129.00 0.88
endloop
endfacet
facet normal -0.84 -0.54 -1.6472312215001883e-11
outer loop
vertex 130.18 -126.86 1.20
vertex 130.18 -126.86 1.32
vertex 120.15 -111.20 1.32
endloop
endfacet
facet normal -0.84 -0.54 -1.6472312215001883e-11
outer loop
vertex 130.18 -126.86 1.20
vertex 120.15 -111.20 1.32
vertex 120.15 -111.20 0.88
endloop
endfacet
facet normal -0.84 -0.54 -1.6472312215001883e-11
outer loop
vertex 130.18 -126.86 1.20
vertex 120.15 -111.20 0.88
vertex 130.18 -126.86 0.88
endloop
endfacet
facet normal 0 0 1
outer loop
vertex 145.27 -158.51 1.32
vertex 145.26 -158.49 1.32
vertex 145.25 -158.47 1.32
endloop
endfacet
facet normal 0 0 1
outer loop
vertex 145.27 -158.51 1.32
vertex 145.25 -158.47 1.32
vertex 145.24 -158.44 1.32
endloop
endfacet
facet normal 0 0 1
outer loop
vertex 145.27 -158.51 1.32
vertex 145.24 -158.44 1.32
vertex 142.16 -149.96 1.32
endloop
endfacet
facet normal 0 0 1
outer loop
vertex 145.27 -158.51 1.32
vertex 142.16 -149.96 1.32
vertex 142.16 -149.96 1.20
endloop
endfacet
facet normal 0 0 1
outer loop
vertex 145.27 -158.51 1.32
vertex 142.16 -149.96 1.20
vertex 142.16 -149.96 0.88
endloop
endfacet
facet normal 0 0 1
outer loop
vertex 145.27 -158.51 1.32
vertex 142.16 -149.96 0.88
vertex 145.27 -158.51 0.88
endloop
endfacet
facet normal -0.94 -0.34 0
outer loop
vertex 142.16 -149.96 1.20
vertex 141.19 -147.32 1.20
vertex 141.19 -147.32 0.88
endloop
endfacet
facet normal -0.94 -0.34 0
outer loop
vertex 142.16 -149.96 1.20
vertex 141.19 -147.32 0.88
vertex 142.16 -149.96 0.88
endloop
endfacet
facet normal -0.94 -0.34 0.00
outer loop
vertex 141.19 -147.32 1.20
vertex 141.19 -147.32 1.32
vertex 138.44 -139.76 1.32
endloop
endfacet
facet normal -0.94 -0.34 0.00
outer loop
vertex 141.19 -147.32 1.20
vertex 138.44 -139.76 1.32
vertex 138.44 -139.76 0.88
endloop
endfacet
facet normal -0.94 -0.34 0.00
outer loop
vertex 141.19 -147.32 1.20
vertex 138.44 -139.76 0.88
vertex 138.47 -139.84 0.88
endloop
endfacet
facet normal -0.94 -0.34 0.00
outer loop
vertex 141.19 -147.32 1.20
vertex 138.47 -139.84 0.88
vertex 141.19 -147.32 0.88
endloop
endfacet
facet normal -0.00 0.00 1.00
outer loop
vertex 169.97 -51.66 1.32
vertex 162.71 -55.04 1.32
vertex 162.65 -55.07 1.32
endloop
endfacet
facet normal -0.00 0.00 1.00
outer loop
vertex 169.97 -51.66 1.32
vertex 162.65 -55.07 1.32
vertex 162.63 -55.08 1.32
endloop
endfacet
facet normal -0.00 0.00 1.00
outer loop
vertex 169.97 -51.66 1.32
vertex 162.63 -55.08 1.32
vertex 162.63 -55.08 1.20
endloop
endfacet
facet normal -0.00 0.00 1.00
outer loop
vertex 169.97 -51.66 1.32
vertex 162.63 -55.08 1.20
vertex 162.63 -55.08 0.88
endloop
endfacet
facet normal -0.00 0.00 1.00
outer loop
vertex 169.97 -51.66 1.32
vertex 162.63 -55.08 0.88
vertex 169.97 -51.66 0.88
endloop
endfacet
facet normal 0.42 -0.91 0
outer loop
vertex 162.63 -55.08 1.20
vertex 160.08 -56.27 1.20
vertex 160.08 -56.27 0.88
endloop
endfacet
facet normal 0.42 -0.91 0
outer loop
vertex 162.63 -55.08 1.20
vertex 160.08 -56.27 0.88
vertex 162.63 -55.08 0.88
endloop
endfacet
facet normal 0.42 -0.91 6.005470151364079e-12
outer loop
vertex 160.08 -56.27 1.20
vertex 160.08 -56.27 1.32
vertex 153.11 -59.52 1.32
endloop
endfacet
facet normal 0.42 -0.91 6.005470151364079e-12
outer loop
vertex 160.08 -56.27 1.20
vertex 153.11 -59.52 1.32
vertex 153.11 -59.52 0.88
endloop
endfacet
facet normal 0.42 -0.91 6.005470151364079e-12
outer loop
vertex 160.08 -56.27 1.20
vertex 153.11 -59.52 0.88
vertex 160.08 -56.27 0.88
endloop
endfacet
endsolid csg.js
